{ "x_label":"episode",
"y_label":"Average Profit",
"results":[
{ "x":  5,
"DP_05":  60.04549758413818,
"DP_30":  66.70742304933569,
"DP_60":  69.69842187068893,
"DP_95":  72.54242435102329,
"QL-Dynamic": 38.199249224095205,
"QL-Static": 42.079332681803876}
,
{ "x":  10,
"DP_05":  60.58299067715659,
"DP_30":  67.17991949153125,
"DP_60":  70.14304283632626,
"DP_95":  72.78169504669003,
"QL-Dynamic": 39.18505989450172,
"QL-Static": 45.18036153764457}
,
{ "x":  15,
"DP_05":  60.205088157977876,
"DP_30":  66.94769372392493,
"DP_60":  69.82961030319404,
"DP_95":  72.70675514687812,
"QL-Dynamic": 47.48337379422484,
"QL-Static": 48.77283631583034}
,
{ "x":  20,
"DP_05":  60.07303301710631,
"DP_30":  67.00838031798806,
"DP_60":  70.05799929102115,
"DP_95":  72.9709173793919,
"QL-Dynamic": 51.669000384052175,
"QL-Static": 51.90940251403687}
,
{ "x":  25,
"DP_05":  60.27681795941163,
"DP_30":  66.92621444257415,
"DP_60":  69.9433694138418,
"DP_95":  72.81809230151667,
"QL-Dynamic": 54.12179468413783,
"QL-Static": 51.16407434798903}
,
{ "x":  30,
"DP_05":  60.640480552651084,
"DP_30":  67.3069248288691,
"DP_60":  70.17217855743209,
"DP_95":  72.81753886561825,
"QL-Dynamic": 56.510270924850396,
"QL-Static": 54.05156126925293}
,
{ "x":  35,
"DP_05":  60.23496472735288,
"DP_30":  66.85854292135822,
"DP_60":  69.99994218608052,
"DP_95":  72.55738347116434,
"QL-Dynamic": 58.225626805970954,
"QL-Static": 52.52978381511209}
,
{ "x":  40,
"DP_05":  60.70240594350408,
"DP_30":  67.24744596145254,
"DP_60":  70.19730580360853,
"DP_95":  72.85484401848834,
"QL-Dynamic": 57.911960346939075,
"QL-Static": 56.67063277666748}
,
{ "x":  45,
"DP_05":  60.62018638538367,
"DP_30":  67.13357326902585,
"DP_60":  70.27027693473588,
"DP_95":  72.83991655753297,
"QL-Dynamic": 60.49919705183569,
"QL-Static": 56.731626333266966}
,
{ "x":  50,
"DP_05":  60.56803401949912,
"DP_30":  67.16981100545503,
"DP_60":  70.02601424031677,
"DP_95":  72.83043383349232,
"QL-Dynamic": 61.00500400417549,
"QL-Static": 56.70182542735777}
,
{ "x":  55,
"DP_05":  60.76886938131226,
"DP_30":  67.30994516022663,
"DP_60":  70.19940134234223,
"DP_95":  72.89724372710864,
"QL-Dynamic": 62.39049449663811,
"QL-Static": 57.8905237867401}
]}
