{ "x_label":"capacity",
"y_label":"Federation Rate",
 "results":[
{ "x":  50,
"greedy000":  0.0,
"greedy050":  0.0,
"greedy100":  0.8426321127361381,
"DP_05":  0.0,
"DP_30":  0.0,
"DP_60":  0.0,
"DP_95":  0.7803515033894588,
"QL":  0.6662482503155849}
,
{ "x":  250,
"greedy000":  0.0,
"greedy050":  0.0,
"greedy100":  0.3284409761996465,
"DP_05":  0.0,
"DP_30":  0.0,
"DP_60":  0.0,
"DP_95":  0.3277568862463086,
"QL":  0.35230388699684834}
,
{ "x":  450,
"greedy000":  0.0,
"greedy050":  0.0,
"greedy100":  0.027445989469053383,
"DP_05":  0.0,
"DP_30":  0.0,
"DP_60":  0.0,
"DP_95":  0.03704923501916835,
"QL":  0.35205658302721}
]}
