{ "x_label":"capacity",
"y_label":"Federation Rate",
 "results":[
{ "x":  50,
"greedy000":  0.0,
"greedy050":  0.0,
"greedy100":  0.8390081861048554,
"DP_05":  0.0,
"DP_30":  0.0,
"DP_60":  0.0,
"DP_95":  0.7820756263623665,
"QL":  0.8389821151515087}
,
{ "x":  250,
"greedy000":  0.0,
"greedy050":  0.0,
"greedy100":  0.32956790042387796,
"DP_05":  0.0,
"DP_30":  0.0,
"DP_60":  0.0,
"DP_95":  0.3306214483481238,
"QL":  0.3339045459096955}
,
{ "x":  450,
"greedy000":  0.0,
"greedy050":  0.0,
"greedy100":  0.02643322266031598,
"DP_05":  0.0,
"DP_30":  0.0,
"DP_60":  0.0,
"DP_95":  0.035489478631968684,
"QL":  0.0756403531158079}
]}
