{ "x_label":"capacity",
"y_label":"Average Profit",
 "results":[
{ "x":  50,
"greedy000":  0.0,
"greedy050":  0.0,
"greedy100":  27.660919988988002,
"DP_05":  0.0,
"DP_30":  0.0,
"DP_60":  0.0,
"DP_95":  31.7433214727095,
"QL":  27.730210035322436}
,
{ "x":  250,
"greedy000":  0.0,
"greedy050":  0.0,
"greedy100":  38.71452908018502,
"DP_05":  0.0,
"DP_30":  0.0,
"DP_60":  0.0,
"DP_95":  43.550523900535595,
"QL":  38.736999722169784}
,
{ "x":  450,
"greedy000":  0.0,
"greedy050":  0.0,
"greedy100":  44.521398547229175,
"DP_05":  0.0,
"DP_30":  0.0,
"DP_60":  0.0,
"DP_95":  44.83246005057939,
"QL":  44.13224946139813}
]}
