big,small,arrival_time,cpu,mem,disk,lifetime,profit
0,1,0.6707781100720119,1,3,21,2.2354306069775745,4.240468255227758
0,1,1.567308062702148,1,2,22,1.0275669518038084,3.9724902994297073
0,1,1.5864373784001014,1,3,20,2.3306768664398456,3.221497012083275
1,0,0.5602715279832531,9,21,1025,5.3985374507945,8.885167003161614
1,0,3.0908331518585968,13,20,1024,8.781347012668377,7.462662796075744
