{ "x_label":"Capacity",
"y_label":"Average Profit",
 "results":[
{ "x":  20,
"greedy000":  25.357574463095798,
"greedy050":  25.644484879713183,
"greedy100":  25.766622969501327,
"DP_05":  25.766622969501327,
"DP_30":  26.517334475486916,
"DP_60":  26.517334475486916,
"DP_95":  26.517334475486916,
"QL":  0.0}
,
{ "x":  40,
"greedy000":  26.234622752156874,
"greedy050":  26.601699132157677,
"greedy100":  26.9637644093141,
"DP_05":  26.9637644093141,
"DP_30":  29.58310769429906,
"DP_60":  30.169031046867314,
"DP_95":  30.22751896669559,
"QL":  0.0}
,
{ "x":  60,
"greedy000":  27.80034332395787,
"greedy050":  28.104540564239535,
"greedy100":  28.625719717960454,
"DP_05":  28.625719717960454,
"DP_30":  31.804853491661742,
"DP_60":  33.14645894423646,
"DP_95":  33.90392125917171,
"QL":  0.0}
,
{ "x":  80,
"greedy000":  28.499489456148627,
"greedy050":  29.516621760548322,
"greedy100":  29.861646618261993,
"DP_05":  29.861646618261993,
"DP_30":  33.53945272258762,
"DP_60":  35.19238787649367,
"DP_95":  36.58209580458227,
"QL":  0.0}
,
{ "x":  100,
"greedy000":  29.857252043782598,
"greedy050":  30.680618451786575,
"greedy100":  31.382481569784243,
"DP_05":  31.382481569784243,
"DP_30":  35.09540216731189,
"DP_60":  36.98149666432378,
"DP_95":  39.17872468300802,
"QL":  0.0}
,
{ "x":  120,
"greedy000":  30.55286583007824,
"greedy050":  31.45691634097007,
"greedy100":  32.18446364310516,
"DP_05":  32.18446364310516,
"DP_30":  36.167772319409174,
"DP_60":  37.517439329590914,
"DP_95":  40.69602297788381,
"QL":  0.0}
,
{ "x":  140,
"greedy000":  31.309309527610445,
"greedy050":  32.72309950184052,
"greedy100":  33.80659399195146,
"DP_05":  33.80659399195146,
"DP_30":  37.13747752460718,
"DP_60":  38.30308471448903,
"DP_95":  41.82865924710363,
"QL":  0.0}
,
{ "x":  160,
"greedy000":  31.873542293884537,
"greedy050":  33.63249610102439,
"greedy100":  34.95131387340923,
"DP_05":  34.95131387340923,
"DP_30":  38.357760290724386,
"DP_60":  39.22445768595615,
"DP_95":  42.58758155060764,
"QL":  0.0}
,
{ "x":  180,
"greedy000":  32.50161164681582,
"greedy050":  34.68454938775212,
"greedy100":  35.744101601936755,
"DP_05":  35.744101601936755,
"DP_30":  38.9575596408698,
"DP_60":  39.02756532492633,
"DP_95":  42.78544095127824,
"QL":  0.0}
,
{ "x":  200,
"greedy000":  32.88236581149733,
"greedy050":  35.15488143454736,
"greedy100":  36.847817645437644,
"DP_05":  36.847817645437644,
"DP_30":  39.656693273538814,
"DP_60":  39.74071369966008,
"DP_95":  43.09702794276416,
"QL":  0.0}
,
{ "x":  220,
"greedy000":  33.41905035288462,
"greedy050":  36.272494989649985,
"greedy100":  37.884769323174226,
"DP_05":  37.884769323174226,
"DP_30":  40.69141056355239,
"DP_60":  40.69254592969626,
"DP_95":  43.316023331776165,
"QL":  0.0}
,
{ "x":  240,
"greedy000":  33.715433062991416,
"greedy050":  36.45741772488477,
"greedy100":  38.555532452103556,
"DP_05":  38.555532452103556,
"DP_30":  40.99791032431759,
"DP_60":  41.138581015133006,
"DP_95":  43.480390146182145,
"QL":  0.0}
,
{ "x":  260,
"greedy000":  33.875626934287695,
"greedy050":  37.71893604683107,
"greedy100":  39.59346835764441,
"DP_05":  39.59346835764441,
"DP_30":  41.40968146587125,
"DP_60":  41.89506201256091,
"DP_95":  43.670450507723004,
"QL":  0.0}
,
{ "x":  280,
"greedy000":  34.148228180154,
"greedy050":  37.847743474878634,
"greedy100":  40.43606379284482,
"DP_05":  40.43606379284482,
"DP_30":  41.826481606616866,
"DP_60":  42.37767277487881,
"DP_95":  43.829025566177414,
"QL":  0.0}
,
{ "x":  300,
"greedy000":  34.274974229644386,
"greedy050":  38.55888819396664,
"greedy100":  41.1439658045483,
"DP_05":  41.1439658045483,
"DP_30":  42.09377566137203,
"DP_60":  42.84195076025799,
"DP_95":  43.956363173258865,
"QL":  0.0}
,
{ "x":  320,
"greedy000":  33.798971529554294,
"greedy050":  38.74277803981495,
"greedy100":  41.81191362055398,
"DP_05":  41.81191362055398,
"DP_30":  42.45382287481955,
"DP_60":  43.2342842767142,
"DP_95":  44.098473272939756,
"QL":  0.0}
,
{ "x":  340,
"greedy000":  33.98925626883606,
"greedy050":  39.04565730176749,
"greedy100":  42.54908664632054,
"DP_05":  42.54908664632054,
"DP_30":  42.63731085818456,
"DP_60":  43.63464096597534,
"DP_95":  44.34115960190925,
"QL":  0.0}
,
{ "x":  360,
"greedy000":  33.941327550112355,
"greedy050":  39.22312432756932,
"greedy100":  42.804209772208075,
"DP_05":  42.804209772208075,
"DP_30":  42.807928780472544,
"DP_60":  43.77120354422707,
"DP_95":  44.346561965682454,
"QL":  0.0}
,
{ "x":  380,
"greedy000":  33.79239693025275,
"greedy050":  39.274221374359094,
"greedy100":  43.661564297259474,
"DP_05":  43.661564297259474,
"DP_30":  43.678129953825135,
"DP_60":  44.38335568112028,
"DP_95":  44.71326915674839,
"QL":  0.0}
,
{ "x":  400,
"greedy000":  34.014340804011184,
"greedy050":  39.38623282824301,
"greedy100":  43.95541302226178,
"DP_05":  43.95541302226178,
"DP_30":  43.96717772814414,
"DP_60":  44.47496724316437,
"DP_95":  44.71666519858318,
"QL":  0.0}
,
{ "x":  420,
"greedy000":  33.843792206119346,
"greedy050":  39.42371106068665,
"greedy100":  44.39737991518625,
"DP_05":  44.39737991518625,
"DP_30":  44.39737991518625,
"DP_60":  44.765014970563925,
"DP_95":  44.88966301685326,
"QL":  0.0}
,
{ "x":  440,
"greedy000":  33.93615968785843,
"greedy050":  39.45726752523415,
"greedy100":  44.52902093147476,
"DP_05":  44.52902093147476,
"DP_30":  44.52902093147476,
"DP_60":  44.77443324635252,
"DP_95":  44.860380392960764,
"QL":  0.0}
,
{ "x":  460,
"greedy000":  34.17639390873081,
"greedy050":  39.630236275622,
"greedy100":  44.751565969331,
"DP_05":  44.751565969331,
"DP_30":  44.751565969331,
"DP_60":  44.89204908369737,
"DP_95":  44.93597025948558,
"QL":  0.0}
,
{ "x":  480,
"greedy000":  34.01610649894518,
"greedy050":  39.40751731053291,
"greedy100":  44.63976349850491,
"DP_05":  44.63976349850491,
"DP_30":  44.63976349850491,
"DP_60":  44.785423219764326,
"DP_95":  44.83632088276039,
"QL":  0.0}
,
{ "x":  500,
"greedy000":  34.039768953908656,
"greedy050":  39.43186181291489,
"greedy100":  44.799144968073236,
"DP_05":  44.799144968073236,
"DP_30":  44.799144968073236,
"DP_60":  44.85400158043833,
"DP_95":  44.87598755097405,
"QL":  0.0}
,
{ "x":  520,
"greedy000":  34.11757531684793,
"greedy050":  39.53359291863146,
"greedy100":  44.9393898844214,
"DP_05":  44.9393898844214,
"DP_30":  44.9393898844214,
"DP_60":  44.949081684457965,
"DP_95":  44.95053793363873,
"QL":  0.0}
]}
