{ "x_label":"zeta",
"y_label":"Average Profit",
 "results":[
{ "x":  0.0,
"greedy000":  0.0,
"greedy050":  0.0,
"greedy100":  68.72436248788915,
"DP_05":  0.0,
"DP_30":  0.0,
"DP_60":  0.0,
"DP_95":  71.94392713202811,
"QL_09":  70.68639666925716,
"QL_05":  69.87899220303201,
"RL":  71.52008977772465}
,
{ "x":  0.3,
"greedy000":  0.0,
"greedy050":  0.0,
"greedy100":  66.27518203006163,
"DP_05":  0.0,
"DP_30":  0.0,
"DP_60":  0.0,
"DP_95":  70.96694141686996,
"QL_09":  67.50192233721644,
"QL_05":  66.93197512901406,
"RL":  69.86021201687589}
,
{ "x":  0.6,
"greedy000":  0.0,
"greedy050":  0.0,
"greedy100":  65.7450324236923,
"DP_05":  0.0,
"DP_30":  0.0,
"DP_60":  0.0,
"DP_95":  71.16984475198119,
"QL_09":  66.1360982958096,
"QL_05":  66.60114547701582,
"RL":  70.309721802464}
,
{ "x":  0.8999999999999999,
"greedy000":  0.0,
"greedy050":  0.0,
"greedy100":  64.41695779837684,
"DP_05":  0.0,
"DP_30":  0.0,
"DP_60":  0.0,
"DP_95":  70.92686240700664,
"QL_09":  64.88551925319432,
"QL_05":  65.97640185873975,
"RL":  69.83057434789302}
,
{ "x":  1.2,
"greedy000":  0.0,
"greedy050":  0.0,
"greedy100":  62.73912762944427,
"DP_05":  0.0,
"DP_30":  0.0,
"DP_60":  0.0,
"DP_95":  70.59745726483736,
"QL_09":  63.34941454610441,
"QL_05":  65.26610712969268,
"RL":  69.69171052138242}
,
{ "x":  1.5,
"greedy000":  0.0,
"greedy050":  0.0,
"greedy100":  61.623291083223464,
"DP_05":  0.0,
"DP_30":  0.0,
"DP_60":  0.0,
"DP_95":  70.54088088102856,
"QL_09":  64.19258319287621,
"QL_05":  64.81760309668485,
"RL":  69.46203520349134}
,
{ "x":  1.7999999999999998,
"greedy000":  0.0,
"greedy050":  0.0,
"greedy100":  59.691890824860856,
"DP_05":  0.0,
"DP_30":  0.0,
"DP_60":  0.0,
"DP_95":  69.58095893647399,
"QL_09":  63.63484539532976,
"QL_05":  63.55967784022928,
"RL":  68.71904899040399}
,
{ "x":  2.1,
"greedy000":  0.0,
"greedy050":  0.0,
"greedy100":  59.90093881732302,
"DP_05":  0.0,
"DP_30":  0.0,
"DP_60":  0.0,
"DP_95":  70.46505041794428,
"QL_09":  64.82858936481492,
"QL_05":  64.26456300969312,
"RL":  69.311720604831}
,
{ "x":  2.4,
"greedy000":  0.0,
"greedy050":  0.0,
"greedy100":  58.14860904867784,
"DP_05":  0.0,
"DP_30":  0.0,
"DP_60":  0.0,
"DP_95":  69.72547408530063,
"QL_09":  64.94709649893915,
"QL_05":  63.28580532905547,
"RL":  68.65133301801488}
,
{ "x":  2.6999999999999997,
"greedy000":  0.0,
"greedy050":  0.0,
"greedy100":  56.373703348024016,
"DP_05":  0.0,
"DP_30":  0.0,
"DP_60":  0.0,
"DP_95":  69.69891575085185,
"QL_09":  65.08177188144455,
"QL_05":  62.35530060959498,
"RL":  68.07626631883863}
,
{ "x":  3.0,
"greedy000":  0.0,
"greedy050":  0.0,
"greedy100":  55.10606224768408,
"DP_05":  0.0,
"DP_30":  0.0,
"DP_60":  0.0,
"DP_95":  69.14562913738133,
"QL_09":  64.52245052989475,
"QL_05":  62.65566892203573,
"RL":  67.97457780279828}
]}
