{ "x_label":"episode",
"y_label":"Acceptance Rate",
"results":[
{ "x":  5,
"DP_05":  0.5542247668542679,
"DP_30":  0.6103611852531359,
"DP_60":  0.6260927946601894,
"DP_95":  0.5905609860336416,
"QL-Dynamic": 0.25504423877969346,
"QL-Static": 0.3240363790738}
,
{ "x":  25,
"DP_05":  0.5550959886555716,
"DP_30":  0.6095191150296392,
"DP_60":  0.6279594228926313,
"DP_95":  0.5917483083592449,
"QL-Dynamic": 0.40279412925485686,
"QL-Static": 0.39372018950485715}
,
{ "x":  45,
"DP_05":  0.5562204038362105,
"DP_30":  0.6125720429185512,
"DP_60":  0.6294757253377823,
"DP_95":  0.5945286377499278,
"QL-Dynamic": 0.4943832580912563,
"QL-Static": 0.4845891962611387}
,
{ "x":  65,
"DP_05":  0.5545105969001544,
"DP_30":  0.6134290936501083,
"DP_60":  0.6298916183199349,
"DP_95":  0.5941890217165702,
"QL-Dynamic": 0.5365607667999734,
"QL-Static": 0.4543901475569257}
,
{ "x":  85,
"DP_05":  0.5579886188275387,
"DP_30":  0.6127273188331992,
"DP_60":  0.6287003929145445,
"DP_95":  0.5927120392806369,
"QL-Dynamic": 0.5523599329058893,
"QL-Static": 0.5031691152471548}
,
{ "x":  105,
"DP_05":  0.5550805425162932,
"DP_30":  0.6109413585402086,
"DP_60":  0.6277700595946109,
"DP_95":  0.5907716163090648,
"QL-Dynamic": 0.5256001934295204,
"QL-Static": 0.5370416390570332}
,
{ "x":  125,
"DP_05":  0.5567057380968006,
"DP_30":  0.6087654462979876,
"DP_60":  0.6262484740606604,
"DP_95":  0.5918439491305356,
"QL-Dynamic": 0.5657479135939959,
"QL-Static": 0.5454463246738672}
,
{ "x":  145,
"DP_05":  0.549580628987542,
"DP_30":  0.6068866775493766,
"DP_60":  0.6248346220132623,
"DP_95":  0.5893735055464948,
"QL-Dynamic": 0.5639627638323493,
"QL-Static": 0.5434242627794799}
,
{ "x":  165,
"DP_05":  0.5555756611603961,
"DP_30":  0.6116189534338805,
"DP_60":  0.6308863844999043,
"DP_95":  0.5932173793733435,
"QL-Dynamic": 0.5863248117055904,
"QL-Static": 0.5470778772768846}
,
{ "x":  185,
"DP_05":  0.5599978648649748,
"DP_30":  0.6129163264869408,
"DP_60":  0.6316036541929686,
"DP_95":  0.5933209522321955,
"QL-Dynamic": 0.593998789733561,
"QL-Static": 0.5628418399427345}
,
{ "x":  205,
"DP_05":  0.556223807236029,
"DP_30":  0.6115686587339961,
"DP_60":  0.6280813861925241,
"DP_95":  0.5920847459977784,
"QL-Dynamic": 0.5866275331258173,
"QL-Static": 0.5680873578274943}
]}
