{ "x_label":"episode",
"y_label":"Acceptance Rate",
"results":[
{ "x":  10,
"DP_05":  0.5559556930615704,
"DP_30":  0.6121319918688698,
"DP_60":  0.6290752773215855,
"DP_95":  0.5926137602829884,
"QL-Dynamic": 0.42198639635125745,
"QL-Static": 0.3731241530508217}
,
{ "x":  20,
"DP_05":  0.5532825108180106,
"DP_30":  0.6096828041776723,
"DP_60":  0.6265926755418392,
"DP_95":  0.5907264600816219,
"QL-Dynamic": 0.500908568593816,
"QL-Static": 0.4373305029552547}
,
{ "x":  30,
"DP_05":  0.5541489437782411,
"DP_30":  0.6103219290497549,
"DP_60":  0.6280114406005455,
"DP_95":  0.592548674464005,
"QL-Dynamic": 0.5273028456542919,
"QL-Static": 0.4793501096579618}
,
{ "x":  40,
"DP_05":  0.5539066187420808,
"DP_30":  0.6100159623556595,
"DP_60":  0.6274052792424617,
"DP_95":  0.5928290403966914,
"QL-Dynamic": 0.5486464507468084,
"QL-Static": 0.493572271333432}
,
{ "x":  50,
"DP_05":  0.5563101986188045,
"DP_30":  0.6105570040188871,
"DP_60":  0.6285470029047945,
"DP_95":  0.5922665955824834,
"QL-Dynamic": 0.5554381670812794,
"QL-Static": 0.5189993830083413}
,
{ "x":  60,
"DP_05":  0.5551499604026605,
"DP_30":  0.6102308016401526,
"DP_60":  0.6290871208128774,
"DP_95":  0.5933818992104671,
"QL-Dynamic": 0.5705452138136043,
"QL-Static": 0.5367532218053495}
,
{ "x":  70,
"DP_05":  0.5513530558774014,
"DP_30":  0.6083977955606324,
"DP_60":  0.6255102693812482,
"DP_95":  0.5908746811803375,
"QL-Dynamic": 0.5693518600708969,
"QL-Static": 0.5333214469270069}
,
{ "x":  80,
"DP_05":  0.5524214705884469,
"DP_30":  0.6099644364199012,
"DP_60":  0.6275081749897281,
"DP_95":  0.5928040910022156,
"QL-Dynamic": 0.575395860270179,
"QL-Static": 0.5480385572272428}
,
{ "x":  90,
"DP_05":  0.5538201632675624,
"DP_30":  0.6104493002490536,
"DP_60":  0.628059055522836,
"DP_95":  0.5920872531189909,
"QL-Dynamic": 0.5741015760315711,
"QL-Static": 0.5455019586184363}
,
{ "x":  100,
"DP_05":  0.5536153412873975,
"DP_30":  0.6093763067330326,
"DP_60":  0.6268750114791084,
"DP_95":  0.5911249536565331,
"QL-Dynamic": 0.5804324233066569,
"QL-Static": 0.5492973752557383}
,
{ "x":  110,
"DP_05":  0.5545143643106096,
"DP_30":  0.6094458105724485,
"DP_60":  0.6276732982176412,
"DP_95":  0.5917932105622996,
"QL-Dynamic": 0.5810711598985402,
"QL-Static": 0.5550706293134572}
,
{ "x":  120,
"DP_05":  0.5548121262718624,
"DP_30":  0.6108278219522284,
"DP_60":  0.6269599026523377,
"DP_95":  0.5920802257382267,
"QL-Dynamic": 0.5696553845609443,
"QL-Static": 0.5549943427718972}
,
{ "x":  130,
"DP_05":  0.55300131265522,
"DP_30":  0.6086878946987462,
"DP_60":  0.6270308101028972,
"DP_95":  0.5915157650477815,
"QL-Dynamic": 0.5900006095299812,
"QL-Static": 0.5582591918403768}
,
{ "x":  140,
"DP_05":  0.5546576842255098,
"DP_30":  0.6095102610581749,
"DP_60":  0.6265727579199348,
"DP_95":  0.5910627228734974,
"QL-Dynamic": 0.5928605286762655,
"QL-Static": 0.5576828147803832}
,
{ "x":  150,
"DP_05":  0.5546071678152307,
"DP_30":  0.6113500225172571,
"DP_60":  0.628422149548425,
"DP_95":  0.5929793317503406,
"QL-Dynamic": 0.5858203349502609,
"QL-Static": 0.5651116115848414}
,
{ "x":  160,
"DP_05":  0.5560466674711979,
"DP_30":  0.6104366954616469,
"DP_60":  0.6284849257474621,
"DP_95":  0.5913709668003657,
"QL-Dynamic": 0.590876385250901,
"QL-Static": 0.5648212789640774}
,
{ "x":  170,
"DP_05":  0.5561107521206267,
"DP_30":  0.6119579332748825,
"DP_60":  0.6278404266834865,
"DP_95":  0.5917452511600397,
"QL-Dynamic": 0.5931679300168481,
"QL-Static": 0.5649301975997685}
,
{ "x":  180,
"DP_05":  0.5557439852310254,
"DP_30":  0.6105004162763623,
"DP_60":  0.6280516552097632,
"DP_95":  0.5913047386123679,
"QL-Dynamic": 0.5672351698056788,
"QL-Static": 0.5666611155123819}
,
{ "x":  190,
"DP_05":  0.555988898861452,
"DP_30":  0.610948551152921,
"DP_60":  0.6287194866700567,
"DP_95":  0.5927686434156855,
"QL-Dynamic": 0.5963559178561268,
"QL-Static": 0.5727105972265736}
,
{ "x":  200,
"DP_05":  0.5543764065033764,
"DP_30":  0.6103465754602911,
"DP_60":  0.6276706609456242,
"DP_95":  0.5907477788954858,
"QL-Dynamic": 0.5830944452968434,
"QL-Static": 0.5762529590388378}
,
{ "x":  210,
"DP_05":  0.5557336344319477,
"DP_30":  0.6118477123494528,
"DP_60":  0.6279466350819198,
"DP_95":  0.592243464048651,
"QL-Dynamic": 0.5890970751085789,
"QL-Static": 0.5714857956964358}
,
{ "x":  220,
"DP_05":  0.5547669349473049,
"DP_30":  0.6100115320402674,
"DP_60":  0.6266445331282219,
"DP_95":  0.5924216009980924,
"QL-Dynamic": 0.5625155068408048,
"QL-Static": 0.5766706760956619}
,
{ "x":  230,
"DP_05":  0.5544254831314317,
"DP_30":  0.6107950155166687,
"DP_60":  0.6271500341988646,
"DP_95":  0.5908857106085521,
"QL-Dynamic": 0.5727458857684697,
"QL-Static": 0.577001005513462}
,
{ "x":  240,
"DP_05":  0.5532716588278752,
"DP_30":  0.6093059171602565,
"DP_60":  0.6268868652108213,
"DP_95":  0.5915625173696735,
"QL-Dynamic": 0.5887098591932013,
"QL-Static": 0.5815423371462749}
,
{ "x":  250,
"DP_05":  0.5527378614554586,
"DP_30":  0.6096566641833897,
"DP_60":  0.6263565110303069,
"DP_95":  0.5915442261612541,
"QL-Dynamic": 0.5936925248350139,
"QL-Static": 0.5718440324758941}
]}
