{ "x_label":"episode",
"y_label":"Federation Rate",
"results":[
{ "x":  10,
"DP_05":  0.44404430693842956,
"DP_30":  0.3878680081311303,
"DP_60":  0.3709247226784143,
"DP_95":  0.40738623971701166,
"QL-Dynamic": 0.49922778890243996,
"QL-Static": 0.5394110761602489}
,
{ "x":  20,
"DP_05":  0.4467174891819892,
"DP_30":  0.39031719582232777,
"DP_60":  0.3734073244581607,
"DP_95":  0.4092735399183783,
"QL-Dynamic": 0.44454491886733744,
"QL-Static": 0.49980637191349075}
,
{ "x":  30,
"DP_05":  0.44585105622175897,
"DP_30":  0.3896780709502451,
"DP_60":  0.3719885593994545,
"DP_95":  0.4074513255359948,
"QL-Dynamic": 0.4208921042718835,
"QL-Static": 0.44887126680813183}
,
{ "x":  40,
"DP_05":  0.4460933812579193,
"DP_30":  0.38998403764434053,
"DP_60":  0.3725947207575382,
"DP_95":  0.40717095960330874,
"QL-Dynamic": 0.4169155966347079,
"QL-Static": 0.44068061571623685}
,
{ "x":  50,
"DP_05":  0.44368980138119546,
"DP_30":  0.389442995981113,
"DP_60":  0.3714529970952056,
"DP_95":  0.40773340441751654,
"QL-Dynamic": 0.41308449626753313,
"QL-Static": 0.4240680954117108}
,
{ "x":  60,
"DP_05":  0.44485003959733954,
"DP_30":  0.3897691983598471,
"DP_60":  0.3709128791871227,
"DP_95":  0.40661810078953287,
"QL-Dynamic": 0.3872354935165926,
"QL-Static": 0.4076848338367272}
,
{ "x":  70,
"DP_05":  0.44864694412259865,
"DP_30":  0.39160220443936766,
"DP_60":  0.374489730618752,
"DP_95":  0.40912531881966246,
"QL-Dynamic": 0.39748053523517507,
"QL-Static": 0.42211758685794964}
,
{ "x":  80,
"DP_05":  0.44757852941155307,
"DP_30":  0.39003556358009894,
"DP_60":  0.37249182501027195,
"DP_95":  0.40719590899778424,
"QL-Dynamic": 0.3917549077764005,
"QL-Static": 0.3991993865965003}
,
{ "x":  90,
"DP_05":  0.44617983673243755,
"DP_30":  0.38955069975094625,
"DP_60":  0.37194094447716397,
"DP_95":  0.40791274688100915,
"QL-Dynamic": 0.390587904113529,
"QL-Static": 0.41294624162677146}
,
{ "x":  100,
"DP_05":  0.44638465871260247,
"DP_30":  0.3906236932669674,
"DP_60":  0.3731249885208917,
"DP_95":  0.4088750463434669,
"QL-Dynamic": 0.3905018103038357,
"QL-Static": 0.40874742513358137}
,
{ "x":  110,
"DP_05":  0.44548563568939037,
"DP_30":  0.39055418942755166,
"DP_60":  0.3723267017823588,
"DP_95":  0.4082067894377003,
"QL-Dynamic": 0.3877135421101328,
"QL-Static": 0.40190991650177255}
,
{ "x":  120,
"DP_05":  0.44518787372813756,
"DP_30":  0.3891721780477716,
"DP_60":  0.37304009734766214,
"DP_95":  0.4079197742617734,
"QL-Dynamic": 0.396712866125075,
"QL-Static": 0.40249954258668985}
,
{ "x":  130,
"DP_05":  0.4469986873447802,
"DP_30":  0.39131210530125365,
"DP_60":  0.37296918989710276,
"DP_95":  0.4084842349522184,
"QL-Dynamic": 0.388754624224245,
"QL-Static": 0.3948727700808706}
,
{ "x":  140,
"DP_05":  0.4453423157744902,
"DP_30":  0.39048973894182515,
"DP_60":  0.37342724208006506,
"DP_95":  0.40893727712650263,
"QL-Dynamic": 0.3807151489458527,
"QL-Static": 0.3965181897234233}
,
{ "x":  150,
"DP_05":  0.44539283218476944,
"DP_30":  0.38864997748274305,
"DP_60":  0.3715778504515751,
"DP_95":  0.4070206682496594,
"QL-Dynamic": 0.3935914823000131,
"QL-Static": 0.39331252092485547}
,
{ "x":  160,
"DP_05":  0.4439533325288022,
"DP_30":  0.3895633045383529,
"DP_60":  0.37151507425253827,
"DP_95":  0.4086290331996343,
"QL-Dynamic": 0.38692106929602216,
"QL-Static": 0.39478357940536596}
,
{ "x":  170,
"DP_05":  0.4438892478793732,
"DP_30":  0.38804206672511765,
"DP_60":  0.37215957331651334,
"DP_95":  0.4082547488399602,
"QL-Dynamic": 0.3849184145192796,
"QL-Static": 0.39208361381927664}
,
{ "x":  180,
"DP_05":  0.4442560147689745,
"DP_30":  0.3894995837236375,
"DP_60":  0.37194834479023664,
"DP_95":  0.4086952613876322,
"QL-Dynamic": 0.4097554526958597,
"QL-Static": 0.40586465004330724}
,
{ "x":  190,
"DP_05":  0.44401110113854814,
"DP_30":  0.38905144884707904,
"DP_60":  0.3712805133299431,
"DP_95":  0.40723135658431464,
"QL-Dynamic": 0.3842183495076174,
"QL-Static": 0.39226925456043255}
,
{ "x":  200,
"DP_05":  0.44562359349662367,
"DP_30":  0.38965342453970886,
"DP_60":  0.3723293390543758,
"DP_95":  0.4092522211045143,
"QL-Dynamic": 0.39683709941301165,
"QL-Static": 0.39166777857110363}
,
{ "x":  210,
"DP_05":  0.44426636556805243,
"DP_30":  0.3881522876505471,
"DP_60":  0.37205336491808033,
"DP_95":  0.40775653595134875,
"QL-Dynamic": 0.3874466210974071,
"QL-Static": 0.39392788504881954}
,
{ "x":  220,
"DP_05":  0.44523306505269516,
"DP_30":  0.3899884679597326,
"DP_60":  0.3733554668717784,
"DP_95":  0.4075783990019077,
"QL-Dynamic": 0.39989574641010317,
"QL-Static": 0.38857846821796244}
,
{ "x":  230,
"DP_05":  0.4455745168685683,
"DP_30":  0.38920498448333146,
"DP_60":  0.37284996580113544,
"DP_95":  0.4091142893914479,
"QL-Dynamic": 0.40258486536749094,
"QL-Static": 0.3902518170451404}
,
{ "x":  240,
"DP_05":  0.44672834117212473,
"DP_30":  0.3906940828397435,
"DP_60":  0.37311313478917874,
"DP_95":  0.4084374826303266,
"QL-Dynamic": 0.39344325475835407,
"QL-Static": 0.38740120485520263}
,
{ "x":  250,
"DP_05":  0.4472621385445414,
"DP_30":  0.3903433358166102,
"DP_60":  0.37364348896969324,
"DP_95":  0.4084557738387457,
"QL-Dynamic": 0.383866317894425,
"QL-Static": 0.4012478608249265}
]}
