{ "x_label":"episode",
"y_label":"Federation Rate",
"results":[
{ "x":  5,
"DP_05":  0.4457752331457322,
"DP_30":  0.3896388147468642,
"DP_60":  0.37390720533981053,
"DP_95":  0.40943901396635834,
"QL-Dynamic": 0.626120245646085,
"QL-Static": 0.5310142259739791}
,
{ "x":  25,
"DP_05":  0.44490401134442836,
"DP_30":  0.3904808849703609,
"DP_60":  0.37204057710736876,
"DP_95":  0.40825169164075514,
"QL-Dynamic": 0.4769520891523813,
"QL-Static": 0.5289774953980997}
,
{ "x":  45,
"DP_05":  0.4437795961637893,
"DP_30":  0.3874279570814489,
"DP_60":  0.37052427466221777,
"DP_95":  0.4054713622500722,
"QL-Dynamic": 0.44449398118130545,
"QL-Static": 0.42611994744017034}
,
{ "x":  65,
"DP_05":  0.4454894030998456,
"DP_30":  0.3865709063498918,
"DP_60":  0.37010838168006494,
"DP_95":  0.40581097828342994,
"QL-Dynamic": 0.40009755920604856,
"QL-Static": 0.39474143133712264}
,
{ "x":  85,
"DP_05":  0.44201138117246136,
"DP_30":  0.38727268116680075,
"DP_60":  0.37129960708545556,
"DP_95":  0.4072879607193631,
"QL-Dynamic": 0.39004699189735104,
"QL-Static": 0.39557340826680476}
,
{ "x":  105,
"DP_05":  0.44491945748370654,
"DP_30":  0.3890586414597914,
"DP_60":  0.37222994040538915,
"DP_95":  0.40922838369093506,
"QL-Dynamic": 0.4244723511247194,
"QL-Static": 0.4031490145435703}
,
{ "x":  125,
"DP_05":  0.4432942619031994,
"DP_30":  0.3912345537020125,
"DP_60":  0.3737515259393395,
"DP_95":  0.4081560508694643,
"QL-Dynamic": 0.381266791449857,
"QL-Static": 0.41302350292922724}
,
{ "x":  145,
"DP_05":  0.45041937101245805,
"DP_30":  0.3931133224506233,
"DP_60":  0.37516537798673755,
"DP_95":  0.4106264944535051,
"QL-Dynamic": 0.4086743896968216,
"QL-Static": 0.42754814898782845}
,
{ "x":  165,
"DP_05":  0.44442433883960375,
"DP_30":  0.3883810465661194,
"DP_60":  0.3691136155000955,
"DP_95":  0.4067826206266564,
"QL-Dynamic": 0.3790220504103372,
"QL-Static": 0.42157628671153563}
,
{ "x":  185,
"DP_05":  0.4400021351350252,
"DP_30":  0.38708367351305917,
"DP_60":  0.36839634580703134,
"DP_95":  0.4066790477678044,
"QL-Dynamic": 0.3707821685884073,
"QL-Static": 0.3945513101661824}
,
{ "x":  205,
"DP_05":  0.44377619276397107,
"DP_30":  0.38843134126600376,
"DP_60":  0.37191861380747604,
"DP_95":  0.4079152540022215,
"QL-Dynamic": 0.37834089696378587,
"QL-Static": 0.39109593805604614}
]}
