{ "x_label":"episode",
"y_label":"Federation Rate",
"results":[
{ "x":  5,
"DP_05":  0.4419630022280458,
"DP_30":  0.3872678639781194,
"DP_60":  0.3692059669529923,
"DP_95":  0.4064631091503294,
"QL-Dynamic": 0.6420224531649923,
"QL-Static": 0.537784814667811}
,
{ "x":  25,
"DP_05":  0.44569354853487775,
"DP_30":  0.3897809378550428,
"DP_60":  0.3736641295488117,
"DP_95":  0.410431648966489,
"QL-Dynamic": 0.576597029295892,
"QL-Static": 0.4876008002025115}
,
{ "x":  45,
"DP_05":  0.44113304050746305,
"DP_30":  0.3860960095009299,
"DP_60":  0.37092651634139884,
"DP_95":  0.4084642551962833,
"QL-Dynamic": 0.47360128144135283,
"QL-Static": 0.4477428467351282}
,
{ "x":  65,
"DP_05":  0.4476225104420557,
"DP_30":  0.3918042253837989,
"DP_60":  0.3724802106618662,
"DP_95":  0.4093139245063028,
"QL-Dynamic": 0.4181240039326209,
"QL-Static": 0.4164127856016469}
,
{ "x":  85,
"DP_05":  0.4468121916879809,
"DP_30":  0.3878755075452792,
"DP_60":  0.36916085629093026,
"DP_95":  0.40701743216720415,
"QL-Dynamic": 0.41149346835910805,
"QL-Static": 0.4198010327865632}
,
{ "x":  105,
"DP_05":  0.44218347369003663,
"DP_30":  0.3899904306576926,
"DP_60":  0.3708079107878883,
"DP_95":  0.4069962832427674,
"QL-Dynamic": 0.4032926701155309,
"QL-Static": 0.4379397175448406}
,
{ "x":  125,
"DP_05":  0.446041302315394,
"DP_30":  0.3903569094137766,
"DP_60":  0.37275991443816814,
"DP_95":  0.4104601775770484,
"QL-Dynamic": 0.41182557190558267,
"QL-Static": 0.40047778870332645}
,
{ "x":  145,
"DP_05":  0.44887737262534355,
"DP_30":  0.3892889180500911,
"DP_60":  0.37166223403695475,
"DP_95":  0.40800945304889125,
"QL-Dynamic": 0.39618194849156696,
"QL-Static": 0.4059900228219065}
,
{ "x":  165,
"DP_05":  0.4488103941879885,
"DP_30":  0.39458717931402804,
"DP_60":  0.3760853500523543,
"DP_95":  0.4118517668869018,
"QL-Dynamic": 0.3898416205206731,
"QL-Static": 0.4095972259921864}
]}
