{ "x_label":"episode",
"y_label":"Average Profit",
"results":[
{ "x":  10,
"DP_05":  60.53066231760088,
"DP_30":  67.20996002068065,
"DP_60":  70.14441704904831,
"DP_95":  72.82763881005029,
"QL-Dynamic": 50.78497982370414,
"QL-Static": 47.57036613661333}
,
{ "x":  20,
"DP_05":  60.39939537827267,
"DP_30":  67.12610014617518,
"DP_60":  70.02640184418497,
"DP_95":  72.75815580386696,
"QL-Dynamic": 55.84322280646843,
"QL-Static": 52.19804527988542}
,
{ "x":  30,
"DP_05":  60.446989749353705,
"DP_30":  67.12383176725717,
"DP_60":  70.09846214444465,
"DP_95":  72.83219710643272,
"QL-Dynamic": 59.08826098250455,
"QL-Static": 55.27656705000711}
,
{ "x":  40,
"DP_05":  60.40065416960406,
"DP_30":  67.10933867479247,
"DP_60":  70.0454206217964,
"DP_95":  72.85977627532844,
"QL-Dynamic": 62.01817490284001,
"QL-Static": 56.97882981331291}
,
{ "x":  50,
"DP_05":  60.55387403143612,
"DP_30":  67.09482930656299,
"DP_60":  70.07363472198604,
"DP_95":  72.79793234463668,
"QL-Dynamic": 62.77225026899195,
"QL-Static": 59.61435009411982}
,
{ "x":  60,
"DP_05":  60.491576985296405,
"DP_30":  67.10631152519959,
"DP_60":  70.09722009716079,
"DP_95":  72.86094925386561,
"QL-Dynamic": 63.716963838812134,
"QL-Static": 61.30539479112944}
,
{ "x":  70,
"DP_05":  60.33327031452681,
"DP_30":  67.05335777287466,
"DP_60":  70.01175967477403,
"DP_95":  72.77352039217497,
"QL-Dynamic": 64.29382884744159,
"QL-Static": 61.51905549724343}
,
{ "x":  80,
"DP_05":  60.31628789821193,
"DP_30":  67.09335742433603,
"DP_60":  70.0656438127912,
"DP_95":  72.86913534081172,
"QL-Dynamic": 65.11159247427483,
"QL-Static": 62.441649540703985}
,
{ "x":  90,
"DP_05":  60.408276611921686,
"DP_30":  67.14856348267848,
"DP_60":  70.1069526983734,
"DP_95":  72.82560803273456,
"QL-Dynamic": 65.27161145257905,
"QL-Static": 62.95095072746592}
,
{ "x":  100,
"DP_05":  60.40447325380052,
"DP_30":  67.0836123257102,
"DP_60":  70.01357832872067,
"DP_95":  72.74807329238472,
"QL-Dynamic": 66.0167932030819,
"QL-Static": 63.67455989836173}
,
{ "x":  110,
"DP_05":  60.46527424103454,
"DP_30":  67.07332459436856,
"DP_60":  70.05181204051902,
"DP_95":  72.7889886845209,
"QL-Dynamic": 66.30215458841631,
"QL-Static": 63.909780572941756}
,
{ "x":  120,
"DP_05":  60.48087265269308,
"DP_30":  67.16275053021623,
"DP_60":  70.0405956772672,
"DP_95":  72.82487249195577,
"QL-Dynamic": 65.98137282999039,
"QL-Static": 64.20394968144129}
,
{ "x":  130,
"DP_05":  60.413987806523984,
"DP_30":  67.04218377172084,
"DP_60":  70.04150338184867,
"DP_95":  72.79884014896534,
"QL-Dynamic": 67.71651943500893,
"QL-Static": 64.46855466378082}
,
{ "x":  140,
"DP_05":  60.527744987980896,
"DP_30":  67.13624241834715,
"DP_60":  70.04989321128818,
"DP_95":  72.77309917927187,
"QL-Dynamic": 67.88500368866801,
"QL-Static": 64.78739043908571}
,
{ "x":  150,
"DP_05":  60.46454706253146,
"DP_30":  67.16731156599276,
"DP_60":  70.13918701783992,
"DP_95":  72.8618803580804,
"QL-Dynamic": 67.50466542785942,
"QL-Static": 65.44688526139612}
,
{ "x":  160,
"DP_05":  60.58505043753764,
"DP_30":  67.16569453900344,
"DP_60":  70.12287343416163,
"DP_95":  72.78527323982496,
"QL-Dynamic": 67.8343486875561,
"QL-Static": 65.5565588226575}
,
{ "x":  170,
"DP_05":  60.55011770100336,
"DP_30":  67.22784238734128,
"DP_60":  70.09459959609195,
"DP_95":  72.78308728169266,
"QL-Dynamic": 68.07767317632165,
"QL-Static": 65.69345459536869}
,
{ "x":  180,
"DP_05":  60.50055238795452,
"DP_30":  67.0904370775802,
"DP_60":  70.05600597317311,
"DP_95":  72.76330511085207,
"QL-Dynamic": 66.59516446797151,
"QL-Static": 66.51006617341102}
,
{ "x":  190,
"DP_05":  60.58023030003489,
"DP_30":  67.14839125718022,
"DP_60":  70.1555968084063,
"DP_95":  72.88613497556663,
"QL-Dynamic": 68.51632456108229,
"QL-Static": 66.55002859183601}
,
{ "x":  200,
"DP_05":  60.436729964947105,
"DP_30":  67.05284313006352,
"DP_60":  70.02544326366699,
"DP_95":  72.72902094382495,
"QL-Dynamic": 67.77548158554572,
"QL-Static": 66.87777447456762}
,
{ "x":  210,
"DP_05":  60.42641676158788,
"DP_30":  67.11288487247279,
"DP_60":  70.0314835041245,
"DP_95":  72.78016940777088,
"QL-Dynamic": 68.03529805192821,
"QL-Static": 66.62182247053188}
,
{ "x":  220,
"DP_05":  60.50580611110067,
"DP_30":  67.14727101334702,
"DP_60":  70.05132794307882,
"DP_95":  72.84709474209262,
"QL-Dynamic": 66.29906792538036,
"QL-Static": 66.96608191165275}
,
{ "x":  230,
"DP_05":  60.47632071068172,
"DP_30":  67.1518206657439,
"DP_60":  70.03263560993778,
"DP_95":  72.77092726677559,
"QL-Dynamic": 67.20014796193513,
"QL-Static": 67.01028434904066}
,
{ "x":  240,
"DP_05":  60.43673678145723,
"DP_30":  67.11932025019378,
"DP_60":  70.0341331362828,
"DP_95":  72.80246138671887,
"QL-Dynamic": 68.5733671813466,
"QL-Static": 67.43793923488259}
,
{ "x":  250,
"DP_05":  60.355155070392776,
"DP_30":  67.1286649017659,
"DP_60":  70.02301685374941,
"DP_95":  72.80037433547592,
"QL-Dynamic": 68.54263355509617,
"QL-Static": 67.2499133769932}
]}
