{ "x_label":"zeta",
"y_label":"Average Profit",
 "results":[
{ "x":  0.0,
"greedy000":  0.0,
"greedy050":  0.0,
"greedy100":  67.36264413599982,
"DP_05":  0.0,
"DP_30":  0.0,
"DP_60":  0.0,
"DP_95":  71.28771267471166,
"QL_09":  69.44916082038694,
"QL_05":  69.90137135844586,
"RL":  70.78861534754239}
,
{ "x":  0.3,
"greedy000":  0.0,
"greedy050":  0.0,
"greedy100":  66.66827476752749,
"DP_05":  0.0,
"DP_30":  0.0,
"DP_60":  0.0,
"DP_95":  71.28528733773722,
"QL_09":  67.32744900166897,
"QL_05":  68.719031359674,
"RL":  70.0017082464259}
,
{ "x":  0.6,
"greedy000":  0.0,
"greedy050":  0.0,
"greedy100":  65.46986545569891,
"DP_05":  0.0,
"DP_30":  0.0,
"DP_60":  0.0,
"DP_95":  70.9572611305135,
"QL_09":  66.26596721294267,
"QL_05":  68.17146653382355,
"RL":  70.11125689950617}
,
{ "x":  0.8999999999999999,
"greedy000":  0.0,
"greedy050":  0.0,
"greedy100":  64.69328036032982,
"DP_05":  0.0,
"DP_30":  0.0,
"DP_60":  0.0,
"DP_95":  70.98258506093853,
"QL_09":  65.99170536266519,
"QL_05":  68.30318131539431,
"RL":  70.29720452303111}
,
{ "x":  1.2,
"greedy000":  0.0,
"greedy050":  0.0,
"greedy100":  63.136150159241595,
"DP_05":  0.0,
"DP_30":  0.0,
"DP_60":  0.0,
"DP_95":  70.76463352776918,
"QL_09":  66.2388687918212,
"QL_05":  67.87012990367106,
"RL":  70.01898906753875}
,
{ "x":  1.5,
"greedy000":  0.0,
"greedy050":  0.0,
"greedy100":  62.72957347766858,
"DP_05":  0.0,
"DP_30":  0.0,
"DP_60":  0.0,
"DP_95":  70.8803980928039,
"QL_09":  66.28212474062406,
"QL_05":  67.90833235834684,
"RL":  70.03682467118679}
,
{ "x":  1.7999999999999998,
"greedy000":  0.0,
"greedy050":  0.0,
"greedy100":  60.040127464063744,
"DP_05":  0.0,
"DP_30":  0.0,
"DP_60":  0.0,
"DP_95":  69.97265048510319,
"QL_09":  65.91273359779368,
"QL_05":  66.69750099182785,
"RL":  69.12989458746574}
,
{ "x":  2.1,
"greedy000":  0.0,
"greedy050":  0.0,
"greedy100":  59.180337811786856,
"DP_05":  0.0,
"DP_30":  0.0,
"DP_60":  0.0,
"DP_95":  69.92506125781699,
"QL_09":  65.96292393119637,
"QL_05":  66.71754065603346,
"RL":  69.09067926231556}
,
{ "x":  2.4,
"greedy000":  0.0,
"greedy050":  0.0,
"greedy100":  57.10475417105258,
"DP_05":  0.0,
"DP_30":  0.0,
"DP_60":  0.0,
"DP_95":  69.37962906526664,
"QL_09":  64.89909998751698,
"QL_05":  64.88225060971504,
"RL":  68.50053388896787}
,
{ "x":  2.6999999999999997,
"greedy000":  0.0,
"greedy050":  0.0,
"greedy100":  57.13631907221601,
"DP_05":  0.0,
"DP_30":  0.0,
"DP_60":  0.0,
"DP_95":  69.7457849122229,
"QL_09":  65.35506151030535,
"QL_05":  65.536412976976,
"RL":  68.70511941043162}
,
{ "x":  3.0,
"greedy000":  0.0,
"greedy050":  0.0,
"greedy100":  55.49980680866109,
"DP_05":  0.0,
"DP_30":  0.0,
"DP_60":  0.0,
"DP_95":  69.12248359359043,
"QL_09":  65.443018991911,
"QL_05":  64.81720326071164,
"RL":  68.01025618190377}
]}
