{ "x_label":"eta",
"y_label":"Acceptance Rate",
 "results":[
{ "x":  0.1,
"greedy000":  0.415352454483474,
"greedy050":  0.5296746671845289,
"greedy100":  0.6195417291144996,
"DP_05":  0.6195417291144996,
"DP_30":  0.6195417291144996,
"DP_60":  0.6195417291144996,
"DP_95":  0.6734681217132951,
"QL":  0.5483938822174488}
,
{ "x":  0.175,
"greedy000":  0.39939135009091686,
"greedy050":  0.5158074523638825,
"greedy100":  0.6034934997098301,
"DP_05":  0.6034934997098301,
"DP_30":  0.6034934997098301,
"DP_60":  0.6034934997098301,
"DP_95":  0.6496852767646143,
"QL":  0.537030047587314}
,
{ "x":  0.25,
"greedy000":  0.36773870950151594,
"greedy050":  0.45840973658689854,
"greedy100":  0.5302875732897888,
"DP_05":  0.5302875732897888,
"DP_30":  0.5302875732897888,
"DP_60":  0.5302875732897888,
"DP_95":  0.6171685860511186,
"QL":  0.45394955266457754}
,
{ "x":  0.32499999999999996,
"greedy000":  0.3366259711876596,
"greedy050":  0.41399045004033513,
"greedy100":  0.47920758354915893,
"DP_05":  0.47920758354915893,
"DP_30":  0.47920758354915893,
"DP_60":  0.47920758354915893,
"DP_95":  0.555223816513499,
"QL":  0.35967759134160454}
,
{ "x":  0.4,
"greedy000":  0.33575350024684325,
"greedy050":  0.40574737725368976,
"greedy100":  0.4508165013790931,
"DP_05":  0.4508165013790931,
"DP_30":  0.4508165013790931,
"DP_60":  0.4508165013790931,
"DP_95":  0.48949480172830306,
"QL":  0.3699531205615332}
,
{ "x":  0.475,
"greedy000":  0.29032666748265157,
"greedy050":  0.3411836459371191,
"greedy100":  0.3768669341861637,
"DP_05":  0.3768669341861637,
"DP_30":  0.3768669341861637,
"DP_60":  0.3768669341861637,
"DP_95":  0.44106232795148526,
"QL":  0.3048877626720912}
,
{ "x":  0.5499999999999999,
"greedy000":  0.29811071476089157,
"greedy050":  0.3436696918426836,
"greedy100":  0.3753089915798696,
"DP_05":  0.3753089915798696,
"DP_30":  0.3753089915798696,
"DP_60":  0.3753089915798696,
"DP_95":  0.39076958103302784,
"QL":  0.30585823780455007}
,
{ "x":  0.625,
"greedy000":  0.2825203508261035,
"greedy050":  0.3304500877263849,
"greedy100":  0.3642070328057177,
"DP_05":  0.3642070328057177,
"DP_30":  0.3642070328057177,
"DP_60":  0.3642070328057177,
"DP_95":  0.3939279700685537,
"QL":  0.30641254229427795}
]}
