{ "x_label":"eta",
"y_label":"Federation Rate",
 "results":[
{ "x":  0.1,
"greedy000":  0.5846475455165259,
"greedy050":  0.47032533281547106,
"greedy100":  0.3804582708855004,
"DP_05":  0.0676611001920939,
"DP_30":  0.0676611001920939,
"DP_60":  0.0676611001920939,
"DP_95":  0.0,
"QL":  0.13929242979325604}
,
{ "x":  0.175,
"greedy000":  0.6006086499090832,
"greedy050":  0.4841925476361175,
"greedy100":  0.3965065002901697,
"DP_05":  0.071429002049302,
"DP_30":  0.071429002049302,
"DP_60":  0.071429002049302,
"DP_95":  0.008578046659146622,
"QL":  0.13934821223877436}
,
{ "x":  0.25,
"greedy000":  0.6322612904984841,
"greedy050":  0.5415902634131015,
"greedy100":  0.4697124267102112,
"DP_05":  0.1291125602333713,
"DP_30":  0.1291125602333713,
"DP_60":  0.1291125602333713,
"DP_95":  0.021305454325323027,
"QL":  0.26372573992453363}
,
{ "x":  0.32499999999999996,
"greedy000":  0.6633740288123403,
"greedy050":  0.5860095499596648,
"greedy100":  0.5207924164508411,
"DP_05":  0.5207924164508411,
"DP_30":  0.5207924164508411,
"DP_60":  0.5207924164508411,
"DP_95":  0.44477618348650116,
"QL":  0.48088372078377073}
,
{ "x":  0.4,
"greedy000":  0.6642464997531567,
"greedy050":  0.5942526227463103,
"greedy100":  0.5491834986209069,
"DP_05":  0.5491834986209069,
"DP_30":  0.5491834986209069,
"DP_60":  0.5491834986209069,
"DP_95":  0.5105051982716969,
"QL":  0.5559175073790167}
,
{ "x":  0.475,
"greedy000":  0.7096733325173484,
"greedy050":  0.6588163540628809,
"greedy100":  0.6231330658138365,
"DP_05":  0.6231330658138365,
"DP_30":  0.6231330658138365,
"DP_60":  0.6231330658138365,
"DP_95":  0.5589376720485147,
"QL":  0.6348281236838934}
,
{ "x":  0.5499999999999999,
"greedy000":  0.7018892852391084,
"greedy050":  0.6563303081573165,
"greedy100":  0.6246910084201304,
"DP_05":  0.6246910084201304,
"DP_30":  0.6246910084201304,
"DP_60":  0.6246910084201304,
"DP_95":  0.6092304189669723,
"QL":  0.6684130022571109}
,
{ "x":  0.625,
"greedy000":  0.7174796491738965,
"greedy050":  0.6695499122736149,
"greedy100":  0.6357929671942824,
"DP_05":  0.6357929671942824,
"DP_30":  0.6357929671942824,
"DP_60":  0.6357929671942824,
"DP_95":  0.6060720299314462,
"QL":  0.6889285757647201}
]}
