{ "x_label":"eta",
"y_label":"Average Profit",
 "results":[
{ "x":  0.1,
"greedy000":  19.45032378789118,
"greedy050":  21.668694445004366,
"greedy100":  23.002203761726175,
"DP_05":  51.153949124132765,
"DP_30":  51.153949124132765,
"DP_60":  51.153949124132765,
"DP_95":  51.69321305012071,
"QL":  50.41562744195541}
,
{ "x":  0.175,
"greedy000":  36.477142462747864,
"greedy050":  38.201089012918764,
"greedy100":  39.34050097233416,
"DP_05":  52.34360090196888,
"DP_30":  52.34360090196888,
"DP_60":  52.34360090196888,
"DP_95":  52.68890442416911,
"QL":  51.63698993952139}
,
{ "x":  0.25,
"greedy000":  45.612408473107436,
"greedy050":  46.83193214433716,
"greedy100":  47.613188757149274,
"DP_05":  52.722186754301866,
"DP_30":  52.722186754301866,
"DP_60":  52.722186754301866,
"DP_95":  53.2771054847144,
"QL":  51.093134404804324}
,
{ "x":  0.32499999999999996,
"greedy000":  51.98275723966716,
"greedy050":  52.91259942266466,
"greedy100":  53.62604205935084,
"DP_05":  53.62604205935084,
"DP_30":  53.62604205935084,
"DP_60":  53.62604205935084,
"DP_95":  53.86464795140529,
"QL":  51.09952791482239}
,
{ "x":  0.4,
"greedy000":  57.61110049572318,
"greedy050":  58.46267732860538,
"greedy100":  58.94868182123827,
"DP_05":  58.94868182123827,
"DP_30":  58.94868182123827,
"DP_60":  58.94868182123827,
"DP_95":  59.04280154685902,
"QL":  56.96960331025887}
,
{ "x":  0.475,
"greedy000":  62.11622472032398,
"greedy050":  62.66811633319806,
"greedy100":  63.038075524303466,
"DP_05":  63.038075524303466,
"DP_30":  63.038075524303466,
"DP_60":  63.038075524303466,
"DP_95":  63.22727157085037,
"QL":  60.692456837818824}
,
{ "x":  0.5499999999999999,
"greedy000":  67.0372347530164,
"greedy050":  67.56483321661906,
"greedy100":  67.90866643495076,
"DP_05":  67.90866643495076,
"DP_30":  67.90866643495076,
"DP_60":  67.90866643495076,
"DP_95":  67.96021205670692,
"QL":  66.26997430094136}
,
{ "x":  0.625,
"greedy000":  71.47777151994038,
"greedy050":  71.99691329468708,
"greedy100":  72.3449898521613,
"DP_05":  72.3449898521613,
"DP_30":  72.3449898521613,
"DP_60":  72.3449898521613,
"DP_95":  72.44328943352214,
"QL":  71.39021384928425}
]}
