{ "x_label":"episode",
"y_label":"Acceptance Rate",
 "results":[
{ "x":  10,
"greedy000":  0.0,
"greedy050":  0.0,
"greedy100":  0.6741059424576499,
"DP_05":  0.0,
"DP_30":  0.0,
"DP_60":  0.0,
"DP_95":  0.774132831406292,
"QL_09":  0.5998924442054315,
"QL_05":  0.6523258940575424,
"RL":  0.7230438289862866}
,
{ "x":  30,
"greedy000":  0.0,
"greedy050":  0.0,
"greedy100":  0.660804689581668,
"DP_05":  0.0,
"DP_30":  0.0,
"DP_60":  0.0,
"DP_95":  0.7711164401811884,
"QL_09":  0.6125766053823608,
"QL_05":  0.6746602717825739,
"RL":  0.7641886490807354}
,
{ "x":  50,
"greedy000":  0.0,
"greedy050":  0.0,
"greedy100":  0.6759554140127388,
"DP_05":  0.0,
"DP_30":  0.0,
"DP_60":  0.0,
"DP_95":  0.7760084925690022,
"QL_09":  0.6048301486199575,
"QL_05":  0.7048832271762208,
"RL":  0.7696390658174098}
,
{ "x":  70,
"greedy000":  0.0,
"greedy050":  0.0,
"greedy100":  0.6487333507443197,
"DP_05":  0.0,
"DP_30":  0.0,
"DP_60":  0.0,
"DP_95":  0.7699138156176547,
"QL_09":  0.6440323844345782,
"QL_05":  0.67145468790807,
"RL":  0.7623400365630713}
,
{ "x":  90,
"greedy000":  0.0,
"greedy050":  0.0,
"greedy100":  0.6683510638297873,
"DP_05":  0.0,
"DP_30":  0.0,
"DP_60":  0.0,
"DP_95":  0.7800531914893617,
"QL_09":  0.6143617021276596,
"QL_05":  0.7109042553191489,
"RL":  0.7593085106382979}
,
{ "x":  110,
"greedy000":  0.0,
"greedy050":  0.0,
"greedy100":  0.6844686648501362,
"DP_05":  0.0,
"DP_30":  0.0,
"DP_60":  0.0,
"DP_95":  0.7850136239782016,
"QL_09":  0.591825613079019,
"QL_05":  0.7122615803814714,
"RL":  0.7773841961852861}
,
{ "x":  130,
"greedy000":  0.0,
"greedy050":  0.0,
"greedy100":  0.6709197235513025,
"DP_05":  0.0,
"DP_30":  0.0,
"DP_60":  0.0,
"DP_95":  0.7910685805422647,
"QL_09":  0.613237639553429,
"QL_05":  0.6996278575225944,
"RL":  0.7833599149388623}
,
{ "x":  150,
"greedy000":  0.0,
"greedy050":  0.0,
"greedy100":  0.7125617114646188,
"DP_05":  0.0,
"DP_30":  0.0,
"DP_60":  0.0,
"DP_95":  0.8047174986286341,
"QL_09":  0.6464618760285245,
"QL_05":  0.7155787164015359,
"RL":  0.8049917718047175}
,
{ "x":  170,
"greedy000":  0.0,
"greedy050":  0.0,
"greedy100":  0.6790673303641603,
"DP_05":  0.0,
"DP_30":  0.0,
"DP_60":  0.0,
"DP_95":  0.7746921666230023,
"QL_09":  0.6012575320932669,
"QL_05":  0.6987162693214567,
"RL":  0.7649986900707362}
,
{ "x":  190,
"greedy000":  0.0,
"greedy050":  0.0,
"greedy100":  0.6614898657541458,
"DP_05":  0.0,
"DP_30":  0.0,
"DP_60":  0.0,
"DP_95":  0.7794156356936036,
"QL_09":  0.6048960252698078,
"QL_05":  0.6922874440642274,
"RL":  0.7715188207423006}
,
{ "x":  210,
"greedy000":  0.0,
"greedy050":  0.0,
"greedy100":  0.6702184336707512,
"DP_05":  0.0,
"DP_30":  0.0,
"DP_60":  0.0,
"DP_95":  0.7935535428875866,
"QL_09":  0.6859350026638252,
"QL_05":  0.6877996803409696,
"RL":  0.7932871603622802}
]}
