{ "x_label":"episode",
"y_label":"Federation Rate",
 "results":[
{ "x":  10,
"greedy000":  0.0,
"greedy050":  0.0,
"greedy100":  0.22344716321591826,
"DP_05":  0.0,
"DP_30":  0.0,
"DP_60":  0.0,
"DP_95":  0.1298736219413821,
"QL_09":  0.2820650712557139,
"QL_05":  0.242538316751815,
"RL":  0.16160258133906963}
,
{ "x":  30,
"greedy000":  0.0,
"greedy050":  0.0,
"greedy100":  0.2232880362376765,
"DP_05":  0.0,
"DP_30":  0.0,
"DP_60":  0.0,
"DP_95":  0.1310951239008793,
"QL_09":  0.26272315480948577,
"QL_05":  0.21236344257926992,
"RL":  0.13802291500133226}
,
{ "x":  50,
"greedy000":  0.0,
"greedy050":  0.0,
"greedy100":  0.220276008492569,
"DP_05":  0.0,
"DP_30":  0.0,
"DP_60":  0.0,
"DP_95":  0.13030785562632696,
"QL_09":  0.2868895966029724,
"QL_05":  0.19851380042462846,
"RL":  0.13561571125265393}
,
{ "x":  70,
"greedy000":  0.0,
"greedy050":  0.0,
"greedy100":  0.23452598589710108,
"DP_05":  0.0,
"DP_30":  0.0,
"DP_60":  0.0,
"DP_95":  0.1287542439279185,
"QL_09":  0.23086967876730216,
"QL_05":  0.21833376860799164,
"RL":  0.13789501175241578}
,
{ "x":  90,
"greedy000":  0.0,
"greedy050":  0.0,
"greedy100":  0.2271276595744681,
"DP_05":  0.0,
"DP_30":  0.0,
"DP_60":  0.0,
"DP_95":  0.13031914893617022,
"QL_09":  0.2622340425531915,
"QL_05":  0.1925531914893617,
"RL":  0.15398936170212765}
,
{ "x":  110,
"greedy000":  0.0,
"greedy050":  0.0,
"greedy100":  0.21716621253405993,
"DP_05":  0.0,
"DP_30":  0.0,
"DP_60":  0.0,
"DP_95":  0.12942779291553133,
"QL_09":  0.29482288828337877,
"QL_05":  0.19400544959128066,
"RL":  0.13705722070844686}
,
{ "x":  130,
"greedy000":  0.0,
"greedy050":  0.0,
"greedy100":  0.2227538543328017,
"DP_05":  0.0,
"DP_30":  0.0,
"DP_60":  0.0,
"DP_95":  0.12413609782030835,
"QL_09":  0.26900584795321636,
"QL_05":  0.19431153641679957,
"RL":  0.12014885699096226}
,
{ "x":  150,
"greedy000":  0.0,
"greedy050":  0.0,
"greedy100":  0.21557871640153592,
"DP_05":  0.0,
"DP_30":  0.0,
"DP_60":  0.0,
"DP_95":  0.12424574876577071,
"QL_09":  0.26001097092704334,
"QL_05":  0.21393307734503567,
"RL":  0.117937465715853}
,
{ "x":  170,
"greedy000":  0.0,
"greedy050":  0.0,
"greedy100":  0.2137804558553838,
"DP_05":  0.0,
"DP_30":  0.0,
"DP_60":  0.0,
"DP_95":  0.13230285564579514,
"QL_09":  0.28713649462929003,
"QL_05":  0.20827875294734086,
"RL":  0.13859051611212994}
,
{ "x":  190,
"greedy000":  0.0,
"greedy050":  0.0,
"greedy100":  0.2445380363253488,
"DP_05":  0.0,
"DP_30":  0.0,
"DP_60":  0.0,
"DP_95":  0.1297709923664122,
"QL_09":  0.2655962095288234,
"QL_05":  0.20689655172413793,
"RL":  0.1313503553566728}
,
{ "x":  210,
"greedy000":  0.0,
"greedy050":  0.0,
"greedy100":  0.2274906766116143,
"DP_05":  0.0,
"DP_30":  0.0,
"DP_60":  0.0,
"DP_95":  0.12519978689397976,
"QL_09":  0.21177410761854024,
"QL_05":  0.2136387852956846,
"RL":  0.1321257325519446}
]}
