{ "x_label":"episode",
"y_label":"Average Profit",
 "results":[
{ "x":  10,
"greedy000":  0.0,
"greedy050":  0.0,
"greedy100":  63.397418660930356,
"DP_05":  0.0,
"DP_30":  0.0,
"DP_60":  0.0,
"DP_95":  70.30653401452003,
"QL_09":  63.228018284485074,
"QL_05":  64.16778703952676,
"RL":  66.6657703683786}
,
{ "x":  30,
"greedy000":  0.0,
"greedy050":  0.0,
"greedy100":  62.01572075672795,
"DP_05":  0.0,
"DP_30":  0.0,
"DP_60":  0.0,
"DP_95":  69.71755928590461,
"QL_09":  62.609912070343725,
"QL_05":  63.67439381827871,
"RL":  68.55582200905943}
,
{ "x":  50,
"greedy000":  0.0,
"greedy050":  0.0,
"greedy100":  62.359341825902334,
"DP_05":  0.0,
"DP_30":  0.0,
"DP_60":  0.0,
"DP_95":  69.20514861995754,
"QL_09":  62.634023354564754,
"QL_05":  65.48434182590233,
"RL":  68.75265392781316}
,
{ "x":  70,
"greedy000":  0.0,
"greedy050":  0.0,
"greedy100":  62.03839122486289,
"DP_05":  0.0,
"DP_30":  0.0,
"DP_60":  0.0,
"DP_95":  70.00914076782449,
"QL_09":  65.15539305301645,
"QL_05":  64.58213632802298,
"RL":  69.22956385479237}
,
{ "x":  90,
"greedy000":  0.0,
"greedy050":  0.0,
"greedy100":  63.31515957446808,
"DP_05":  0.0,
"DP_30":  0.0,
"DP_60":  0.0,
"DP_95":  70.94680851063829,
"QL_09":  64.0252659574468,
"QL_05":  66.05452127659575,
"RL":  69.41755319148936}
,
{ "x":  110,
"greedy000":  0.0,
"greedy050":  0.0,
"greedy100":  63.50408719346049,
"DP_05":  0.0,
"DP_30":  0.0,
"DP_60":  0.0,
"DP_95":  70.39645776566758,
"QL_09":  62.701634877384194,
"QL_05":  65.65940054495913,
"RL":  69.566757493188}
,
{ "x":  130,
"greedy000":  0.0,
"greedy050":  0.0,
"greedy100":  63.155236576289205,
"DP_05":  0.0,
"DP_30":  0.0,
"DP_60":  0.0,
"DP_95":  71.06193514088251,
"QL_09":  63.92610313662945,
"QL_05":  65.53163211057948,
"RL":  69.86044657097288}
,
{ "x":  150,
"greedy000":  0.0,
"greedy050":  0.0,
"greedy100":  66.23834339001645,
"DP_05":  0.0,
"DP_30":  0.0,
"DP_60":  0.0,
"DP_95":  71.99945145364784,
"QL_09":  66.40565002742731,
"QL_05":  67.47942951179374,
"RL":  71.51398793198025}
,
{ "x":  170,
"greedy000":  0.0,
"greedy050":  0.0,
"greedy100":  62.7587110296044,
"DP_05":  0.0,
"DP_30":  0.0,
"DP_60":  0.0,
"DP_95":  69.96201205134923,
"QL_09":  64.1380665444066,
"QL_05":  65.6497249148546,
"RL":  68.86298139900445}
,
{ "x":  190,
"greedy000":  0.0,
"greedy050":  0.0,
"greedy100":  63.78125822584891,
"DP_05":  0.0,
"DP_30":  0.0,
"DP_60":  0.0,
"DP_95":  70.61858383785207,
"QL_09":  62.97315082916557,
"QL_05":  65.22505922611214,
"RL":  70.0}
,
{ "x":  210,
"greedy000":  0.0,
"greedy050":  0.0,
"greedy100":  63.444326052210975,
"DP_05":  0.0,
"DP_30":  0.0,
"DP_60":  0.0,
"DP_95":  71.47043153969099,
"QL_09":  66.33058071390516,
"QL_05":  65.54874800213106,
"RL":  71.08550879062334}
]}
