{ "x_label":"capacity",
"y_label":"Acceptance Rate",
 "results":[
{ "x":  1,
"greedy000":  0.16973165032547646,
"greedy050":  0.2122879263146312,
"greedy100":  0.24909609885411432,
"DP_05":  0.24909609885411432,
"DP_30":  0.24909609885411432,
"DP_60":  0.24909609885411432,
"DP_95":  0.24909609885411432,
"QL":  0.24909609885411432}
,
{ "x":  2,
"greedy000":  0.23069443572363924,
"greedy050":  0.26307854837068806,
"greedy100":  0.31087349841184153,
"DP_05":  0.31087349841184153,
"DP_30":  0.38998790888558243,
"DP_60":  0.38998790888558243,
"DP_95":  0.38998790888558243,
"QL":  0.38998790888558243}
,
{ "x":  3,
"greedy000":  0.3112852545222879,
"greedy050":  0.40606341875034935,
"greedy100":  0.4603395518295474,
"DP_05":  0.4603395518295474,
"DP_30":  0.4784886944701066,
"DP_60":  0.4682476705603058,
"DP_95":  0.4682476705603058,
"QL":  0.4682476705603058}
,
{ "x":  4,
"greedy000":  0.3509468082721441,
"greedy050":  0.44611435437590835,
"greedy100":  0.5244207867334665,
"DP_05":  0.5244207867334665,
"DP_30":  0.5702714633747659,
"DP_60":  0.570364697830195,
"DP_95":  0.49071691734932416,
"QL":  0.5094100521714912}
,
{ "x":  5,
"greedy000":  0.4146495482196691,
"greedy050":  0.5275079996701488,
"greedy100":  0.6241492791907284,
"DP_05":  0.6241492791907284,
"DP_30":  0.6365211385349756,
"DP_60":  0.6347246651776928,
"DP_95":  0.5711699691506467,
"QL":  0.5713354461655694}
,
{ "x":  6,
"greedy000":  0.43652487767138637,
"greedy050":  0.5724111251117053,
"greedy100":  0.6944664079059338,
"DP_05":  0.6944664079059338,
"DP_30":  0.7106862411393499,
"DP_60":  0.7116730669216244,
"DP_95":  0.6341153509569614,
"QL":  0.6540961803637666}
,
{ "x":  7,
"greedy000":  0.46487068372215484,
"greedy050":  0.6446132507529158,
"greedy100":  0.7773484022871955,
"DP_05":  0.7773484022871955,
"DP_30":  0.7773484022871955,
"DP_60":  0.7745607791766167,
"DP_95":  0.7362872871205678,
"QL":  0.6947137373290562}
,
{ "x":  8,
"greedy000":  0.48682379305029233,
"greedy050":  0.6732094601876643,
"greedy100":  0.81715715649818,
"DP_05":  0.81715715649818,
"DP_30":  0.8176502531451227,
"DP_60":  0.8169923843638075,
"DP_95":  0.7527645491621655,
"QL":  0.727000137499787}
,
{ "x":  9,
"greedy000":  0.4877954270479985,
"greedy050":  0.6914142337319115,
"greedy100":  0.882341265656425,
"DP_05":  0.882341265656425,
"DP_30":  0.882341265656425,
"DP_60":  0.875993919338109,
"DP_95":  0.8388325722543754,
"QL":  0.795006938819406}
,
{ "x":  10,
"greedy000":  0.4963978509824735,
"greedy050":  0.7162447392829784,
"greedy100":  0.9016868377686379,
"DP_05":  0.9016868377686379,
"DP_30":  0.9016868377686379,
"DP_60":  0.8944187807663969,
"DP_95":  0.8725977090699715,
"QL":  0.7461541437413475}
,
{ "x":  11,
"greedy000":  0.49437888740962993,
"greedy050":  0.7344736959960368,
"greedy100":  0.9405467820626702,
"DP_05":  0.9405467820626702,
"DP_30":  0.9405467820626702,
"DP_60":  0.9300618603123114,
"DP_95":  0.9096885493287376,
"QL":  0.7268732414118312}
]}
