{ "x_label":"capacity",
"y_label":"Federation Rate",
 "results":[
{ "x":  1,
"greedy000":  0.8302683496745235,
"greedy050":  0.7877120736853688,
"greedy100":  0.7509039011458857,
"DP_05":  0.7509039011458857,
"DP_30":  0.7509039011458857,
"DP_60":  0.7509039011458857,
"DP_95":  0.7509039011458857,
"QL":  0.6632024592459705}
,
{ "x":  2,
"greedy000":  0.7693055642763609,
"greedy050":  0.7369214516293119,
"greedy100":  0.6891265015881585,
"DP_05":  0.6891265015881585,
"DP_30":  0.6100120911144176,
"DP_60":  0.6100120911144176,
"DP_95":  0.6100120911144176,
"QL":  0.6100120911144176}
,
{ "x":  3,
"greedy000":  0.688714745477712,
"greedy050":  0.5939365812496508,
"greedy100":  0.5396604481704527,
"DP_05":  0.5396604481704527,
"DP_30":  0.5215113055298933,
"DP_60":  0.5317523294396942,
"DP_95":  0.5317523294396942,
"QL":  0.5165101152295452}
,
{ "x":  4,
"greedy000":  0.6490531917278559,
"greedy050":  0.5538856456240916,
"greedy100":  0.47557921326653335,
"DP_05":  0.47557921326653335,
"DP_30":  0.4297285366252341,
"DP_60":  0.42963530216980494,
"DP_95":  0.5092830826506759,
"QL":  0.4788779730732557}
,
{ "x":  5,
"greedy000":  0.5853504517803308,
"greedy050":  0.47249200032985117,
"greedy100":  0.37585072080927157,
"DP_05":  0.37585072080927157,
"DP_30":  0.36347886146502445,
"DP_60":  0.36527533482230723,
"DP_95":  0.4288300308493533,
"QL":  0.41703044436775}
,
{ "x":  6,
"greedy000":  0.5634751223286136,
"greedy050":  0.4275888748882946,
"greedy100":  0.30553359209406605,
"DP_05":  0.30553359209406605,
"DP_30":  0.2893137588606501,
"DP_60":  0.2883269330783756,
"DP_95":  0.3658846490430386,
"QL":  0.34209887630846847}
,
{ "x":  7,
"greedy000":  0.5351293162778451,
"greedy050":  0.3553867492470843,
"greedy100":  0.2226515977128045,
"DP_05":  0.2226515977128045,
"DP_30":  0.2226515977128045,
"DP_60":  0.22543922082338344,
"DP_95":  0.2637127128794321,
"QL":  0.300185759625194}
,
{ "x":  8,
"greedy000":  0.5131762069497077,
"greedy050":  0.32679053981233575,
"greedy100":  0.18284284350181998,
"DP_05":  0.18284284350181998,
"DP_30":  0.18234974685487718,
"DP_60":  0.18300761563619253,
"DP_95":  0.24723545083783438,
"QL":  0.27232917168867715}
,
{ "x":  9,
"greedy000":  0.5122045729520015,
"greedy050":  0.30858576626808865,
"greedy100":  0.117658734343575,
"DP_05":  0.117658734343575,
"DP_30":  0.117658734343575,
"DP_60":  0.12400608066189105,
"DP_95":  0.16116742774562462,
"QL":  0.20105745060866584}
,
{ "x":  10,
"greedy000":  0.5036021490175265,
"greedy050":  0.2837552607170217,
"greedy100":  0.09831316223136206,
"DP_05":  0.09831316223136206,
"DP_30":  0.09831316223136206,
"DP_60":  0.10558121923360297,
"DP_95":  0.1274022909300286,
"QL":  0.25384585625865247}
,
{ "x":  11,
"greedy000":  0.5056211125903701,
"greedy050":  0.2655263040039631,
"greedy100":  0.05945321793732979,
"DP_05":  0.05945321793732979,
"DP_30":  0.05945321793732979,
"DP_60":  0.06993813968768849,
"DP_95":  0.0903114506712624,
"QL":  0.26643175266993163}
]}
