{ "x_label":"capacity",
"y_label":"Average Profit",
 "results":[
{ "x":  1,
"greedy000":  29.65781941811353,
"greedy050":  31.360070457679715,
"greedy100":  32.83239735925904,
"DP_05":  32.83239735925904,
"DP_30":  32.83239735925904,
"DP_60":  32.83239735925904,
"DP_95":  32.83239735925904,
"QL":  31.95538294025989}
,
{ "x":  2,
"greedy000":  29.187604653220347,
"greedy050":  30.3829949560251,
"greedy100":  32.02377705935698,
"DP_05":  32.02377705935698,
"DP_30":  38.85962179785483,
"DP_60":  38.85962179785483,
"DP_95":  38.85962179785483,
"QL":  38.85962179785483}
,
{ "x":  3,
"greedy000":  31.765698677270894,
"greedy050":  34.84535639733784,
"greedy100":  36.68624526793305,
"DP_05":  36.68624526793305,
"DP_30":  38.964902478691364,
"DP_60":  41.89952794510217,
"DP_95":  41.89952794510217,
"QL":  41.747105803000686}
,
{ "x":  4,
"greedy000":  31.24575728505228,
"greedy050":  34.02769797586766,
"greedy100":  36.539777258057114,
"DP_05":  36.539777258057114,
"DP_30":  40.73603966721719,
"DP_60":  41.36416190436494,
"DP_95":  42.65584807989912,
"QL":  42.172144378665855}
,
{ "x":  5,
"greedy000":  33.014443061115806,
"greedy050":  36.241839469373566,
"greedy100":  39.24739193212119,
"DP_05":  39.24739193212119,
"DP_30":  41.290528160533164,
"DP_60":  41.34556084108268,
"DP_95":  42.945474264228245,
"QL":  42.46502574794344}
,
{ "x":  6,
"greedy000":  32.80449787240551,
"greedy050":  36.56431568037556,
"greedy100":  39.855210162579034,
"DP_05":  39.855210162579034,
"DP_30":  42.008611069244985,
"DP_60":  42.66651226275237,
"DP_95":  43.37712944056938,
"QL":  43.053987053262695}
,
{ "x":  7,
"greedy000":  33.70503215436683,
"greedy050":  37.913721307819536,
"greedy100":  41.79719454040238,
"DP_05":  41.79719454040238,
"DP_30":  41.79719454040238,
"DP_60":  43.15302568422592,
"DP_95":  43.721804120129285,
"QL":  43.45143071815303}
,
{ "x":  8,
"greedy000":  33.81084667497579,
"greedy050":  38.24190228192841,
"greedy100":  42.192275402813294,
"DP_05":  42.192275402813294,
"DP_30":  43.22357782460708,
"DP_60":  43.8452609807431,
"DP_95":  44.03457078861769,
"QL":  43.15763726108829}
,
{ "x":  9,
"greedy000":  33.897751809803005,
"greedy050":  38.547903616057745,
"greedy100":  43.32017867611379,
"DP_05":  43.32017867611379,
"DP_30":  43.32017867611379,
"DP_60":  44.092910130734786,
"DP_95":  44.2272377288177,
"QL":  43.49454333973923}
,
{ "x":  10,
"greedy000":  33.83634007449604,
"greedy050":  38.92441016379207,
"greedy100":  43.61215880133673,
"DP_05":  43.61215880133673,
"DP_30":  43.61215880133673,
"DP_60":  44.39099924097559,
"DP_95":  44.46929559219645,
"QL":  43.62083754450898}
,
{ "x":  11,
"greedy000":  34.00917705512932,
"greedy050":  39.271811026997774,
"greedy100":  44.14719854651264,
"DP_05":  44.14719854651264,
"DP_30":  44.14719854651264,
"DP_60":  44.49275424318491,
"DP_95":  44.511710453565996,
"QL":  43.35209587980696}
]}
