{ "x_label":"capacity",
"y_label":"Federation Rate",
 "results":[
{ "x":  2,
"greedy000":  0.0,
"greedy050":  0.0,
"greedy100":  0.06647684179193471,
"DP_05":  0.0,
"DP_30":  0.0,
"DP_60":  0.0,
"DP_95":  0.10942357298387899,
"QL":  0.10942357298387899,
"RL":  0.10942357298387899}
,
{ "x":  6,
"greedy000":  0.0,
"greedy050":  0.0,
"greedy100":  0.0680398969886803,
"DP_05":  0.0,
"DP_30":  0.0,
"DP_60":  0.0,
"DP_95":  0.09737616538092603,
"QL":  0.0956112749971475,
"RL":  0.0996334879335653}
,
{ "x":  10,
"greedy000":  0.0,
"greedy050":  0.0,
"greedy100":  0.06602776098050803,
"DP_05":  0.0,
"DP_30":  0.0,
"DP_60":  0.0,
"DP_95":  0.08587411024070608,
"QL":  0.083365939306693,
"RL":  0.09584112605717396}
,
{ "x":  14,
"greedy000":  0.0,
"greedy050":  0.0,
"greedy100":  0.06666651442944041,
"DP_05":  0.0,
"DP_30":  0.0,
"DP_60":  0.0,
"DP_95":  0.07778681219711467,
"QL":  0.073011560593375,
"RL":  0.0699379969573755}
,
{ "x":  18,
"greedy000":  0.0,
"greedy050":  0.0,
"greedy100":  0.06325112040966163,
"DP_05":  0.0,
"DP_30":  0.0,
"DP_60":  0.0,
"DP_95":  0.046254724359349166,
"QL":  0.06293282294087457,
"RL":  0.06486011339862895}
,
{ "x":  22,
"greedy000":  0.0,
"greedy050":  0.0,
"greedy100":  0.06297387942932299,
"DP_05":  0.0,
"DP_30":  0.0,
"DP_60":  0.0,
"DP_95":  0.03490903185928225,
"QL":  0.05176090473850237,
"RL":  0.06512321459565067}
,
{ "x":  26,
"greedy000":  0.0,
"greedy050":  0.0,
"greedy100":  0.05800975184648891,
"DP_05":  0.0,
"DP_30":  0.0,
"DP_60":  0.0,
"DP_95":  0.032873002110152746,
"QL":  0.05274842949465451,
"RL":  0.06605141880737467}
,
{ "x":  30,
"greedy000":  0.0,
"greedy050":  0.0,
"greedy100":  0.05184840317264542,
"DP_05":  0.0,
"DP_30":  0.0,
"DP_60":  0.0,
"DP_95":  0.033063496427421166,
"QL":  0.04261446724876718,
"RL":  0.05891275109475271}
,
{ "x":  34,
"greedy000":  0.0,
"greedy050":  0.0,
"greedy100":  0.04484678358541932,
"DP_05":  0.0,
"DP_30":  0.0,
"DP_60":  0.0,
"DP_95":  0.030791166819736555,
"QL":  0.04620075871099644,
"RL":  0.04782499253414381}
,
{ "x":  38,
"greedy000":  0.0,
"greedy050":  0.0,
"greedy100":  0.036669693549128864,
"DP_05":  0.0,
"DP_30":  0.0,
"DP_60":  0.0,
"DP_95":  0.027847829870797307,
"QL":  0.04027491951570293,
"RL":  0.03845002563375988}
,
{ "x":  42,
"greedy000":  0.0,
"greedy050":  0.0,
"greedy100":  0.02890997118522856,
"DP_05":  0.0,
"DP_30":  0.0,
"DP_60":  0.0,
"DP_95":  0.02468770145184499,
"QL":  0.03837175030738895,
"RL":  0.03044742796608438}
,
{ "x":  46,
"greedy000":  0.0,
"greedy050":  0.0,
"greedy100":  0.02076858189145486,
"DP_05":  0.0,
"DP_30":  0.0,
"DP_60":  0.0,
"DP_95":  0.01824187373423291,
"QL":  0.035746312926208376,
"RL":  0.03167922166524375}
,
{ "x":  50,
"greedy000":  0.0,
"greedy050":  0.0,
"greedy100":  0.0135316364652255,
"DP_05":  0.0,
"DP_30":  0.0,
"DP_60":  0.0,
"DP_95":  0.013941385294419198,
"QL":  0.03640192078847731,
"RL":  0.028807688174869128}
,
{ "x":  54,
"greedy000":  0.0,
"greedy050":  0.0,
"greedy100":  0.007085578699323726,
"DP_05":  0.0,
"DP_30":  0.0,
"DP_60":  0.0,
"DP_95":  0.009011837575990876,
"QL":  0.03937865742230168,
"RL":  0.028347461692394372}
,
{ "x":  58,
"greedy000":  0.0,
"greedy050":  0.0,
"greedy100":  0.003908139305992601,
"DP_05":  0.0,
"DP_30":  0.0,
"DP_60":  0.0,
"DP_95":  0.0052264922401471705,
"QL":  0.037430236228787536,
"RL":  0.027512776593613397}
,
{ "x":  62,
"greedy000":  0.0,
"greedy050":  0.0,
"greedy100":  0.0014414636623583418,
"DP_05":  0.0,
"DP_30":  0.0,
"DP_60":  0.0,
"DP_95":  0.002551281366470439,
"QL":  0.03700786845621406,
"RL":  0.02729367884155522}
]}
