{ "x_label":"episode",
"y_label":"Acceptance Rate",
 "results":[
{ "x":  10,
"greedy000":  0.0,
"greedy050":  0.0,
"greedy100":  0.688677143354611,
"DP_05":  0.0,
"DP_30":  0.0,
"DP_60":  0.0,
"DP_95":  0.7778004749870805,
"QL_09":  0.4952658831381345,
"QL_05":  0.643679255933099,
"RL":  0.7274227181637913}
,
{ "x":  35,
"greedy000":  0.0,
"greedy050":  0.0,
"greedy100":  0.6891770849923758,
"DP_05":  0.0,
"DP_30":  0.0,
"DP_60":  0.0,
"DP_95":  0.7848755770542096,
"QL_09":  0.5796767569358154,
"QL_05":  0.7128530982889704,
"RL":  0.763011755142425}
,
{ "x":  60,
"greedy000":  0.0,
"greedy050":  0.0,
"greedy100":  0.6760255484623272,
"DP_05":  0.0,
"DP_30":  0.0,
"DP_60":  0.0,
"DP_95":  0.7783408447271125,
"QL_09":  0.6082874236213696,
"QL_05":  0.7361038841913234,
"RL":  0.770392822561041}
,
{ "x":  85,
"greedy000":  0.0,
"greedy050":  0.0,
"greedy100":  0.6867763921042582,
"DP_05":  0.0,
"DP_30":  0.0,
"DP_60":  0.0,
"DP_95":  0.780092134874461,
"QL_09":  0.6339841638037396,
"QL_05":  0.7454054248516753,
"RL":  0.7718065850041491}
,
{ "x":  110,
"greedy000":  0.0,
"greedy050":  0.0,
"greedy100":  0.6757547527142583,
"DP_05":  0.0,
"DP_30":  0.0,
"DP_60":  0.0,
"DP_95":  0.777922044149613,
"QL_09":  0.6720323241003975,
"QL_05":  0.7361040406086369,
"RL":  0.7683334747374401}
,
{ "x":  135,
"greedy000":  0.0,
"greedy050":  0.0,
"greedy100":  0.6818328925794271,
"DP_05":  0.0,
"DP_30":  0.0,
"DP_60":  0.0,
"DP_95":  0.7844237132976496,
"QL_09":  0.6797898865853197,
"QL_05":  0.7512905752878414,
"RL":  0.7789703384400201}
,
{ "x":  160,
"greedy000":  0.0,
"greedy050":  0.0,
"greedy100":  0.6792550077898777,
"DP_05":  0.0,
"DP_30":  0.0,
"DP_60":  0.0,
"DP_95":  0.7834012835921852,
"QL_09":  0.6987584581724396,
"QL_05":  0.7380980454112654,
"RL":  0.7758514733685894}
,
{ "x":  185,
"greedy000":  0.0,
"greedy050":  0.0,
"greedy100":  0.6912512832872126,
"DP_05":  0.0,
"DP_30":  0.0,
"DP_60":  0.0,
"DP_95":  0.7834590909371052,
"QL_09":  0.713851372969782,
"QL_05":  0.7468307069377514,
"RL":  0.7830025719110542}
,
{ "x":  210,
"greedy000":  0.0,
"greedy050":  0.0,
"greedy100":  0.6858829178067053,
"DP_05":  0.0,
"DP_30":  0.0,
"DP_60":  0.0,
"DP_95":  0.7794554597685065,
"QL_09":  0.7282533054654076,
"QL_05":  0.7572016247624794,
"RL":  0.7738953004556308}
,
{ "x":  235,
"greedy000":  0.0,
"greedy050":  0.0,
"greedy100":  0.6821427592502467,
"DP_05":  0.0,
"DP_30":  0.0,
"DP_60":  0.0,
"DP_95":  0.7817481569616332,
"QL_09":  0.7225161212194112,
"QL_05":  0.7484479241739639,
"RL":  0.7792009510975259}
,
{ "x":  260,
"greedy000":  0.0,
"greedy050":  0.0,
"greedy100":  0.6743950574738251,
"DP_05":  0.0,
"DP_30":  0.0,
"DP_60":  0.0,
"DP_95":  0.7769530277643127,
"QL_09":  0.7267210209834778,
"QL_05":  0.7449051549407425,
"RL":  0.7720450429267384}
]}
