{ "x_label":"episode",
"y_label":"Federation Rate",
 "results":[
{ "x":  10,
"greedy000":  0.0,
"greedy050":  0.0,
"greedy100":  0.2085294503004252,
"DP_05":  0.0,
"DP_30":  0.0,
"DP_60":  0.0,
"DP_95":  0.12852527182683335,
"QL_09":  0.29072995691954023,
"QL_05":  0.22054595996682386,
"RL":  0.1410081857516338}
,
{ "x":  35,
"greedy000":  0.0,
"greedy050":  0.0,
"greedy100":  0.21707797133818854,
"DP_05":  0.0,
"DP_30":  0.0,
"DP_60":  0.0,
"DP_95":  0.12892853299547125,
"QL_09":  0.26141930871635083,
"QL_05":  0.17274320014992686,
"RL":  0.14273328660116344}
,
{ "x":  60,
"greedy000":  0.0,
"greedy050":  0.0,
"greedy100":  0.22963061708460802,
"DP_05":  0.0,
"DP_30":  0.0,
"DP_60":  0.0,
"DP_95":  0.13154387809546517,
"QL_09":  0.24520913163945343,
"QL_05":  0.15638500158391538,
"RL":  0.13710453458197017}
,
{ "x":  85,
"greedy000":  0.0,
"greedy050":  0.0,
"greedy100":  0.21936870512252302,
"DP_05":  0.0,
"DP_30":  0.0,
"DP_60":  0.0,
"DP_95":  0.1319509950439611,
"QL_09":  0.21716710864558836,
"QL_05":  0.15055531757454105,
"RL":  0.14025238406928997}
,
{ "x":  110,
"greedy000":  0.0,
"greedy050":  0.0,
"greedy100":  0.2125995449544629,
"DP_05":  0.0,
"DP_30":  0.0,
"DP_60":  0.0,
"DP_95":  0.12487307179010378,
"QL_09":  0.19522853547523752,
"QL_05":  0.15543243569053683,
"RL":  0.13661637203811317}
,
{ "x":  135,
"greedy000":  0.0,
"greedy050":  0.0,
"greedy100":  0.22321814814908544,
"DP_05":  0.0,
"DP_30":  0.0,
"DP_60":  0.0,
"DP_95":  0.12738919035162105,
"QL_09":  0.1952884888299836,
"QL_05":  0.15393544375290744,
"RL":  0.13461343048995647}
,
{ "x":  160,
"greedy000":  0.0,
"greedy050":  0.0,
"greedy100":  0.2150169468492021,
"DP_05":  0.0,
"DP_30":  0.0,
"DP_60":  0.0,
"DP_95":  0.12466971052959354,
"QL_09":  0.17504911947712512,
"QL_05":  0.16847056262967958,
"RL":  0.13370600946526578}
,
{ "x":  185,
"greedy000":  0.0,
"greedy050":  0.0,
"greedy100":  0.21073841287502057,
"DP_05":  0.0,
"DP_30":  0.0,
"DP_60":  0.0,
"DP_95":  0.12601547556302678,
"QL_09":  0.1673758620552411,
"QL_05":  0.16255311821048046,
"RL":  0.13153191545938156}
,
{ "x":  210,
"greedy000":  0.0,
"greedy050":  0.0,
"greedy100":  0.22178886317406937,
"DP_05":  0.0,
"DP_30":  0.0,
"DP_60":  0.0,
"DP_95":  0.13099400306911418,
"QL_09":  0.1596545753078423,
"QL_05":  0.15833531523558367,
"RL":  0.1398184723250231}
,
{ "x":  235,
"greedy000":  0.0,
"greedy050":  0.0,
"greedy100":  0.21894071460241737,
"DP_05":  0.0,
"DP_30":  0.0,
"DP_60":  0.0,
"DP_95":  0.12793749833675133,
"QL_09":  0.16110942681949925,
"QL_05":  0.16647108294059937,
"RL":  0.13185159638061322}
,
{ "x":  260,
"greedy000":  0.0,
"greedy050":  0.0,
"greedy100":  0.22432506174628622,
"DP_05":  0.0,
"DP_30":  0.0,
"DP_60":  0.0,
"DP_95":  0.1303196500516104,
"QL_09":  0.15653281756362852,
"QL_05":  0.1659189748751275,
"RL":  0.13542727407149674}
]}
