{ "x_label":"l",
"y_label":"Acceptance Rate",
 "results":[
{ "x":  0.5,
"greedy000":  0.0,
"greedy050":  0.0,
"greedy100":  0.8171875,
"DP_05":  0.0,
"DP_30":  0.0,
"DP_60":  0.0,
"DP_95":  0.7903749999999998,
"QL_09":  0.7683625000000001,
"QL_05":  0.7987624999999999,
"RL":  0.796275}
,
{ "x":  0.65,
"greedy000":  0.0,
"greedy050":  0.0,
"greedy100":  0.702775,
"DP_05":  0.0,
"DP_30":  0.0,
"DP_60":  0.0,
"DP_95":  0.7151624999999999,
"QL_09":  0.6924125000000001,
"QL_05":  0.7006249999999999,
"RL":  0.7263125}
,
{ "x":  0.8,
"greedy000":  0.0,
"greedy050":  0.0,
"greedy100":  0.6153625,
"DP_05":  0.0,
"DP_30":  0.0,
"DP_60":  0.0,
"DP_95":  0.66225,
"QL_09":  0.6283749999999999,
"QL_05":  0.6205375,
"RL":  0.6753125000000001}
,
{ "x":  0.95,
"greedy000":  0.0,
"greedy050":  0.0,
"greedy100":  0.5456375,
"DP_05":  0.0,
"DP_30":  0.0,
"DP_60":  0.0,
"DP_95":  0.6246750000000001,
"QL_09":  0.574775,
"QL_05":  0.5613750000000002,
"RL":  0.6249875}
,
{ "x":  1.1,
"greedy000":  0.0,
"greedy050":  0.0,
"greedy100":  0.49203750000000007,
"DP_05":  0.0,
"DP_30":  0.0,
"DP_60":  0.0,
"DP_95":  0.59385,
"QL_09":  0.5236875,
"QL_05":  0.5031374999999999,
"RL":  0.5806500000000001}
,
{ "x":  1.25,
"greedy000":  0.0,
"greedy050":  0.0,
"greedy100":  0.4390624999999998,
"DP_05":  0.0,
"DP_30":  0.0,
"DP_60":  0.0,
"DP_95":  0.5596000000000001,
"QL_09":  0.47851250000000006,
"QL_05":  0.45071249999999996,
"RL":  0.5396374999999999}
,
{ "x":  1.4,
"greedy000":  0.0,
"greedy050":  0.0,
"greedy100":  0.4027,
"DP_05":  0.0,
"DP_30":  0.0,
"DP_60":  0.0,
"DP_95":  0.5278125000000001,
"QL_09":  0.440475,
"QL_05":  0.41380000000000006,
"RL":  0.5033375}
,
{ "x":  1.55,
"greedy000":  0.0,
"greedy050":  0.0,
"greedy100":  0.36763749999999995,
"DP_05":  0.0,
"DP_30":  0.0,
"DP_60":  0.0,
"DP_95":  0.4979125,
"QL_09":  0.4051125000000001,
"QL_05":  0.376,
"RL":  0.467225}
]}
