{ "x_label":"l",
"y_label":"Acceptance Rate",
 "results":[
{ "x":  0.5,
"greedy000":  0.0,
"greedy050":  0.0,
"greedy100":  0.6418,
"DP_05":  0.0,
"DP_30":  0.0,
"DP_60":  0.0,
"DP_95":  0.5955,
"QL_09":  0.574,
"QL_05":  0.5956333333333333,
"RL":  0.5888333333333333}
,
{ "x":  0.65,
"greedy000":  0.0,
"greedy050":  0.0,
"greedy100":  0.5228333333333334,
"DP_05":  0.0,
"DP_30":  0.0,
"DP_60":  0.0,
"DP_95":  0.47909999999999997,
"QL_09":  0.47846666666666665,
"QL_05":  0.4884666666666666,
"RL":  0.4798}
,
{ "x":  0.8,
"greedy000":  0.0,
"greedy050":  0.0,
"greedy100":  0.4375333333333333,
"DP_05":  0.0,
"DP_30":  0.0,
"DP_60":  0.0,
"DP_95":  0.4065333333333334,
"QL_09":  0.40793333333333326,
"QL_05":  0.41790000000000005,
"RL":  0.40186666666666665}
,
{ "x":  0.95,
"greedy000":  0.0,
"greedy050":  0.0,
"greedy100":  0.3831666666666667,
"DP_05":  0.0,
"DP_30":  0.0,
"DP_60":  0.0,
"DP_95":  0.3519,
"QL_09":  0.35293333333333343,
"QL_05":  0.36656666666666665,
"RL":  0.34646666666666665}
,
{ "x":  1.1,
"greedy000":  0.0,
"greedy050":  0.0,
"greedy100":  0.33466666666666667,
"DP_05":  0.0,
"DP_30":  0.0,
"DP_60":  0.0,
"DP_95":  0.31010000000000004,
"QL_09":  0.31936666666666674,
"QL_05":  0.3237,
"RL":  0.3071666666666667}
,
{ "x":  1.25,
"greedy000":  0.0,
"greedy050":  0.0,
"greedy100":  0.298,
"DP_05":  0.0,
"DP_30":  0.0,
"DP_60":  0.0,
"DP_95":  0.28376666666666667,
"QL_09":  0.2821666666666667,
"QL_05":  0.2932,
"RL":  0.27419999999999994}
,
{ "x":  1.4,
"greedy000":  0.0,
"greedy050":  0.0,
"greedy100":  0.26370000000000005,
"DP_05":  0.0,
"DP_30":  0.0,
"DP_60":  0.0,
"DP_95":  0.2504666666666667,
"QL_09":  0.25786666666666663,
"QL_05":  0.25976666666666665,
"RL":  0.24223333333333336}
,
{ "x":  1.55,
"greedy000":  0.0,
"greedy050":  0.0,
"greedy100":  0.2348666666666667,
"DP_05":  0.0,
"DP_30":  0.0,
"DP_60":  0.0,
"DP_95":  0.2305,
"QL_09":  0.22820000000000001,
"QL_05":  0.23286666666666664,
"RL":  0.2204}
]}
