{ "x_label":"l",
"y_label":"Federation Rate",
 "results":[
{ "x":  0.5,
"greedy000":  0.0,
"greedy050":  0.0,
"greedy100":  0.170875,
"DP_05":  0.0,
"DP_30":  0.0,
"DP_60":  0.0,
"DP_95":  0.18845000000000003,
"QL_09":  0.15118750000000003,
"QL_05":  0.14787499999999998,
"RL":  0.18368749999999998}
,
{ "x":  0.65,
"greedy000":  0.0,
"greedy050":  0.0,
"greedy100":  0.24561249999999993,
"DP_05":  0.0,
"DP_30":  0.0,
"DP_60":  0.0,
"DP_95":  0.20617499999999994,
"QL_09":  0.18006249999999996,
"QL_05":  0.20235000000000003,
"RL":  0.206575}
,
{ "x":  0.8,
"greedy000":  0.0,
"greedy050":  0.0,
"greedy100":  0.2689125,
"DP_05":  0.0,
"DP_30":  0.0,
"DP_60":  0.0,
"DP_95":  0.1884375,
"QL_09":  0.1943375,
"QL_05":  0.2239875,
"RL":  0.19632499999999997}
,
{ "x":  0.95,
"greedy000":  0.0,
"greedy050":  0.0,
"greedy100":  0.2697,
"DP_05":  0.0,
"DP_30":  0.0,
"DP_60":  0.0,
"DP_95":  0.1759125,
"QL_09":  0.194925,
"QL_05":  0.22165000000000004,
"RL":  0.18867500000000004}
,
{ "x":  1.1,
"greedy000":  0.0,
"greedy050":  0.0,
"greedy100":  0.25545,
"DP_05":  0.0,
"DP_30":  0.0,
"DP_60":  0.0,
"DP_95":  0.1649,
"QL_09":  0.18923749999999995,
"QL_05":  0.214675,
"RL":  0.18304999999999996}
,
{ "x":  1.25,
"greedy000":  0.0,
"greedy050":  0.0,
"greedy100":  0.24031249999999998,
"DP_05":  0.0,
"DP_30":  0.0,
"DP_60":  0.0,
"DP_95":  0.15077500000000002,
"QL_09":  0.17956249999999996,
"QL_05":  0.20453749999999998,
"RL":  0.1719875}
,
{ "x":  1.4,
"greedy000":  0.0,
"greedy050":  0.0,
"greedy100":  0.22354999999999997,
"DP_05":  0.0,
"DP_30":  0.0,
"DP_60":  0.0,
"DP_95":  0.1217875,
"QL_09":  0.165525,
"QL_05":  0.18945,
"RL":  0.16082500000000002}
,
{ "x":  1.55,
"greedy000":  0.0,
"greedy050":  0.0,
"greedy100":  0.20921249999999994,
"DP_05":  0.0,
"DP_30":  0.0,
"DP_60":  0.0,
"DP_95":  0.1310375,
"QL_09":  0.15478750000000002,
"QL_05":  0.17735,
"RL":  0.15213749999999998}
]}
