{ "x_label":"l",
"y_label":"Federation Rate",
 "results":[
{ "x":  0.5,
"greedy000":  0.0,
"greedy050":  0.0,
"greedy100":  0.33013333333333333,
"DP_05":  0.0,
"DP_30":  0.0,
"DP_60":  0.0,
"DP_95":  0.3596,
"QL_09":  0.2882,
"QL_05":  0.3224666666666667,
"RL":  0.3564}
,
{ "x":  0.65,
"greedy000":  0.0,
"greedy050":  0.0,
"greedy100":  0.38346666666666673,
"DP_05":  0.0,
"DP_30":  0.0,
"DP_60":  0.0,
"DP_95":  0.3878666666666667,
"QL_09":  0.3428,
"QL_05":  0.3791333333333333,
"RL":  0.37829999999999997}
,
{ "x":  0.8,
"greedy000":  0.0,
"greedy050":  0.0,
"greedy100":  0.37420000000000003,
"DP_05":  0.0,
"DP_30":  0.0,
"DP_60":  0.0,
"DP_95":  0.34809999999999997,
"QL_09":  0.35330000000000006,
"QL_05":  0.37300000000000005,
"RL":  0.3552}
,
{ "x":  0.95,
"greedy000":  0.0,
"greedy050":  0.0,
"greedy100":  0.34273333333333333,
"DP_05":  0.0,
"DP_30":  0.0,
"DP_60":  0.0,
"DP_95":  0.30973333333333336,
"QL_09":  0.34290000000000004,
"QL_05":  0.34513333333333335,
"RL":  0.3197333333333333}
,
{ "x":  1.1,
"greedy000":  0.0,
"greedy050":  0.0,
"greedy100":  0.3142333333333333,
"DP_05":  0.0,
"DP_30":  0.0,
"DP_60":  0.0,
"DP_95":  0.2817333333333333,
"QL_09":  0.3130666666666667,
"QL_05":  0.31576666666666664,
"RL":  0.2912666666666667}
,
{ "x":  1.25,
"greedy000":  0.0,
"greedy050":  0.0,
"greedy100":  0.2820333333333333,
"DP_05":  0.0,
"DP_30":  0.0,
"DP_60":  0.0,
"DP_95":  0.2585,
"QL_09":  0.2854333333333333,
"QL_05":  0.2815,
"RL":  0.2637666666666667}
]}
