{ "x_label":"l",
"y_label":"Average Profit",
 "results":[
{ "x":  0.5,
"greedy000":  0.0,
"greedy050":  0.0,
"greedy100":  48.529734375,
"DP_05":  0.0,
"DP_30":  0.0,
"DP_60":  0.0,
"DP_95":  51.826468750000004,
"QL_09":  47.96410937500001,
"QL_05":  48.227875,
"RL":  51.33439062499999}
,
{ "x":  0.65,
"greedy000":  0.0,
"greedy050":  0.0,
"greedy100":  42.767687499999994,
"DP_05":  0.0,
"DP_30":  0.0,
"DP_60":  0.0,
"DP_95":  49.390859375000005,
"QL_09":  44.083187499999994,
"QL_05":  43.605843750000005,
"RL":  48.34271875}
,
{ "x":  0.8,
"greedy000":  0.0,
"greedy050":  0.0,
"greedy100":  37.71346875000001,
"DP_05":  0.0,
"DP_30":  0.0,
"DP_60":  0.0,
"DP_95":  47.36874999999999,
"QL_09":  40.305546875000005,
"QL_05":  39.01095312499999,
"RL":  45.752281249999996}
,
{ "x":  0.95,
"greedy000":  0.0,
"greedy050":  0.0,
"greedy100":  33.447921875,
"DP_05":  0.0,
"DP_30":  0.0,
"DP_60":  0.0,
"DP_95":  45.350546875000006,
"QL_09":  37.12378125,
"QL_05":  35.372749999999996,
"RL":  42.936359374999995}
,
{ "x":  1.1,
"greedy000":  0.0,
"greedy050":  0.0,
"greedy100":  30.217531249999997,
"DP_05":  0.0,
"DP_30":  0.0,
"DP_60":  0.0,
"DP_95":  43.29350000000001,
"QL_09":  34.013921875,
"QL_05":  31.73378125,
"RL":  40.317249999999994}
,
{ "x":  1.25,
"greedy000":  0.0,
"greedy050":  0.0,
"greedy100":  26.997218749999995,
"DP_05":  0.0,
"DP_30":  0.0,
"DP_60":  0.0,
"DP_95":  40.819171875,
"QL_09":  31.060265624999992,
"QL_05":  28.34109375,
"RL":  37.577546875}
,
{ "x":  1.4,
"greedy000":  0.0,
"greedy050":  0.0,
"greedy100":  24.80375,
"DP_05":  0.0,
"DP_30":  0.0,
"DP_60":  0.0,
"DP_95":  40.070125000000004,
"QL_09":  28.762375,
"QL_05":  26.079546875000005,
"RL":  35.253296875000004}
,
{ "x":  1.55,
"greedy000":  0.0,
"greedy050":  0.0,
"greedy100":  22.63103125,
"DP_05":  0.0,
"DP_30":  0.0,
"DP_60":  0.0,
"DP_95":  38.41531249999999,
"QL_09":  26.489874999999994,
"QL_05":  23.631484374999996,
"RL":  32.84890625}
]}
