{ "x_label":"l",
"y_label":"Average Profit",
 "results":[
{ "x":  0.5,
"greedy000":  0.0,
"greedy050":  0.0,
"greedy100":  78.73049999999999,
"DP_05":  0.0,
"DP_30":  0.0,
"DP_60":  0.0,
"DP_95":  81.21783333333332,
"QL_09":  73.95166666666667,
"QL_05":  74.95008333333334,
"RL":  79.85258333333333}
,
{ "x":  0.65,
"greedy000":  0.0,
"greedy050":  0.0,
"greedy100":  66.53933333333333,
"DP_05":  0.0,
"DP_30":  0.0,
"DP_60":  0.0,
"DP_95":  70.14791666666666,
"QL_09":  63.2505,
"QL_05":  64.09158333333333,
"RL":  67.95466666666667}
,
{ "x":  0.8,
"greedy000":  0.0,
"greedy050":  0.0,
"greedy100":  56.63525,
"DP_05":  0.0,
"DP_30":  0.0,
"DP_60":  0.0,
"DP_95":  61.09466666666666,
"QL_09":  55.02108333333333,
"QL_05":  55.458416666666665,
"RL":  58.11358333333335}
,
{ "x":  0.95,
"greedy000":  0.0,
"greedy050":  0.0,
"greedy100":  49.76016666666666,
"DP_05":  0.0,
"DP_30":  0.0,
"DP_60":  0.0,
"DP_95":  54.51083333333334,
"QL_09":  48.56333333333333,
"QL_05":  48.896,
"RL":  51.267916666666665}
,
{ "x":  1.1,
"greedy000":  0.0,
"greedy050":  0.0,
"greedy100":  43.84158333333333,
"DP_05":  0.0,
"DP_30":  0.0,
"DP_60":  0.0,
"DP_95":  48.753166666666665,
"QL_09":  43.96308333333334,
"QL_05":  43.4135,
"RL":  45.7565}
,
{ "x":  1.25,
"greedy000":  0.0,
"greedy050":  0.0,
"greedy100":  39.10875,
"DP_05":  0.0,
"DP_30":  0.0,
"DP_60":  0.0,
"DP_95":  44.62866666666666,
"QL_09":  39.12191666666667,
"QL_05":  39.00508333333333,
"RL":  41.15058333333334}
,
{ "x":  1.4,
"greedy000":  0.0,
"greedy050":  0.0,
"greedy100":  34.701,
"DP_05":  0.0,
"DP_30":  0.0,
"DP_60":  0.0,
"DP_95":  40.15083333333333,
"QL_09":  35.80758333333333,
"QL_05":  34.53241666666666,
"RL":  36.50275}
,
{ "x":  1.55,
"greedy000":  0.0,
"greedy050":  0.0,
"greedy100":  31.08975,
"DP_05":  0.0,
"DP_30":  0.0,
"DP_60":  0.0,
"DP_95":  36.709500000000006,
"QL_09":  32.0455,
"QL_05":  31.260749999999994,
"RL":  33.12441666666666}
]}
