{ "x_label":"l",
"y_label":"Rejection Rate",
 "results":[
{ "x":  0.5,
"greedy000":  1.0,
"greedy050":  1.0,
"greedy100":  0.011937499999999934,
"DP_05":  1.0,
"DP_30":  1.0,
"DP_60":  1.0,
"DP_95":  0.021175000000000055,
"QL_09":  0.08044999999999991,
"QL_05":  0.05336250000000009,
"RL":  0.020037500000000152}
,
{ "x":  0.65,
"greedy000":  1.0,
"greedy050":  1.0,
"greedy100":  0.05161250000000006,
"DP_05":  1.0,
"DP_30":  1.0,
"DP_60":  1.0,
"DP_95":  0.07866250000000008,
"QL_09":  0.127525,
"QL_05":  0.09702500000000003,
"RL":  0.06711250000000002}
,
{ "x":  0.8,
"greedy000":  1.0,
"greedy050":  1.0,
"greedy100":  0.11572499999999997,
"DP_05":  1.0,
"DP_30":  1.0,
"DP_60":  1.0,
"DP_95":  0.14931249999999996,
"QL_09":  0.17728750000000004,
"QL_05":  0.15547500000000003,
"RL":  0.12836249999999993}
,
{ "x":  0.95,
"greedy000":  1.0,
"greedy050":  1.0,
"greedy100":  0.18466249999999995,
"DP_05":  1.0,
"DP_30":  1.0,
"DP_60":  1.0,
"DP_95":  0.1994125,
"QL_09":  0.23029999999999995,
"QL_05":  0.21697499999999992,
"RL":  0.18633749999999993}
,
{ "x":  1.1,
"greedy000":  1.0,
"greedy050":  1.0,
"greedy100":  0.2525124999999999,
"DP_05":  1.0,
"DP_30":  1.0,
"DP_60":  1.0,
"DP_95":  0.24125000000000008,
"QL_09":  0.2870750000000001,
"QL_05":  0.28218750000000015,
"RL":  0.23629999999999995}
,
{ "x":  1.25,
"greedy000":  1.0,
"greedy050":  1.0,
"greedy100":  0.32062500000000027,
"DP_05":  1.0,
"DP_30":  1.0,
"DP_60":  1.0,
"DP_95":  0.2896249999999998,
"QL_09":  0.34192500000000003,
"QL_05":  0.3447500000000001,
"RL":  0.28837500000000005}
,
{ "x":  1.4,
"greedy000":  1.0,
"greedy050":  1.0,
"greedy100":  0.37375,
"DP_05":  1.0,
"DP_30":  1.0,
"DP_60":  1.0,
"DP_95":  0.3503999999999998,
"QL_09":  0.3939999999999999,
"QL_05":  0.39674999999999994,
"RL":  0.3358375}
,
{ "x":  1.55,
"greedy000":  1.0,
"greedy050":  1.0,
"greedy100":  0.42315000000000014,
"DP_05":  1.0,
"DP_30":  1.0,
"DP_60":  1.0,
"DP_95":  0.37105,
"QL_09":  0.44009999999999994,
"QL_05":  0.44665,
"RL":  0.38063749999999996}
,
{ "x":  1.7,
"greedy000":  1.0,
"greedy050":  1.0,
"greedy100":  0.4660500000000001,
"DP_05":  1.0,
"DP_30":  1.0,
"DP_60":  1.0,
"DP_95":  0.3902125000000001,
"QL_09":  0.4742375,
"QL_05":  0.4869875,
"RL":  0.41317500000000007}
,
{ "x":  1.8499999999999999,
"greedy000":  1.0,
"greedy050":  1.0,
"greedy100":  0.4962,
"DP_05":  1.0,
"DP_30":  1.0,
"DP_60":  1.0,
"DP_95":  0.4164375,
"QL_09":  0.5064624999999999,
"QL_05":  0.5156124999999999,
"RL":  0.45062500000000005}
,
{ "x":  2.0,
"greedy000":  1.0,
"greedy050":  1.0,
"greedy100":  0.5274749999999999,
"DP_05":  1.0,
"DP_30":  1.0,
"DP_60":  1.0,
"DP_95":  0.4369250000000001,
"QL_09":  0.53305,
"QL_05":  0.546275,
"RL":  0.48163749999999994}
]}
