{ "x_label":"PC",
"y_label":"Acceptance Rate",
 "results":[
{ "x":  0,
"greedy000":  0.0,
"greedy050":  0.0,
"greedy100":  0.5277229058857148,
"DP_05":  0.0,
"DP_30":  0.0,
"DP_60":  0.0,
"DP_95":  0.6945106700004489,
"QL_09":  0.5276960024689809,
"QL_05":  0.5277229058857148,
"RL":  0.707303616532167}
,
{ "x":  8,
"greedy000":  0.0,
"greedy050":  0.0,
"greedy100":  0.5257751046412354,
"DP_05":  0.0,
"DP_30":  0.0,
"DP_60":  0.0,
"DP_95":  0.7078219711125109,
"QL_09":  0.5245623891571052,
"QL_05":  0.5248078083726675,
"RL":  0.7057315370999848}
,
{ "x":  16,
"greedy000":  0.0,
"greedy050":  0.0,
"greedy100":  0.5254624071916548,
"DP_05":  0.0,
"DP_30":  0.0,
"DP_60":  0.0,
"DP_95":  0.7062400276288424,
"QL_09":  0.5243613850793809,
"QL_05":  0.5235782572787128,
"RL":  0.6971588796683125}
,
{ "x":  24,
"greedy000":  0.0,
"greedy050":  0.0,
"greedy100":  0.523074101722561,
"DP_05":  0.0,
"DP_30":  0.0,
"DP_60":  0.0,
"DP_95":  0.7052487524814661,
"QL_09":  0.5216230772478366,
"QL_05":  0.5222928730488482,
"RL":  0.7010468911889114}
,
{ "x":  32,
"greedy000":  0.0,
"greedy050":  0.0,
"greedy100":  0.5225757905289677,
"DP_05":  0.0,
"DP_30":  0.0,
"DP_60":  0.0,
"DP_95":  0.7033830367488447,
"QL_09":  0.5196530553809178,
"QL_05":  0.5206043518235384,
"RL":  0.6958669987137421}
,
{ "x":  40,
"greedy000":  0.0,
"greedy050":  0.0,
"greedy100":  0.525162077903694,
"DP_05":  0.0,
"DP_30":  0.0,
"DP_60":  0.0,
"DP_95":  0.6985086704543236,
"QL_09":  0.5221065430418961,
"QL_05":  0.5227231335381866,
"RL":  0.6898861573527938}
,
{ "x":  48,
"greedy000":  0.0,
"greedy050":  0.0,
"greedy100":  0.5249136083625252,
"DP_05":  0.0,
"DP_30":  0.0,
"DP_60":  0.0,
"DP_95":  0.699671201197585,
"QL_09":  0.521399486199734,
"QL_05":  0.5199212075317129,
"RL":  0.6882128957206922}
]}
