{ "x_label":"PC",
"y_label":"Acceptance Rate",
 "results":[
{ "x":  0,
"greedy000":  0.0,
"greedy050":  0.0,
"greedy100":  0.5213374224616791,
"DP_05":  0.0,
"DP_30":  0.0,
"DP_60":  0.0,
"DP_95":  0.6930344532123509,
"QL_09":  0.5213117551105497,
"QL_05":  0.5213117551105497,
"RL":  0.7067884664661646}
,
{ "x":  8,
"greedy000":  0.0,
"greedy050":  0.0,
"greedy100":  0.5259076384917702,
"DP_05":  0.0,
"DP_30":  0.0,
"DP_60":  0.0,
"DP_95":  0.7067767515457926,
"QL_09":  0.5259055550288271,
"QL_05":  0.5255531530302358,
"RL":  0.7071439449380335}
,
{ "x":  16,
"greedy000":  0.0,
"greedy050":  0.0,
"greedy100":  0.5200526462580202,
"DP_05":  0.0,
"DP_30":  0.0,
"DP_60":  0.0,
"DP_95":  0.7085356830037666,
"QL_09":  0.5190693139965383,
"QL_05":  0.519897535935411,
"RL":  0.7004658717288949}
,
{ "x":  24,
"greedy000":  0.0,
"greedy050":  0.0,
"greedy100":  0.5203379464250106,
"DP_05":  0.0,
"DP_30":  0.0,
"DP_60":  0.0,
"DP_95":  0.7012812704519085,
"QL_09":  0.5196186345998848,
"QL_05":  0.5195820333746518,
"RL":  0.7025980851642903}
,
{ "x":  32,
"greedy000":  0.0,
"greedy050":  0.0,
"greedy100":  0.5274800801835593,
"DP_05":  0.0,
"DP_30":  0.0,
"DP_60":  0.0,
"DP_95":  0.7040719709754228,
"QL_09":  0.5258409257374325,
"QL_05":  0.5276829653286454,
"RL":  0.700108066218297}
,
{ "x":  40,
"greedy000":  0.0,
"greedy050":  0.0,
"greedy100":  0.5355035085914105,
"DP_05":  0.0,
"DP_30":  0.0,
"DP_60":  0.0,
"DP_95":  0.6986061534806861,
"QL_09":  0.5324049451966868,
"QL_05":  0.5319493677442584,
"RL":  0.693665961034786}
]}
