{ "x_label":"PC",
"y_label":"Acceptance Rate",
 "results":[
{ "x":  0,
"greedy000":  0.0,
"greedy050":  0.0,
"greedy100":  0.5169619689007637,
"DP_05":  0.0,
"DP_30":  0.0,
"DP_60":  0.0,
"DP_95":  0.6896315177559785,
"QL_09":  0.6832869389114105,
"QL_05":  0.6200252351612698,
"RL":  0.7068047984948135}
,
{ "x":  8,
"greedy000":  0.0,
"greedy050":  0.0,
"greedy100":  0.527262340267483,
"DP_05":  0.0,
"DP_30":  0.0,
"DP_60":  0.0,
"DP_95":  0.7064870556737957,
"QL_09":  0.6392821513130994,
"QL_05":  0.6246085640399327,
"RL":  0.7049253624631728}
,
{ "x":  16,
"greedy000":  0.0,
"greedy050":  0.0,
"greedy100":  0.5285466245539333,
"DP_05":  0.0,
"DP_30":  0.0,
"DP_60":  0.0,
"DP_95":  0.7118838103308421,
"QL_09":  0.6160992512243506,
"QL_05":  0.6084010801554974,
"RL":  0.7007542538524437}
,
{ "x":  24,
"greedy000":  0.0,
"greedy050":  0.0,
"greedy100":  0.5276286304553861,
"DP_05":  0.0,
"DP_30":  0.0,
"DP_60":  0.0,
"DP_95":  0.7079505155342251,
"QL_09":  0.5966467747779138,
"QL_05":  0.6178916193874339,
"RL":  0.6973377537843818}
,
{ "x":  32,
"greedy000":  0.0,
"greedy050":  0.0,
"greedy100":  0.5231323104434313,
"DP_05":  0.0,
"DP_30":  0.0,
"DP_60":  0.0,
"DP_95":  0.7055845076154429,
"QL_09":  0.5899484381170289,
"QL_05":  0.6130583090434436,
"RL":  0.7022799230512085}
,
{ "x":  40,
"greedy000":  0.0,
"greedy050":  0.0,
"greedy100":  0.5177659155470643,
"DP_05":  0.0,
"DP_30":  0.0,
"DP_60":  0.0,
"DP_95":  0.6990217871104709,
"QL_09":  0.5814829360949093,
"QL_05":  0.6096383941896552,
"RL":  0.6918554641635383}
,
{ "x":  48,
"greedy000":  0.0,
"greedy050":  0.0,
"greedy100":  0.5158345229798478,
"DP_05":  0.0,
"DP_30":  0.0,
"DP_60":  0.0,
"DP_95":  0.697669421606739,
"QL_09":  0.5671086005171965,
"QL_05":  0.5976896118611664,
"RL":  0.6826023061853341}
,
{ "x":  56,
"greedy000":  0.0,
"greedy050":  0.0,
"greedy100":  0.5280142447824636,
"DP_05":  0.0,
"DP_30":  0.0,
"DP_60":  0.0,
"DP_95":  0.6956277804355971,
"QL_09":  0.5766630114436909,
"QL_05":  0.6062611195448725,
"RL":  0.6841943708505179}
,
{ "x":  64,
"greedy000":  0.0,
"greedy050":  0.0,
"greedy100":  0.5240774816822823,
"DP_05":  0.0,
"DP_30":  0.0,
"DP_60":  0.0,
"DP_95":  0.6984018256298825,
"QL_09":  0.5793064590356779,
"QL_05":  0.6037061663207695,
"RL":  0.6847653065376899}
,
{ "x":  72,
"greedy000":  0.0,
"greedy050":  0.0,
"greedy100":  0.5235927363370928,
"DP_05":  0.0,
"DP_30":  0.0,
"DP_60":  0.0,
"DP_95":  0.6951156282729687,
"QL_09":  0.5812118051299834,
"QL_05":  0.6022368228442071,
"RL":  0.6790805801823979}
]}
