{ "x_label":"PC",
"y_label":"Federation Rate",
 "results":[
{ "x":  0,
"greedy000":  0.0,
"greedy050":  0.0,
"greedy100":  0.0,
"DP_05":  0.0,
"DP_30":  0.0,
"DP_60":  0.0,
"DP_95":  0.0,
"QL_09":  0.0,
"QL_05":  0.0,
"RL":  0.0}
,
{ "x":  8,
"greedy000":  0.0,
"greedy050":  0.0,
"greedy100":  0.13991537751392233,
"DP_05":  0.0,
"DP_30":  0.0,
"DP_60":  0.0,
"DP_95":  0.0605907470668625,
"QL_09":  0.14053794453308738,
"QL_05":  0.14042820480219298,
"RL":  0.06742785526716463}
,
{ "x":  16,
"greedy000":  0.0,
"greedy050":  0.0,
"greedy100":  0.23819475654720373,
"DP_05":  0.0,
"DP_30":  0.0,
"DP_60":  0.0,
"DP_95":  0.11619229395703926,
"QL_09":  0.23944438264436824,
"QL_05":  0.2400979646646011,
"RL":  0.12594436476536905}
,
{ "x":  24,
"greedy000":  0.0,
"greedy050":  0.0,
"greedy100":  0.3279713038353992,
"DP_05":  0.0,
"DP_30":  0.0,
"DP_60":  0.0,
"DP_95":  0.17231466548892907,
"QL_09":  0.32862550261685575,
"QL_05":  0.3283159577486111,
"RL":  0.1770197009204137}
,
{ "x":  32,
"greedy000":  0.0,
"greedy050":  0.0,
"greedy100":  0.38613443523512053,
"DP_05":  0.0,
"DP_30":  0.0,
"DP_60":  0.0,
"DP_95":  0.21813336960991983,
"QL_09":  0.3864659247853643,
"QL_05":  0.385413050042341,
"RL":  0.22484633574064367}
,
{ "x":  40,
"greedy000":  0.0,
"greedy050":  0.0,
"greedy100":  0.4291077769875673,
"DP_05":  0.0,
"DP_30":  0.0,
"DP_60":  0.0,
"DP_95":  0.25436666551842796,
"QL_09":  0.42983326091879076,
"QL_05":  0.4283693000968139,
"RL":  0.2615958971736062}
,
{ "x":  48,
"greedy000":  0.0,
"greedy050":  0.0,
"greedy100":  0.45885790671692944,
"DP_05":  0.0,
"DP_30":  0.0,
"DP_60":  0.0,
"DP_95":  0.2805665585013678,
"QL_09":  0.4559876889658912,
"QL_05":  0.4576656184639732,
"RL":  0.2799965086979393}
]}
