{ "x_label":"PC",
"y_label":"Federation Rate",
 "results":[
{ "x":  0,
"greedy000":  0.0,
"greedy050":  0.0,
"greedy100":  0.0,
"DP_05":  0.0,
"DP_30":  0.0,
"DP_60":  0.0,
"DP_95":  0.0,
"QL_09":  0.0,
"QL_05":  0.0,
"RL":  0.0}
,
{ "x":  8,
"greedy000":  0.0,
"greedy050":  0.0,
"greedy100":  0.13595518052028877,
"DP_05":  0.0,
"DP_30":  0.0,
"DP_60":  0.0,
"DP_95":  0.05918496039901218,
"QL_09":  0.1359309404126517,
"QL_05":  0.135771420636283,
"RL":  0.06507286631107179}
,
{ "x":  16,
"greedy000":  0.0,
"greedy050":  0.0,
"greedy100":  0.24150537632804903,
"DP_05":  0.0,
"DP_30":  0.0,
"DP_60":  0.0,
"DP_95":  0.11433389873894892,
"QL_09":  0.24286941507853105,
"QL_05":  0.24116126077024172,
"RL":  0.1262029334706105}
,
{ "x":  24,
"greedy000":  0.0,
"greedy050":  0.0,
"greedy100":  0.32695525511232926,
"DP_05":  0.0,
"DP_30":  0.0,
"DP_60":  0.0,
"DP_95":  0.17275318256587055,
"QL_09":  0.3271422330011131,
"QL_05":  0.3277943487531841,
"RL":  0.174356706260148}
,
{ "x":  32,
"greedy000":  0.0,
"greedy050":  0.0,
"greedy100":  0.3903306847552602,
"DP_05":  0.0,
"DP_30":  0.0,
"DP_60":  0.0,
"DP_95":  0.2196706850723405,
"QL_09":  0.3904745156077519,
"QL_05":  0.3877991785698428,
"RL":  0.22290501171680416}
,
{ "x":  40,
"greedy000":  0.0,
"greedy050":  0.0,
"greedy100":  0.42346504911950245,
"DP_05":  0.0,
"DP_30":  0.0,
"DP_60":  0.0,
"DP_95":  0.25845383165475144,
"QL_09":  0.42313949974456627,
"QL_05":  0.42425549894478654,
"RL":  0.26058562037052513}
]}
