{ "x_label":"PC",
"y_label":"Federation Rate",
 "results":[
{ "x":  0,
"greedy000":  0.0,
"greedy050":  0.0,
"greedy100":  0.0,
"DP_05":  0.0,
"DP_30":  0.0,
"DP_60":  0.0,
"DP_95":  0.0,
"QL_09":  0.0,
"QL_05":  0.0,
"RL":  0.0}
,
{ "x":  8,
"greedy000":  0.0,
"greedy050":  0.0,
"greedy100":  0.13764816552223208,
"DP_05":  0.0,
"DP_30":  0.0,
"DP_60":  0.0,
"DP_95":  0.06024738827636492,
"QL_09":  0.12193294186904868,
"QL_05":  0.10503637041891253,
"RL":  0.0653780832273391}
,
{ "x":  16,
"greedy000":  0.0,
"greedy050":  0.0,
"greedy100":  0.24075192624051636,
"DP_05":  0.0,
"DP_30":  0.0,
"DP_60":  0.0,
"DP_95":  0.117100899988913,
"QL_09":  0.19923437399643124,
"QL_05":  0.19390249999943268,
"RL":  0.12793453265770127}
,
{ "x":  24,
"greedy000":  0.0,
"greedy050":  0.0,
"greedy100":  0.32634495485117937,
"DP_05":  0.0,
"DP_30":  0.0,
"DP_60":  0.0,
"DP_95":  0.17178646248375867,
"QL_09":  0.2653607249214832,
"QL_05":  0.2545097742632272,
"RL":  0.1828535322159794}
,
{ "x":  32,
"greedy000":  0.0,
"greedy050":  0.0,
"greedy100":  0.3851335304813243,
"DP_05":  0.0,
"DP_30":  0.0,
"DP_60":  0.0,
"DP_95":  0.21342642995805045,
"QL_09":  0.2924112479653281,
"QL_05":  0.2950523760148688,
"RL":  0.21437358249485694}
,
{ "x":  40,
"greedy000":  0.0,
"greedy050":  0.0,
"greedy100":  0.43786910296618353,
"DP_05":  0.0,
"DP_30":  0.0,
"DP_60":  0.0,
"DP_95":  0.25604517375283686,
"QL_09":  0.3106154379838689,
"QL_05":  0.3297089920860496,
"RL":  0.2612695124021492}
,
{ "x":  48,
"greedy000":  0.0,
"greedy050":  0.0,
"greedy100":  0.46312871538932343,
"DP_05":  0.0,
"DP_30":  0.0,
"DP_60":  0.0,
"DP_95":  0.27826037175137114,
"QL_09":  0.3195844160396966,
"QL_05":  0.3514268376029157,
"RL":  0.28070739117541893}
,
{ "x":  56,
"greedy000":  0.0,
"greedy050":  0.0,
"greedy100":  0.46596337997252435,
"DP_05":  0.0,
"DP_30":  0.0,
"DP_60":  0.0,
"DP_95":  0.2958799391256252,
"QL_09":  0.3123273443697439,
"QL_05":  0.3470685275626684,
"RL":  0.2860438060955136}
,
{ "x":  64,
"greedy000":  0.0,
"greedy050":  0.0,
"greedy100":  0.47334710050117107,
"DP_05":  0.0,
"DP_30":  0.0,
"DP_60":  0.0,
"DP_95":  0.29822453417869327,
"QL_09":  0.3130103472242294,
"QL_05":  0.3516388355988514,
"RL":  0.28391194055354074}
,
{ "x":  72,
"greedy000":  0.0,
"greedy050":  0.0,
"greedy100":  0.4754574033191409,
"DP_05":  0.0,
"DP_30":  0.0,
"DP_60":  0.0,
"DP_95":  0.30367036731510794,
"QL_09":  0.30861836179441793,
"QL_05":  0.35160393932534345,
"RL":  0.2921036653237118}
,
{ "x":  80,
"greedy000":  0.0,
"greedy050":  0.0,
"greedy100":  0.47539660402855394,
"DP_05":  0.0,
"DP_30":  0.0,
"DP_60":  0.0,
"DP_95":  0.30819806417439477,
"QL_09":  0.3031270442466397,
"QL_05":  0.34498552503934515,
"RL":  0.28696100368337074}
]}
