{ "x_label":"PC",
"y_label":"Average Profit",
 "results":[
{ "x":  0,
"greedy000":  0.0,
"greedy050":  0.0,
"greedy100":  42.6497914989425,
"DP_05":  0.0,
"DP_30":  0.0,
"DP_60":  0.0,
"DP_95":  66.94311650611884,
"QL_09":  42.64722476382956,
"QL_05":  42.64722476382956,
"RL":  65.38083699325647}
,
{ "x":  8,
"greedy000":  0.0,
"greedy050":  0.0,
"greedy100":  49.77314015368433,
"DP_05":  0.0,
"DP_30":  0.0,
"DP_60":  0.0,
"DP_95":  67.92406564942641,
"QL_09":  49.77220749807004,
"QL_05":  49.733982072750884,
"RL":  66.94561584992216}
,
{ "x":  16,
"greedy000":  0.0,
"greedy050":  0.0,
"greedy100":  54.4216844216647,
"DP_05":  0.0,
"DP_30":  0.0,
"DP_60":  0.0,
"DP_95":  68.78627706539794,
"QL_09":  54.43381427993622,
"QL_05":  54.40731995968217,
"RL":  67.6134254669911}
,
{ "x":  24,
"greedy000":  0.0,
"greedy050":  0.0,
"greedy100":  57.77317101474466,
"DP_05":  0.0,
"DP_30":  0.0,
"DP_60":  0.0,
"DP_95":  69.16193972582656,
"QL_09":  57.735259695874674,
"QL_05":  57.759845984835806,
"RL":  68.44429032446206}
,
{ "x":  32,
"greedy000":  0.0,
"greedy050":  0.0,
"greedy100":  61.119153015629124,
"DP_05":  0.0,
"DP_30":  0.0,
"DP_60":  0.0,
"DP_95":  70.32517151975652,
"QL_09":  61.018220906013994,
"QL_05":  61.01767434506498,
"RL":  69.3916071896613}
,
{ "x":  40,
"greedy000":  0.0,
"greedy050":  0.0,
"greedy100":  62.91881131866728,
"DP_05":  0.0,
"DP_30":  0.0,
"DP_60":  0.0,
"DP_95":  70.710102594154,
"QL_09":  62.68306664011734,
"QL_05":  62.691471823611415,
"RL":  69.49047789848922}
]}
