{ "x_label":"PC",
"y_label":"Average Profit",
 "results":[
{ "x":  0,
"greedy000":  0.0,
"greedy050":  0.0,
"greedy100":  41.86322650687858,
"DP_05":  0.0,
"DP_30":  0.0,
"DP_60":  0.0,
"DP_95":  66.5156889932273,
"QL_09":  62.159147103275586,
"QL_05":  53.41790029007935,
"RL":  65.29582401929423}
,
{ "x":  8,
"greedy000":  0.0,
"greedy050":  0.0,
"greedy100":  50.22299779382163,
"DP_05":  0.0,
"DP_30":  0.0,
"DP_60":  0.0,
"DP_95":  68.01395963379211,
"QL_09":  63.99162432589803,
"QL_05":  59.06521810512091,
"RL":  67.02354380234385}
,
{ "x":  16,
"greedy000":  0.0,
"greedy050":  0.0,
"greedy100":  55.11505657440365,
"DP_05":  0.0,
"DP_30":  0.0,
"DP_60":  0.0,
"DP_95":  69.1742770409045,
"QL_09":  64.14497967553339,
"QL_05":  61.260910020866774,
"RL":  67.79066886738565}
,
{ "x":  24,
"greedy000":  0.0,
"greedy050":  0.0,
"greedy100":  58.7302852466932,
"DP_05":  0.0,
"DP_30":  0.0,
"DP_60":  0.0,
"DP_95":  69.92125984659414,
"QL_09":  64.34966361747132,
"QL_05":  64.28640734168307,
"RL":  68.55839357124603}
,
{ "x":  32,
"greedy000":  0.0,
"greedy050":  0.0,
"greedy100":  60.822956026985615,
"DP_05":  0.0,
"DP_30":  0.0,
"DP_60":  0.0,
"DP_95":  70.41596132048579,
"QL_09":  64.6764618930583,
"QL_05":  65.29287784779163,
"RL":  69.3382231106583}
,
{ "x":  40,
"greedy000":  0.0,
"greedy050":  0.0,
"greedy100":  62.44171319124873,
"DP_05":  0.0,
"DP_30":  0.0,
"DP_60":  0.0,
"DP_95":  70.86536416915749,
"QL_09":  64.4581936645311,
"QL_05":  66.06270496158024,
"RL":  69.56215940521834}
,
{ "x":  48,
"greedy000":  0.0,
"greedy050":  0.0,
"greedy100":  63.37773376126654,
"DP_05":  0.0,
"DP_30":  0.0,
"DP_60":  0.0,
"DP_95":  71.25356651212135,
"QL_09":  63.97433420129613,
"QL_05":  66.05550574829321,
"RL":  69.57071738274473}
,
{ "x":  56,
"greedy000":  0.0,
"greedy050":  0.0,
"greedy100":  64.2433403352803,
"DP_05":  0.0,
"DP_30":  0.0,
"DP_60":  0.0,
"DP_95":  71.55912076067246,
"QL_09":  64.22893715674655,
"QL_05":  66.33823496499458,
"RL":  69.80641692540506}
,
{ "x":  64,
"greedy000":  0.0,
"greedy050":  0.0,
"greedy100":  64.42480411278834,
"DP_05":  0.0,
"DP_30":  0.0,
"DP_60":  0.0,
"DP_95":  71.90005433155446,
"QL_09":  64.63325989244278,
"QL_05":  66.57837691429529,
"RL":  69.96842791674703}
,
{ "x":  72,
"greedy000":  0.0,
"greedy050":  0.0,
"greedy100":  64.28723335272012,
"DP_05":  0.0,
"DP_30":  0.0,
"DP_60":  0.0,
"DP_95":  71.6392660713288,
"QL_09":  64.37829260384288,
"QL_05":  66.17191836854019,
"RL":  69.66346599092756}
,
{ "x":  80,
"greedy000":  0.0,
"greedy050":  0.0,
"greedy100":  64.22944310103165,
"DP_05":  0.0,
"DP_30":  0.0,
"DP_60":  0.0,
"DP_95":  71.52641715150024,
"QL_09":  64.31163934013338,
"QL_05":  66.32636281465358,
"RL":  69.65233475681636}
]}
