{ "x_label":"PC",
"y_label":"Average Profit",
 "results":[
{ "x":  0,
"greedy000":  0.0,
"greedy050":  0.0,
"greedy100":  43.16366631222863,
"DP_05":  0.0,
"DP_30":  0.0,
"DP_60":  0.0,
"DP_95":  67.07658896170557,
"QL_09":  43.160975970555235,
"QL_05":  43.16366631222863,
"RL":  65.14802207555074}
,
{ "x":  8,
"greedy000":  0.0,
"greedy050":  0.0,
"greedy100":  50.22030442235693,
"DP_05":  0.0,
"DP_30":  0.0,
"DP_60":  0.0,
"DP_95":  68.27755719629276,
"QL_09":  50.15304243800695,
"QL_05":  50.16067907060988,
"RL":  67.19456594736164}
,
{ "x":  16,
"greedy000":  0.0,
"greedy050":  0.0,
"greedy100":  54.5974083797635,
"DP_05":  0.0,
"DP_30":  0.0,
"DP_60":  0.0,
"DP_95":  68.60277503572311,
"QL_09":  54.57695961278948,
"QL_05":  54.55464354479278,
"RL":  67.34048653898222}
,
{ "x":  24,
"greedy000":  0.0,
"greedy050":  0.0,
"greedy100":  58.26173364623065,
"DP_05":  0.0,
"DP_30":  0.0,
"DP_60":  0.0,
"DP_95":  69.65967764238408,
"QL_09":  58.193334115928586,
"QL_05":  58.256536300509694,
"RL":  68.55335622720331}
,
{ "x":  32,
"greedy000":  0.0,
"greedy050":  0.0,
"greedy100":  60.54870550401101,
"DP_05":  0.0,
"DP_30":  0.0,
"DP_60":  0.0,
"DP_95":  70.24389536930198,
"QL_09":  60.380466543204804,
"QL_05":  60.38853790157299,
"RL":  69.06758595292942}
,
{ "x":  40,
"greedy000":  0.0,
"greedy050":  0.0,
"greedy100":  62.66674434069849,
"DP_05":  0.0,
"DP_30":  0.0,
"DP_60":  0.0,
"DP_95":  70.80407315845162,
"QL_09":  62.49571273173281,
"QL_05":  62.47648978056035,
"RL":  69.54934828408376}
,
{ "x":  48,
"greedy000":  0.0,
"greedy050":  0.0,
"greedy100":  63.769895681238516,
"DP_05":  0.0,
"DP_30":  0.0,
"DP_60":  0.0,
"DP_95":  71.40179906874509,
"QL_09":  63.39323056390938,
"QL_05":  63.38262543232729,
"RL":  69.81223060821722}
]}
