{ "x_label":"episode",
"y_label":"Federation Rate",
 "results":[
{ "x":  10,
"greedy000":  0.0,
"greedy050":  0.0,
"greedy100":  0.21692359559820257,
"DP_05":  0.0,
"DP_30":  0.0,
"DP_60":  0.0,
"DP_95":  0.1295418812586541,
"QL_09":  0.2986540268780765,
"QL_05":  0.21920098328091467,
"RL":  0.14349112696399244}
,
{ "x":  30,
"greedy000":  0.0,
"greedy050":  0.0,
"greedy100":  0.22425113049511053,
"DP_05":  0.0,
"DP_30":  0.0,
"DP_60":  0.0,
"DP_95":  0.12925299011864338,
"QL_09":  0.2581156927236,
"QL_05":  0.19127125208109844,
"RL":  0.14399056058218457}
,
{ "x":  50,
"greedy000":  0.0,
"greedy050":  0.0,
"greedy100":  0.21989413349230622,
"DP_05":  0.0,
"DP_30":  0.0,
"DP_60":  0.0,
"DP_95":  0.12736599003277138,
"QL_09":  0.23933707981066377,
"QL_05":  0.16835581351524337,
"RL":  0.13456833439122975}
,
{ "x":  70,
"greedy000":  0.0,
"greedy050":  0.0,
"greedy100":  0.21490586577032547,
"DP_05":  0.0,
"DP_30":  0.0,
"DP_60":  0.0,
"DP_95":  0.13092345334574743,
"QL_09":  0.21980230547400348,
"QL_05":  0.16020159324831268,
"RL":  0.1425178338299345}
,
{ "x":  90,
"greedy000":  0.0,
"greedy050":  0.0,
"greedy100":  0.21972171250695735,
"DP_05":  0.0,
"DP_30":  0.0,
"DP_60":  0.0,
"DP_95":  0.12963616474955403,
"QL_09":  0.20806878410171942,
"QL_05":  0.15484119839764365,
"RL":  0.1377656035294635}
,
{ "x":  110,
"greedy000":  0.0,
"greedy050":  0.0,
"greedy100":  0.21757516035587793,
"DP_05":  0.0,
"DP_30":  0.0,
"DP_60":  0.0,
"DP_95":  0.1294980464450473,
"QL_09":  0.19610243950402417,
"QL_05":  0.1587025265621298,
"RL":  0.13797125819262218}
,
{ "x":  130,
"greedy000":  0.0,
"greedy050":  0.0,
"greedy100":  0.22195997823019162,
"DP_05":  0.0,
"DP_30":  0.0,
"DP_60":  0.0,
"DP_95":  0.12889710049831685,
"QL_09":  0.18655946110961322,
"QL_05":  0.16138835928189615,
"RL":  0.13355352948315463}
,
{ "x":  150,
"greedy000":  0.0,
"greedy050":  0.0,
"greedy100":  0.21483371057112235,
"DP_05":  0.0,
"DP_30":  0.0,
"DP_60":  0.0,
"DP_95":  0.12940913491826306,
"QL_09":  0.17272155442195122,
"QL_05":  0.1599640440323488,
"RL":  0.13531998043359417}
,
{ "x":  170,
"greedy000":  0.0,
"greedy050":  0.0,
"greedy100":  0.21673430183595035,
"DP_05":  0.0,
"DP_30":  0.0,
"DP_60":  0.0,
"DP_95":  0.1282585906512702,
"QL_09":  0.1677206186743521,
"QL_05":  0.15990536324484883,
"RL":  0.1380875256995236}
,
{ "x":  190,
"greedy000":  0.0,
"greedy050":  0.0,
"greedy100":  0.21756960274972242,
"DP_05":  0.0,
"DP_30":  0.0,
"DP_60":  0.0,
"DP_95":  0.12754677790724078,
"QL_09":  0.15461189483860754,
"QL_05":  0.17142424763603706,
"RL":  0.13741802982763723}
,
{ "x":  210,
"greedy000":  0.0,
"greedy050":  0.0,
"greedy100":  0.21463598534493253,
"DP_05":  0.0,
"DP_30":  0.0,
"DP_60":  0.0,
"DP_95":  0.13008099878124663,
"QL_09":  0.152854494423136,
"QL_05":  0.1683929494826013,
"RL":  0.1321547248092877}
]}
