{ "x_label":"FC",
"y_label":"FR",
 "results":[
{ "x": 0,
"greedy000":  0.0,
"greedy050":  0.0,
"greedy100":  0.27975000000000005,
"DP_05":  0.0,
"DP_30":  0.0,
"DP_60":  0.0,
"DP_99":  0.35055000000000003,
"QL_95":  0.31071250000000006,
"QL_55":  0.3022,
"QL_20":  0.3104125,
"RL":  0.31495}
,
{ "x":  0.15,
"greedy000":  0.0,
"greedy050":  0.0,
"greedy100":  0.28066250000000004,
"DP_05":  0.0,
"DP_30":  0.0,
"DP_60":  0.0,
"DP_99":  0.26280000000000003,
"QL_95":  0.2950625,
"QL_55":  0.2807750000000001,
"QL_20":  0.283425,
"RL":  0.284725}
,
{ "x":  0.3,
"greedy000":  0.0,
"greedy050":  0.0,
"greedy100":  0.2753374999999999,
"DP_05":  0.0,
"DP_30":  0.0,
"DP_60":  0.0,
"DP_99":  0.2478625,
"QL_95":  0.283575,
"QL_55":  0.26937500000000003,
"QL_20":  0.27647499999999997,
"RL":  0.26977500000000004}
,
{ "x":  0.45,
"greedy000":  0.0,
"greedy050":  0.0,
"greedy100":  0.2785,
"DP_05":  0.0,
"DP_30":  0.0,
"DP_60":  0.0,
"DP_99":  0.241075,
"QL_95":  0.27061250000000003,
"QL_55":  0.26816249999999997,
"QL_20":  0.2738125000000001,
"RL":  0.26303750000000004}
,
{ "x":  0.6,
"greedy000":  0.0,
"greedy050":  0.0,
"greedy100":  0.25995,
"DP_05":  0.0,
"DP_30":  0.0,
"DP_60":  0.0,
"DP_99":  0.23482499999999998,
"QL_95":  0.26286249999999994,
"QL_55":  0.255975,
"QL_20":  0.25747499999999995,
"RL":  0.2530499999999999}
,
{ "x":  0.75,
"greedy000":  0.0,
"greedy050":  0.0,
"greedy100":  0.259,
"DP_05":  0.0,
"DP_30":  0.0,
"DP_60":  0.0,
"DP_99":  0.23395000000000002,
"QL_95":  0.244225,
"QL_55":  0.24827500000000002,
"QL_20":  0.254875,
"RL":  0.24265000000000003}
,
{ "x":  0.9,
"greedy000":  0.0,
"greedy050":  0.0,
"greedy100":  0.259575,
"DP_05":  0.0,
"DP_30":  0.0,
"DP_60":  0.0,
"DP_99":  0.21070000000000003,
"QL_95":  0.2416125,
"QL_55":  0.24757499999999996,
"QL_20":  0.25512500000000005,
"RL":  0.23375000000000004}
,
{ "x":  1.05,
"greedy000":  0.0,
"greedy050":  0.0,
"greedy100":  0.258725,
"DP_05":  0.0,
"DP_30":  0.0,
"DP_60":  0.0,
"DP_99":  0.20392499999999997,
"QL_95":  0.23656249999999995,
"QL_55":  0.21702499999999997,
"QL_20":  0.230275,
"RL":  0.21915}
,
{ "x":  1.2,
"greedy000":  0.0,
"greedy050":  0.0,
"greedy100":  0.18468750000000006,
"DP_05":  0.0,
"DP_30":  0.0,
"DP_60":  0.0,
"DP_99":  0.204525,
"QL_95":  0.22038750000000004,
"QL_55":  0.19412500000000005,
"QL_20":  0.18472499999999997,
"RL":  0.20942500000000003}
,
{ "x":  1.35,
"greedy000":  0.0,
"greedy050":  0.0,
"greedy100":  0.185575,
"DP_05":  0.0,
"DP_30":  0.0,
"DP_60":  0.0,
"DP_99":  0.20551250000000004,
"QL_95":  0.21523750000000003,
"QL_55":  0.19231250000000003,
"QL_20":  0.187025,
"RL":  0.2011625}
,
{ "x":  1.5,
"greedy000":  0.0,
"greedy050":  0.0,
"greedy100":  0.185225,
"DP_05":  0.0,
"DP_30":  0.0,
"DP_60":  0.0,
"DP_99":  0.2058125,
"QL_95":  0.20786249999999998,
"QL_55":  0.1912875,
"QL_20":  0.18551250000000002,
"RL":  0.1974}
]}
