{ "x_label":"zeta",
"y_label":"Rejection Rate",
 "results":[
{ "x":  0.0,
"greedy000":  1.0,
"greedy050":  1.0,
"greedy100":  0.2065499999999999,
"DP_05":  1.0,
"DP_30":  1.0,
"DP_60":  1.0,
"DP_95":  0.1706375,
"QL_09":  0.2164625,
"QL_05":  0.21419999999999995,
"RL":  0.17438750000000014}
,
{ "x":  0.15,
"greedy000":  1.0,
"greedy050":  1.0,
"greedy100":  0.20672499999999994,
"DP_05":  1.0,
"DP_30":  1.0,
"DP_60":  1.0,
"DP_95":  0.1852124999999999,
"QL_09":  0.2185124999999999,
"QL_05":  0.22001250000000017,
"RL":  0.1780750000000001}
,
{ "x":  0.3,
"greedy000":  1.0,
"greedy050":  1.0,
"greedy100":  0.2062250000000001,
"DP_05":  1.0,
"DP_30":  1.0,
"DP_60":  1.0,
"DP_95":  0.1932625,
"QL_09":  0.22023749999999986,
"QL_05":  0.21975,
"RL":  0.1800250000000002}
,
{ "x":  0.44999999999999996,
"greedy000":  1.0,
"greedy050":  1.0,
"greedy100":  0.20786249999999995,
"DP_05":  1.0,
"DP_30":  1.0,
"DP_60":  1.0,
"DP_95":  0.1933125,
"QL_09":  0.22355000000000003,
"QL_05":  0.22042499999999987,
"RL":  0.18203750000000019}
,
{ "x":  0.6,
"greedy000":  1.0,
"greedy050":  1.0,
"greedy100":  0.2059749999999999,
"DP_05":  1.0,
"DP_30":  1.0,
"DP_60":  1.0,
"DP_95":  0.19445,
"QL_09":  0.22253749999999994,
"QL_05":  0.21752499999999997,
"RL":  0.1833625000000001}
,
{ "x":  0.75,
"greedy000":  1.0,
"greedy050":  1.0,
"greedy100":  0.21163749999999992,
"DP_05":  1.0,
"DP_30":  1.0,
"DP_60":  1.0,
"DP_95":  0.19566249999999985,
"QL_09":  0.22916249999999994,
"QL_05":  0.22141250000000012,
"RL":  0.1920249999999999}
,
{ "x":  0.8999999999999999,
"greedy000":  1.0,
"greedy050":  1.0,
"greedy100":  0.20753749999999993,
"DP_05":  1.0,
"DP_30":  1.0,
"DP_60":  1.0,
"DP_95":  0.2006374999999999,
"QL_09":  0.2346625,
"QL_05":  0.22187500000000004,
"RL":  0.19753749999999992}
,
{ "x":  1.05,
"greedy000":  1.0,
"greedy050":  1.0,
"greedy100":  0.20656249999999998,
"DP_05":  1.0,
"DP_30":  1.0,
"DP_60":  1.0,
"DP_95":  0.23617500000000002,
"QL_09":  0.25721250000000007,
"QL_05":  0.27695000000000003,
"RL":  0.20391249999999994}
]}
