{ "x_label":"FC",
"y_label":"RR",
 "results":[
{ "x":  0,
"greedy000":  1.0,
"greedy050":  1.0,
"greedy100":  0.26095,
"DP_05":  1.0,
"DP_30":  1.0,
"DP_60":  1.0,
"DP_99":  0.20163750000000003,
"QL_95":  0.3068875,
"QL_55":  0.25365000000000004,
"QL_20":  0.2541875,
"RL":  0.22055000000000002}
,
{ "x":  0.15,
"greedy000":  1.0,
"greedy050":  1.0,
"greedy100":  0.265525,
"DP_05":  1.0,
"DP_30":  1.0,
"DP_60":  1.0,
"DP_99":  0.21831250000000002,
"QL_95":  0.30713750000000006,
"QL_55":  0.265775,
"QL_20":  0.26468749999999996,
"RL":  0.2258500000000001}
,
{ "x":  0.3,
"greedy000":  1.0,
"greedy050":  1.0,
"greedy100":  0.264625,
"DP_05":  1.0,
"DP_30":  1.0,
"DP_60":  1.0,
"DP_99":  0.22168750000000004,
"QL_95":  0.30447500000000005,
"QL_55":  0.26641249999999994,
"QL_20":  0.2639624999999999,
"RL":  0.22858750000000005}
,
{ "x":  0.45,
"greedy000":  1.0,
"greedy050":  1.0,
"greedy100":  0.2629625,
"DP_05":  1.0,
"DP_30":  1.0,
"DP_60":  1.0,
"DP_99":  0.2259374999999999,
"QL_95":  0.30327499999999996,
"QL_55":  0.2653874999999999,
"QL_20":  0.26121249999999985,
"RL":  0.23259999999999992}
,
{ "x":  0.6,
"greedy000":  1.0,
"greedy050":  1.0,
"greedy100":  0.2826375000000001,
"DP_05":  1.0,
"DP_30":  1.0,
"DP_60":  1.0,
"DP_99":  0.23288750000000003,
"QL_95":  0.30125,
"QL_55":  0.27416249999999986,
"QL_20":  0.27485000000000004,
"RL":  0.23958750000000006}
,
{ "x":  0.75,
"greedy000":  1.0,
"greedy050":  1.0,
"greedy100":  0.28154999999999997,
"DP_05":  1.0,
"DP_30":  1.0,
"DP_60":  1.0,
"DP_99":  0.23396250000000007,
"QL_95":  0.3088749999999999,
"QL_55":  0.2789625,
"QL_20":  0.27825,
"RL":  0.24617500000000003}
,
{ "x":  0.9,
"greedy000":  1.0,
"greedy050":  1.0,
"greedy100":  0.2859999999999999,
"DP_05":  1.0,
"DP_30":  1.0,
"DP_60":  1.0,
"DP_99":  0.24893749999999993,
"QL_95":  0.31152499999999994,
"QL_55":  0.2842625000000001,
"QL_20":  0.28251249999999994,
"RL":  0.25582499999999997}
,
{ "x":  1.05,
"greedy000":  1.0,
"greedy050":  1.0,
"greedy100":  0.3104375000000001,
"DP_05":  1.0,
"DP_30":  1.0,
"DP_60":  1.0,
"DP_99":  0.2522875,
"QL_95":  0.31375,
"QL_55":  0.3076874999999999,
"QL_20":  0.30813749999999995,
"RL":  0.26460000000000006}
,
{ "x": 1.2,
"greedy000":  1.0,
"greedy050":  1.0,
"greedy100":  0.36058749999999995,
"DP_05":  1.0,
"DP_30":  1.0,
"DP_60":  1.0,
"DP_99":  0.2644249999999999,
"QL_95":  0.32543749999999994,
"QL_55":  0.33257500000000007,
"QL_20":  0.3561000000000001,
"RL":  0.27412499999999995}
,
{ "x":  1.35,
"greedy000":  1.0,
"greedy050":  1.0,
"greedy100":  0.35914999999999997,
"DP_05":  1.0,
"DP_30":  1.0,
"DP_60":  1.0,
"DP_99":  0.2660374999999999,
"QL_95":  0.3268375,
"QL_55":  0.32971249999999996,
"QL_20":  0.35885,
"RL":  0.27937500000000015}
,
{ "x":  1.5,
"greedy000":  1.0,
"greedy050":  1.0,
"greedy100":  0.3607250000000001,
"DP_05":  1.0,
"DP_30":  1.0,
"DP_60":  1.0,
"DP_99":  0.2651874999999999,
"QL_95":  0.3347000000000001,
"QL_55":  0.33153750000000004,
"QL_20":  0.3591375,
"RL":  0.28364999999999996}
]}
