{ "x_label":"capacity",
"y_label":"Acceptance Rate",
 "results":[
{ "x":  50,
"greedy000":  0.07204832412475629,
"greedy050":  0.07222116722474195,
"greedy100":  0.0719562943401662,
"DP_05":  0.0719562943401662,
"DP_30":  0.10902493979933603,
"DP_60":  0.1420023165583944,
"DP_95":  0.1420023165583944,
"QL":  0.13641643465179265}
,
{ "x":  250,
"greedy000":  0.4570910221039924,
"greedy050":  0.5108352529372285,
"greedy100":  0.5021956929165567,
"DP_05":  0.5021956929165567,
"DP_30":  0.5453421427862891,
"DP_60":  0.569468521389923,
"DP_95":  0.6455217269576947,
"QL":  0.6292637624266493}
,
{ "x":  450,
"greedy000":  0.4970611562763828,
"greedy050":  0.7449993087327127,
"greedy100":  0.9161083198876746,
"DP_05":  0.9161083198876746,
"DP_30":  0.9171194600842301,
"DP_60":  0.9172149911130412,
"DP_95":  0.8622735962067031,
"QL":  0.8053473107018005}
,
{ "x":  650,
"greedy000":  0.5024429104483417,
"greedy050":  0.7487491451831296,
"greedy100":  0.9994107984327301,
"DP_05":  0.9994107984327301,
"DP_30":  0.9994107984327301,
"DP_60":  0.9993915064485496,
"DP_95":  0.9989540444226492,
"QL":  0.8032598270433198}
]}
