{ "x_label":"capacity",
"y_label":"Average Profit",
 "results":[
{ "x":  50,
"greedy000":  0.0,
"greedy050":  0.0,
"greedy100":  45.37293169976735,
"DP_05":  0.0,
"DP_30":  0.0,
"DP_60":  0.0,
"DP_95":  56.907791785357595,
"QL":  56.87690675007095}
,
{ "x":  250,
"greedy000":  0.0,
"greedy050":  0.0,
"greedy100":  74.80535634501291,
"DP_05":  0.0,
"DP_30":  0.0,
"DP_60":  0.0,
"DP_95":  107.3522420693342,
"QL":  96.07487864239307}
,
{ "x":  450,
"greedy000":  0.0,
"greedy050":  0.0,
"greedy100":  111.21900338358259,
"DP_05":  0.0,
"DP_30":  0.0,
"DP_60":  0.0,
"DP_95":  116.78262819790807,
"QL":  99.26992117819256}
]}
