{ "x_label":"eta",
"y_label":"Acceptance Rate",
 "results":[
{ "x":  0.1,
"greedy000":  1010.0,
"greedy050":  0.41435246735284287,
"greedy100":  0.5161515795724816,
"DP_05":  0.6377869260041804,
"DP_30":  0.6377869260041804,
"DP_60":  0.6377869260041804,
"DP_95":  0.6377869260041804,
"QL":  0.6874078202983233}
,
{ "x":  0.125,
"greedy000":  650.0,
"greedy050":  0.4041979643903538,
"greedy100":  0.513421363792852,
"DP_05":  0.6216129471705669,
"DP_30":  0.6216129471705669,
"DP_60":  0.6216129471705669,
"DP_95":  0.6216129471705669,
"QL":  0.6779854627065214}
,
{ "x":  0.15000000000000002,
"greedy000":  449.99999999999994,
"greedy050":  0.41099696924649953,
"greedy100":  0.5125016674973103,
"DP_05":  0.5995956864025931,
"DP_30":  0.5995956864025931,
"DP_60":  0.5995956864025931,
"DP_95":  0.5995956864025931,
"QL":  0.6716011171161707}
,
{ "x":  0.17500000000000002,
"greedy000":  330.0,
"greedy050":  0.403082804403299,
"greedy100":  0.5091740028113892,
"DP_05":  0.5874509555182144,
"DP_30":  0.5874509555182144,
"DP_60":  0.5874509555182144,
"DP_95":  0.5874509555182144,
"QL":  0.6620803517851757}
,
{ "x":  0.2,
"greedy000":  260.0,
"greedy050":  0.3925511282247553,
"greedy100":  0.4922736684668771,
"DP_05":  0.5855765952444741,
"DP_30":  0.5855765952444741,
"DP_60":  0.5855765952444741,
"DP_95":  0.5855765952444741,
"QL":  0.6523455573401629}
,
{ "x":  0.225,
"greedy000":  205.55555555555557,
"greedy050":  0.38156920487507606,
"greedy100":  0.4827723852489747,
"DP_05":  0.5673727009298869,
"DP_30":  0.5673727009298869,
"DP_60":  0.5673727009298869,
"DP_95":  0.5673727009298869,
"QL":  0.6472331882455302}
,
{ "x":  0.25,
"greedy000":  170.0,
"greedy050":  0.388546600682994,
"greedy100":  0.4771435652399238,
"DP_05":  0.5558823400604505,
"DP_30":  0.5558823400604505,
"DP_60":  0.5558823400604505,
"DP_95":  0.5558823400604505,
"QL":  0.6327477510033033}
,
{ "x":  0.275,
"greedy000":  140.9090909090909,
"greedy050":  0.36931888683072944,
"greedy100":  0.4672925806555669,
"DP_05":  0.5409475918945403,
"DP_30":  0.5409475918945403,
"DP_60":  0.5409475918945403,
"DP_95":  0.5409475918945403,
"QL":  0.6168526783293855}
,
{ "x":  0.30000000000000004,
"greedy000":  116.66666666666666,
"greedy050":  0.3779454488132892,
"greedy100":  0.46817145605042143,
"DP_05":  0.5321991231077361,
"DP_30":  0.5321991231077361,
"DP_60":  0.5321991231077361,
"DP_95":  0.5321991231077361,
"QL":  0.5954507230801392}
,
{ "x":  0.325,
"greedy000":  102.3076923076923,
"greedy050":  0.3664823967525434,
"greedy100":  0.443430063824504,
"DP_05":  0.5064020819154758,
"DP_30":  0.5064020819154758,
"DP_60":  0.5064020819154758,
"DP_95":  0.5064020819154758,
"QL":  0.5740237720844239}
,
{ "x":  0.35,
"greedy000":  90.0,
"greedy050":  0.3633877080873285,
"greedy100":  0.43826716690159023,
"DP_05":  0.4947473365977649,
"DP_30":  0.4947473365977649,
"DP_60":  0.4947473365977649,
"DP_95":  0.4947473365977649,
"QL":  0.5516158530748065}
,
{ "x":  0.375,
"greedy000":  79.33333333333334,
"greedy050":  0.34501650713278126,
"greedy100":  0.42732056601346446,
"DP_05":  0.47924851419003894,
"DP_30":  0.47924851419003894,
"DP_60":  0.47924851419003894,
"DP_95":  0.47924851419003894,
"QL":  0.5585096051692009}
,
{ "x":  0.4,
"greedy000":  70.0,
"greedy050":  0.3540628973254797,
"greedy100":  0.41159382022849567,
"DP_05":  0.45981121209016285,
"DP_30":  0.45981121209016285,
"DP_60":  0.45981121209016285,
"DP_95":  0.45981121209016285,
"QL":  0.520810963091327}
,
{ "x":  0.42500000000000004,
"greedy000":  61.76470588235294,
"greedy050":  0.3349739186035284,
"greedy100":  0.3931217446059253,
"DP_05":  0.4303189731064264,
"DP_30":  0.4303189731064264,
"DP_60":  0.4303189731064264,
"DP_95":  0.4303189731064264,
"QL":  0.5020103668597204}
,
{ "x":  0.45000000000000007,
"greedy000":  58.888888888888886,
"greedy050":  0.33207323960511803,
"greedy100":  0.39549361872937716,
"DP_05":  0.4499337108957964,
"DP_30":  0.4499337108957964,
"DP_60":  0.4499337108957964,
"DP_95":  0.4499337108957964,
"QL":  0.5142205822916115}
,
{ "x":  0.475,
"greedy000":  52.10526315789474,
"greedy050":  0.32840826772139503,
"greedy100":  0.3912173237959018,
"DP_05":  0.4261380306781944,
"DP_30":  0.4261380306781944,
"DP_60":  0.4261380306781944,
"DP_95":  0.4261380306781944,
"QL":  0.49117853727936167}
,
{ "x":  0.5,
"greedy000":  50.0,
"greedy050":  0.33940533766718745,
"greedy100":  0.3986775902206102,
"DP_05":  0.43733321182548013,
"DP_30":  0.43733321182548013,
"DP_60":  0.43733321182548013,
"DP_95":  0.43733321182548013,
"QL":  0.49736061095190626}
,
{ "x":  0.525,
"greedy000":  44.285714285714285,
"greedy050":  0.3242704467253076,
"greedy100":  0.37668363524614956,
"DP_05":  0.4123789991359522,
"DP_30":  0.4123789991359522,
"DP_60":  0.4123789991359522,
"DP_95":  0.4123789991359522,
"QL":  0.4703950670785059}
,
{ "x":  0.55,
"greedy000":  42.72727272727273,
"greedy050":  0.32143257434215866,
"greedy100":  0.36707135453830064,
"DP_05":  0.3979517300678294,
"DP_30":  0.3979517300678294,
"DP_60":  0.3979517300678294,
"DP_95":  0.3979517300678294,
"QL":  0.42636403758985936}
,
{ "x":  0.5750000000000001,
"greedy000":  37.82608695652174,
"greedy050":  0.31247292433269014,
"greedy100":  0.35199477573014293,
"DP_05":  0.37215308854889734,
"DP_30":  0.37215308854889734,
"DP_60":  0.37215308854889734,
"DP_95":  0.37215308854889734,
"QL":  0.4142848504049371}
,
{ "x":  0.6,
"greedy000":  36.66666666666667,
"greedy050":  0.30595235059344195,
"greedy100":  0.3563479840941984,
"DP_05":  0.3899845334875069,
"DP_30":  0.3899845334875069,
"DP_60":  0.3899845334875069,
"DP_95":  0.3899845334875069,
"QL":  0.4203046389426525}
]}
