{ "x_label":"eta",
"y_label":"Acceptance Rate",
 "results":[
{ "x":  0.1,
"greedy000":  0.40388403858976885,
"greedy050":  0.51265229969518,
"greedy100":  0.6299654748470395,
"DP_05":  0.6299654748470395,
"DP_30":  0.6299654748470395,
"DP_60":  0.6299654748470395,
"DP_95":  0.6817663981396984,
"QL":  0.36691814567703196}
,
{ "x":  0.125,
"greedy000":  0.4013392710536115,
"greedy050":  0.5094580528911277,
"greedy100":  0.6254993492475911,
"DP_05":  0.6254993492475911,
"DP_30":  0.6254993492475911,
"DP_60":  0.6254993492475911,
"DP_95":  0.6780115373866931,
"QL":  0.22032987448563968}
,
{ "x":  0.15000000000000002,
"greedy000":  0.4089357663020641,
"greedy050":  0.5107372174664582,
"greedy100":  0.595809927444448,
"DP_05":  0.595809927444448,
"DP_30":  0.595809927444448,
"DP_60":  0.595809927444448,
"DP_95":  0.6694216825156736,
"QL":  0.1944049319613052}
,
{ "x":  0.17500000000000002,
"greedy000":  0.40457114066259486,
"greedy050":  0.5067659915304793,
"greedy100":  0.5905775965708476,
"DP_05":  0.5905775965708476,
"DP_30":  0.5905775965708476,
"DP_60":  0.5905775965708476,
"DP_95":  0.6648060526153978,
"QL":  0.24281969499540135}
,
{ "x":  0.2,
"greedy000":  0.38746855396590363,
"greedy050":  0.4889251029218814,
"greedy100":  0.5783223359872968,
"DP_05":  0.5783223359872968,
"DP_30":  0.5783223359872968,
"DP_60":  0.5783223359872968,
"DP_95":  0.6470888749080659,
"QL":  0.19558728613400567}
,
{ "x":  0.225,
"greedy000":  0.38005826212948807,
"greedy050":  0.47636472158714066,
"greedy100":  0.5574916601074571,
"DP_05":  0.5574916601074571,
"DP_30":  0.5574916601074571,
"DP_60":  0.5574916601074571,
"DP_95":  0.6390607721856542,
"QL":  0.16496467893890862}
,
{ "x":  0.25,
"greedy000":  0.38269709509715427,
"greedy050":  0.4757692099123618,
"greedy100":  0.5535443899142649,
"DP_05":  0.5535443899142649,
"DP_30":  0.5535443899142649,
"DP_60":  0.5535443899142649,
"DP_95":  0.6294705424282394,
"QL":  0.22507597651474867}
,
{ "x":  0.275,
"greedy000":  0.3737060949572132,
"greedy050":  0.4623487206359663,
"greedy100":  0.5405034065748435,
"DP_05":  0.5405034065748435,
"DP_30":  0.5405034065748435,
"DP_60":  0.5405034065748435,
"DP_95":  0.6171222797405868,
"QL":  0.29580986502663015}
,
{ "x":  0.30000000000000004,
"greedy000":  0.37469158713242934,
"greedy050":  0.46881358576155724,
"greedy100":  0.5340715076790359,
"DP_05":  0.5340715076790359,
"DP_30":  0.5340715076790359,
"DP_60":  0.5340715076790359,
"DP_95":  0.5973393723726603,
"QL":  0.3088017422773025}
,
{ "x":  0.325,
"greedy000":  0.36427278402318086,
"greedy050":  0.44249708065151633,
"greedy100":  0.5034262751216676,
"DP_05":  0.5034262751216676,
"DP_30":  0.5034262751216676,
"DP_60":  0.5034262751216676,
"DP_95":  0.573807031718728,
"QL":  0.25758459965293434}
,
{ "x":  0.35,
"greedy000":  0.35953857399560074,
"greedy050":  0.4364746825292684,
"greedy100":  0.4912124673045377,
"DP_05":  0.4912124673045377,
"DP_30":  0.4912124673045377,
"DP_60":  0.4912124673045377,
"DP_95":  0.5490675243386296,
"QL":  0.29208314664128143}
,
{ "x":  0.375,
"greedy000":  0.347726822312115,
"greedy050":  0.41978526768127844,
"greedy100":  0.4795105400501415,
"DP_05":  0.4795105400501415,
"DP_30":  0.4795105400501415,
"DP_60":  0.4795105400501415,
"DP_95":  0.5546726900148515,
"QL":  0.27720595032278894}
,
{ "x":  0.4,
"greedy000":  0.3534322916464193,
"greedy050":  0.41358857591771925,
"greedy100":  0.45727127587396854,
"DP_05":  0.45727127587396854,
"DP_30":  0.45727127587396854,
"DP_60":  0.45727127587396854,
"DP_95":  0.5215474356539669,
"QL":  0.32013776688298}
,
{ "x":  0.42500000000000004,
"greedy000":  0.3352418587643141,
"greedy050":  0.39448320027140144,
"greedy100":  0.4329517109063847,
"DP_05":  0.4329517109063847,
"DP_30":  0.4329517109063847,
"DP_60":  0.4329517109063847,
"DP_95":  0.502044302245167,
"QL":  0.324488332850633}
,
{ "x":  0.45000000000000007,
"greedy000":  0.33095108805240137,
"greedy050":  0.4003189446382051,
"greedy100":  0.4530990426720183,
"DP_05":  0.4530990426720183,
"DP_30":  0.4530990426720183,
"DP_60":  0.4530990426720183,
"DP_95":  0.5211798769934959,
"QL":  0.3681116071458321}
,
{ "x":  0.475,
"greedy000":  0.3319534010636188,
"greedy050":  0.3893514332476338,
"greedy100":  0.42551137741374856,
"DP_05":  0.42551137741374856,
"DP_30":  0.42551137741374856,
"DP_60":  0.42551137741374856,
"DP_95":  0.48890662147789943,
"QL":  0.3293899798755088}
,
{ "x":  0.5,
"greedy000":  0.3387513935029721,
"greedy050":  0.39678291668913446,
"greedy100":  0.4382567819746809,
"DP_05":  0.4382567819746809,
"DP_30":  0.4382567819746809,
"DP_60":  0.4382567819746809,
"DP_95":  0.49798892309932985,
"QL":  0.38678015091041}
,
{ "x":  0.525,
"greedy000":  0.3194582964205275,
"greedy050":  0.3713668198191863,
"greedy100":  0.40663565071038094,
"DP_05":  0.40663565071038094,
"DP_30":  0.40663565071038094,
"DP_60":  0.40663565071038094,
"DP_95":  0.46627036906950126,
"QL":  0.3482601339169802}
,
{ "x":  0.55,
"greedy000":  0.31972400366097753,
"greedy050":  0.3649045482438863,
"greedy100":  0.39244895551292613,
"DP_05":  0.39244895551292613,
"DP_30":  0.39244895551292613,
"DP_60":  0.39244895551292613,
"DP_95":  0.4234244076713443,
"QL":  0.3694897402995586}
,
{ "x":  0.5750000000000001,
"greedy000":  0.30935076412353835,
"greedy050":  0.34890896877446265,
"greedy100":  0.3719763904726948,
"DP_05":  0.3719763904726948,
"DP_30":  0.3719763904726948,
"DP_60":  0.3719763904726948,
"DP_95":  0.4137513437928499,
"QL":  0.36011563407928165}
,
{ "x":  0.6,
"greedy000":  0.3077544703016254,
"greedy050":  0.3551488329284004,
"greedy100":  0.38564744774151655,
"DP_05":  0.38564744774151655,
"DP_30":  0.38564744774151655,
"DP_60":  0.38564744774151655,
"DP_95":  0.4176427507178375,
"QL":  0.3576552134111753}
]}
