{ "x_label":"eta",
"y_label":"Acceptance Rate",
 "results":[
{ "x":  0.1,
"greedy000":  0.41435246735284287,
"greedy050":  0.5161515795724816,
"greedy100":  0.6377869260041804,
"DP_05":  0.6377869260041804,
"DP_30":  0.6377869260041804,
"DP_60":  0.6377869260041804,
"DP_95":  0.6874078202983233,
"QL":  0.21325131244589732}
,
{ "x":  0.125,
"greedy000":  0.4041979643903538,
"greedy050":  0.513421363792852,
"greedy100":  0.6216129471705669,
"DP_05":  0.6216129471705669,
"DP_30":  0.6216129471705669,
"DP_60":  0.6216129471705669,
"DP_95":  0.6779854627065214,
"QL":  0.352987199954795}
,
{ "x":  0.15000000000000002,
"greedy000":  0.41099696924649953,
"greedy050":  0.5125016674973103,
"greedy100":  0.5995956864025931,
"DP_05":  0.5995956864025931,
"DP_30":  0.5995956864025931,
"DP_60":  0.5995956864025931,
"DP_95":  0.6716011171161707,
"QL":  0.19069502354062112}
,
{ "x":  0.17500000000000002,
"greedy000":  0.403082804403299,
"greedy050":  0.5091740028113892,
"greedy100":  0.5874509555182144,
"DP_05":  0.5874509555182144,
"DP_30":  0.5874509555182144,
"DP_60":  0.5874509555182144,
"DP_95":  0.6620803517851757,
"QL":  0.28386393562313816}
,
{ "x":  0.2,
"greedy000":  0.3925511282247553,
"greedy050":  0.4922736684668771,
"greedy100":  0.5855765952444741,
"DP_05":  0.5855765952444741,
"DP_30":  0.5855765952444741,
"DP_60":  0.5855765952444741,
"DP_95":  0.6523455573401629,
"QL":  0.2769624260014336}
,
{ "x":  0.225,
"greedy000":  0.38156920487507606,
"greedy050":  0.4827723852489747,
"greedy100":  0.5673727009298869,
"DP_05":  0.5673727009298869,
"DP_30":  0.5673727009298869,
"DP_60":  0.5673727009298869,
"DP_95":  0.6472331882455302,
"QL":  0.15642667500287324}
,
{ "x":  0.25,
"greedy000":  0.388546600682994,
"greedy050":  0.4771435652399238,
"greedy100":  0.5558823400604505,
"DP_05":  0.5558823400604505,
"DP_30":  0.5558823400604505,
"DP_60":  0.5558823400604505,
"DP_95":  0.6327477510033033,
"QL":  0.16777877747574665}
,
{ "x":  0.275,
"greedy000":  0.36931888683072944,
"greedy050":  0.4672925806555669,
"greedy100":  0.5409475918945403,
"DP_05":  0.5409475918945403,
"DP_30":  0.5409475918945403,
"DP_60":  0.5409475918945403,
"DP_95":  0.6168526783293855,
"QL":  0.1654248531149481}
,
{ "x":  0.30000000000000004,
"greedy000":  0.3779454488132892,
"greedy050":  0.46817145605042143,
"greedy100":  0.5321991231077361,
"DP_05":  0.5321991231077361,
"DP_30":  0.5321991231077361,
"DP_60":  0.5321991231077361,
"DP_95":  0.5954507230801392,
"QL":  0.13151788670781484}
,
{ "x":  0.325,
"greedy000":  0.3664823967525434,
"greedy050":  0.443430063824504,
"greedy100":  0.5064020819154758,
"DP_05":  0.5064020819154758,
"DP_30":  0.5064020819154758,
"DP_60":  0.5064020819154758,
"DP_95":  0.5740237720844239,
"QL":  0.17500850300298704}
,
{ "x":  0.35,
"greedy000":  0.3633877080873285,
"greedy050":  0.43826716690159023,
"greedy100":  0.4947473365977649,
"DP_05":  0.4947473365977649,
"DP_30":  0.4947473365977649,
"DP_60":  0.4947473365977649,
"DP_95":  0.5516158530748065,
"QL":  0.22413925249296973}
,
{ "x":  0.375,
"greedy000":  0.34501650713278126,
"greedy050":  0.42732056601346446,
"greedy100":  0.47924851419003894,
"DP_05":  0.47924851419003894,
"DP_30":  0.47924851419003894,
"DP_60":  0.47924851419003894,
"DP_95":  0.5585096051692009,
"QL":  0.1319061178970542}
,
{ "x":  0.4,
"greedy000":  0.3540628973254797,
"greedy050":  0.41159382022849567,
"greedy100":  0.45981121209016285,
"DP_05":  0.45981121209016285,
"DP_30":  0.45981121209016285,
"DP_60":  0.45981121209016285,
"DP_95":  0.520810963091327,
"QL":  0.18565231664669243}
,
{ "x":  0.42500000000000004,
"greedy000":  0.3349739186035284,
"greedy050":  0.3931217446059253,
"greedy100":  0.4303189731064264,
"DP_05":  0.4303189731064264,
"DP_30":  0.4303189731064264,
"DP_60":  0.4303189731064264,
"DP_95":  0.5020103668597204,
"QL":  0.16001527035455107}
,
{ "x":  0.45000000000000007,
"greedy000":  0.33207323960511803,
"greedy050":  0.39549361872937716,
"greedy100":  0.4499337108957964,
"DP_05":  0.4499337108957964,
"DP_30":  0.4499337108957964,
"DP_60":  0.4499337108957964,
"DP_95":  0.5142205822916115,
"QL":  0.25702388654876696}
,
{ "x":  0.475,
"greedy000":  0.32840826772139503,
"greedy050":  0.3912173237959018,
"greedy100":  0.4261380306781944,
"DP_05":  0.4261380306781944,
"DP_30":  0.4261380306781944,
"DP_60":  0.4261380306781944,
"DP_95":  0.49117853727936167,
"QL":  0.20653515575683926}
,
{ "x":  0.5,
"greedy000":  0.33940533766718745,
"greedy050":  0.3986775902206102,
"greedy100":  0.43733321182548013,
"DP_05":  0.43733321182548013,
"DP_30":  0.43733321182548013,
"DP_60":  0.43733321182548013,
"DP_95":  0.49736061095190626,
"QL":  0.1791704919940691}
,
{ "x":  0.525,
"greedy000":  0.3242704467253076,
"greedy050":  0.37668363524614956,
"greedy100":  0.4123789991359522,
"DP_05":  0.4123789991359522,
"DP_30":  0.4123789991359522,
"DP_60":  0.4123789991359522,
"DP_95":  0.4703950670785059,
"QL":  0.26014176170448317}
,
{ "x":  0.55,
"greedy000":  0.32143257434215866,
"greedy050":  0.36707135453830064,
"greedy100":  0.3979517300678294,
"DP_05":  0.3979517300678294,
"DP_30":  0.3979517300678294,
"DP_60":  0.3979517300678294,
"DP_95":  0.42636403758985936,
"QL":  0.2056981292847067}
,
{ "x":  0.5750000000000001,
"greedy000":  0.31247292433269014,
"greedy050":  0.35199477573014293,
"greedy100":  0.37215308854889734,
"DP_05":  0.37215308854889734,
"DP_30":  0.37215308854889734,
"DP_60":  0.37215308854889734,
"DP_95":  0.4142848504049371,
"QL":  0.23736895200378916}
,
{ "x":  0.6,
"greedy000":  0.30595235059344195,
"greedy050":  0.3563479840941984,
"greedy100":  0.3899845334875069,
"DP_05":  0.3899845334875069,
"DP_30":  0.3899845334875069,
"DP_60":  0.3899845334875069,
"DP_95":  0.4203046389426525,
"QL":  0.2379488487305068}
]}
