{ "x_label":"eta",
"y_label":"Acceptance Rate",
 "results":[
{ "x":  0.1,
"greedy000":  0.40521090245790414,
"greedy050":  0.5130684235204434,
"greedy100":  0.6333210690400117,
"DP_05":  0.6333210690400117,
"DP_30":  0.6333210690400117,
"DP_60":  0.6333210690400117,
"DP_95":  0.6844321259990152,
"QL":  0.3805587993524871}
,
{ "x":  0.125,
"greedy000":  0.40489711667639217,
"greedy050":  0.5157655771337575,
"greedy100":  0.6322693757802624,
"DP_05":  0.6322693757802624,
"DP_30":  0.6322693757802624,
"DP_60":  0.6322693757802624,
"DP_95":  0.6839456920574782,
"QL":  0.21227136045279096}
,
{ "x":  0.15000000000000002,
"greedy000":  0.40890418946486334,
"greedy050":  0.5115998931205394,
"greedy100":  0.5961743245314767,
"DP_05":  0.5961743245314767,
"DP_30":  0.5961743245314767,
"DP_60":  0.5961743245314767,
"DP_95":  0.6697960192149272,
"QL":  0.16460895345558807}
,
{ "x":  0.17500000000000002,
"greedy000":  0.4052958854139301,
"greedy050":  0.5023495597896557,
"greedy100":  0.5907568717375372,
"DP_05":  0.5907568717375372,
"DP_30":  0.5907568717375372,
"DP_60":  0.5907568717375372,
"DP_95":  0.6627804431399038,
"QL":  0.12857744022251455}
,
{ "x":  0.2,
"greedy000":  0.38865349270979205,
"greedy050":  0.4918957755475966,
"greedy100":  0.5825344704320106,
"DP_05":  0.5825344704320106,
"DP_30":  0.5825344704320106,
"DP_60":  0.5825344704320106,
"DP_95":  0.6492548715090446,
"QL":  0.11586638372598845}
,
{ "x":  0.225,
"greedy000":  0.38509608173524534,
"greedy050":  0.4782102039976639,
"greedy100":  0.5576897974119233,
"DP_05":  0.5576897974119233,
"DP_30":  0.5576897974119233,
"DP_60":  0.5576897974119233,
"DP_95":  0.6385513009024077,
"QL":  0.09676582247037813}
,
{ "x":  0.25,
"greedy000":  0.3822253757625205,
"greedy050":  0.47314551045937236,
"greedy100":  0.5500659030182222,
"DP_05":  0.5500659030182222,
"DP_30":  0.5500659030182222,
"DP_60":  0.5500659030182222,
"DP_95":  0.6294545567343379,
"QL":  0.10762375963831408}
,
{ "x":  0.275,
"greedy000":  0.3690632825633652,
"greedy050":  0.4598496549627746,
"greedy100":  0.5378294132988708,
"DP_05":  0.5378294132988708,
"DP_30":  0.5378294132988708,
"DP_60":  0.5378294132988708,
"DP_95":  0.6143693833382943,
"QL":  0.17571507715401263}
,
{ "x":  0.30000000000000004,
"greedy000":  0.3737019221578713,
"greedy050":  0.46699758448939627,
"greedy100":  0.5321637147490411,
"DP_05":  0.5321637147490411,
"DP_30":  0.5321637147490411,
"DP_60":  0.5321637147490411,
"DP_95":  0.5966819201731013,
"QL":  0.20842361077612317}
,
{ "x":  0.325,
"greedy000":  0.3647812246785804,
"greedy050":  0.4459362239249981,
"greedy100":  0.506831963842046,
"DP_05":  0.506831963842046,
"DP_30":  0.506831963842046,
"DP_60":  0.506831963842046,
"DP_95":  0.5754396098275372,
"QL":  0.20906706116480386}
,
{ "x":  0.35,
"greedy000":  0.3624669762081231,
"greedy050":  0.4363921675943453,
"greedy100":  0.4936164618600367,
"DP_05":  0.4936164618600367,
"DP_30":  0.4936164618600367,
"DP_60":  0.4936164618600367,
"DP_95":  0.5503948018173361,
"QL":  0.2657062807691605}
,
{ "x":  0.375,
"greedy000":  0.3467545040931058,
"greedy050":  0.41901186297078963,
"greedy100":  0.48049796840169945,
"DP_05":  0.48049796840169945,
"DP_30":  0.48049796840169945,
"DP_60":  0.48049796840169945,
"DP_95":  0.5556216426859195,
"QL":  0.1577855966753103}
,
{ "x":  0.4,
"greedy000":  0.3509237222995333,
"greedy050":  0.41315748281216325,
"greedy100":  0.45522077805845684,
"DP_05":  0.45522077805845684,
"DP_30":  0.45522077805845684,
"DP_60":  0.45522077805845684,
"DP_95":  0.5182736457502202,
"QL":  0.28087064709441945}
,
{ "x":  0.42500000000000004,
"greedy000":  0.33803117170839597,
"greedy050":  0.3935194906477545,
"greedy100":  0.4305814225202124,
"DP_05":  0.4305814225202124,
"DP_30":  0.4305814225202124,
"DP_60":  0.4305814225202124,
"DP_95":  0.5030556424380553,
"QL":  0.2842867543921969}
,
{ "x":  0.45000000000000007,
"greedy000":  0.33459388779484983,
"greedy050":  0.40261072231759876,
"greedy100":  0.45432498003393074,
"DP_05":  0.45432498003393074,
"DP_30":  0.45432498003393074,
"DP_60":  0.45432498003393074,
"DP_95":  0.5231911314858756,
"QL":  0.2666799498571796}
,
{ "x":  0.475,
"greedy000":  0.33138775681254906,
"greedy050":  0.3878450051314887,
"greedy100":  0.4240218957123686,
"DP_05":  0.4240218957123686,
"DP_30":  0.4240218957123686,
"DP_60":  0.4240218957123686,
"DP_95":  0.4878197120455491,
"QL":  0.29021553600830285}
,
{ "x":  0.5,
"greedy000":  0.33671770288883845,
"greedy050":  0.39426354783745554,
"greedy100":  0.43112254112081905,
"DP_05":  0.43112254112081905,
"DP_30":  0.43112254112081905,
"DP_60":  0.43112254112081905,
"DP_95":  0.49259922224561803,
"QL":  0.2900388134481844}
,
{ "x":  0.525,
"greedy000":  0.32333054326760385,
"greedy050":  0.3778195895719122,
"greedy100":  0.4151477970641618,
"DP_05":  0.4151477970641618,
"DP_30":  0.4151477970641618,
"DP_60":  0.4151477970641618,
"DP_95":  0.4729701113143758,
"QL":  0.2805442915630594}
,
{ "x":  0.55,
"greedy000":  0.31937041679122335,
"greedy050":  0.3684076280638574,
"greedy100":  0.3949009855230222,
"DP_05":  0.3949009855230222,
"DP_30":  0.3949009855230222,
"DP_60":  0.3949009855230222,
"DP_95":  0.42357267693995676,
"QL":  0.29611496516323965}
,
{ "x":  0.5750000000000001,
"greedy000":  0.3059208426036159,
"greedy050":  0.34914897262834044,
"greedy100":  0.37001275277745643,
"DP_05":  0.37001275277745643,
"DP_30":  0.37001275277745643,
"DP_60":  0.37001275277745643,
"DP_95":  0.4119736839108386,
"QL":  0.27802030090384344}
,
{ "x":  0.6,
"greedy000":  0.3100336174037993,
"greedy050":  0.361240029485174,
"greedy100":  0.3894514606203519,
"DP_05":  0.3894514606203519,
"DP_30":  0.3894514606203519,
"DP_60":  0.3894514606203519,
"DP_95":  0.42225999759574934,
"QL":  0.3014370200792592}
]}
