{ "x_label":"eta",
"y_label":"Federation Rate",
 "results":[
{ "x":  0.1,
"greedy000":  0.5961159614102309,
"greedy050":  0.48734770030482,
"greedy100":  0.37003452515296076,
"DP_05":  0.055308544926601255,
"DP_30":  0.055308544926601255,
"DP_60":  0.055308544926601255,
"DP_95":  0.0007973662639293095,
"QL":  0.24958323406415667}
,
{ "x":  0.125,
"greedy000":  0.5986607289463886,
"greedy050":  0.4905419471088722,
"greedy100":  0.3745006507524087,
"DP_05":  0.0592337317361057,
"DP_30":  0.0592337317361057,
"DP_60":  0.0592337317361057,
"DP_95":  0.002385052198422004,
"QL":  0.3776019328616876}
,
{ "x":  0.15000000000000002,
"greedy000":  0.5910642336979358,
"greedy050":  0.4892627825335417,
"greedy100":  0.40419007255555206,
"DP_05":  0.08754852150049106,
"DP_30":  0.08754852150049106,
"DP_60":  0.08754852150049106,
"DP_95":  0.0031731693987945746,
"QL":  0.4707025001880202}
,
{ "x":  0.17500000000000002,
"greedy000":  0.5954288593374052,
"greedy050":  0.4932340084695207,
"greedy100":  0.40942240342915237,
"DP_05":  0.08958962721201408,
"DP_30":  0.08958962721201408,
"DP_60":  0.08958962721201408,
"DP_95":  0.003909182314003416,
"QL":  0.35441011375166076}
,
{ "x":  0.2,
"greedy000":  0.6125314460340964,
"greedy050":  0.5110748970781186,
"greedy100":  0.4216776640127032,
"DP_05":  0.09562359989775496,
"DP_30":  0.09562359989775496,
"DP_60":  0.09562359989775496,
"DP_95":  0.016728647527457834,
"QL":  0.4699535388759474}
,
{ "x":  0.225,
"greedy000":  0.6199417378705119,
"greedy050":  0.5236352784128593,
"greedy100":  0.4425083398925428,
"DP_05":  0.1101882214113252,
"DP_30":  0.1101882214113252,
"DP_60":  0.1101882214113252,
"DP_95":  0.012548121153150252,
"QL":  0.45687642154237473}
,
{ "x":  0.25,
"greedy000":  0.6173029049028458,
"greedy050":  0.5242307900876382,
"greedy100":  0.4464556100857352,
"DP_05":  0.1170442727709976,
"DP_30":  0.1170442727709976,
"DP_60":  0.1170442727709976,
"DP_95":  0.025260531594448972,
"QL":  0.3870007277147727}
,
{ "x":  0.275,
"greedy000":  0.6262939050427867,
"greedy050":  0.5376512793640337,
"greedy100":  0.4594965934251564,
"DP_05":  0.12043626277030783,
"DP_30":  0.12043626277030783,
"DP_60":  0.12043626277030783,
"DP_95":  0.026813216735854663,
"QL":  0.38065387570021153}
,
{ "x":  0.30000000000000004,
"greedy000":  0.6253084128675707,
"greedy050":  0.5311864142384428,
"greedy100":  0.46592849232096417,
"DP_05":  0.12626985682587236,
"DP_30":  0.12626985682587236,
"DP_60":  0.12626985682587236,
"DP_95":  0.04529391335295113,
"QL":  0.4523095598959371}
,
{ "x":  0.325,
"greedy000":  0.635727215976819,
"greedy050":  0.5575029193484837,
"greedy100":  0.49657372487833235,
"DP_05":  0.49657372487833235,
"DP_30":  0.49657372487833235,
"DP_60":  0.49657372487833235,
"DP_95":  0.42619296828127207,
"QL":  0.5254321001397761}
,
{ "x":  0.35,
"greedy000":  0.6404614260043993,
"greedy050":  0.5635253174707315,
"greedy100":  0.5087875326954623,
"DP_05":  0.5087875326954623,
"DP_30":  0.5087875326954623,
"DP_60":  0.5087875326954623,
"DP_95":  0.45093247566137035,
"QL":  0.5632346348365138}
,
{ "x":  0.375,
"greedy000":  0.652273177687885,
"greedy050":  0.5802147323187216,
"greedy100":  0.5204894599498585,
"DP_05":  0.5204894599498585,
"DP_30":  0.5204894599498585,
"DP_60":  0.5204894599498585,
"DP_95":  0.44532730998514847,
"QL":  0.6177630148037017}
,
{ "x":  0.4,
"greedy000":  0.6465677083535805,
"greedy050":  0.5864114240822808,
"greedy100":  0.5427287241260315,
"DP_05":  0.5427287241260315,
"DP_30":  0.5427287241260315,
"DP_60":  0.5427287241260315,
"DP_95":  0.47845256434603306,
"QL":  0.6111617072837492}
,
{ "x":  0.42500000000000004,
"greedy000":  0.6647581412356858,
"greedy050":  0.6055167997285985,
"greedy100":  0.5670482890936153,
"DP_05":  0.5670482890936153,
"DP_30":  0.5670482890936153,
"DP_60":  0.5670482890936153,
"DP_95":  0.4979556977548329,
"QL":  0.6209490731711773}
,
{ "x":  0.45000000000000007,
"greedy000":  0.6690489119475986,
"greedy050":  0.5996810553617948,
"greedy100":  0.5469009573279817,
"DP_05":  0.5469009573279817,
"DP_30":  0.5469009573279817,
"DP_60":  0.5469009573279817,
"DP_95":  0.47882012300650406,
"QL":  0.6278006932509961}
,
{ "x":  0.475,
"greedy000":  0.6680465989363811,
"greedy050":  0.6106485667523662,
"greedy100":  0.5744886225862514,
"DP_05":  0.5744886225862514,
"DP_30":  0.5744886225862514,
"DP_60":  0.5744886225862514,
"DP_95":  0.5110933785221006,
"QL":  0.6324498539772381}
,
{ "x":  0.5,
"greedy000":  0.6612486064970278,
"greedy050":  0.6032170833108655,
"greedy100":  0.5617432180253191,
"DP_05":  0.5617432180253191,
"DP_30":  0.5617432180253191,
"DP_60":  0.5617432180253191,
"DP_95":  0.5020110769006702,
"QL":  0.6129038041356792}
,
{ "x":  0.525,
"greedy000":  0.6805417035794725,
"greedy050":  0.6286331801808137,
"greedy100":  0.593364349289619,
"DP_05":  0.593364349289619,
"DP_30":  0.593364349289619,
"DP_60":  0.593364349289619,
"DP_95":  0.5337296309304987,
"QL":  0.6472340214495316}
,
{ "x":  0.55,
"greedy000":  0.6802759963390225,
"greedy050":  0.6350954517561137,
"greedy100":  0.6075510444870736,
"DP_05":  0.6075510444870736,
"DP_30":  0.6075510444870736,
"DP_60":  0.6075510444870736,
"DP_95":  0.5765755923286557,
"QL":  0.6305102597004415}
,
{ "x":  0.5750000000000001,
"greedy000":  0.6906492358764615,
"greedy050":  0.6510910312255374,
"greedy100":  0.6280236095273051,
"DP_05":  0.6280236095273051,
"DP_30":  0.6280236095273051,
"DP_60":  0.6280236095273051,
"DP_95":  0.5862486562071502,
"QL":  0.6398843659207183}
,
{ "x":  0.6,
"greedy000":  0.6922455296983745,
"greedy050":  0.6448511670715995,
"greedy100":  0.6143525522584834,
"DP_05":  0.6143525522584834,
"DP_30":  0.6143525522584834,
"DP_60":  0.6143525522584834,
"DP_95":  0.5823572492821625,
"QL":  0.6423447865888249}
]}
