{ "x_label":"eta",
"y_label":"Federation Rate",
 "results":[
{ "x":  0.1,
"greedy000":  0.5856475326471571,
"greedy050":  0.48384842042751847,
"greedy100":  0.36221307399581965,
"DP_05":  0.05247753618087424,
"DP_30":  0.05247753618087424,
"DP_60":  0.05247753618087424,
"DP_95":  0.0010797781814200179,
"QL":  0.3814471121379534}
,
{ "x":  0.125,
"greedy000":  0.5958020356096461,
"greedy050":  0.48657863620714803,
"greedy100":  0.37838705282943313,
"DP_05":  0.06251056565218809,
"DP_30":  0.06251056565218809,
"DP_60":  0.06251056565218809,
"DP_95":  0.0024243974296252182,
"QL":  0.28807352850045337}
,
{ "x":  0.15000000000000002,
"greedy000":  0.5890030307535004,
"greedy050":  0.4874983325026897,
"greedy100":  0.40040431359740686,
"DP_05":  0.0866487716845968,
"DP_30":  0.0866487716845968,
"DP_60":  0.0866487716845968,
"DP_95":  0.0029915411661375173,
"QL":  0.3914494860325274}
,
{ "x":  0.17500000000000002,
"greedy000":  0.596917195596701,
"greedy050":  0.4908259971886107,
"greedy100":  0.41254904448178575,
"DP_05":  0.09106410831666131,
"DP_30":  0.09106410831666131,
"DP_60":  0.09106410831666131,
"DP_95":  0.004428344040690164,
"QL":  0.41552285831046526}
,
{ "x":  0.2,
"greedy000":  0.6074488717752448,
"greedy050":  0.507726331533123,
"greedy100":  0.4144234047555259,
"DP_05":  0.09418432111389895,
"DP_30":  0.09418432111389895,
"DP_60":  0.09418432111389895,
"DP_95":  0.015529185318883188,
"QL":  0.42581294216909393}
,
{ "x":  0.225,
"greedy000":  0.6184307951249239,
"greedy050":  0.5172276147510254,
"greedy100":  0.43262729907011305,
"DP_05":  0.10604618235789379,
"DP_30":  0.10604618235789379,
"DP_60":  0.10604618235789379,
"DP_95":  0.009935911617655264,
"QL":  0.5723526910363457}
,
{ "x":  0.25,
"greedy000":  0.6114533993170059,
"greedy050":  0.5228564347600761,
"greedy100":  0.44411765993954955,
"DP_05":  0.11776693368662425,
"DP_30":  0.11776693368662425,
"DP_60":  0.11776693368662425,
"DP_95":  0.0240986772687239,
"QL":  0.45676771325512566}
,
{ "x":  0.275,
"greedy000":  0.6306811131692706,
"greedy050":  0.5327074193444331,
"greedy100":  0.4590524081054596,
"DP_05":  0.11968261125230459,
"DP_30":  0.11968261125230459,
"DP_60":  0.11968261125230459,
"DP_95":  0.025468480093870906,
"QL":  0.4874346899364886}
,
{ "x":  0.30000000000000004,
"greedy000":  0.6220545511867107,
"greedy050":  0.5318285439495786,
"greedy100":  0.4678008768922638,
"DP_05":  0.12832919767797152,
"DP_30":  0.12832919767797152,
"DP_60":  0.12832919767797152,
"DP_95":  0.04605991159671349,
"QL":  0.5975973650417563}
,
{ "x":  0.325,
"greedy000":  0.6335176032474565,
"greedy050":  0.556569936175496,
"greedy100":  0.49359791808452425,
"DP_05":  0.49359791808452425,
"DP_30":  0.49359791808452425,
"DP_60":  0.49359791808452425,
"DP_95":  0.425976227915576,
"QL":  0.6318021723646571}
,
{ "x":  0.35,
"greedy000":  0.6366122919126714,
"greedy050":  0.5617328330984098,
"greedy100":  0.5052526634022352,
"DP_05":  0.5052526634022352,
"DP_30":  0.5052526634022352,
"DP_60":  0.5052526634022352,
"DP_95":  0.4483841469251934,
"QL":  0.5967748900809103}
,
{ "x":  0.375,
"greedy000":  0.6549834928672187,
"greedy050":  0.5726794339865355,
"greedy100":  0.5207514858099611,
"DP_05":  0.5207514858099611,
"DP_30":  0.5207514858099611,
"DP_60":  0.5207514858099611,
"DP_95":  0.4414903948307991,
"QL":  0.7610012921839092}
,
{ "x":  0.4,
"greedy000":  0.6459371026745203,
"greedy050":  0.5884061797715043,
"greedy100":  0.5401887879098372,
"DP_05":  0.5401887879098372,
"DP_30":  0.5401887879098372,
"DP_60":  0.5401887879098372,
"DP_95":  0.479189036908673,
"QL":  0.6725611748214972}
,
{ "x":  0.42500000000000004,
"greedy000":  0.6650260813964717,
"greedy050":  0.6068782553940747,
"greedy100":  0.5696810268935735,
"DP_05":  0.5696810268935735,
"DP_30":  0.5696810268935735,
"DP_60":  0.5696810268935735,
"DP_95":  0.49798963314027966,
"QL":  0.6431249388750858}
,
{ "x":  0.45000000000000007,
"greedy000":  0.667926760394882,
"greedy050":  0.6045063812706228,
"greedy100":  0.5500662891042036,
"DP_05":  0.5500662891042036,
"DP_30":  0.5500662891042036,
"DP_60":  0.5500662891042036,
"DP_95":  0.48577941770838845,
"QL":  0.671363512277541}
,
{ "x":  0.475,
"greedy000":  0.6715917322786049,
"greedy050":  0.6087826762040982,
"greedy100":  0.5738619693218056,
"DP_05":  0.5738619693218056,
"DP_30":  0.5738619693218056,
"DP_60":  0.5738619693218056,
"DP_95":  0.5088214627206384,
"QL":  0.7626852963035676}
,
{ "x":  0.5,
"greedy000":  0.6605946623328125,
"greedy050":  0.6013224097793898,
"greedy100":  0.5626667881745199,
"DP_05":  0.5626667881745199,
"DP_30":  0.5626667881745199,
"DP_60":  0.5626667881745199,
"DP_95":  0.5026393890480937,
"QL":  0.7990610325626121}
,
{ "x":  0.525,
"greedy000":  0.6757295532746925,
"greedy050":  0.6233163647538505,
"greedy100":  0.5876210008640477,
"DP_05":  0.5876210008640477,
"DP_30":  0.5876210008640477,
"DP_60":  0.5876210008640477,
"DP_95":  0.5296049329214939,
"QL":  0.7166128539249007}
,
{ "x":  0.55,
"greedy000":  0.6785674256578413,
"greedy050":  0.6329286454616992,
"greedy100":  0.6020482699321706,
"DP_05":  0.6020482699321706,
"DP_30":  0.6020482699321706,
"DP_60":  0.6020482699321706,
"DP_95":  0.5736359624101406,
"QL":  0.7791872508958453}
,
{ "x":  0.5750000000000001,
"greedy000":  0.68752707566731,
"greedy050":  0.6480052242698571,
"greedy100":  0.6278469114511027,
"DP_05":  0.6278469114511027,
"DP_30":  0.6278469114511027,
"DP_60":  0.6278469114511027,
"DP_95":  0.5857151495950629,
"QL":  0.7623538302542754}
,
{ "x":  0.6,
"greedy000":  0.694047649406558,
"greedy050":  0.6436520159058017,
"greedy100":  0.6100154665124932,
"DP_05":  0.6100154665124932,
"DP_30":  0.6100154665124932,
"DP_60":  0.6100154665124932,
"DP_95":  0.5796953610573475,
"QL":  0.7546839452940362}
]}
