{ "x_label":"eta",
"y_label":"Federation Rate",
 "results":[
{ "x":  0.1,
"greedy000":  0.5947890975420957,
"greedy050":  0.48693157647955665,
"greedy100":  0.3666789309599884,
"DP_05":  0.054794142425236184,
"DP_30":  0.054794142425236184,
"DP_60":  0.054794142425236184,
"DP_95":  0.0005590204710576228,
"QL":  0.23478522368388788}
,
{ "x":  0.125,
"greedy000":  0.595102883323608,
"greedy050":  0.48423442286624246,
"greedy100":  0.3677306242197374,
"DP_05":  0.058371494580315174,
"DP_30":  0.058371494580315174,
"DP_60":  0.058371494580315174,
"DP_95":  0.002248860872460513,
"QL":  0.3708678349210909}
,
{ "x":  0.15000000000000002,
"greedy000":  0.5910958105351366,
"greedy050":  0.4884001068794606,
"greedy100":  0.4038256754685233,
"DP_05":  0.08620476104584635,
"DP_30":  0.08620476104584635,
"DP_60":  0.08620476104584635,
"DP_95":  0.0033467413321911074,
"QL":  0.42575488086387364}
,
{ "x":  0.17500000000000002,
"greedy000":  0.59470411458607,
"greedy050":  0.4976504402103443,
"greedy100":  0.4092431282624628,
"DP_05":  0.08779381410680136,
"DP_30":  0.08779381410680136,
"DP_60":  0.08779381410680136,
"DP_95":  0.00437529423293842,
"QL":  0.45983093484067555}
,
{ "x":  0.2,
"greedy000":  0.6113465072902079,
"greedy050":  0.5081042244524034,
"greedy100":  0.41746552956798944,
"DP_05":  0.094323550419978,
"DP_30":  0.094323550419978,
"DP_60":  0.094323550419978,
"DP_95":  0.016785979037412063,
"QL":  0.5374124433589392}
,
{ "x":  0.225,
"greedy000":  0.6149039182647547,
"greedy050":  0.5217897960023361,
"greedy100":  0.4423102025880767,
"DP_05":  0.1101227584908194,
"DP_30":  0.1101227584908194,
"DP_60":  0.1101227584908194,
"DP_95":  0.012472847224068228,
"QL":  0.4941338715483658}
,
{ "x":  0.25,
"greedy000":  0.6177746242374795,
"greedy050":  0.5268544895406276,
"greedy100":  0.4499340969817779,
"DP_05":  0.11946357059664452,
"DP_30":  0.11946357059664452,
"DP_60":  0.11946357059664452,
"DP_95":  0.02461474823123829,
"QL":  0.632969794502501}
,
{ "x":  0.275,
"greedy000":  0.6309367174366348,
"greedy050":  0.5401503450372254,
"greedy100":  0.4621705867011293,
"DP_05":  0.12160823423149084,
"DP_30":  0.12160823423149084,
"DP_60":  0.12160823423149084,
"DP_95":  0.026913058821737796,
"QL":  0.4980263420153629}
,
{ "x":  0.30000000000000004,
"greedy000":  0.6262980778421285,
"greedy050":  0.5330024155106038,
"greedy100":  0.4678362852509589,
"DP_05":  0.12963743055085802,
"DP_30":  0.12963743055085802,
"DP_60":  0.12963743055085802,
"DP_95":  0.04568791425504909,
"QL":  0.5183294071493151}
,
{ "x":  0.325,
"greedy000":  0.6352187753214196,
"greedy050":  0.5540637760750018,
"greedy100":  0.49316803615795407,
"DP_05":  0.49316803615795407,
"DP_30":  0.49316803615795407,
"DP_60":  0.49316803615795407,
"DP_95":  0.42456039017246294,
"QL":  0.6150802175445795}
,
{ "x":  0.35,
"greedy000":  0.6375330237918768,
"greedy050":  0.5636078324056548,
"greedy100":  0.5063835381399632,
"DP_05":  0.5063835381399632,
"DP_30":  0.5063835381399632,
"DP_60":  0.5063835381399632,
"DP_95":  0.4496051981826639,
"QL":  0.5630127550627233}
,
{ "x":  0.375,
"greedy000":  0.6532454959068942,
"greedy050":  0.5809881370292104,
"greedy100":  0.5195020315983007,
"DP_05":  0.5195020315983007,
"DP_30":  0.5195020315983007,
"DP_60":  0.5195020315983007,
"DP_95":  0.4443783573140805,
"QL":  0.6612722550671467}
,
{ "x":  0.4,
"greedy000":  0.6490762777004668,
"greedy050":  0.5868425171878366,
"greedy100":  0.5447792219415432,
"DP_05":  0.5447792219415432,
"DP_30":  0.5447792219415432,
"DP_60":  0.5447792219415432,
"DP_95":  0.48172635424977994,
"QL":  0.5936534019249438}
,
{ "x":  0.42500000000000004,
"greedy000":  0.6619688282916041,
"greedy050":  0.6064805093522454,
"greedy100":  0.5694185774797875,
"DP_05":  0.5694185774797875,
"DP_30":  0.5694185774797875,
"DP_60":  0.5694185774797875,
"DP_95":  0.49694435756194466,
"QL":  0.6423048735885948}
,
{ "x":  0.45000000000000007,
"greedy000":  0.6654061122051504,
"greedy050":  0.5973892776824011,
"greedy100":  0.5456750199660692,
"DP_05":  0.5456750199660692,
"DP_30":  0.5456750199660692,
"DP_60":  0.5456750199660692,
"DP_95":  0.4768088685141244,
"QL":  0.691338722271033}
,
{ "x":  0.475,
"greedy000":  0.6686122431874508,
"greedy050":  0.6121549948685113,
"greedy100":  0.5759781042876315,
"DP_05":  0.5759781042876315,
"DP_30":  0.5759781042876315,
"DP_60":  0.5759781042876315,
"DP_95":  0.5121802879544509,
"QL":  0.6673834113815791}
,
{ "x":  0.5,
"greedy000":  0.6632822971111614,
"greedy050":  0.6057364521625446,
"greedy100":  0.568877458879181,
"DP_05":  0.568877458879181,
"DP_30":  0.568877458879181,
"DP_60":  0.568877458879181,
"DP_95":  0.507400777754382,
"QL":  0.6957665587281424}
,
{ "x":  0.525,
"greedy000":  0.6766694567323961,
"greedy050":  0.6221804104280878,
"greedy100":  0.5848522029358382,
"DP_05":  0.5848522029358382,
"DP_30":  0.5848522029358382,
"DP_60":  0.5848522029358382,
"DP_95":  0.5270298886856243,
"QL":  0.6996181790093043}
,
{ "x":  0.55,
"greedy000":  0.6806295832087765,
"greedy050":  0.6315923719361425,
"greedy100":  0.6050990144769777,
"DP_05":  0.6050990144769777,
"DP_30":  0.6050990144769777,
"DP_60":  0.6050990144769777,
"DP_95":  0.5764273230600432,
"QL":  0.7027549167243949}
,
{ "x":  0.5750000000000001,
"greedy000":  0.6940791573963838,
"greedy050":  0.6508510273716595,
"greedy100":  0.6299872472225434,
"DP_05":  0.6299872472225434,
"DP_30":  0.6299872472225434,
"DP_60":  0.6299872472225434,
"DP_95":  0.5880263160891614,
"QL":  0.7186152008080344}
,
{ "x":  0.6,
"greedy000":  0.6899663825962008,
"greedy050":  0.6387599705148261,
"greedy100":  0.6105485393796481,
"DP_05":  0.6105485393796481,
"DP_30":  0.6105485393796481,
"DP_60":  0.6105485393796481,
"DP_95":  0.5777400024042507,
"QL":  0.6985629799207409}
]}
