{ "x_label":"eta",
"y_label":"Average Profit",
 "results":[
{ "x":  0.1,
"greedy000":  19.724354849660283,
"greedy050":  21.527474748229597,
"greedy100":  22.907600991214025,
"DP_05":  51.232939211586384,
"DP_30":  51.232939211586384,
"DP_60":  51.232939211586384,
"DP_95":  51.75094844451297,
"QL":  45.63892287447112}
,
{ "x":  0.125,
"greedy000":  27.12973320655085,
"greedy050":  28.867077961739557,
"greedy100":  30.13095906437092,
"DP_05":  51.569109557479536,
"DP_30":  51.569109557479536,
"DP_60":  51.569109557479536,
"DP_95":  52.08555845607337,
"QL":  42.481038472441625}
,
{ "x":  0.15000000000000002,
"greedy000":  33.01102667566984,
"greedy050":  34.63967957921638,
"greedy100":  35.66505430746163,
"DP_05":  51.813773411269736,
"DP_30":  51.813773411269736,
"DP_60":  51.813773411269736,
"DP_95":  52.49607297682964,
"QL":  42.2675403113917}
,
{ "x":  0.17500000000000002,
"greedy000":  36.935084789052326,
"greedy050":  38.51035487601178,
"greedy100":  39.44193145085823,
"DP_05":  52.23524249954376,
"DP_30":  52.23524249954376,
"DP_60":  52.23524249954376,
"DP_95":  52.89736313801503,
"QL":  44.7347334962714}
,
{ "x":  0.2,
"greedy000":  40.305591658828305,
"greedy050":  41.714278332735276,
"greedy100":  42.64306756992298,
"DP_05":  52.42468949337141,
"DP_30":  52.42468949337141,
"DP_60":  52.42468949337141,
"DP_95":  53.01107074808382,
"QL":  44.528777146205556}
,
{ "x":  0.225,
"greedy000":  42.98981160722942,
"greedy050":  44.23095103973978,
"greedy100":  45.11936748173064,
"DP_05":  52.43041008831741,
"DP_30":  52.43041008831741,
"DP_60":  52.43041008831741,
"DP_95":  53.05324935093965,
"QL":  40.639882046570754}
,
{ "x":  0.25,
"greedy000":  46.11980801486904,
"greedy050":  47.29122484897878,
"greedy100":  48.12273728241839,
"DP_05":  53.06390734213945,
"DP_30":  53.06390734213945,
"DP_60":  53.06390734213945,
"DP_95":  53.585305037340575,
"QL":  46.92897022156514}
,
{ "x":  0.275,
"greedy000":  48.358695190543315,
"greedy050":  49.43157358267188,
"greedy100":  50.205279384483546,
"DP_05":  53.25682236037718,
"DP_30":  53.25682236037718,
"DP_60":  53.25682236037718,
"DP_95":  53.733940153266545,
"QL":  48.52054497077425}
,
{ "x":  0.30000000000000004,
"greedy000":  50.72519909524973,
"greedy050":  51.89459087389736,
"greedy100":  52.56474110955007,
"DP_05":  53.58371701603535,
"DP_30":  53.58371701603535,
"DP_60":  53.58371701603535,
"DP_95":  53.86223408738565,
"QL":  49.07434018451646}
,
{ "x":  0.325,
"greedy000":  52.61841135171517,
"greedy050":  53.531291873497516,
"greedy100":  54.16240538165768,
"DP_05":  54.16240538165768,
"DP_30":  54.16240538165768,
"DP_60":  54.16240538165768,
"DP_95":  54.501411328455006,
"QL":  49.473566899040485}
,
{ "x":  0.35,
"greedy000":  54.655382691377284,
"greedy050":  55.58707286094,
"greedy100":  56.146552239316975,
"DP_05":  56.146552239316975,
"DP_30":  56.146552239316975,
"DP_60":  56.146552239316975,
"DP_95":  56.37694822296048,
"QL":  51.77185367873185}
,
{ "x":  0.375,
"greedy000":  56.27564266283075,
"greedy050":  57.07597916205693,
"greedy100":  57.66445496687019,
"DP_05":  57.66445496687019,
"DP_30":  57.66445496687019,
"DP_60":  57.66445496687019,
"DP_95":  58.026733756825806,
"QL":  53.09126127047256}
,
{ "x":  0.4,
"greedy000":  58.27976359977987,
"greedy050":  59.00674219162924,
"greedy100":  59.47193131954159,
"DP_05":  59.47193131954159,
"DP_30":  59.47193131954159,
"DP_60":  59.47193131954159,
"DP_95":  59.67809551744334,
"QL":  56.515661922179746}
,
{ "x":  0.42500000000000004,
"greedy000":  59.806554220703745,
"greedy050":  60.48576148152679,
"greedy100":  60.87590130346039,
"DP_05":  60.87590130346039,
"DP_30":  60.87590130346039,
"DP_60":  60.87590130346039,
"DP_95":  61.11791765952031,
"QL":  58.25513811621295}
,
{ "x":  0.45000000000000007,
"greedy000":  61.43591769530733,
"greedy050":  62.19082169091187,
"greedy100":  62.70682061178546,
"DP_05":  62.70682061178546,
"DP_30":  62.70682061178546,
"DP_60":  62.70682061178546,
"DP_95":  63.044941287542386,
"QL":  61.52817769548976}
,
{ "x":  0.475,
"greedy000":  62.95127125424189,
"greedy050":  63.60486546556302,
"greedy100":  63.97204179473014,
"DP_05":  63.97204179473014,
"DP_30":  63.97204179473014,
"DP_60":  63.97204179473014,
"DP_95":  64.2168568111131,
"QL":  61.56744455433479}
,
{ "x":  0.5,
"greedy000":  64.96212443069962,
"greedy050":  65.62135703088724,
"greedy100":  66.04319409852573,
"DP_05":  66.04319409852573,
"DP_30":  66.04319409852573,
"DP_60":  66.04319409852573,
"DP_95":  66.26969363696728,
"QL":  65.37965767962478}
,
{ "x":  0.525,
"greedy000":  65.81991194343286,
"greedy050":  66.39686947732297,
"greedy100":  66.74427763866488,
"DP_05":  66.74427763866488,
"DP_30":  66.74427763866488,
"DP_60":  66.74427763866488,
"DP_95":  66.98979157247794,
"QL":  65.87589266864532}
,
{ "x":  0.55,
"greedy000":  67.87819912324372,
"greedy050":  68.39145020577236,
"greedy100":  68.68144589961727,
"DP_05":  68.68144589961727,
"DP_30":  68.68144589961727,
"DP_60":  68.68144589961727,
"DP_95":  68.78685011747348,
"QL":  68.35083891684464}
,
{ "x":  0.5750000000000001,
"greedy000":  69.00876660961244,
"greedy050":  69.46299895414808,
"greedy100":  69.7006586266497,
"DP_05":  69.7006586266497,
"DP_30":  69.7006586266497,
"DP_60":  69.7006586266497,
"DP_95":  69.8176404395689,
"QL":  69.41030269160436}
,
{ "x":  0.6,
"greedy000":  70.80468845022685,
"greedy050":  71.31371079382811,
"greedy100":  71.61908547495591,
"DP_05":  71.61908547495591,
"DP_30":  71.61908547495591,
"DP_60":  71.61908547495591,
"DP_95":  71.77338602743365,
"QL":  71.2532872598}
]}
