{ "x_label":"eta",
"y_label":"Average Profit",
 "results":[
{ "x":  0.1,
"greedy000":  1010.0,
"greedy050":  19.969185667678563,
"greedy100":  21.654710782276098,
"DP_05":  23.245112604217503,
"DP_30":  51.121311007562596,
"DP_60":  51.121311007562596,
"DP_95":  51.121311007562596,
"QL":  51.61751995050402}
,
{ "x":  0.125,
"greedy000":  650.0,
"greedy050":  26.952962879053693,
"greedy100":  28.828745890336258,
"DP_05":  29.95129702328341,
"DP_30":  51.430898151336066,
"DP_60":  51.430898151336066,
"DP_95":  51.430898151336066,
"QL":  51.9871960013224}
,
{ "x":  0.15000000000000002,
"greedy000":  449.99999999999994,
"greedy050":  33.19988926444433,
"greedy100":  34.868939485620366,
"DP_05":  35.925640492280316,
"DP_30":  51.92717312983363,
"DP_60":  51.92717312983363,
"DP_95":  51.92717312983363,
"QL":  52.58896843794499}
,
{ "x":  0.17500000000000002,
"greedy000":  330.0,
"greedy050":  36.56188240797333,
"greedy100":  38.34494659176877,
"DP_05":  39.12857309344614,
"DP_30":  51.987970540051116,
"DP_60":  51.987970540051116,
"DP_95":  51.987970540051116,
"QL":  52.650219926657655}
,
{ "x":  0.2,
"greedy000":  260.0,
"greedy050":  40.72917367657078,
"greedy100":  42.05575954059519,
"DP_05":  43.14835271774698,
"DP_30":  52.75552522699578,
"DP_60":  52.75552522699578,
"DP_95":  52.75552522699578,
"QL":  53.30435311095941}
,
{ "x":  0.225,
"greedy000":  205.55555555555557,
"greedy050":  43.62292748511889,
"greedy100":  44.94436590497317,
"DP_05":  45.8330979410063,
"DP_30":  53.01788250867513,
"DP_60":  53.01788250867513,
"DP_95":  53.01788250867513,
"QL":  53.621489980736406}
,
{ "x":  0.25,
"greedy000":  170.0,
"greedy050":  46.376489361701374,
"greedy100":  47.50510248215332,
"DP_05":  48.37585279145465,
"DP_30":  53.27111368524853,
"DP_60":  53.27111368524853,
"DP_95":  53.27111368524853,
"QL":  53.787725112551335}
,
{ "x":  0.275,
"greedy000":  140.9090909090909,
"greedy050":  47.981406975630414,
"greedy100":  49.22141653745079,
"DP_05":  49.93612477712154,
"DP_30":  52.99045294879994,
"DP_60":  52.99045294879994,
"DP_95":  52.99045294879994,
"QL":  53.43825005284739}
,
{ "x":  0.30000000000000004,
"greedy000":  116.66666666666666,
"greedy050":  50.78735697915356,
"greedy100":  51.88790124865668,
"DP_05":  52.55543939071818,
"DP_30":  53.57385442836105,
"DP_60":  53.57385442836105,
"DP_95":  53.57385442836105,
"QL":  53.82601670590799}
,
{ "x":  0.325,
"greedy000":  102.3076923076923,
"greedy050":  52.57730149164365,
"greedy100":  53.58315530541323,
"DP_05":  54.14449262422336,
"DP_30":  54.14449262422336,
"DP_60":  54.14449262422336,
"DP_95":  54.14449262422336,
"QL":  54.47948169226801}
,
{ "x":  0.35,
"greedy000":  90.0,
"greedy050":  54.72176283532192,
"greedy100":  55.597193390853604,
"DP_05":  56.20550347658675,
"DP_30":  56.20550347658675,
"DP_60":  56.20550347658675,
"DP_95":  56.20550347658675,
"QL":  56.37867778514392}
,
{ "x":  0.375,
"greedy000":  79.33333333333334,
"greedy050":  56.54368128347564,
"greedy100":  57.50635583765759,
"DP_05":  57.979157677715115,
"DP_30":  57.979157677715115,
"DP_60":  57.979157677715115,
"DP_95":  57.979157677715115,
"QL":  58.42017885924243}
,
{ "x":  0.4,
"greedy000":  70.0,
"greedy050":  58.497462036596446,
"greedy100":  59.16121643393774,
"DP_05":  59.710909777913386,
"DP_30":  59.710909777913386,
"DP_60":  59.710909777913386,
"DP_95":  59.710909777913386,
"QL":  59.87118796297956}
,
{ "x":  0.42500000000000004,
"greedy000":  61.76470588235294,
"greedy050":  59.652761487939884,
"greedy100":  60.33766776591115,
"DP_05":  60.67994953943188,
"DP_30":  60.67994953943188,
"DP_60":  60.67994953943188,
"DP_95":  60.67994953943188,
"QL":  60.97949892208592}
,
{ "x":  0.45000000000000007,
"greedy000":  58.888888888888886,
"greedy050":  61.32319677136316,
"greedy100":  61.97886127662498,
"DP_05":  62.53311025971591,
"DP_30":  62.53311025971591,
"DP_60":  62.53311025971591,
"DP_95":  62.53311025971591,
"QL":  62.7959866592876}
,
{ "x":  0.475,
"greedy000":  52.10526315789474,
"greedy050":  62.96558956988905,
"greedy100":  63.70944023749157,
"DP_05":  64.04585382577628,
"DP_30":  64.04585382577628,
"DP_60":  64.04585382577628,
"DP_95":  64.04585382577628,
"QL":  64.30958877541339}
,
{ "x":  0.5,
"greedy000":  50.0,
"greedy050":  64.7951810708921,
"greedy100":  65.4453028196946,
"DP_05":  65.86128272940621,
"DP_30":  65.86128272940621,
"DP_60":  65.86128272940621,
"DP_95":  65.86128272940621,
"QL":  66.07728000799389}
,
{ "x":  0.525,
"greedy000":  44.285714285714285,
"greedy050":  66.00289034479319,
"greedy100":  66.58600507206656,
"DP_05":  66.9362843734649,
"DP_30":  66.9362843734649,
"DP_60":  66.9362843734649,
"DP_95":  66.9362843734649,
"QL":  67.1625229463386}
,
{ "x":  0.55,
"greedy000":  42.72727272727273,
"greedy050":  67.82994451930185,
"greedy100":  68.34772575592814,
"DP_05":  68.69029003270393,
"DP_30":  68.69029003270393,
"DP_60":  68.69029003270393,
"DP_95":  68.69029003270393,
"QL":  68.77141663354777}
,
{ "x":  0.5750000000000001,
"greedy000":  37.82608695652174,
"greedy050":  69.19108018569422,
"greedy100":  69.65104347772765,
"DP_05":  69.84009479545004,
"DP_30":  69.84009479545004,
"DP_60":  69.84009479545004,
"DP_95":  69.84009479545004,
"QL":  69.97251326469731}
,
{ "x":  0.6,
"greedy000":  36.66666666666667,
"greedy050":  70.84110873625137,
"greedy100":  71.38075249499963,
"DP_05":  71.72672682807384,
"DP_30":  71.72672682807384,
"DP_60":  71.72672682807384,
"DP_95":  71.72672682807384,
"QL":  71.86176838184713}
]}
