{ "x_label":"eta",
"y_label":"Average Profit",
 "results":[
{ "x":  0.1,
"greedy000":  19.969185667678563,
"greedy050":  21.654710782276098,
"greedy100":  23.245112604217503,
"DP_05":  51.121311007562596,
"DP_30":  51.121311007562596,
"DP_60":  51.121311007562596,
"DP_95":  51.61751995050402,
"QL":  45.35603067057672}
,
{ "x":  0.125,
"greedy000":  26.952962879053693,
"greedy050":  28.828745890336258,
"greedy100":  29.95129702328341,
"DP_05":  51.430898151336066,
"DP_30":  51.430898151336066,
"DP_60":  51.430898151336066,
"DP_95":  51.9871960013224,
"QL":  48.09154631180433}
,
{ "x":  0.15000000000000002,
"greedy000":  33.19988926444433,
"greedy050":  34.868939485620366,
"greedy100":  35.925640492280316,
"DP_05":  51.92717312983363,
"DP_30":  51.92717312983363,
"DP_60":  51.92717312983363,
"DP_95":  52.58896843794499,
"QL":  46.01416566963543}
,
{ "x":  0.17500000000000002,
"greedy000":  36.56188240797333,
"greedy050":  38.34494659176877,
"greedy100":  39.12857309344614,
"DP_05":  51.987970540051116,
"DP_30":  51.987970540051116,
"DP_60":  51.987970540051116,
"DP_95":  52.650219926657655,
"QL":  45.5259038828062}
,
{ "x":  0.2,
"greedy000":  40.72917367657078,
"greedy050":  42.05575954059519,
"greedy100":  43.14835271774698,
"DP_05":  52.75552522699578,
"DP_30":  52.75552522699578,
"DP_60":  52.75552522699578,
"DP_95":  53.30435311095941,
"QL":  45.69703422735161}
,
{ "x":  0.225,
"greedy000":  43.62292748511889,
"greedy050":  44.94436590497317,
"greedy100":  45.8330979410063,
"DP_05":  53.01788250867513,
"DP_30":  53.01788250867513,
"DP_60":  53.01788250867513,
"DP_95":  53.621489980736406,
"QL":  44.13377589113488}
,
{ "x":  0.25,
"greedy000":  46.376489361701374,
"greedy050":  47.50510248215332,
"greedy100":  48.37585279145465,
"DP_05":  53.27111368524853,
"DP_30":  53.27111368524853,
"DP_60":  53.27111368524853,
"DP_95":  53.787725112551335,
"QL":  46.1291305524982}
,
{ "x":  0.275,
"greedy000":  47.981406975630414,
"greedy050":  49.22141653745079,
"greedy100":  49.93612477712154,
"DP_05":  52.99045294879994,
"DP_30":  52.99045294879994,
"DP_60":  52.99045294879994,
"DP_95":  53.43825005284739,
"QL":  46.54677463525575}
,
{ "x":  0.30000000000000004,
"greedy000":  50.78735697915356,
"greedy050":  51.88790124865668,
"greedy100":  52.55543939071818,
"DP_05":  53.57385442836105,
"DP_30":  53.57385442836105,
"DP_60":  53.57385442836105,
"DP_95":  53.82601670590799,
"QL":  46.407893466569966}
,
{ "x":  0.325,
"greedy000":  52.57730149164365,
"greedy050":  53.58315530541323,
"greedy100":  54.14449262422336,
"DP_05":  54.14449262422336,
"DP_30":  54.14449262422336,
"DP_60":  54.14449262422336,
"DP_95":  54.47948169226801,
"QL":  48.21059313503109}
,
{ "x":  0.35,
"greedy000":  54.72176283532192,
"greedy050":  55.597193390853604,
"greedy100":  56.20550347658675,
"DP_05":  56.20550347658675,
"DP_30":  56.20550347658675,
"DP_60":  56.20550347658675,
"DP_95":  56.37867778514392,
"QL":  49.909685577421286}
,
{ "x":  0.375,
"greedy000":  56.54368128347564,
"greedy050":  57.50635583765759,
"greedy100":  57.979157677715115,
"DP_05":  57.979157677715115,
"DP_30":  57.979157677715115,
"DP_60":  57.979157677715115,
"DP_95":  58.42017885924243,
"QL":  51.34458441377378}
,
{ "x":  0.4,
"greedy000":  58.497462036596446,
"greedy050":  59.16121643393774,
"greedy100":  59.710909777913386,
"DP_05":  59.710909777913386,
"DP_30":  59.710909777913386,
"DP_60":  59.710909777913386,
"DP_95":  59.87118796297956,
"QL":  53.50292149842905}
,
{ "x":  0.42500000000000004,
"greedy000":  59.652761487939884,
"greedy050":  60.33766776591115,
"greedy100":  60.67994953943188,
"DP_05":  60.67994953943188,
"DP_30":  60.67994953943188,
"DP_60":  60.67994953943188,
"DP_95":  60.97949892208592,
"QL":  52.826795801795186}
,
{ "x":  0.45000000000000007,
"greedy000":  61.32319677136316,
"greedy050":  61.97886127662498,
"greedy100":  62.53311025971591,
"DP_05":  62.53311025971591,
"DP_30":  62.53311025971591,
"DP_60":  62.53311025971591,
"DP_95":  62.7959866592876,
"QL":  57.98976319473852}
,
{ "x":  0.475,
"greedy000":  62.96558956988905,
"greedy050":  63.70944023749157,
"greedy100":  64.04585382577628,
"DP_05":  64.04585382577628,
"DP_30":  64.04585382577628,
"DP_60":  64.04585382577628,
"DP_95":  64.30958877541339,
"QL":  60.224115970406025}
,
{ "x":  0.5,
"greedy000":  64.7951810708921,
"greedy050":  65.4453028196946,
"greedy100":  65.86128272940621,
"DP_05":  65.86128272940621,
"DP_30":  65.86128272940621,
"DP_60":  65.86128272940621,
"DP_95":  66.07728000799389,
"QL":  61.723624823517504}
,
{ "x":  0.525,
"greedy000":  66.00289034479319,
"greedy050":  66.58600507206656,
"greedy100":  66.9362843734649,
"DP_05":  66.9362843734649,
"DP_30":  66.9362843734649,
"DP_60":  66.9362843734649,
"DP_95":  67.1625229463386,
"QL":  64.1138974690019}
,
{ "x":  0.55,
"greedy000":  67.82994451930185,
"greedy050":  68.34772575592814,
"greedy100":  68.69029003270393,
"DP_05":  68.69029003270393,
"DP_30":  68.69029003270393,
"DP_60":  68.69029003270393,
"DP_95":  68.77141663354777,
"QL":  65.59673613619414}
,
{ "x":  0.5750000000000001,
"greedy000":  69.19108018569422,
"greedy050":  69.65104347772765,
"greedy100":  69.84009479545004,
"DP_05":  69.84009479545004,
"DP_30":  69.84009479545004,
"DP_60":  69.84009479545004,
"DP_95":  69.97251326469731,
"QL":  68.07896161711622}
,
{ "x":  0.6,
"greedy000":  70.84110873625137,
"greedy050":  71.38075249499963,
"greedy100":  71.72672682807384,
"DP_05":  71.72672682807384,
"DP_30":  71.72672682807384,
"DP_60":  71.72672682807384,
"DP_95":  71.86176838184713,
"QL":  69.6185649154295}
]}
