{ "x_label":"eta",
"y_label":"Average Profit",
 "results":[
{ "x":  0.1,
"greedy000":  19.89537673790134,
"greedy050":  21.764646526034596,
"greedy100":  23.20354801172458,
"DP_05":  51.27317897985229,
"DP_30":  51.27317897985229,
"DP_60":  51.27317897985229,
"DP_95":  51.784289549442306,
"QL":  46.31188168351627}
,
{ "x":  0.125,
"greedy000":  27.66119960311817,
"greedy050":  29.58289767237634,
"greedy100":  30.91912933475652,
"DP_05":  51.95555015023723,
"DP_30":  51.95555015023723,
"DP_60":  51.95555015023723,
"DP_95":  52.46342067814811,
"QL":  46.1889382750197}
,
{ "x":  0.15000000000000002,
"greedy000":  33.01724729506123,
"greedy050":  34.676921467080945,
"greedy100":  35.6091454023171,
"DP_05":  51.807812037873624,
"DP_30":  51.807812037873624,
"DP_60":  51.807812037873624,
"DP_95":  52.49784735955711,
"QL":  42.13804927124584}
,
{ "x":  0.17500000000000002,
"greedy000":  36.75576967584097,
"greedy050":  38.07253940072691,
"greedy100":  39.17329733963435,
"DP_05":  52.0312699058608,
"DP_30":  52.0312699058608,
"DP_60":  52.0312699058608,
"DP_95":  52.671740980584005,
"QL":  44.12390476488569}
,
{ "x":  0.2,
"greedy000":  40.441069981421464,
"greedy050":  41.96219032680635,
"greedy100":  42.90876667667191,
"DP_05":  52.60302605111226,
"DP_30":  52.60302605111226,
"DP_60":  52.60302605111226,
"DP_95":  53.16205835882729,
"QL":  42.774528844186264}
,
{ "x":  0.225,
"greedy000":  43.16304997657638,
"greedy050":  44.36421110027368,
"greedy100":  45.18843395594928,
"DP_05":  52.49655772608894,
"DP_30":  52.49655772608894,
"DP_60":  52.49655772608894,
"DP_95":  53.10371186767858,
"QL":  42.25331718907484}
,
{ "x":  0.25,
"greedy000":  46.14094234269245,
"greedy050":  47.29997799631702,
"greedy100":  48.1126770762584,
"DP_05":  53.06973497203539,
"DP_30":  53.06973497203539,
"DP_60":  53.06973497203539,
"DP_95":  53.631718979457204,
"QL":  43.160409571619645}
,
{ "x":  0.275,
"greedy000":  47.98324892090463,
"greedy050":  49.15336604926728,
"greedy100":  49.92506481178164,
"DP_05":  52.99012598400839,
"DP_30":  52.99012598400839,
"DP_60":  52.99012598400839,
"DP_95":  53.44688719310701,
"QL":  43.89848237574116}
,
{ "x":  0.30000000000000004,
"greedy000":  50.832831218897276,
"greedy050":  52.0030121201459,
"greedy100":  52.69452625019189,
"DP_05":  53.70912281429217,
"DP_30":  53.70912281429217,
"DP_60":  53.70912281429217,
"DP_95":  53.965678651097804,
"QL":  46.21518913062012}
,
{ "x":  0.325,
"greedy000":  52.860839554894866,
"greedy050":  53.83925225913164,
"greedy100":  54.45846185352921,
"DP_05":  54.45846185352921,
"DP_30":  54.45846185352921,
"DP_60":  54.45846185352921,
"DP_95":  54.77150946455149,
"QL":  48.570576700318256}
,
{ "x":  0.35,
"greedy000":  54.821147488490354,
"greedy050":  55.71866535982012,
"greedy100":  56.31317855636403,
"DP_05":  56.31317855636403,
"DP_30":  56.31317855636403,
"DP_60":  56.31317855636403,
"DP_95":  56.5012762577923,
"QL":  50.88607962527301}
,
{ "x":  0.375,
"greedy000":  56.37629491897535,
"greedy050":  57.17518496500725,
"greedy100":  57.77619910642998,
"DP_05":  57.77619910642998,
"DP_30":  57.77619910642998,
"DP_60":  57.77619910642998,
"DP_95":  58.14910291626548,
"QL":  50.770946026023125}
,
{ "x":  0.4,
"greedy000":  58.13679998375509,
"greedy050":  58.88956802523752,
"greedy100":  59.32167038530387,
"DP_05":  59.32167038530387,
"DP_30":  59.32167038530387,
"DP_60":  59.32167038530387,
"DP_95":  59.52834166685731,
"QL":  54.599196327050514}
,
{ "x":  0.42500000000000004,
"greedy000":  59.90692406043089,
"greedy050":  60.54920878185421,
"greedy100":  60.92626717529591,
"DP_05":  60.92626717529591,
"DP_30":  60.92626717529591,
"DP_60":  60.92626717529591,
"DP_95":  61.21677761553703,
"QL":  57.161401533728814}
,
{ "x":  0.45000000000000007,
"greedy000":  61.4378957987233,
"greedy050":  62.18618353125354,
"greedy100":  62.68435322701989,
"DP_05":  62.68435322701989,
"DP_30":  62.68435322701989,
"DP_60":  62.68435322701989,
"DP_95":  63.02129356169722,
"QL":  59.251403757931385}
,
{ "x":  0.475,
"greedy000":  62.897374303675655,
"greedy050":  63.52598172291435,
"greedy100":  63.87260166950513,
"DP_05":  63.87260166950513,
"DP_30":  63.87260166950513,
"DP_60":  63.87260166950513,
"DP_95":  64.12398247298682,
"QL":  60.97023037683458}
,
{ "x":  0.5,
"greedy000":  64.83368620060955,
"greedy050":  65.47555456302705,
"greedy100":  65.83868215861992,
"DP_05":  65.83868215861992,
"DP_30":  65.83868215861992,
"DP_60":  65.83868215861992,
"DP_95":  66.09500121092404,
"QL":  63.577784124340475}
,
{ "x":  0.525,
"greedy000":  65.90894192738841,
"greedy050":  66.51639203390859,
"greedy100":  66.88429902307925,
"DP_05":  66.88429902307925,
"DP_30":  66.88429902307925,
"DP_60":  66.88429902307925,
"DP_95":  67.11099680760341,
"QL":  64.58851715871701}
,
{ "x":  0.55,
"greedy000":  67.7441975624252,
"greedy050":  68.29832070450703,
"greedy100":  68.58057792799133,
"DP_05":  68.58057792799133,
"DP_30":  68.58057792799133,
"DP_60":  68.58057792799133,
"DP_95":  68.65666870884272,
"QL":  67.2247104646882}
,
{ "x":  0.5750000000000001,
"greedy000":  68.99583011268768,
"greedy050":  69.49566214895039,
"greedy100":  69.70393247466873,
"DP_05":  69.70393247466873,
"DP_30":  69.70393247466873,
"DP_60":  69.70393247466873,
"DP_95":  69.8306267288007,
"QL":  68.41900727199051}
,
{ "x":  0.6,
"greedy000":  70.99362583201733,
"greedy050":  71.54729338888663,
"greedy100":  71.83730195306177,
"DP_05":  71.83730195306177,
"DP_30":  71.83730195306177,
"DP_60":  71.83730195306177,
"DP_95":  71.9900376695463,
"QL":  70.81965750059312}
]}
