{ "x_label":"capacity",
"y_label":"Acceptance Rate",
 "results":[
{ "x":  25,
"greedy000":  0.0,
"greedy050":  0.0,
"greedy100":  0.19589521829036818,
"DP_05":  0.19589521829036818,
"DP_30":  0.19589521829036818,
"DP_60":  0.21940464416752886,
"DP_95":  0.22275202705058378,
"QL":  0.0}
,
{ "x":  50,
"greedy000":  0.0,
"greedy050":  0.0,
"greedy100":  0.27242817165861466,
"DP_05":  0.27242817165861466,
"DP_30":  0.27242817165861466,
"DP_60":  0.35216000192884717,
"DP_95":  0.3803052524686169,
"QL":  0.0}
,
{ "x":  75,
"greedy000":  0.0,
"greedy050":  0.0,
"greedy100":  0.37074779377028155,
"DP_05":  0.37074779377028155,
"DP_30":  0.37577680730993335,
"DP_60":  0.4527916909822517,
"DP_95":  0.4808239086737209,
"QL":  0.0}
,
{ "x":  100,
"greedy000":  0.0,
"greedy050":  0.0,
"greedy100":  0.45811398317368723,
"DP_05":  0.45811398317368723,
"DP_30":  0.45811398317368723,
"DP_60":  0.528897648784473,
"DP_95":  0.49595086035692837,
"QL":  0.0}
,
{ "x":  125,
"greedy000":  0.0,
"greedy050":  0.0,
"greedy100":  0.5169235873126699,
"DP_05":  0.5169235873126699,
"DP_30":  0.5169235873126699,
"DP_60":  0.5934860885941715,
"DP_95":  0.5050201057046796,
"QL":  0.0}
,
{ "x":  150,
"greedy000":  0.0,
"greedy050":  0.0,
"greedy100":  0.5697073951322139,
"DP_05":  0.5697073951322139,
"DP_30":  0.5697073951322139,
"DP_60":  0.6316465417414625,
"DP_95":  0.5150462276478316,
"QL":  0.0}
,
{ "x":  175,
"greedy000":  0.0,
"greedy050":  0.0,
"greedy100":  0.6119260670965969,
"DP_05":  0.6119260670965969,
"DP_30":  0.6119260670965969,
"DP_60":  0.6684082079283445,
"DP_95":  0.5597725871660362,
"QL":  0.0}
,
{ "x":  200,
"greedy000":  0.0,
"greedy050":  0.0,
"greedy100":  0.7193667905221475,
"DP_05":  0.7193667905221475,
"DP_30":  0.7193667905221475,
"DP_60":  0.7539480925144577,
"DP_95":  0.6214514156029838,
"QL":  0.0}
,
{ "x":  225,
"greedy000":  0.0,
"greedy050":  0.0,
"greedy100":  0.7466517091340845,
"DP_05":  0.7466517091340845,
"DP_30":  0.7466517091340845,
"DP_60":  0.774208218349726,
"DP_95":  0.6443365277516969,
"QL":  0.0}
,
{ "x":  250,
"greedy000":  0.0,
"greedy050":  0.0,
"greedy100":  0.7946592721325154,
"DP_05":  0.7946592721325154,
"DP_30":  0.7946592721325154,
"DP_60":  0.8115085725537001,
"DP_95":  0.6817773320192174,
"QL":  0.0}
,
{ "x":  275,
"greedy000":  0.0,
"greedy050":  0.0,
"greedy100":  0.8382330730617561,
"DP_05":  0.8382330730617561,
"DP_30":  0.8382330730617561,
"DP_60":  0.8613956305023749,
"DP_95":  0.7273566403356557,
"QL":  0.0}
,
{ "x":  300,
"greedy000":  0.0,
"greedy050":  0.0,
"greedy100":  0.9145594644544941,
"DP_05":  0.9145594644544941,
"DP_30":  0.9145594644544941,
"DP_60":  0.9196976585707883,
"DP_95":  0.8066541456563568,
"QL":  0.0}
,
{ "x":  325,
"greedy000":  0.0,
"greedy050":  0.0,
"greedy100":  0.9193464411990538,
"DP_05":  0.9193464411990538,
"DP_30":  0.9193464411990538,
"DP_60":  0.9249150321466548,
"DP_95":  0.8125429214798855,
"QL":  0.0}
,
{ "x":  350,
"greedy000":  0.0,
"greedy050":  0.0,
"greedy100":  0.9331405705651674,
"DP_05":  0.9331405705651674,
"DP_30":  0.9331405705651674,
"DP_60":  0.929868761293158,
"DP_95":  0.8297721638402914,
"QL":  0.0}
,
{ "x":  375,
"greedy000":  0.0,
"greedy050":  0.0,
"greedy100":  0.9785697763757819,
"DP_05":  0.9785697763757819,
"DP_30":  0.9785697763757819,
"DP_60":  0.9766167715352303,
"DP_95":  0.8997853376012831,
"QL":  0.0}
,
{ "x":  400,
"greedy000":  0.0,
"greedy050":  0.0,
"greedy100":  0.9800706092739574,
"DP_05":  0.9800706092739574,
"DP_30":  0.9800706092739574,
"DP_60":  0.9801397533411214,
"DP_95":  0.9218837137184135,
"QL":  0.0}
,
{ "x":  425,
"greedy000":  0.0,
"greedy050":  0.0,
"greedy100":  0.985024456531703,
"DP_05":  0.985024456531703,
"DP_30":  0.985024456531703,
"DP_60":  0.9850277540278123,
"DP_95":  0.9285919177818369,
"QL":  0.0}
,
{ "x":  450,
"greedy000":  0.0,
"greedy050":  0.0,
"greedy100":  0.9995983935742971,
"DP_05":  0.9995983935742971,
"DP_30":  0.9995983935742971,
"DP_60":  0.9991967871485944,
"DP_95":  0.9688628299405704,
"QL":  0.0}
,
{ "x":  475,
"greedy000":  0.0,
"greedy050":  0.0,
"greedy100":  0.9935748786409897,
"DP_05":  0.9935748786409897,
"DP_30":  0.9935748786409897,
"DP_60":  0.9916620425497349,
"DP_95":  0.966738067735486,
"QL":  0.0}
,
{ "x":  500,
"greedy000":  0.0,
"greedy050":  0.0,
"greedy100":  0.9984118811881189,
"DP_05":  0.9984118811881189,
"DP_30":  0.9984118811881189,
"DP_60":  0.9968345915841585,
"DP_95":  0.9772620397072602,
"QL":  0.0}
,
{ "x":  525,
"greedy000":  0.0,
"greedy050":  0.0,
"greedy100":  0.9977055449330784,
"DP_05":  0.9977055449330784,
"DP_30":  0.9977055449330784,
"DP_60":  0.9988527724665393,
"DP_95":  0.9920954617514471,
"QL":  0.0}
]}
