{ "x_label":"capacity",
"y_label":"Federation Rate",
 "results":[
{ "x":  25,
"greedy000":  0.0,
"greedy050":  0.0,
"greedy100":  0.8041047817096316,
"DP_05":  0.8041047817096316,
"DP_30":  0.8041047817096316,
"DP_60":  0.7805953558324712,
"DP_95":  0.7772479729494162,
"QL":  0.0}
,
{ "x":  50,
"greedy000":  0.0,
"greedy050":  0.0,
"greedy100":  0.7275718283413853,
"DP_05":  0.7275718283413853,
"DP_30":  0.7275718283413853,
"DP_60":  0.6478399980711529,
"DP_95":  0.6196947475313831,
"QL":  0.0}
,
{ "x":  75,
"greedy000":  0.0,
"greedy050":  0.0,
"greedy100":  0.6292522062297184,
"DP_05":  0.6292522062297184,
"DP_30":  0.6242231926900665,
"DP_60":  0.5472083090177482,
"DP_95":  0.5191760913262791,
"QL":  0.0}
,
{ "x":  100,
"greedy000":  0.0,
"greedy050":  0.0,
"greedy100":  0.5418860168263128,
"DP_05":  0.5418860168263128,
"DP_30":  0.5418860168263128,
"DP_60":  0.4711023512155271,
"DP_95":  0.5040491396430716,
"QL":  0.0}
,
{ "x":  125,
"greedy000":  0.0,
"greedy050":  0.0,
"greedy100":  0.48307641268733015,
"DP_05":  0.48307641268733015,
"DP_30":  0.48307641268733015,
"DP_60":  0.4065139114058285,
"DP_95":  0.4949798942953203,
"QL":  0.0}
,
{ "x":  150,
"greedy000":  0.0,
"greedy050":  0.0,
"greedy100":  0.4302926048677859,
"DP_05":  0.4302926048677859,
"DP_30":  0.4302926048677859,
"DP_60":  0.3683534582585375,
"DP_95":  0.4849537723521684,
"QL":  0.0}
,
{ "x":  175,
"greedy000":  0.0,
"greedy050":  0.0,
"greedy100":  0.388073932903403,
"DP_05":  0.388073932903403,
"DP_30":  0.388073932903403,
"DP_60":  0.33159179207165546,
"DP_95":  0.4402274128339637,
"QL":  0.0}
,
{ "x":  200,
"greedy000":  0.0,
"greedy050":  0.0,
"greedy100":  0.2806332094778525,
"DP_05":  0.2806332094778525,
"DP_30":  0.2806332094778525,
"DP_60":  0.24605190748554234,
"DP_95":  0.3785485843970163,
"QL":  0.0}
,
{ "x":  225,
"greedy000":  0.0,
"greedy050":  0.0,
"greedy100":  0.25334829086591554,
"DP_05":  0.25334829086591554,
"DP_30":  0.25334829086591554,
"DP_60":  0.22579178165027408,
"DP_95":  0.355663472248303,
"QL":  0.0}
,
{ "x":  250,
"greedy000":  0.0,
"greedy050":  0.0,
"greedy100":  0.20534072786748453,
"DP_05":  0.20534072786748453,
"DP_30":  0.20534072786748453,
"DP_60":  0.18849142744629974,
"DP_95":  0.3182226679807826,
"QL":  0.0}
,
{ "x":  275,
"greedy000":  0.0,
"greedy050":  0.0,
"greedy100":  0.1617669269382438,
"DP_05":  0.1617669269382438,
"DP_30":  0.1617669269382438,
"DP_60":  0.13860436949762509,
"DP_95":  0.27264335966434416,
"QL":  0.0}
,
{ "x":  300,
"greedy000":  0.0,
"greedy050":  0.0,
"greedy100":  0.08544053554550593,
"DP_05":  0.08544053554550593,
"DP_30":  0.08544053554550593,
"DP_60":  0.08030234142921162,
"DP_95":  0.19334585434364315,
"QL":  0.0}
,
{ "x":  325,
"greedy000":  0.0,
"greedy050":  0.0,
"greedy100":  0.08065355880094616,
"DP_05":  0.08065355880094616,
"DP_30":  0.08065355880094616,
"DP_60":  0.07508496785334509,
"DP_95":  0.18745707852011445,
"QL":  0.0}
,
{ "x":  350,
"greedy000":  0.0,
"greedy050":  0.0,
"greedy100":  0.06685942943483247,
"DP_05":  0.06685942943483247,
"DP_30":  0.06685942943483247,
"DP_60":  0.07013123870684197,
"DP_95":  0.17022783615970855,
"QL":  0.0}
,
{ "x":  375,
"greedy000":  0.0,
"greedy050":  0.0,
"greedy100":  0.0214302236242181,
"DP_05":  0.0214302236242181,
"DP_30":  0.0214302236242181,
"DP_60":  0.023383228464769777,
"DP_95":  0.10021466239871686,
"QL":  0.0}
,
{ "x":  400,
"greedy000":  0.0,
"greedy050":  0.0,
"greedy100":  0.01992939072604265,
"DP_05":  0.01992939072604265,
"DP_30":  0.01992939072604265,
"DP_60":  0.019860246658878623,
"DP_95":  0.0781162862815866,
"QL":  0.0}
,
{ "x":  425,
"greedy000":  0.0,
"greedy050":  0.0,
"greedy100":  0.014975543468297093,
"DP_05":  0.014975543468297093,
"DP_30":  0.014975543468297093,
"DP_60":  0.014972245972187766,
"DP_95":  0.07140808221816311,
"QL":  0.0}
,
{ "x":  450,
"greedy000":  0.0,
"greedy050":  0.0,
"greedy100":  0.0004016064257028112,
"DP_05":  0.0004016064257028112,
"DP_30":  0.0004016064257028112,
"DP_60":  0.0008032128514056224,
"DP_95":  0.031137170059429647,
"QL":  0.0}
,
{ "x":  475,
"greedy000":  0.0,
"greedy050":  0.0,
"greedy100":  0.006425121359010214,
"DP_05":  0.006425121359010214,
"DP_30":  0.006425121359010214,
"DP_60":  0.008337957450265008,
"DP_95":  0.03326193226451408,
"QL":  0.0}
,
{ "x":  500,
"greedy000":  0.0,
"greedy050":  0.0,
"greedy100":  0.001588118811881188,
"DP_05":  0.001588118811881188,
"DP_30":  0.001588118811881188,
"DP_60":  0.003165408415841584,
"DP_95":  0.0227379602927398,
"QL":  0.0}
,
{ "x":  525,
"greedy000":  0.0,
"greedy050":  0.0,
"greedy100":  0.002294455066921606,
"DP_05":  0.002294455066921606,
"DP_30":  0.002294455066921606,
"DP_60":  0.001147227533460803,
"DP_95":  0.007904538248552842,
"QL":  0.0}
]}
