{ "x_label":"capacity",
"y_label":"Federation Rate",
 "results":[
{ "x":  25,
"greedy000":  0.0,
"greedy050":  0.0,
"greedy100":  0.8516024036456942,
"DP_05":  0.8516024036456942,
"DP_30":  0.8516024036456942,
"DP_60":  0.7898200821113693,
"DP_95":  0.7894420797874642,
"QL":  0.0}
,
{ "x":  50,
"greedy000":  0.0,
"greedy050":  0.0,
"greedy100":  0.7178519360927231,
"DP_05":  0.7178519360927231,
"DP_30":  0.7178519360927231,
"DP_60":  0.6407006794539061,
"DP_95":  0.6145035820291965,
"QL":  0.0}
,
{ "x":  75,
"greedy000":  0.0,
"greedy050":  0.0,
"greedy100":  0.6092339657093844,
"DP_05":  0.6092339657093844,
"DP_30":  0.603014100714206,
"DP_60":  0.5269138508361768,
"DP_95":  0.5208601400146853,
"QL":  0.0}
,
{ "x":  100,
"greedy000":  0.0,
"greedy050":  0.0,
"greedy100":  0.5643685309301836,
"DP_05":  0.5643685309301836,
"DP_30":  0.5643685309301836,
"DP_60":  0.48713355457211227,
"DP_95":  0.5039791388212306,
"QL":  0.0}
,
{ "x":  125,
"greedy000":  0.0,
"greedy050":  0.0,
"greedy100":  0.49111722472027086,
"DP_05":  0.49111722472027086,
"DP_30":  0.49111722472027086,
"DP_60":  0.408062299430061,
"DP_95":  0.4931164835455751,
"QL":  0.0}
,
{ "x":  150,
"greedy000":  0.0,
"greedy050":  0.0,
"greedy100":  0.39098914822158626,
"DP_05":  0.39098914822158626,
"DP_30":  0.39098914822158626,
"DP_60":  0.3340883124193603,
"DP_95":  0.49668501924279723,
"QL":  0.0}
,
{ "x":  175,
"greedy000":  0.0,
"greedy050":  0.0,
"greedy100":  0.3588421783308622,
"DP_05":  0.3588421783308622,
"DP_30":  0.3588421783308622,
"DP_60":  0.3041468437396103,
"DP_95":  0.49764090097764224,
"QL":  0.0}
,
{ "x":  200,
"greedy000":  0.0,
"greedy050":  0.0,
"greedy100":  0.26969712410461055,
"DP_05":  0.26969712410461055,
"DP_30":  0.26969712410461055,
"DP_60":  0.24537348839609593,
"DP_95":  0.4871971717587883,
"QL":  0.0}
,
{ "x":  225,
"greedy000":  0.0,
"greedy050":  0.0,
"greedy100":  0.22263296488702622,
"DP_05":  0.22263296488702622,
"DP_30":  0.22263296488702622,
"DP_60":  0.2093367142292128,
"DP_95":  0.49263431511171013,
"QL":  0.0}
,
{ "x":  250,
"greedy000":  0.0,
"greedy050":  0.0,
"greedy100":  0.1799912782067642,
"DP_05":  0.1799912782067642,
"DP_30":  0.1799912782067642,
"DP_60":  0.15855963148360047,
"DP_95":  0.5029850430218451,
"QL":  0.0}
,
{ "x":  275,
"greedy000":  0.0,
"greedy050":  0.0,
"greedy100":  0.1329178756135619,
"DP_05":  0.1329178756135619,
"DP_30":  0.1329178756135619,
"DP_60":  0.1179876485983101,
"DP_95":  0.5040151801844207,
"QL":  0.0}
,
{ "x":  300,
"greedy000":  0.0,
"greedy050":  0.0,
"greedy100":  0.10780919889127823,
"DP_05":  0.10780919889127823,
"DP_30":  0.10780919889127823,
"DP_60":  0.10739096420280983,
"DP_95":  0.505911026906396,
"QL":  0.0}
,
{ "x":  325,
"greedy000":  0.0,
"greedy050":  0.0,
"greedy100":  0.0871330191680776,
"DP_05":  0.0871330191680776,
"DP_30":  0.0871330191680776,
"DP_60":  0.08739035271165996,
"DP_95":  0.5059683196496891,
"QL":  0.0}
,
{ "x":  350,
"greedy000":  0.0,
"greedy050":  0.0,
"greedy100":  0.05180750726494188,
"DP_05":  0.05180750726494188,
"DP_30":  0.05180750726494188,
"DP_60":  0.05344601305124815,
"DP_95":  0.5062981461732983,
"QL":  0.0}
,
{ "x":  375,
"greedy000":  0.0,
"greedy050":  0.0,
"greedy100":  0.02386080394113695,
"DP_05":  0.02386080394113695,
"DP_30":  0.02386080394113695,
"DP_60":  0.02592976273048043,
"DP_95":  0.495768343427162,
"QL":  0.0}
,
{ "x":  400,
"greedy000":  0.0,
"greedy050":  0.0,
"greedy100":  0.017427565012805558,
"DP_05":  0.017427565012805558,
"DP_30":  0.017427565012805558,
"DP_60":  0.01870156127008559,
"DP_95":  0.5063315346329564,
"QL":  0.0}
,
{ "x":  425,
"greedy000":  0.0,
"greedy050":  0.0,
"greedy100":  0.004527755788640412,
"DP_05":  0.004527755788640412,
"DP_30":  0.004527755788640412,
"DP_60":  0.005796968797414077,
"DP_95":  0.5072172753867977,
"QL":  0.0}
,
{ "x":  450,
"greedy000":  0.0,
"greedy050":  0.0,
"greedy100":  0.006486074280955241,
"DP_05":  0.006486074280955241,
"DP_30":  0.006486074280955241,
"DP_60":  0.007674193092836429,
"DP_95":  0.4929979005778347,
"QL":  0.0}
,
{ "x":  475,
"greedy000":  0.0,
"greedy050":  0.0,
"greedy100":  0.0031872509960159364,
"DP_05":  0.0031872509960159364,
"DP_30":  0.0031872509960159364,
"DP_60":  0.003558308509930593,
"DP_95":  0.36978440487719877,
"QL":  0.0}
,
{ "x":  500,
"greedy000":  0.0,
"greedy050":  0.0,
"greedy100":  0.0,
"DP_05":  0.0,
"DP_30":  0.0,
"DP_60":  0.0,
"DP_95":  0.3243490569943659,
"QL":  0.0}
,
{ "x":  525,
"greedy000":  0.0,
"greedy050":  0.0,
"greedy100":  0.0,
"DP_05":  0.0,
"DP_30":  0.0,
"DP_60":  0.0,
"DP_95":  0.32165959014122675,
"QL":  0.0}
,
{ "x":  550,
"greedy000":  0.0,
"greedy050":  0.0,
"greedy100":  0.0,
"DP_05":  0.0,
"DP_30":  0.0,
"DP_60":  0.0,
"DP_95":  0.2536257755956033,
"QL":  0.0}
,
{ "x":  575,
"greedy000":  0.0,
"greedy050":  0.0,
"greedy100":  0.0,
"DP_05":  0.0,
"DP_30":  0.0,
"DP_60":  0.0,
"DP_95":  0.24103476992561998,
"QL":  0.0}
,
{ "x":  600,
"greedy000":  0.0,
"greedy050":  0.0,
"greedy100":  0.0,
"DP_05":  0.0,
"DP_30":  0.0,
"DP_60":  0.0,
"DP_95":  0.22142265171794406,
"QL":  0.0}
,
{ "x":  625,
"greedy000":  0.0,
"greedy050":  0.0,
"greedy100":  0.0,
"DP_05":  0.0,
"DP_30":  0.0,
"DP_60":  0.0,
"DP_95":  0.18304201743302137,
"QL":  0.0}
,
{ "x":  650,
"greedy000":  0.0,
"greedy050":  0.0,
"greedy100":  0.0,
"DP_05":  0.0,
"DP_30":  0.0,
"DP_60":  0.0,
"DP_95":  0.16696437148148538,
"QL":  0.0}
]}
