{ "x_label":"capacity",
"y_label":"Average Profit",
 "results":[
{ "x":  25,
"greedy000":  0.0,
"greedy050":  0.0,
"greedy100":  11.307126315293871,
"DP_05":  11.307126315293871,
"DP_30":  11.307126315293871,
"DP_60":  12.857102541675866,
"DP_95":  13.050556019759465,
"QL":  0.0}
,
{ "x":  50,
"greedy000":  0.0,
"greedy050":  0.0,
"greedy100":  13.635266430139726,
"DP_05":  13.635266430139726,
"DP_30":  13.635266430139726,
"DP_60":  18.198436876998784,
"DP_95":  20.1072652546794,
"QL":  0.0}
,
{ "x":  75,
"greedy000":  0.0,
"greedy050":  0.0,
"greedy100":  16.609642578988293,
"DP_05":  16.609642578988293,
"DP_30":  16.835948188272624,
"DP_60":  21.790203238967017,
"DP_95":  24.62820905897768,
"QL":  0.0}
,
{ "x":  100,
"greedy000":  0.0,
"greedy050":  0.0,
"greedy100":  19.034893415434603,
"DP_05":  19.034893415434603,
"DP_30":  19.034893415434603,
"DP_60":  23.58106844264548,
"DP_95":  25.3063689316936,
"QL":  0.0}
,
{ "x":  125,
"greedy000":  0.0,
"greedy050":  0.0,
"greedy100":  20.25609847314795,
"DP_05":  20.25609847314795,
"DP_30":  20.25609847314795,
"DP_60":  24.89931133800611,
"DP_95":  25.569519411293648,
"QL":  0.0}
,
{ "x":  150,
"greedy000":  0.0,
"greedy050":  0.0,
"greedy100":  21.07886857416128,
"DP_05":  21.07886857416128,
"DP_30":  21.07886857416128,
"DP_60":  24.910615362880677,
"DP_95":  24.79023321432527,
"QL":  0.0}
,
{ "x":  175,
"greedy000":  0.0,
"greedy050":  0.0,
"greedy100":  21.631384130157564,
"DP_05":  21.631384130157564,
"DP_30":  21.631384130157564,
"DP_60":  25.376847850936123,
"DP_95":  25.569737343723432,
"QL":  0.0}
,
{ "x":  200,
"greedy000":  0.0,
"greedy050":  0.0,
"greedy100":  24.132771051901024,
"DP_05":  24.132771051901024,
"DP_30":  24.132771051901024,
"DP_60":  26.806516697256427,
"DP_95":  26.171345811995025,
"QL":  0.0}
,
{ "x":  225,
"greedy000":  0.0,
"greedy050":  0.0,
"greedy100":  24.616605312831116,
"DP_05":  24.616605312831116,
"DP_30":  24.616605312831116,
"DP_60":  26.859665052893728,
"DP_95":  26.247692454464737,
"QL":  0.0}
,
{ "x":  250,
"greedy000":  0.0,
"greedy050":  0.0,
"greedy100":  25.693146312560675,
"DP_05":  25.693146312560675,
"DP_30":  25.693146312560675,
"DP_60":  27.55077049476312,
"DP_95":  26.67560086757648,
"QL":  0.0}
,
{ "x":  275,
"greedy000":  0.0,
"greedy050":  0.0,
"greedy100":  26.70636911819121,
"DP_05":  26.70636911819121,
"DP_30":  26.70636911819121,
"DP_60":  28.245396216902208,
"DP_95":  27.252778367072676,
"QL":  0.0}
,
{ "x":  300,
"greedy000":  0.0,
"greedy050":  0.0,
"greedy100":  28.627199255849966,
"DP_05":  28.627199255849966,
"DP_30":  28.627199255849966,
"DP_60":  29.312652671551724,
"DP_95":  28.443234595969823,
"QL":  0.0}
,
{ "x":  325,
"greedy000":  0.0,
"greedy050":  0.0,
"greedy100":  28.04835977520051,
"DP_05":  28.04835977520051,
"DP_30":  28.04835977520051,
"DP_60":  28.75741003838106,
"DP_95":  27.834677265965684,
"QL":  0.0}
,
{ "x":  350,
"greedy000":  0.0,
"greedy050":  0.0,
"greedy100":  28.967749745072876,
"DP_05":  28.967749745072876,
"DP_30":  28.967749745072876,
"DP_60":  29.32300285029273,
"DP_95":  28.4907565628345,
"QL":  0.0}
,
{ "x":  375,
"greedy000":  0.0,
"greedy050":  0.0,
"greedy100":  30.125560666869227,
"DP_05":  30.125560666869227,
"DP_30":  30.125560666869227,
"DP_60":  30.181634163088347,
"DP_95":  29.519539502384948,
"QL":  0.0}
,
{ "x":  400,
"greedy000":  0.0,
"greedy050":  0.0,
"greedy100":  29.34704018335982,
"DP_05":  29.34704018335982,
"DP_30":  29.34704018335982,
"DP_60":  29.494917184987912,
"DP_95":  28.985306705934562,
"QL":  0.0}
,
{ "x":  425,
"greedy000":  0.0,
"greedy050":  0.0,
"greedy100":  29.510086702938224,
"DP_05":  29.510086702938224,
"DP_30":  29.510086702938224,
"DP_60":  29.62346507357799,
"DP_95":  29.115542547364207,
"QL":  0.0}
,
{ "x":  450,
"greedy000":  0.0,
"greedy050":  0.0,
"greedy100":  30.137291360114354,
"DP_05":  30.137291360114354,
"DP_30":  30.137291360114354,
"DP_60":  30.133676902283025,
"DP_95":  29.86067128741081,
"QL":  0.0}
,
{ "x":  475,
"greedy000":  0.0,
"greedy050":  0.0,
"greedy100":  29.89020794521747,
"DP_05":  29.89020794521747,
"DP_30":  29.89020794521747,
"DP_60":  29.872992420396173,
"DP_95":  29.648676647067937,
"QL":  0.0}
,
{ "x":  500,
"greedy000":  0.0,
"greedy050":  0.0,
"greedy100":  29.949974889067853,
"DP_05":  29.949974889067853,
"DP_30":  29.949974889067853,
"DP_60":  29.93577928263221,
"DP_95":  29.759626315740128,
"QL":  0.0}
,
{ "x":  525,
"greedy000":  0.0,
"greedy050":  0.0,
"greedy100":  29.68285747179006,
"DP_05":  29.68285747179006,
"DP_30":  29.68285747179006,
"DP_60":  29.7344827107958,
"DP_95":  29.673666914359973,
"QL":  0.0}
]}
