{ "x_label":"zeta",
"y_label":"Acceptance Rate",
 "results":[
{ "x":  0.0,
"greedy000":  0.0,
"greedy050":  0.0,
"greedy100":  0.5288625,
"DP_05":  0.0,
"DP_30":  0.0,
"DP_60":  0.0,
"DP_95":  0.4467625,
"QL_09":  0.4660500000000001,
"QL_05":  0.47268750000000004,
"RL":  0.4825874999999999}
,
{ "x":  0.15,
"greedy000":  0.0,
"greedy050":  0.0,
"greedy100":  0.5251625000000001,
"DP_05":  0.0,
"DP_30":  0.0,
"DP_60":  0.0,
"DP_95":  0.6084375000000002,
"QL_09":  0.49250000000000005,
"QL_05":  0.5051124999999999,
"RL":  0.5500749999999999}
,
{ "x":  0.3,
"greedy000":  0.0,
"greedy050":  0.0,
"greedy100":  0.5274249999999999,
"DP_05":  0.0,
"DP_30":  0.0,
"DP_60":  0.0,
"DP_95":  0.612225,
"QL_09":  0.507275,
"QL_05":  0.51325,
"RL":  0.5804499999999998}
,
{ "x":  0.44999999999999996,
"greedy000":  0.0,
"greedy050":  0.0,
"greedy100":  0.5317000000000001,
"DP_05":  0.0,
"DP_30":  0.0,
"DP_60":  0.0,
"DP_95":  0.61425,
"QL_09":  0.51985,
"QL_05":  0.5227250000000001,
"RL":  0.5979124999999998}
,
{ "x":  0.6,
"greedy000":  0.0,
"greedy050":  0.0,
"greedy100":  0.5287125,
"DP_05":  0.0,
"DP_30":  0.0,
"DP_60":  0.0,
"DP_95":  0.61385,
"QL_09":  0.530275,
"QL_05":  0.52595,
"RL":  0.6008624999999999}
,
{ "x":  0.75,
"greedy000":  0.0,
"greedy050":  0.0,
"greedy100":  0.5249625000000001,
"DP_05":  0.0,
"DP_30":  0.0,
"DP_60":  0.0,
"DP_95":  0.6117875,
"QL_09":  0.5360625,
"QL_05":  0.5299124999999999,
"RL":  0.6026374999999999}
,
{ "x":  0.8999999999999999,
"greedy000":  0.0,
"greedy050":  0.0,
"greedy100":  0.5240250000000001,
"DP_05":  0.0,
"DP_30":  0.0,
"DP_60":  0.0,
"DP_95":  0.6126,
"QL_09":  0.5476,
"QL_05":  0.5338375,
"RL":  0.6038625000000001}
,
{ "x":  1.05,
"greedy000":  0.0,
"greedy050":  0.0,
"greedy100":  0.5274,
"DP_05":  0.0,
"DP_30":  0.0,
"DP_60":  0.0,
"DP_95":  0.6141375,
"QL_09":  0.5628249999999999,
"QL_05":  0.5439624999999999,
"RL":  0.6117250000000001}
]}
