{ "x_label":"zeta",
"y_label":"Federation Rate",
 "results":[
{ "x":  0.0,
"greedy000":  0.0,
"greedy050":  0.0,
"greedy100":  0.26458750000000003,
"DP_05":  0.0,
"DP_30":  0.0,
"DP_60":  0.0,
"DP_95":  0.3826,
"QL_09":  0.3174874999999999,
"QL_05":  0.3131125,
"RL":  0.343025}
,
{ "x":  0.15,
"greedy000":  0.0,
"greedy050":  0.0,
"greedy100":  0.26811250000000003,
"DP_05":  0.0,
"DP_30":  0.0,
"DP_60":  0.0,
"DP_95":  0.20634999999999998,
"QL_09":  0.28898749999999995,
"QL_05":  0.274875,
"RL":  0.27185000000000004}
,
{ "x":  0.3,
"greedy000":  0.0,
"greedy050":  0.0,
"greedy100":  0.26635,
"DP_05":  0.0,
"DP_30":  0.0,
"DP_60":  0.0,
"DP_95":  0.19451250000000003,
"QL_09":  0.2724875000000001,
"QL_05":  0.267,
"RL":  0.23952500000000004}
,
{ "x":  0.44999999999999996,
"greedy000":  0.0,
"greedy050":  0.0,
"greedy100":  0.2604375,
"DP_05":  0.0,
"DP_30":  0.0,
"DP_60":  0.0,
"DP_95":  0.1924375,
"QL_09":  0.2566,
"QL_05":  0.25684999999999997,
"RL":  0.22005}
,
{ "x":  0.6,
"greedy000":  0.0,
"greedy050":  0.0,
"greedy100":  0.2653125,
"DP_05":  0.0,
"DP_30":  0.0,
"DP_60":  0.0,
"DP_95":  0.19170000000000004,
"QL_09":  0.24718749999999995,
"QL_05":  0.256525,
"RL":  0.215775}
,
{ "x":  0.75,
"greedy000":  0.0,
"greedy050":  0.0,
"greedy100":  0.2634,
"DP_05":  0.0,
"DP_30":  0.0,
"DP_60":  0.0,
"DP_95":  0.19254999999999994,
"QL_09":  0.234775,
"QL_05":  0.24867500000000003,
"RL":  0.20533750000000003}
,
{ "x":  0.8999999999999999,
"greedy000":  0.0,
"greedy050":  0.0,
"greedy100":  0.2684375,
"DP_05":  0.0,
"DP_30":  0.0,
"DP_60":  0.0,
"DP_95":  0.18676250000000003,
"QL_09":  0.2177375,
"QL_05":  0.24428750000000007,
"RL":  0.19860000000000003}
,
{ "x":  1.05,
"greedy000":  0.0,
"greedy050":  0.0,
"greedy100":  0.26603750000000004,
"DP_05":  0.0,
"DP_30":  0.0,
"DP_60":  0.0,
"DP_95":  0.1496875,
"QL_09":  0.17996249999999997,
"QL_05":  0.17908749999999998,
"RL":  0.1843625}
]}
