{ "x_label":"zeta",
"y_label":"Average Profit",
 "results":[
{ "x":  0.0,
"greedy000":  0.0,
"greedy050":  0.0,
"greedy100":  69.28666666666666,
"DP_05":  0.0,
"DP_30":  0.0,
"DP_60":  0.0,
"DP_95":  73.88333333333334,
"QL":  68.67999999999999,
"RL":  68.355}
,
{ "x":  0.15,
"greedy000":  0.0,
"greedy050":  0.0,
"greedy100":  66.16430416666665,
"DP_05":  0.0,
"DP_30":  0.0,
"DP_60":  0.0,
"DP_95":  70.01520833333333,
"QL":  65.03691666666668,
"RL":  65.2360625}
,
{ "x":  0.3,
"greedy000":  0.0,
"greedy050":  0.0,
"greedy100":  63.433791666666664,
"DP_05":  0.0,
"DP_30":  0.0,
"DP_60":  0.0,
"DP_95":  67.25160833333334,
"QL":  61.84839166666667,
"RL":  62.25816666666667}
,
{ "x":  0.44999999999999996,
"greedy000":  0.0,
"greedy050":  0.0,
"greedy100":  58.96485,
"DP_05":  0.0,
"DP_30":  0.0,
"DP_60":  0.0,
"DP_95":  62.77012500000001,
"QL":  57.783758333333346,
"RL":  58.2927}
,
{ "x":  0.6,
"greedy000":  0.0,
"greedy050":  0.0,
"greedy100":  55.60246666666666,
"DP_05":  0.0,
"DP_30":  0.0,
"DP_60":  0.0,
"DP_95":  59.61846666666666,
"QL":  54.670516666666664,
"RL":  54.779650000000004}
,
{ "x":  0.75,
"greedy000":  0.0,
"greedy050":  0.0,
"greedy100":  52.80052083333334,
"DP_05":  0.0,
"DP_30":  0.0,
"DP_60":  0.0,
"DP_95":  56.28622916666667,
"QL":  51.91241666666666,
"RL":  52.004625}
,
{ "x":  0.8999999999999999,
"greedy000":  0.0,
"greedy050":  0.0,
"greedy100":  48.94615,
"DP_05":  0.0,
"DP_30":  0.0,
"DP_60":  0.0,
"DP_95":  53.373625000000004,
"QL":  48.61870833333334,
"RL":  48.598200000000006}
]}
