{ "x_label":"zeta",
"y_label":"Average Profit",
 "results":[
{ "x":  0.0,
"greedy000":  0.0,
"greedy050":  0.0,
"greedy100":  43.455437499999995,
"DP_05":  0.0,
"DP_30":  0.0,
"DP_60":  0.0,
"DP_95":  49.628562500000015,
"QL_09":  43.8868125,
"QL_05":  43.412125,
"RL":  47.85975}
,
{ "x":  0.15,
"greedy000":  0.0,
"greedy050":  0.0,
"greedy100":  41.836449218750005,
"DP_05":  0.0,
"DP_30":  0.0,
"DP_60":  0.0,
"DP_95":  48.3258296875,
"QL_09":  41.789866406250006,
"QL_05":  41.25270390624999,
"RL":  46.15274609375}
,
{ "x":  0.3,
"greedy000":  0.0,
"greedy050":  0.0,
"greedy100":  40.222364062500006,
"DP_05":  0.0,
"DP_30":  0.0,
"DP_60":  0.0,
"DP_95":  47.59057656249999,
"QL_09":  40.15311718750001,
"QL_05":  39.7499671875,
"RL":  45.2306875}
,
{ "x":  0.44999999999999996,
"greedy000":  0.0,
"greedy050":  0.0,
"greedy100":  38.550120312500006,
"DP_05":  0.0,
"DP_30":  0.0,
"DP_60":  0.0,
"DP_95":  46.98440703125,
"QL_09":  38.805565625,
"QL_05":  38.3763375,
"RL":  44.601896875}
,
{ "x":  0.6,
"greedy000":  0.0,
"greedy050":  0.0,
"greedy100":  36.856196874999995,
"DP_05":  0.0,
"DP_30":  0.0,
"DP_60":  0.0,
"DP_95":  46.206875000000004,
"QL_09":  37.72031875,
"QL_05":  37.003084375,
"RL":  43.663325}
,
{ "x":  0.75,
"greedy000":  0.0,
"greedy050":  0.0,
"greedy100":  34.90153125,
"DP_05":  0.0,
"DP_30":  0.0,
"DP_60":  0.0,
"DP_95":  45.45859765625,
"QL_09":  36.619609374999996,
"QL_05":  35.66179687500001,
"RL":  42.840765625}
,
{ "x":  0.8999999999999999,
"greedy000":  0.0,
"greedy050":  0.0,
"greedy100":  33.335975,
"DP_05":  0.0,
"DP_30":  0.0,
"DP_60":  0.0,
"DP_95":  44.961378125,
"QL_09":  36.158720312499995,
"QL_05":  34.50429687500001,
"RL":  42.04895312499999}
]}
