{ "x_label":"zeta",
"y_label":"Average Profit",
 "results":[
{ "x":  0.0,
"greedy000":  0.0,
"greedy050":  0.0,
"greedy100":  69.28666666666666,
"DP_05":  0.0,
"DP_30":  0.0,
"DP_60":  0.0,
"DP_95":  73.88333333333334,
"QL_09":  68.67999999999999,
"QL_05":  68.355,
"RL":  71.785}
,
{ "x":  0.15,
"greedy000":  0.0,
"greedy050":  0.0,
"greedy100":  66.16430416666665,
"DP_05":  0.0,
"DP_30":  0.0,
"DP_60":  0.0,
"DP_95":  70.01520833333333,
"QL_09":  65.03691666666668,
"QL_05":  65.2360625,
"RL":  67.96959583333333}
,
{ "x":  0.3,
"greedy000":  0.0,
"greedy050":  0.0,
"greedy100":  63.433791666666664,
"DP_05":  0.0,
"DP_30":  0.0,
"DP_60":  0.0,
"DP_95":  67.25160833333334,
"QL_09":  61.84839166666667,
"QL_05":  62.25816666666667,
"RL":  64.792325}
,
{ "x":  0.44999999999999996,
"greedy000":  0.0,
"greedy050":  0.0,
"greedy100":  58.96485,
"DP_05":  0.0,
"DP_30":  0.0,
"DP_60":  0.0,
"DP_95":  62.77012500000001,
"QL_09":  57.783758333333346,
"QL_05":  58.2927,
"RL":  60.61685833333333}
,
{ "x":  0.6,
"greedy000":  0.0,
"greedy050":  0.0,
"greedy100":  55.60246666666666,
"DP_05":  0.0,
"DP_30":  0.0,
"DP_60":  0.0,
"DP_95":  59.61846666666666,
"QL_09":  54.670516666666664,
"QL_05":  54.779650000000004,
"RL":  57.56695}
,
{ "x":  0.75,
"greedy000":  0.0,
"greedy050":  0.0,
"greedy100":  52.80052083333334,
"DP_05":  0.0,
"DP_30":  0.0,
"DP_60":  0.0,
"DP_95":  56.28622916666667,
"QL_09":  51.91241666666666,
"QL_05":  52.004625,
"RL":  53.82212500000001}
,
{ "x":  0.8999999999999999,
"greedy000":  0.0,
"greedy050":  0.0,
"greedy100":  48.94615,
"DP_05":  0.0,
"DP_30":  0.0,
"DP_60":  0.0,
"DP_95":  53.373625000000004,
"QL_09":  48.61870833333334,
"QL_05":  48.598200000000006,
"RL":  50.66123333333333}
,
{ "x":  1.05,
"greedy000":  0.0,
"greedy050":  0.0,
"greedy100":  44.882104166666664,
"DP_05":  0.0,
"DP_30":  0.0,
"DP_60":  0.0,
"DP_95":  51.141845833333335,
"QL_09":  45.29278333333333,
"QL_05":  44.72225833333333,
"RL":  47.137995833333335}
]}
