{ "x_label":"zeta",
"y_label":"Acceptance Rate",
 "results":[
{ "x":  0.0,
"greedy000":  0.4739451192668005,
"greedy050":  0.5864815672244923,
"greedy100":  0.65077184606045,
"DP_05":  0.01101743590054351,
"DP_30":  0.0,
"DP_60":  0.01101743590054351,
"DP_95":  0.0,
"QL":  0.0}
,
{ "x":  0.25,
"greedy000":  0.4783252624996612,
"greedy050":  0.5875197145707975,
"greedy100":  0.6508327061645365,
"DP_05":  0.6508327061645365,
"DP_30":  0.6508327061645365,
"DP_60":  0.6508327061645365,
"DP_95":  0.7680777961554923,
"QL":  0.0}
,
{ "x":  0.5,
"greedy000":  0.47568698412763954,
"greedy050":  0.5926697224052015,
"greedy100":  0.6502368320633541,
"DP_05":  0.6502368320633541,
"DP_30":  0.6502368320633541,
"DP_60":  0.6502368320633541,
"DP_95":  0.7687612338305627,
"QL":  0.0}
,
{ "x":  0.75,
"greedy000":  0.47757856411929706,
"greedy050":  0.590934388359459,
"greedy100":  0.6522547390394675,
"DP_05":  0.6522547390394675,
"DP_30":  0.6522547390394675,
"DP_60":  0.6522547390394675,
"DP_95":  0.768902146318392,
"QL":  0.0}
,
{ "x":  1.0,
"greedy000":  0.47621759283103404,
"greedy050":  0.5838993611277637,
"greedy100":  0.6433326819446512,
"DP_05":  0.6433326819446512,
"DP_30":  0.6433326819446512,
"DP_60":  0.6433326819446512,
"DP_95":  0.7628708627468972,
"QL":  0.0}
,
{ "x":  1.25,
"greedy000":  0.4779864259460894,
"greedy050":  0.5956966883722401,
"greedy100":  0.6527539334522634,
"DP_05":  0.6527539334522634,
"DP_30":  0.6527539334522634,
"DP_60":  0.6527539334522634,
"DP_95":  0.769704842292507,
"QL":  0.0}
,
{ "x":  1.5,
"greedy000":  0.47647661683671066,
"greedy050":  0.5891796596223542,
"greedy100":  0.6509005600904059,
"DP_05":  0.6509005600904059,
"DP_30":  0.6509005600904059,
"DP_60":  0.6509005600904059,
"DP_95":  0.7686057245639448,
"QL":  0.0}
,
{ "x":  1.75,
"greedy000":  0.4752192242436646,
"greedy050":  0.5860896243663307,
"greedy100":  0.6496693716318724,
"DP_05":  0.6496693716318724,
"DP_30":  0.6496693716318724,
"DP_60":  0.6496693716318724,
"DP_95":  0.7641341914097499,
"QL":  0.0}
,
{ "x":  2.0,
"greedy000":  0.47473450363385095,
"greedy050":  0.5856103004811775,
"greedy100":  0.6481393096886867,
"DP_05":  0.6481393096886867,
"DP_30":  0.6481393096886867,
"DP_60":  0.6481393096886867,
"DP_95":  0.7666011672280988,
"QL":  0.0}
,
{ "x":  2.25,
"greedy000":  0.47845746617979845,
"greedy050":  0.5917891489324478,
"greedy100":  0.6558971855459139,
"DP_05":  0.6558971855459139,
"DP_30":  0.6558971855459139,
"DP_60":  0.6558971855459139,
"DP_95":  0.771687846580306,
"QL":  0.0}
,
{ "x":  2.5,
"greedy000":  0.47765925506998935,
"greedy050":  0.5866565825247827,
"greedy100":  0.6490474172745933,
"DP_05":  0.6490474172745933,
"DP_30":  0.6490474172745933,
"DP_60":  0.6490474172745933,
"DP_95":  0.7677200605154446,
"QL":  0.0}
,
{ "x":  2.75,
"greedy000":  0.47957512225086596,
"greedy050":  0.5948390518018162,
"greedy100":  0.6599569073522084,
"DP_05":  0.6599569073522084,
"DP_30":  0.6599569073522084,
"DP_60":  0.6599569073522084,
"DP_95":  0.7721904460858663,
"QL":  0.0}
,
{ "x":  3.0,
"greedy000":  0.47522266937149,
"greedy050":  0.5914432311509792,
"greedy100":  0.6523248720099015,
"DP_05":  0.6523248720099015,
"DP_30":  0.6523248720099015,
"DP_60":  0.6523248720099015,
"DP_95":  0.7711674425755661,
"QL":  0.0}
,
{ "x":  3.25,
"greedy000":  0.4772944305962422,
"greedy050":  0.5871398910263694,
"greedy100":  0.6479824279124364,
"DP_05":  0.6479824279124364,
"DP_30":  0.6479824279124364,
"DP_60":  0.6479824279124364,
"DP_95":  0.7681228119266691,
"QL":  0.0}
,
{ "x":  3.5,
"greedy000":  0.47454009125635493,
"greedy050":  0.5830847011745866,
"greedy100":  0.6456310598715848,
"DP_05":  0.6456310598715848,
"DP_30":  0.6456310598715848,
"DP_60":  0.6456310598715848,
"DP_95":  0.76588063730273,
"QL":  0.0}
,
{ "x":  3.75,
"greedy000":  0.4761630196398935,
"greedy050":  0.587443699693671,
"greedy100":  0.6527842737809182,
"DP_05":  0.6527842737809182,
"DP_30":  0.6527842737809182,
"DP_60":  0.6527842737809182,
"DP_95":  0.7688356192004236,
"QL":  0.0}
,
{ "x":  4.0,
"greedy000":  0.472560329868451,
"greedy050":  0.5903145653104962,
"greedy100":  0.6491303979876497,
"DP_05":  0.6491303979876497,
"DP_30":  0.6491303979876497,
"DP_60":  0.6491303979876497,
"DP_95":  0.7668254927418949,
"QL":  0.0}
,
{ "x":  4.25,
"greedy000":  0.47963239320121287,
"greedy050":  0.5960681784445798,
"greedy100":  0.6569174542407382,
"DP_05":  0.6569174542407382,
"DP_30":  0.6569174542407382,
"DP_60":  0.6569174542407382,
"DP_95":  0.7705048744189094,
"QL":  0.0}
,
{ "x":  4.5,
"greedy000":  0.47696049117561506,
"greedy050":  0.5829374891913296,
"greedy100":  0.645086022720135,
"DP_05":  0.645086022720135,
"DP_30":  0.645086022720135,
"DP_60":  0.645086022720135,
"DP_95":  0.7648286738306334,
"QL":  0.0}
,
{ "x":  4.75,
"greedy000":  0.4766937617604274,
"greedy050":  0.5872125162735633,
"greedy100":  0.6486636886419238,
"DP_05":  0.6486636886419238,
"DP_30":  0.6486636886419238,
"DP_60":  0.6486636886419238,
"DP_95":  0.7681682706944526,
"QL":  0.0}
,
{ "x":  5.0,
"greedy000":  0.4784191321432159,
"greedy050":  0.587154470324229,
"greedy100":  0.6534972009061393,
"DP_05":  0.6534972009061393,
"DP_30":  0.6534972009061393,
"DP_60":  0.6534972009061393,
"DP_95":  0.7714743117962859,
"QL":  0.0}
,
{ "x":  5.25,
"greedy000":  0.4806693203352307,
"greedy050":  0.591704791517142,
"greedy100":  0.6563854033458992,
"DP_05":  0.6563854033458992,
"DP_30":  0.6563854033458992,
"DP_60":  0.6563854033458992,
"DP_95":  0.7687590441501928,
"QL":  0.0}
,
{ "x":  5.5,
"greedy000":  0.4768807401323862,
"greedy050":  0.5830718072192436,
"greedy100":  0.6474607031777263,
"DP_05":  0.6474607031777263,
"DP_30":  0.6474607031777263,
"DP_60":  0.6474607031777263,
"DP_95":  0.7654621572979741,
"QL":  0.0}
,
{ "x":  5.75,
"greedy000":  0.47618914297922493,
"greedy050":  0.5852808603992196,
"greedy100":  0.6443404550134205,
"DP_05":  0.6443404550134205,
"DP_30":  0.6443404550134205,
"DP_60":  0.6443404550134205,
"DP_95":  0.7645105144242703,
"QL":  0.0}
,
{ "x":  6.0,
"greedy000":  0.48102284984705346,
"greedy050":  0.586282701478072,
"greedy100":  0.6505628180280213,
"DP_05":  0.6505628180280213,
"DP_30":  0.6505628180280213,
"DP_60":  0.6505628180280213,
"DP_95":  0.769748850455808,
"QL":  0.0}
,
{ "x":  6.25,
"greedy000":  0.47985716431989867,
"greedy050":  0.5880126225499014,
"greedy100":  0.651196244058582,
"DP_05":  0.651196244058582,
"DP_30":  0.651196244058582,
"DP_60":  0.651196244058582,
"DP_95":  0.7679290321495236,
"QL":  0.0}
]}
