{ "x_label":"episode",
"y_label":"Acceptance Rate",
"results":[
{ "x":  5,
"DP_05":  0.5543774052493986,
"DP_30":  0.6102558895830541,
"DP_60":  0.6270332534964851,
"DP_95":  0.5920797850266986,
"QL-Dynamic": 0.30415532526848293,
"QL-Static": 0.33533110605822175}
,
{ "x":  10,
"DP_05":  0.552477663528386,
"DP_30":  0.6083289338840882,
"DP_60":  0.6249824829358201,
"DP_95":  0.589676963702807,
"QL-Dynamic": 0.3902079883547417,
"QL-Static": 0.40206550562931015}
,
{ "x":  15,
"DP_05":  0.5560986407263716,
"DP_30":  0.6117837029023463,
"DP_60":  0.6287325301664213,
"DP_95":  0.5919525784228675,
"QL-Dynamic": 0.4289869301683038,
"QL-Static": 0.44645749076246277}
,
{ "x":  20,
"DP_05":  0.5566057855225229,
"DP_30":  0.611992656626127,
"DP_60":  0.6291902078448637,
"DP_95":  0.5918475929154337,
"QL-Dynamic": 0.4801294233591611,
"QL-Static": 0.4684848929872754}
,
{ "x":  25,
"DP_05":  0.5582530544274033,
"DP_30":  0.6124486263038773,
"DP_60":  0.629781530787099,
"DP_95":  0.5933088432745878,
"QL-Dynamic": 0.4894060800111827,
"QL-Static": 0.48838081179927156}
,
{ "x":  30,
"DP_05":  0.5559310594017104,
"DP_30":  0.6101918635978657,
"DP_60":  0.6280589197891931,
"DP_95":  0.5923653578380097,
"QL-Dynamic": 0.5161186046475229,
"QL-Static": 0.5031914276683295}
,
{ "x":  35,
"DP_05":  0.5529948247574932,
"DP_30":  0.6098126427960578,
"DP_60":  0.6272325441619041,
"DP_95":  0.5919620860861472,
"QL-Dynamic": 0.5337005413233536,
"QL-Static": 0.5153709158570233}
,
{ "x":  40,
"DP_05":  0.5528778416241598,
"DP_30":  0.6080483734382067,
"DP_60":  0.6264073011572343,
"DP_95":  0.5905528254771089,
"QL-Dynamic": 0.5336664355268261,
"QL-Static": 0.5011100382905844}
,
{ "x":  45,
"DP_05":  0.5547985859505881,
"DP_30":  0.6099750288109255,
"DP_60":  0.6284210856087924,
"DP_95":  0.5928606588609302,
"QL-Dynamic": 0.5439891378158985,
"QL-Static": 0.5157307114717199}
,
{ "x":  50,
"DP_05":  0.5535991666711173,
"DP_30":  0.6091753002947913,
"DP_60":  0.6267904697278314,
"DP_95":  0.5911983998160305,
"QL-Dynamic": 0.5492378528966251,
"QL-Static": 0.5146449906938212}
,
{ "x":  55,
"DP_05":  0.5545394221334189,
"DP_30":  0.610294588678537,
"DP_60":  0.6281038255057247,
"DP_95":  0.5929098721477037,
"QL-Dynamic": 0.562079419891233,
"QL-Static": 0.529884488862299}
,
{ "x":  60,
"DP_05":  0.5555453530417482,
"DP_30":  0.6113597060464034,
"DP_60":  0.6279639581528081,
"DP_95":  0.5917433260436681,
"QL-Dynamic": 0.5603675094651429,
"QL-Static": 0.5260949281225592}
,
{ "x":  65,
"DP_05":  0.5551450383158112,
"DP_30":  0.6106636150082351,
"DP_60":  0.6272457822445228,
"DP_95":  0.5915438515396781,
"QL-Dynamic": 0.5690464757076801,
"QL-Static": 0.5284058377218542}
,
{ "x":  70,
"DP_05":  0.5544767889608186,
"DP_30":  0.6106782524780231,
"DP_60":  0.6266699469344493,
"DP_95":  0.5927766508166442,
"QL-Dynamic": 0.5702710120286933,
"QL-Static": 0.5331373913276449}
,
{ "x":  75,
"DP_05":  0.5525757545631294,
"DP_30":  0.6087968051172656,
"DP_60":  0.6271324407950996,
"DP_95":  0.59099978712529,
"QL-Dynamic": 0.5694568967772816,
"QL-Static": 0.5372325315280984}
,
{ "x":  80,
"DP_05":  0.5551795317674288,
"DP_30":  0.6116682317318644,
"DP_60":  0.6289810326076979,
"DP_95":  0.5930819953823914,
"QL-Dynamic": 0.5731469979353861,
"QL-Static": 0.5280646714546603}
,
{ "x":  85,
"DP_05":  0.5572769811136721,
"DP_30":  0.6134196261072908,
"DP_60":  0.6300482497010831,
"DP_95":  0.5932078337266176,
"QL-Dynamic": 0.575679035585223,
"QL-Static": 0.5373174568551782}
,
{ "x":  90,
"DP_05":  0.5569992341565376,
"DP_30":  0.611884574385632,
"DP_60":  0.6308639518904942,
"DP_95":  0.593294190509463,
"QL-Dynamic": 0.5823340368619554,
"QL-Static": 0.5455948506792099}
,
{ "x":  95,
"DP_05":  0.5553761984877797,
"DP_30":  0.610480799588768,
"DP_60":  0.6271845906423863,
"DP_95":  0.5918658859246316,
"QL-Dynamic": 0.5831394997854347,
"QL-Static": 0.5431782871027587}
,
{ "x":  100,
"DP_05":  0.5530566087603761,
"DP_30":  0.6090635984112539,
"DP_60":  0.6266233762350075,
"DP_95":  0.5921341869684889,
"QL-Dynamic": 0.5829219743731548,
"QL-Static": 0.5320763280018205}
]}
