{ "x_label":"episode",
"y_label":"Acceptance Rate",
"results":[
{ "x":  5,
"DP_05":  0.553099913407996,
"DP_30":  0.6079747629184492,
"DP_60":  0.6257066277449694,
"DP_95":  0.5901779786734407,
"QL-Dynamic": 0.30670200445329976,
"QL-Static": 0.33730613789136443}
,
{ "x":  10,
"DP_05":  0.553815186259573,
"DP_30":  0.6094670676339702,
"DP_60":  0.6273542074220455,
"DP_95":  0.5915205705143607,
"QL-Dynamic": 0.4010174457460409,
"QL-Static": 0.3941046953527681}
,
{ "x":  15,
"DP_05":  0.555679540284761,
"DP_30":  0.6111239324555373,
"DP_60":  0.6281489909550899,
"DP_95":  0.5927738550954187,
"QL-Dynamic": 0.4345417143884119,
"QL-Static": 0.42021879511427557}
,
{ "x":  20,
"DP_05":  0.556250207033473,
"DP_30":  0.6107364819553421,
"DP_60":  0.6277068238336068,
"DP_95":  0.5924203783923961,
"QL-Dynamic": 0.47187760715991234,
"QL-Static": 0.4453101311206589}
,
{ "x":  25,
"DP_05":  0.5532699893306589,
"DP_30":  0.6099174963176346,
"DP_60":  0.6278622676884198,
"DP_95":  0.5920128434015155,
"QL-Dynamic": 0.49751905568728055,
"QL-Static": 0.4687047556141533}
,
{ "x":  30,
"DP_05":  0.5562201655424684,
"DP_30":  0.6114720989217678,
"DP_60":  0.6297380591680922,
"DP_95":  0.592565286964412,
"QL-Dynamic": 0.5209001215673108,
"QL-Static": 0.49784838245978696}
,
{ "x":  35,
"DP_05":  0.5532717822857892,
"DP_30":  0.6101726880846569,
"DP_60":  0.6280143981206013,
"DP_95":  0.591970422440879,
"QL-Dynamic": 0.5211031685454508,
"QL-Static": 0.5061856497158411}
,
{ "x":  40,
"DP_05":  0.5551753830805464,
"DP_30":  0.6095037592872157,
"DP_60":  0.6268317638176072,
"DP_95":  0.5906887374096748,
"QL-Dynamic": 0.5463190761371964,
"QL-Static": 0.5081866834905803}
,
{ "x":  45,
"DP_05":  0.557154497634153,
"DP_30":  0.6116303941291741,
"DP_60":  0.6282613936394557,
"DP_95":  0.5928080379981943,
"QL-Dynamic": 0.5474380430933933,
"QL-Static": 0.509401617035926}
,
{ "x":  50,
"DP_05":  0.5534479181694327,
"DP_30":  0.6083924582585295,
"DP_60":  0.6257468360788976,
"DP_95":  0.5902273325299661,
"QL-Dynamic": 0.5516825209225066,
"QL-Static": 0.5193042025828116}
,
{ "x":  55,
"DP_05":  0.5569617938503612,
"DP_30":  0.6118242315250089,
"DP_60":  0.6295022447680576,
"DP_95":  0.5931795334808059,
"QL-Dynamic": 0.5633939445042145,
"QL-Static": 0.5254058901440878}
,
{ "x":  60,
"DP_05":  0.5545640172390183,
"DP_30":  0.609656181457222,
"DP_60":  0.6258835504571302,
"DP_95":  0.5901662893975128,
"QL-Dynamic": 0.5605909924476283,
"QL-Static": 0.5345054758989882}
,
{ "x":  65,
"DP_05":  0.5543741353459456,
"DP_30":  0.6105288623659925,
"DP_60":  0.6275404597201145,
"DP_95":  0.5918489432405211,
"QL-Dynamic": 0.564457228983963,
"QL-Static": 0.5380391668619277}
,
{ "x":  70,
"DP_05":  0.5551177336024504,
"DP_30":  0.612492444680024,
"DP_60":  0.6290256002515636,
"DP_95":  0.5927418741709845,
"QL-Dynamic": 0.5677791960529173,
"QL-Static": 0.5396964403377382}
,
{ "x":  75,
"DP_05":  0.5522051617557071,
"DP_30":  0.6081158004300206,
"DP_60":  0.6254179856670263,
"DP_95":  0.5895610523277899,
"QL-Dynamic": 0.5644876232763711,
"QL-Static": 0.5265296297191253}
,
{ "x":  80,
"DP_05":  0.5506316593543904,
"DP_30":  0.6087086728983769,
"DP_60":  0.624642755580363,
"DP_95":  0.5892294834784908,
"QL-Dynamic": 0.5725177776384534,
"QL-Static": 0.5298704991988796}
,
{ "x":  85,
"DP_05":  0.5521249063972455,
"DP_30":  0.607364359953795,
"DP_60":  0.626606745465552,
"DP_95":  0.591727956647021,
"QL-Dynamic": 0.5747496962022719,
"QL-Static": 0.5347696407400271}
,
{ "x":  90,
"DP_05":  0.5549957468261392,
"DP_30":  0.610117536644942,
"DP_60":  0.627885897196564,
"DP_95":  0.5919906650783293,
"QL-Dynamic": 0.5779169584726594,
"QL-Static": 0.5262754391756169}
,
{ "x":  95,
"DP_05":  0.5549512262644973,
"DP_30":  0.6074347589282005,
"DP_60":  0.6267936177833561,
"DP_95":  0.5911424153113005,
"QL-Dynamic": 0.5805783475343563,
"QL-Static": 0.5304608414134001}
,
{ "x":  100,
"DP_05":  0.5538019634757491,
"DP_30":  0.610521732208751,
"DP_60":  0.6276343699778818,
"DP_95":  0.5927885524074535,
"QL-Dynamic": 0.5884729958881986,
"QL-Static": 0.5434367371070327}
]}
