{ "x_label":"episode",
"y_label":"Acceptance Rate",
"results":[
{ "x":  60,
"DP_05":  0.5546835845191916,
"DP_30":  0.6097761047094682,
"DP_60":  0.6274917375640909,
"DP_95":  0.5928923712964764,
"QL-Dynamic": 0.5661754632649292,
"QL-Static": 0.5237373793950332}
,
{ "x":  65,
"DP_05":  0.5560144029542219,
"DP_30":  0.6105460434501212,
"DP_60":  0.6287244926327679,
"DP_95":  0.5921075092318027,
"QL-Dynamic": 0.561232768736498,
"QL-Static": 0.5391686378625341}
,
{ "x":  70,
"DP_05":  0.5557858928491264,
"DP_30":  0.6113834212777669,
"DP_60":  0.6298894286914811,
"DP_95":  0.5923131449191299,
"QL-Dynamic": 0.5714087407610081,
"QL-Static": 0.5237326842074751}
,
{ "x":  75,
"DP_05":  0.5549813503138451,
"DP_30":  0.610306802760123,
"DP_60":  0.6275423643173307,
"DP_95":  0.5923551761173416,
"QL-Dynamic": 0.5685976104240933,
"QL-Static": 0.5253624595756374}
,
{ "x":  80,
"DP_05":  0.555630111782273,
"DP_30":  0.6109131789906901,
"DP_60":  0.628984569418268,
"DP_95":  0.592717860398351,
"QL-Dynamic": 0.5709261819420284,
"QL-Static": 0.5471100053886923}
,
{ "x":  85,
"DP_05":  0.5547862349951912,
"DP_30":  0.6104767956118968,
"DP_60":  0.6281905973515302,
"DP_95":  0.5919854649558106,
"QL-Dynamic": 0.5787583479389979,
"QL-Static": 0.5311767493275072}
,
{ "x":  90,
"DP_05":  0.5547357042216596,
"DP_30":  0.6099734985794236,
"DP_60":  0.6282470990056956,
"DP_95":  0.5913088748625627,
"QL-Dynamic": 0.5745235184632773,
"QL-Static": 0.5308673361135577}
,
{ "x":  95,
"DP_05":  0.5552262031459649,
"DP_30":  0.6110200157866936,
"DP_60":  0.6283813577748247,
"DP_95":  0.5919399345260139,
"QL-Dynamic": 0.5855107237981562,
"QL-Static": 0.5457925075757234}
,
{ "x":  100,
"DP_05":  0.5549558324785903,
"DP_30":  0.6104713895969215,
"DP_60":  0.6279404346698755,
"DP_95":  0.5909488037200621,
"QL-Dynamic": 0.5835850245733826,
"QL-Static": 0.5309865841887269}
]}
