{ "x_label":"episode",
"y_label":"Federation Rate",
"results":[
{ "x":  5,
"DP_05":  0.4469000865920039,
"DP_30":  0.39202523708155085,
"DP_60":  0.3742933722550306,
"DP_95":  0.4098220213265594,
"QL-Dynamic": 0.5239541159783468,
"QL-Static": 0.5171741774248894}
,
{ "x":  10,
"DP_05":  0.44618481374042696,
"DP_30":  0.39053293236602976,
"DP_60":  0.3726457925779546,
"DP_95":  0.4084794294856395,
"QL-Dynamic": 0.4708959815296552,
"QL-Static": 0.5085202883595946}
,
{ "x":  15,
"DP_05":  0.444320459715239,
"DP_30":  0.38887606754446274,
"DP_60":  0.3718510090449099,
"DP_95":  0.4072261449045815,
"QL-Dynamic": 0.47709920696668684,
"QL-Static": 0.48373895119162974}
,
{ "x":  20,
"DP_05":  0.4437497929665271,
"DP_30":  0.389263518044658,
"DP_60":  0.37229317616639307,
"DP_95":  0.40757962160760386,
"QL-Dynamic": 0.436224301055949,
"QL-Static": 0.4705212816706162}
,
{ "x":  25,
"DP_05":  0.44673001066934115,
"DP_30":  0.39008250368236547,
"DP_60":  0.37213773231158015,
"DP_95":  0.40798715659848467,
"QL-Dynamic": 0.4283873377534164,
"QL-Static": 0.44155131953525356}
,
{ "x":  30,
"DP_05":  0.4437798344575316,
"DP_30":  0.38852790107823226,
"DP_60":  0.37026194083190767,
"DP_95":  0.4074347130355879,
"QL-Dynamic": 0.4171674354368883,
"QL-Static": 0.4244864047860961}
,
{ "x":  35,
"DP_05":  0.4467282177142108,
"DP_30":  0.38982731191534303,
"DP_60":  0.37198560187939855,
"DP_95":  0.40802957755912084,
"QL-Dynamic": 0.42298681530815474,
"QL-Static": 0.41213088458396735}
,
{ "x":  40,
"DP_05":  0.44482461691945374,
"DP_30":  0.3904962407127842,
"DP_60":  0.37316823618239264,
"DP_95":  0.4093112625903251,
"QL-Dynamic": 0.40417219483330385,
"QL-Static": 0.4145823190936965}
,
{ "x":  45,
"DP_05":  0.442845502365847,
"DP_30":  0.38836960587082586,
"DP_60":  0.37173860636054423,
"DP_95":  0.4071919620018057,
"QL-Dynamic": 0.41202852520826094,
"QL-Static": 0.43478444813191675}
,
{ "x":  50,
"DP_05":  0.4465520818305672,
"DP_30":  0.3916075417414705,
"DP_60":  0.3742531639211024,
"DP_95":  0.40977266747003405,
"QL-Dynamic": 0.413477963961306,
"QL-Static": 0.4112047680802677}
,
{ "x":  55,
"DP_05":  0.44303820614963885,
"DP_30":  0.38817576847499113,
"DP_60":  0.3704977552319423,
"DP_95":  0.40682046651919407,
"QL-Dynamic": 0.3931923589344549,
"QL-Static": 0.4054357238979318}
,
{ "x":  60,
"DP_05":  0.4454359827609818,
"DP_30":  0.39034381854277794,
"DP_60":  0.3741164495428698,
"DP_95":  0.40983371060248736,
"QL-Dynamic": 0.4049936904573257,
"QL-Static": 0.40585476972502527}
,
{ "x":  65,
"DP_05":  0.4456258646540545,
"DP_30":  0.3894711376340076,
"DP_60":  0.37245954027988554,
"DP_95":  0.408151056759479,
"QL-Dynamic": 0.40339577438776764,
"QL-Static": 0.39567743134445316}
,
{ "x":  70,
"DP_05":  0.44488226639754946,
"DP_30":  0.387507555319976,
"DP_60":  0.3709743997484361,
"DP_95":  0.40725812582901555,
"QL-Dynamic": 0.40551049749933077,
"QL-Static": 0.4122597615498779}
,
{ "x":  75,
"DP_05":  0.44779483824429284,
"DP_30":  0.3918841995699796,
"DP_60":  0.3745820143329736,
"DP_95":  0.4104389476722101,
"QL-Dynamic": 0.4107751096396575,
"QL-Static": 0.41679455678634797}
,
{ "x":  80,
"DP_05":  0.44936834064560954,
"DP_30":  0.391291327101623,
"DP_60":  0.3753572444196371,
"DP_95":  0.4107705165215092,
"QL-Dynamic": 0.4020010987508204,
"QL-Static": 0.40685853320458426}
,
{ "x":  85,
"DP_05":  0.44787509360275446,
"DP_30":  0.39263564004620505,
"DP_60":  0.37339325453444805,
"DP_95":  0.4082720433529788,
"QL-Dynamic": 0.399383804775775,
"QL-Static": 0.4014851873552022}
,
{ "x":  90,
"DP_05":  0.44500425317386083,
"DP_30":  0.389882463355058,
"DP_60":  0.37211410280343615,
"DP_95":  0.4080093349216707,
"QL-Dynamic": 0.39506522757688084,
"QL-Static": 0.4155483893026999}
,
{ "x":  95,
"DP_05":  0.4450487737355027,
"DP_30":  0.39256524107179946,
"DP_60":  0.3732063822166441,
"DP_95":  0.40885758468869965,
"QL-Dynamic": 0.40105841373993806,
"QL-Static": 0.41648137137078967}
,
{ "x":  100,
"DP_05":  0.4461980365242508,
"DP_30":  0.3894782677912491,
"DP_60":  0.37236563002211825,
"DP_95":  0.40721144759254635,
"QL-Dynamic": 0.3925719265474257,
"QL-Static": 0.39430129938024927}
]}
