{ "x_label":"episode",
"y_label":"Federation Rate",
"results":[
{ "x":  60,
"DP_05":  0.44531641548080825,
"DP_30":  0.3902238952905319,
"DP_60":  0.37250826243590907,
"DP_95":  0.4071076287035234,
"QL-Dynamic": 0.39598671287131815,
"QL-Static": 0.4221020345725606}
,
{ "x":  65,
"DP_05":  0.44398559704577806,
"DP_30":  0.38945395654987874,
"DP_60":  0.37127550736723214,
"DP_95":  0.40789249076819734,
"QL-Dynamic": 0.4069240692873521,
"QL-Static": 0.38776068357109417}
,
{ "x":  70,
"DP_05":  0.4442141071508736,
"DP_30":  0.3886165787222332,
"DP_60":  0.37011057130851877,
"DP_95":  0.40768685508087016,
"QL-Dynamic": 0.39533848325585047,
"QL-Static": 0.4091702889841097}
,
{ "x":  75,
"DP_05":  0.445018649686155,
"DP_30":  0.389693197239877,
"DP_60":  0.3724576356826694,
"DP_95":  0.4076448238826584,
"QL-Dynamic": 0.40350734708938896,
"QL-Static": 0.4014787789974497}
,
{ "x":  80,
"DP_05":  0.4443698882177271,
"DP_30":  0.3890868210093099,
"DP_60":  0.37101543058173186,
"DP_95":  0.40728213960164905,
"QL-Dynamic": 0.4024630508336978,
"QL-Static": 0.39732140224839907}
,
{ "x":  85,
"DP_05":  0.44521376500480886,
"DP_30":  0.38952320438810323,
"DP_60":  0.37180940264846973,
"DP_95":  0.4080145350441893,
"QL-Dynamic": 0.4003828505510069,
"QL-Static": 0.4098804958676094}
,
{ "x":  90,
"DP_05":  0.4452642957783404,
"DP_30":  0.3900265014205763,
"DP_60":  0.37175290099430414,
"DP_95":  0.40869112513743716,
"QL-Dynamic": 0.4050284919200391,
"QL-Static": 0.4067111704625636}
,
{ "x":  95,
"DP_05":  0.44477379685403506,
"DP_30":  0.38897998421330626,
"DP_60":  0.3716186422251755,
"DP_95":  0.40806006547398616,
"QL-Dynamic": 0.3922363112746555,
"QL-Static": 0.3985655430803432}
,
{ "x":  100,
"DP_05":  0.4450441675214099,
"DP_30":  0.38952861040307857,
"DP_60":  0.3720595653301245,
"DP_95":  0.40905119627993786,
"QL-Dynamic": 0.3928715583394235,
"QL-Static": 0.41189363828640196}
]}
