{ "x_label":"episode",
"y_label":"Federation Rate",
"results":[
{ "x":  5,
"DP_05":  0.4456225947506015,
"DP_30":  0.38974411041694573,
"DP_60":  0.3729667465035149,
"DP_95":  0.40792021497330144,
"QL-Dynamic": 0.5055338612090539,
"QL-Static": 0.518663238764648}
,
{ "x":  10,
"DP_05":  0.4475223364716138,
"DP_30":  0.39167106611591174,
"DP_60":  0.3750175170641801,
"DP_95":  0.4103230362971931,
"QL-Dynamic": 0.48450975399023805,
"QL-Static": 0.474676937369594}
,
{ "x":  15,
"DP_05":  0.44390135927362834,
"DP_30":  0.3882162970976537,
"DP_60":  0.3712674698335788,
"DP_95":  0.40804742157713264,
"QL-Dynamic": 0.45411223432981074,
"QL-Static": 0.4553204280296439}
,
{ "x":  20,
"DP_05":  0.44339421447747696,
"DP_30":  0.3880073433738728,
"DP_60":  0.3708097921551364,
"DP_95":  0.4081524070845665,
"QL-Dynamic": 0.4342384518425612,
"QL-Static": 0.41641562109305347}
,
{ "x":  25,
"DP_05":  0.44174694557259664,
"DP_30":  0.3875513736961227,
"DP_60":  0.3702184692129011,
"DP_95":  0.40669115672541223,
"QL-Dynamic": 0.45352829914872056,
"QL-Static": 0.4369784111606257}
,
{ "x":  30,
"DP_05":  0.44406894059828955,
"DP_30":  0.38980813640213446,
"DP_60":  0.37194108021080685,
"DP_95":  0.40763464216199025,
"QL-Dynamic": 0.43007942463122056,
"QL-Static": 0.42659569983626766}
,
{ "x":  35,
"DP_05":  0.44700517524250694,
"DP_30":  0.390187357203942,
"DP_60":  0.37276745583809595,
"DP_95":  0.4080379139138527,
"QL-Dynamic": 0.41037055043391085,
"QL-Static": 0.40867597351321755}
,
{ "x":  40,
"DP_05":  0.4471221583758402,
"DP_30":  0.39195162656179344,
"DP_60":  0.37359269884276586,
"DP_95":  0.40944717452289126,
"QL-Dynamic": 0.4122783555300203,
"QL-Static": 0.420852102979118}
,
{ "x":  45,
"DP_05":  0.44520141404941194,
"DP_30":  0.39002497118907464,
"DP_60":  0.3715789143912076,
"DP_95":  0.4071393411390698,
"QL-Dynamic": 0.41089538589427244,
"QL-Static": 0.41073982947874227}
,
{ "x":  50,
"DP_05":  0.4464008333288827,
"DP_30":  0.39082469970520867,
"DP_60":  0.3732095302721683,
"DP_95":  0.40880160018396966,
"QL-Dynamic": 0.4067763516036098,
"QL-Static": 0.41686738986613664}
,
{ "x":  55,
"DP_05":  0.4454605778665811,
"DP_30":  0.3897054113214628,
"DP_60":  0.37189617449427514,
"DP_95":  0.40709012785229626,
"QL-Dynamic": 0.40002037925463535,
"QL-Static": 0.40372150244055377}
,
{ "x":  60,
"DP_05":  0.4444546469582518,
"DP_30":  0.3886402939535967,
"DP_60":  0.3720360418471918,
"DP_95":  0.408256673956332,
"QL-Dynamic": 0.41234017150083985,
"QL-Static": 0.41258403779784447}
,
{ "x":  65,
"DP_05":  0.444854961684189,
"DP_30":  0.389336384991765,
"DP_60":  0.3727542177554772,
"DP_95":  0.40845614846032213,
"QL-Dynamic": 0.39392538229505164,
"QL-Static": 0.40889832261769526}
,
{ "x":  70,
"DP_05":  0.4455232110391814,
"DP_30":  0.389321747521977,
"DP_60":  0.3733300530655507,
"DP_95":  0.4072233491833559,
"QL-Dynamic": 0.40362340403955166,
"QL-Static": 0.4151536361351591}
,
{ "x":  75,
"DP_05":  0.44742424543687065,
"DP_30":  0.39120319488273425,
"DP_60":  0.37286755920490045,
"DP_95":  0.40900021287471,
"QL-Dynamic": 0.4053269877927414,
"QL-Static": 0.3986782668977067}
,
{ "x":  80,
"DP_05":  0.4448204682325712,
"DP_30":  0.38833176826813554,
"DP_60":  0.37101896739230206,
"DP_95":  0.40691800461760863,
"QL-Dynamic": 0.3980267501425776,
"QL-Static": 0.3999016826345968}
,
{ "x":  85,
"DP_05":  0.44272301888632803,
"DP_30":  0.386580373892709,
"DP_60":  0.36995175029891675,
"DP_95":  0.4067921662733823,
"QL-Dynamic": 0.3982672520409477,
"QL-Static": 0.4114194266952048}
,
{ "x":  90,
"DP_05":  0.4430007658434625,
"DP_30":  0.38811542561436807,
"DP_60":  0.369136048109506,
"DP_95":  0.40670580949053703,
"QL-Dynamic": 0.39511513980914514,
"QL-Static": 0.4061935317346215}
,
{ "x":  95,
"DP_05":  0.4446238015122203,
"DP_30":  0.389519200411232,
"DP_60":  0.37281540935761354,
"DP_95":  0.4081341140753685,
"QL-Dynamic": 0.40328082813381344,
"QL-Static": 0.39878436806973966}
,
{ "x":  100,
"DP_05":  0.44694339123962384,
"DP_30":  0.39093640158874615,
"DP_60":  0.3733766237649926,
"DP_95":  0.40786581303151126,
"QL-Dynamic": 0.3994802729071863,
"QL-Static": 0.41143751172991067}
]}
