{ "x_label":"episode",
"y_label":"Federation Rate",
"results":[
{ "x":  5,
"DP_05":  0.4458542874967793,
"DP_30":  0.3905209639744062,
"DP_60":  0.3730377573894676,
"DP_95":  0.40714070783984124,
"QL-Dynamic": 0.5252991799041026,
"QL-Static": 0.48665796523095706}
,
{ "x":  10,
"DP_05":  0.44370094082836503,
"DP_30":  0.3881191798009236,
"DP_60":  0.3711413126357281,
"DP_95":  0.40814692020380283,
"QL-Dynamic": 0.4742725898273518,
"QL-Static": 0.4604897834902304}
,
{ "x":  15,
"DP_05":  0.445561384219723,
"DP_30":  0.3903722224624177,
"DP_60":  0.3734261108165211,
"DP_95":  0.40923655242799456,
"QL-Dynamic": 0.44252751799567713,
"QL-Static": 0.4424338216911928}
,
{ "x":  20,
"DP_05":  0.44504839408678054,
"DP_30":  0.39032178581115423,
"DP_60":  0.3724515367322178,
"DP_95":  0.4079948262001738,
"QL-Dynamic": 0.42754299224932524,
"QL-Static": 0.45859194786114565}
,
{ "x":  25,
"DP_05":  0.4427647429551478,
"DP_30":  0.3873034602823466,
"DP_60":  0.36990206029470907,
"DP_95":  0.40651035463234086,
"QL-Dynamic": 0.4161742788676623,
"QL-Static": 0.4230913107827617}
,
{ "x":  30,
"DP_05":  0.44528919522027605,
"DP_30":  0.38973726265729886,
"DP_60":  0.37175662922920233,
"DP_95":  0.4072323977885913,
"QL-Dynamic": 0.41313893530964185,
"QL-Static": 0.4194475705392836}
,
{ "x":  35,
"DP_05":  0.4455172210711079,
"DP_30":  0.3896514974019227,
"DP_60":  0.37206865542655465,
"DP_95":  0.40793457117185133,
"QL-Dynamic": 0.4129831773227361,
"QL-Static": 0.4220229817245885}
,
{ "x":  40,
"DP_05":  0.44570146091427304,
"DP_30":  0.39104170294800333,
"DP_60":  0.37392256883927977,
"DP_95":  0.40835065909591955,
"QL-Dynamic": 0.4075608450655088,
"QL-Static": 0.4132488030366091}
,
{ "x":  45,
"DP_05":  0.44694545412714126,
"DP_30":  0.3903335413988691,
"DP_60":  0.3738568628926336,
"DP_95":  0.4079887107798312,
"QL-Dynamic": 0.40819841923113265,
"QL-Static": 0.41764115610784047}
,
{ "x":  50,
"DP_05":  0.44447064684926096,
"DP_30":  0.3884217430343323,
"DP_60":  0.37209653304205376,
"DP_95":  0.40706564539536283,
"QL-Dynamic": 0.39604113852963335,
"QL-Static": 0.41389740762623006}
,
{ "x":  55,
"DP_05":  0.44397580148909044,
"DP_30":  0.3886392788524513,
"DP_60":  0.3715869913832674,
"DP_95":  0.4068344547264499,
"QL-Dynamic": 0.40622326397079916,
"QL-Static": 0.41209689428644675}
,
{ "x":  60,
"DP_05":  0.4462052968723753,
"DP_30":  0.3901209666095737,
"DP_60":  0.373463932880213,
"DP_95":  0.4092386330545816,
"QL-Dynamic": 0.40003748725517385,
"QL-Static": 0.4093764313952116}
,
{ "x":  65,
"DP_05":  0.44384308702688974,
"DP_30":  0.3899537329048328,
"DP_60":  0.37139586151767995,
"DP_95":  0.40738701367332164,
"QL-Dynamic": 0.40266772881458124,
"QL-Static": 0.41652730907639685}
,
{ "x":  70,
"DP_05":  0.443185995036829,
"DP_30":  0.38727978040696015,
"DP_60":  0.3709992773482876,
"DP_95":  0.40624352714207373,
"QL-Dynamic": 0.4030614231481007,
"QL-Static": 0.3984560074581143}
,
{ "x":  75,
"DP_05":  0.44771378176339993,
"DP_30":  0.39234650994334025,
"DP_60":  0.37433722965512595,
"DP_95":  0.40853484549549646,
"QL-Dynamic": 0.40016242420718756,
"QL-Static": 0.4107105700959029}
,
{ "x":  80,
"DP_05":  0.4436715016350866,
"DP_30":  0.38769170217468996,
"DP_60":  0.370228542191472,
"DP_95":  0.40669820392330264,
"QL-Dynamic": 0.4010085570560827,
"QL-Static": 0.39944771591355505}
,
{ "x":  85,
"DP_05":  0.4446593351859074,
"DP_30":  0.38959073057789867,
"DP_60":  0.37205613019153944,
"DP_95":  0.4079043161213505,
"QL-Dynamic": 0.39968290365759807,
"QL-Static": 0.4108508974364874}
,
{ "x":  90,
"DP_05":  0.4463667354705096,
"DP_30":  0.38997357274264255,
"DP_60":  0.37314568831904815,
"DP_95":  0.4081186261074608,
"QL-Dynamic": 0.39973784051012584,
"QL-Static": 0.39881188994579486}
,
{ "x":  95,
"DP_05":  0.4451621723637084,
"DP_30":  0.3888882017266139,
"DP_60":  0.371797841711839,
"DP_95":  0.4074649308401777,
"QL-Dynamic": 0.39292601076759276,
"QL-Static": 0.3928247235106147}
,
{ "x":  100,
"DP_05":  0.44322763657731357,
"DP_30":  0.3881655244547332,
"DP_60":  0.3708024039855568,
"DP_95":  0.40750614775572175,
"QL-Dynamic": 0.39099849296477884,
"QL-Static": 0.40542481029934885}
,
{ "x":  105,
"DP_05":  0.44452828959236435,
"DP_30":  0.3904910764535641,
"DP_60":  0.37233841370165194,
"DP_95":  0.40926861565604505,
"QL-Dynamic": 0.39581242210206136,
"QL-Static": 0.4100723543154415}
,
{ "x":  110,
"DP_05":  0.4459620278212199,
"DP_30":  0.3900043737336682,
"DP_60":  0.37151468268278265,
"DP_95":  0.40678501276957535,
"QL-Dynamic": 0.3921938266766814,
"QL-Static": 0.40765658254710435}
,
{ "x":  115,
"DP_05":  0.4448656148013935,
"DP_30":  0.38779824427572607,
"DP_60":  0.3719483714206482,
"DP_95":  0.40781938777423155,
"QL-Dynamic": 0.3892601355377264,
"QL-Static": 0.40599376344971927}
,
{ "x":  120,
"DP_05":  0.44740809866449377,
"DP_30":  0.3907600821023295,
"DP_60":  0.37310656916095736,
"DP_95":  0.40869871028328997,
"QL-Dynamic": 0.38807206099901675,
"QL-Static": 0.40301039023667573}
,
{ "x":  125,
"DP_05":  0.44536506987007635,
"DP_30":  0.38972634064796147,
"DP_60":  0.3728683565564499,
"DP_95":  0.4082822982542009,
"QL-Dynamic": 0.39376799200963297,
"QL-Static": 0.3902820364363808}
,
{ "x":  130,
"DP_05":  0.4434646162527292,
"DP_30":  0.38781050694804264,
"DP_60":  0.37068484454739975,
"DP_95":  0.40754963791143156,
"QL-Dynamic": 0.3866954765320649,
"QL-Static": 0.391030547775299}
,
{ "x":  135,
"DP_05":  0.4466309509019241,
"DP_30":  0.390247235147,
"DP_60":  0.3736096871617162,
"DP_95":  0.40900275038077966,
"QL-Dynamic": 0.3923636369115468,
"QL-Static": 0.3995936326592955}
,
{ "x":  140,
"DP_05":  0.4470414171792366,
"DP_30":  0.3911030115466647,
"DP_60":  0.3725681293950782,
"DP_95":  0.40834552723723055,
"QL-Dynamic": 0.3928209098902334,
"QL-Static": 0.39798289476022697}
,
{ "x":  145,
"DP_05":  0.4421908345249026,
"DP_30":  0.3873709484443556,
"DP_60":  0.37101618107988443,
"DP_95":  0.40643523604831117,
"QL-Dynamic": 0.38666377280579367,
"QL-Static": 0.4046170967652414}
,
{ "x":  150,
"DP_05":  0.4448195695624235,
"DP_30":  0.3904773885143032,
"DP_60":  0.37295458634823325,
"DP_95":  0.407463602502344,
"QL-Dynamic": 0.38788905749053026,
"QL-Static": 0.39202980647893165}
,
{ "x":  155,
"DP_05":  0.4436687501059181,
"DP_30":  0.38823040667499886,
"DP_60":  0.3708651278941829,
"DP_95":  0.4072480543119807,
"QL-Dynamic": 0.38662346965946237,
"QL-Static": 0.3994239459889146}
,
{ "x":  160,
"DP_05":  0.44467753729060583,
"DP_30":  0.3895836426159594,
"DP_60":  0.3729145598674109,
"DP_95":  0.4078901327927877,
"QL-Dynamic": 0.3863889474372333,
"QL-Static": 0.393779357614387}
,
{ "x":  165,
"DP_05":  0.4448339354641267,
"DP_30":  0.38928901703169655,
"DP_60":  0.37185944510462265,
"DP_95":  0.40804180268122126,
"QL-Dynamic": 0.38996491468886196,
"QL-Static": 0.38702447613114316}
,
{ "x":  170,
"DP_05":  0.44699540372152596,
"DP_30":  0.3915854096997469,
"DP_60":  0.37325442188335684,
"DP_95":  0.4092494036320115,
"QL-Dynamic": 0.3878578398344755,
"QL-Static": 0.3992075994695064}
,
{ "x":  175,
"DP_05":  0.4449620370552952,
"DP_30":  0.39009251270337664,
"DP_60":  0.37240632549429575,
"DP_95":  0.40756514772193486,
"QL-Dynamic": 0.3916579218252808,
"QL-Static": 0.4150292158856896}
,
{ "x":  180,
"DP_05":  0.4452768944359841,
"DP_30":  0.3887004426604528,
"DP_60":  0.3721193775344982,
"DP_95":  0.40774322363054977,
"QL-Dynamic": 0.38849307296931335,
"QL-Static": 0.4125412966806059}
,
{ "x":  185,
"DP_05":  0.444336966382407,
"DP_30":  0.38930831226289636,
"DP_60":  0.3708621119318248,
"DP_95":  0.4078604889209124,
"QL-Dynamic": 0.38931874651755755,
"QL-Static": 0.39053242437466806}
,
{ "x":  190,
"DP_05":  0.446460092677551,
"DP_30":  0.39053484784461234,
"DP_60":  0.37288881153185366,
"DP_95":  0.4082639261311904,
"QL-Dynamic": 0.3884081793006622,
"QL-Static": 0.3995605974285891}
,
{ "x":  195,
"DP_05":  0.4450830562516259,
"DP_30":  0.3893125210382295,
"DP_60":  0.372121368295015,
"DP_95":  0.4087968110963684,
"QL-Dynamic": 0.38943969110255416,