{ "x_label":"episode",
"y_label":"Average Profit",
"results":[
{ "x":  5,
"DP_05":  60.40456316334687,
"DP_30":  67.00732090792756,
"DP_60":  69.98434205278794,
"DP_95":  72.7221171241851,
"QL-Dynamic": 43.32284966081167,
"QL-Static": 45.356104702806014}
,
{ "x":  10,
"DP_05":  60.4398339890166,
"DP_30":  67.08414817949745,
"DP_60":  70.05603191787202,
"DP_95":  72.76270219190066,
"QL-Dynamic": 50.069952210172644,
"QL-Static": 50.395166179846456}
,
{ "x":  15,
"DP_05":  60.542601823257904,
"DP_30":  67.2117134539637,
"DP_60":  70.1203357650503,
"DP_95":  72.87438874080415,
"QL-Dynamic": 53.91250197736944,
"QL-Static": 52.50896440963145}
,
{ "x":  20,
"DP_05":  60.57520693396156,
"DP_30":  67.17043431733468,
"DP_60":  70.09728101962921,
"DP_95":  72.83944814423094,
"QL-Dynamic": 56.38400445219382,
"QL-Static": 54.806111166666994}
,
{ "x":  25,
"DP_05":  60.38307858798202,
"DP_30":  67.1120848238261,
"DP_60":  70.10726218991263,
"DP_95":  72.82558331539012,
"QL-Dynamic": 58.89862040202793,
"QL-Static": 56.44326678734588}
,
{ "x":  30,
"DP_05":  60.56596693102796,
"DP_30":  67.18275641981695,
"DP_60":  70.1755254938283,
"DP_95":  72.828194342139,
"QL-Dynamic": 60.84379404524904,
"QL-Static": 58.77956167251239}
,
{ "x":  35,
"DP_05":  60.41805143836096,
"DP_30":  67.13671190465605,
"DP_60":  70.1034995122637,
"DP_95":  72.80430564000991,
"QL-Dynamic": 61.54978219832447,
"QL-Static": 59.15629954635022}
,
{ "x":  40,
"DP_05":  60.479419435989755,
"DP_30":  67.06063943993247,
"DP_60":  70.01521120229782,
"DP_95":  72.75963859187347,
"QL-Dynamic": 62.98152073274101,
"QL-Static": 59.8800633409633}
,
{ "x":  45,
"DP_05":  60.58557570132822,
"DP_30":  67.1227226121988,
"DP_60":  70.10411547601414,
"DP_95":  72.8583270835077,
"QL-Dynamic": 63.266501211447476,
"QL-Static": 60.875999625234535}
,
{ "x":  50,
"DP_05":  60.47086955735037,
"DP_30":  67.04448958595388,
"DP_60":  69.99390728792012,
"DP_95":  72.745482490724,
"QL-Dynamic": 64.57654061335276,
"QL-Static": 60.916854358436794}
,
{ "x":  55,
"DP_05":  60.628908928293065,
"DP_30":  67.22362201936434,
"DP_60":  70.14129805923871,
"DP_95":  72.87490699524167,
"QL-Dynamic": 64.80357609953994,
"QL-Static": 61.224825636892284}
,
{ "x":  60,
"DP_05":  60.485994311737294,
"DP_30":  67.08853138547013,
"DP_60":  70.02062973957665,
"DP_95":  72.76181865623839,
"QL-Dynamic": 65.37305253064477,
"QL-Static": 62.62710393334786}
,
{ "x":  65,
"DP_05":  60.43296206287729,
"DP_30":  67.116460530399,
"DP_60":  70.08540906796728,
"DP_95":  72.78074451515343,
"QL-Dynamic": 65.57925964697341,
"QL-Static": 62.541548409835286}
,
{ "x":  70,
"DP_05":  60.48779887159851,
"DP_30":  67.26226646243138,
"DP_60":  70.15603194731523,
"DP_95":  72.86850889310256,
"QL-Dynamic": 66.18719369808282,
"QL-Static": 63.529580443380894}
,
{ "x":  75,
"DP_05":  60.347697638971866,
"DP_30":  66.9989297773871,
"DP_60":  69.94171041645572,
"DP_95":  72.68306618705085,
"QL-Dynamic": 66.22981442951749,
"QL-Static": 62.75146416493311}
,
{ "x":  80,
"DP_05":  60.282139370663856,
"DP_30":  67.07267600402916,
"DP_60":  69.97518938751091,
"DP_95":  72.70702590551909,
"QL-Dynamic": 66.65771062300817,
"QL-Static": 62.88780632071803}
,
{ "x":  85,
"DP_05":  60.38401955039827,
"DP_30":  67.02796744358596,
"DP_60":  70.0365281380575,
"DP_95":  72.84809959213075,
"QL-Dynamic": 66.55151641159317,
"QL-Static": 62.90154027498943}
,
{ "x":  90,
"DP_05":  60.454294663380125,
"DP_30":  67.11305488900929,
"DP_60":  70.05490460354184,
"DP_95":  72.80428876470083,
"QL-Dynamic": 66.86693999638561,
"QL-Static": 63.01540182728442}
,
{ "x":  95,
"DP_05":  60.51266434246001,
"DP_30":  66.98546749899944,
"DP_60":  70.01417448071199,
"DP_95":  72.79171792804432,
"QL-Dynamic": 67.46584245485373,
"QL-Static": 63.62168532592397}
,
{ "x":  100,
"DP_05":  60.44048969514558,
"DP_30":  67.16201419497756,
"DP_60":  70.10564373767038,
"DP_95":  72.86717103751774,
"QL-Dynamic": 67.88018165877666,
"QL-Static": 63.85820318423942}
]}
