{ "x_label":"episode",
"y_label":"Average Profit",
"results":[
{ "x":  5,
"DP_05":  60.439350339985914,
"DP_30":  67.12133982117274,
"DP_60":  70.07293880322531,
"DP_95":  72.82532337017554,
"QL-Dynamic": 42.01617567080491,
"QL-Static": 45.21615868063425}
,
{ "x":  10,
"DP_05":  60.40487658441005,
"DP_30":  67.03914504263422,
"DP_60":  69.97510466038848,
"DP_95":  72.73179705802269,
"QL-Dynamic": 49.77008043418804,
"QL-Static": 49.980088380349336}
,
{ "x":  15,
"DP_05":  60.54767392396087,
"DP_30":  67.18611181589559,
"DP_60":  70.11860092569445,
"DP_95":  72.79279501357897,
"QL-Dynamic": 52.906289263729406,
"QL-Static": 53.94255525501013}
,
{ "x":  20,
"DP_05":  60.528924960695534,
"DP_30":  67.16400971704802,
"DP_60":  70.12288055154976,
"DP_95":  72.78528031421148,
"QL-Dynamic": 57.37867529419347,
"QL-Static": 54.85722590197711}
,
{ "x":  25,
"DP_05":  60.67035002603509,
"DP_30":  67.2290544644006,
"DP_60":  70.17121856411477,
"DP_95":  72.8595721791084,
"QL-Dynamic": 58.89015994468744,
"QL-Static": 57.7464227950668}
,
{ "x":  30,
"DP_05":  60.52295044047853,
"DP_30":  67.09207337606377,
"DP_60":  70.06631564475794,
"DP_95":  72.82657628686425,
"QL-Dynamic": 61.085687076680635,
"QL-Static": 58.76255884252663}
,
{ "x":  35,
"DP_05":  60.41972605961658,
"DP_30":  67.13742125138698,
"DP_60":  70.06713184906816,
"DP_95":  72.84007522000877,
"QL-Dynamic": 62.37082569605328,
"QL-Static": 59.66060722593322}
,
{ "x":  40,
"DP_05":  60.42141778070755,
"DP_30":  67.06074085098908,
"DP_60":  70.03279390136046,
"DP_95":  72.75326517480777,
"QL-Dynamic": 62.46877043727343,
"QL-Static": 59.48545945823006}
,
{ "x":  45,
"DP_05":  60.51978040732602,
"DP_30":  67.12825200699224,
"DP_60":  70.12050209917219,
"DP_95":  72.83994814609693,
"QL-Dynamic": 63.41356368256941,
"QL-Static": 60.70848796261771}
,
{ "x":  50,
"DP_05":  60.50328440348753,
"DP_30":  67.12575987953319,
"DP_60":  70.08142484898399,
"DP_95":  72.83830801247403,
"QL-Dynamic": 64.07435443767923,
"QL-Static": 61.08324888918098}
,
{ "x":  55,
"DP_05":  60.43210142665108,
"DP_30":  67.08087534777468,
"DP_60":  70.0893932547719,
"DP_95":  72.86303879231649,
"QL-Dynamic": 65.12227442529564,
"QL-Static": 62.04577558238774}
,
{ "x":  60,
"DP_05":  60.5018891740839,
"DP_30":  67.16423928667786,
"DP_60":  70.04374144515148,
"DP_95":  72.75783907431568,
"QL-Dynamic": 65.41726491651286,
"QL-Static": 62.2338102048573}
,
{ "x":  65,
"DP_05":  60.52947758619341,
"DP_30":  67.13084006247763,
"DP_60":  70.05300816039363,
"DP_95":  72.79806537817154,
"QL-Dynamic": 65.75606172655131,
"QL-Static": 62.08767075313044}
,
{ "x":  70,
"DP_05":  60.46319688636354,
"DP_30":  67.12450862359633,
"DP_60":  70.00639248204597,
"DP_95":  72.84748178566649,
"QL-Dynamic": 66.23612383008538,
"QL-Static": 63.22595232762527}
,
{ "x":  75,
"DP_05":  60.41067588167974,
"DP_30":  67.07531497975555,
"DP_60":  70.05316724594081,
"DP_95":  72.76473440494262,
"QL-Dynamic": 66.56392782442316,
"QL-Static": 63.04771050830484}
,
{ "x":  80,
"DP_05":  60.50350972155132,
"DP_30":  67.21231717574548,
"DP_60":  70.14312189152463,
"DP_95":  72.86669730443394,
"QL-Dynamic": 66.50464085829768,
"QL-Static": 62.369200393015554}
,
{ "x":  85,
"DP_05":  60.60991536601906,
"DP_30":  67.28644998153551,
"DP_60":  70.18997311182366,
"DP_95":  72.86460214759899,
"QL-Dynamic": 66.96795481109444,
"QL-Static": 63.36100650426266}
,
{ "x":  90,
"DP_05":  60.55062610317128,
"DP_30":  67.20307092685505,
"DP_60":  70.18065204854891,
"DP_95":  72.86324495737271,
"QL-Dynamic": 67.25872608622159,
"QL-Static": 64.3170561360573}
,
{ "x":  95,
"DP_05":  60.51163989151145,
"DP_30":  67.10741547222251,
"DP_60":  70.05690880997336,
"DP_95":  72.81115637033739,
"QL-Dynamic": 67.71004570219279,
"QL-Static": 63.61325397524428}
,
{ "x":  100,
"DP_05":  60.4063560646347,
"DP_30":  67.05381116071975,
"DP_60":  69.9954787701401,
"DP_95":  72.80475472491631,
"QL-Dynamic": 67.77178527640042,
"QL-Static": 63.382664746740204}
]}
