{ "x_label":"episode",
"y_label":"Average Profit",
"results":[
{ "x":  60,
"DP_05":  60.511466243411014,
"DP_30":  67.15927824294764,
"DP_60":  70.11191383354226,
"DP_95":  72.88093990957005,
"QL-Dynamic": 65.45832740057268,
"QL-Static": 62.48605710990765}
,
{ "x":  65,
"DP_05":  60.55145145884226,
"DP_30":  67.14059328433521,
"DP_60":  70.09901262396129,
"DP_95":  72.82190787285732,
"QL-Dynamic": 65.3893648634313,
"QL-Static": 62.52112365580664}
,
{ "x":  70,
"DP_05":  60.43429176178857,
"DP_30":  67.07837881394094,
"DP_60":  70.0938578285292,
"DP_95":  72.77099851433687,
"QL-Dynamic": 66.23048544807452,
"QL-Static": 61.78958938263725}
,
{ "x":  75,
"DP_05":  60.512525552042405,
"DP_30":  67.11804433086438,
"DP_60":  70.08503838466564,
"DP_95":  72.84547950516148,
"QL-Dynamic": 66.21745520452099,
"QL-Static": 62.286351228820195}
,
{ "x":  80,
"DP_05":  60.5570456899785,
"DP_30":  67.17269150859005,
"DP_60":  70.15681227895894,
"DP_95":  72.8336551967578,
"QL-Dynamic": 66.68153449734606,
"QL-Static": 63.84803216788143}
,
{ "x":  85,
"DP_05":  60.51707129808948,
"DP_30":  67.11809022031083,
"DP_60":  70.10040696453235,
"DP_95":  72.83058285091607,
"QL-Dynamic": 67.25273038020903,
"QL-Static": 62.85166809731345}
,
{ "x":  90,
"DP_05":  60.499548388553755,
"DP_30":  67.12755608802658,
"DP_60":  70.10922511189608,
"DP_95":  72.81107575523889,
"QL-Dynamic": 67.03474107252559,
"QL-Static": 63.0326635199422}
,
{ "x":  95,
"DP_05":  60.47594665674505,
"DP_30":  67.1435694156258,
"DP_60":  70.0862955287518,
"DP_95":  72.83792819570617,
"QL-Dynamic": 67.5450713267897,
"QL-Static": 63.96534505130492}
,
{ "x":  100,
"DP_05":  60.48301616218018,
"DP_30":  67.15369170427343,
"DP_60":  70.08500886188213,
"DP_95":  72.76068583616363,
"QL-Dynamic": 67.22952908835359,
"QL-Static": 63.27645162378109}
]}
