{ "x_label":"zeta",
"y_label":"Federation Rate",
 "results":[
{ "x":  0.0,
"greedy000":  0.5260548807331994,
"greedy050":  0.4135184327755077,
"greedy100":  0.3492281539395501,
"DP_05":  0.9889825640994564,
"DP_30":  1.0,
"DP_60":  0.9889825640994564,
"DP_95":  1.0,
"QL":  0.0}
,
{ "x":  0.25,
"greedy000":  0.5216747375003388,
"greedy050":  0.41248028542920234,
"greedy100":  0.3491672938354636,
"DP_05":  0.3491672938354636,
"DP_30":  0.3491672938354636,
"DP_60":  0.3491672938354636,
"DP_95":  0.23192220384450773,
"QL":  0.0}
,
{ "x":  0.5,
"greedy000":  0.5243130158723606,
"greedy050":  0.4073302775947984,
"greedy100":  0.34976316793664597,
"DP_05":  0.34976316793664597,
"DP_30":  0.34976316793664597,
"DP_60":  0.34976316793664597,
"DP_95":  0.23123876616943723,
"QL":  0.0}
,
{ "x":  0.75,
"greedy000":  0.522421435880703,
"greedy050":  0.409065611640541,
"greedy100":  0.3477452609605325,
"DP_05":  0.3477452609605325,
"DP_30":  0.3477452609605325,
"DP_60":  0.3477452609605325,
"DP_95":  0.2310978536816081,
"QL":  0.0}
,
{ "x":  1.0,
"greedy000":  0.523782407168966,
"greedy050":  0.41610063887223625,
"greedy100":  0.35666731805534874,
"DP_05":  0.35666731805534874,
"DP_30":  0.35666731805534874,
"DP_60":  0.35666731805534874,
"DP_95":  0.23712913725310286,
"QL":  0.0}
,
{ "x":  1.25,
"greedy000":  0.5220135740539105,
"greedy050":  0.40430331162775995,
"greedy100":  0.3472460665477363,
"DP_05":  0.3472460665477363,
"DP_30":  0.3472460665477363,
"DP_60":  0.3472460665477363,
"DP_95":  0.2302951577074929,
"QL":  0.0}
,
{ "x":  1.5,
"greedy000":  0.5235233831632893,
"greedy050":  0.4108203403776457,
"greedy100":  0.34909943990959424,
"DP_05":  0.34909943990959424,
"DP_30":  0.34909943990959424,
"DP_60":  0.34909943990959424,
"DP_95":  0.23139427543605517,
"QL":  0.0}
,
{ "x":  1.75,
"greedy000":  0.5247807757563354,
"greedy050":  0.41391037563366934,
"greedy100":  0.3503306283681274,
"DP_05":  0.3503306283681274,
"DP_30":  0.3503306283681274,
"DP_60":  0.3503306283681274,
"DP_95":  0.23586580859025014,
"QL":  0.0}
,
{ "x":  2.0,
"greedy000":  0.525265496366149,
"greedy050":  0.4143896995188225,
"greedy100":  0.3518606903113134,
"DP_05":  0.3518606903113134,
"DP_30":  0.3518606903113134,
"DP_60":  0.3518606903113134,
"DP_95":  0.23339883277190115,
"QL":  0.0}
,
{ "x":  2.25,
"greedy000":  0.5215425338202015,
"greedy050":  0.4082108510675522,
"greedy100":  0.3441028144540862,
"DP_05":  0.3441028144540862,
"DP_30":  0.3441028144540862,
"DP_60":  0.3441028144540862,
"DP_95":  0.22831215341969413,
"QL":  0.0}
,
{ "x":  2.5,
"greedy000":  0.5223407449300106,
"greedy050":  0.41334341747521747,
"greedy100":  0.35095258272540686,
"DP_05":  0.0,
"DP_30":  0.0,
"DP_60":  0.0,
"DP_95":  0.0,
"QL":  0.0}
,
{ "x":  2.75,
"greedy000":  0.5204248777491338,
"greedy050":  0.4051609481981838,
"greedy100":  0.3400430926477916,
"DP_05":  0.0,
"DP_30":  0.0,
"DP_60":  0.0,
"DP_95":  0.0,
"QL":  0.0}
,
{ "x":  3.0,
"greedy000":  0.52477733062851,
"greedy050":  0.4085567688490207,
"greedy100":  0.3476751279900985,
"DP_05":  0.0,
"DP_30":  0.0,
"DP_60":  0.0,
"DP_95":  0.0,
"QL":  0.0}
,
{ "x":  3.25,
"greedy000":  0.5227055694037577,
"greedy050":  0.4128601089736307,
"greedy100":  0.3520175720875636,
"DP_05":  0.0,
"DP_30":  0.0,
"DP_60":  0.0,
"DP_95":  0.0,
"QL":  0.0}
,
{ "x":  3.5,
"greedy000":  0.5254599087436451,
"greedy050":  0.4169152988254134,
"greedy100":  0.3543689401284153,
"DP_05":  0.0,
"DP_30":  0.0,
"DP_60":  0.0,
"DP_95":  0.0,
"QL":  0.0}
,
{ "x":  3.75,
"greedy000":  0.5238369803601065,
"greedy050":  0.41255630030632895,
"greedy100":  0.3472157262190819,
"DP_05":  0.0,
"DP_30":  0.0,
"DP_60":  0.0,
"DP_95":  0.0,
"QL":  0.0}
,
{ "x":  4.0,
"greedy000":  0.527439670131549,
"greedy050":  0.40968543468950386,
"greedy100":  0.35086960201235023,
"DP_05":  0.0,
"DP_30":  0.0,
"DP_60":  0.0,
"DP_95":  0.0,
"QL":  0.0}
,
{ "x":  4.25,
"greedy000":  0.520367606798787,
"greedy050":  0.4039318215554203,
"greedy100":  0.3430825457592617,
"DP_05":  0.0,
"DP_30":  0.0,
"DP_60":  0.0,
"DP_95":  0.0,
"QL":  0.0}
,
{ "x":  4.5,
"greedy000":  0.5230395088243849,
"greedy050":  0.41706251080867063,
"greedy100":  0.3549139772798649,
"DP_05":  0.0,
"DP_30":  0.0,
"DP_60":  0.0,
"DP_95":  0.0,
"QL":  0.0}
,
{ "x":  4.75,
"greedy000":  0.5233062382395726,
"greedy050":  0.41278748372643675,
"greedy100":  0.3513363113580763,
"DP_05":  0.0,
"DP_30":  0.0,
"DP_60":  0.0,
"DP_95":  0.0,
"QL":  0.0}
,
{ "x":  5.0,
"greedy000":  0.5215808678567841,
"greedy050":  0.41284552967577104,
"greedy100":  0.3465027990938607,
"DP_05":  0.0,
"DP_30":  0.0,
"DP_60":  0.0,
"DP_95":  0.0,
"QL":  0.0}
,
{ "x":  5.25,
"greedy000":  0.5193306796647693,
"greedy050":  0.40829520848285805,
"greedy100":  0.34361459665410066,
"DP_05":  0.0,
"DP_30":  0.0,
"DP_60":  0.0,
"DP_95":  0.0,
"QL":  0.0}
,
{ "x":  5.5,
"greedy000":  0.5231192598676138,
"greedy050":  0.4169281927807564,
"greedy100":  0.3525392968222737,
"DP_05":  0.0,
"DP_30":  0.0,
"DP_60":  0.0,
"DP_95":  0.0,
"QL":  0.0}
,
{ "x":  5.75,
"greedy000":  0.5238108570207751,
"greedy050":  0.41471913960078055,
"greedy100":  0.3556595449865795,
"DP_05":  0.0,
"DP_30":  0.0,
"DP_60":  0.0,
"DP_95":  0.0,
"QL":  0.0}
,
{ "x":  6.0,
"greedy000":  0.5189771501529465,
"greedy050":  0.41371729852192807,
"greedy100":  0.34943718197197887,
"DP_05":  0.0,
"DP_30":  0.0,
"DP_60":  0.0,
"DP_95":  0.0,
"QL":  0.0}
,
{ "x":  6.25,
"greedy000":  0.5201428356801014,
"greedy050":  0.4119873774500987,
"greedy100":  0.3488037559414179,
"DP_05":  0.0,
"DP_30":  0.0,
"DP_60":  0.0,
"DP_95":  0.0,
"QL":  0.0}
]}
