{ "x_label":"capacity",
"y_label":"Acceptance Rate",
 "results":[
{ "x":  20,
"greedy000":  0.06598717381168405,
"greedy050":  0.07317664655620748,
"greedy100":  0.07807705924641509,
"DP_05":  0.07807705924641509,
"DP_30":  0.09079659445204649,
"DP_60":  0.09079659445204649,
"DP_95":  0.09079659445204649,
"QL":  0.07238867760973534}
,
{ "x":  40,
"greedy000":  0.11291965537130988,
"greedy050":  0.11967523756452922,
"greedy100":  0.12445135096252127,
"DP_05":  0.12445135096252127,
"DP_30":  0.16916930677459902,
"DP_60":  0.1759211696017737,
"DP_95":  0.1764097726543534,
"QL":  0.1656608381967127}
,
{ "x":  60,
"greedy000":  0.16653270717507024,
"greedy050":  0.18128569011739193,
"greedy100":  0.18538214906886452,
"DP_05":  0.18538214906886452,
"DP_30":  0.23009927743183928,
"DP_60":  0.2500517882972754,
"DP_95":  0.25754803017601596,
"QL":  0.2439199290271294}
,
{ "x":  80,
"greedy000":  0.21584246885366737,
"greedy050":  0.2313214706365399,
"greedy100":  0.24049357121556142,
"DP_05":  0.24049357121556142,
"DP_30":  0.29124046057834085,
"DP_60":  0.3138778998262638,
"DP_95":  0.33268519308178274,
"QL":  0.31227641666224815}
,
{ "x":  100,
"greedy000":  0.2609206650703534,
"greedy050":  0.28391781024339247,
"greedy100":  0.2982555936947626,
"DP_05":  0.2982555936947626,
"DP_30":  0.34881970776031945,
"DP_60":  0.37005637722602824,
"DP_95":  0.39220767064461526,
"QL":  0.35550134468068406}
,
{ "x":  120,
"greedy000":  0.3050210768175491,
"greedy050":  0.3346426531220894,
"greedy100":  0.34982107779515764,
"DP_05":  0.34982107779515764,
"DP_30":  0.40400039075867006,
"DP_60":  0.42079384384561636,
"DP_95":  0.4397745641411296,
"QL":  0.39670542499213746}
,
{ "x":  140,
"greedy000":  0.34415581509755094,
"greedy050":  0.3828617644379929,
"greedy100":  0.4007067257068339,
"DP_05":  0.4007067257068339,
"DP_30":  0.4538515863153211,
"DP_60":  0.46825741941681676,
"DP_95":  0.47238388275573745,
"QL":  0.4245936407017784}
,
{ "x":  160,
"greedy000":  0.38039575061331055,
"greedy050":  0.4296526244261166,
"greedy100":  0.452943515035195,
"DP_05":  0.452943515035195,
"DP_30":  0.501662745439742,
"DP_60":  0.5117618484142874,
"DP_95":  0.48908004993793563,
"QL":  0.4885485478283803}
,
{ "x":  180,
"greedy000":  0.4157910452349859,
"greedy050":  0.48147793152917034,
"greedy100":  0.5097585333591453,
"DP_05":  0.5097585333591453,
"DP_30":  0.5555447093874682,
"DP_60":  0.5559404170718334,
"DP_95":  0.5175646978173629,
"QL":  0.5266642907067676}
,
{ "x":  200,
"greedy000":  0.43847290037895403,
"greedy050":  0.517314344157189,
"greedy100":  0.5518543458013763,
"DP_05":  0.5518543458013763,
"DP_30":  0.5942347510725078,
"DP_60":  0.5944875377067629,
"DP_95":  0.5616830050090205,
"QL":  0.5617571722752824}
,
{ "x":  220,
"greedy000":  0.4615150568721056,
"greedy050":  0.5579357155961902,
"greedy100":  0.6033121946533793,
"DP_05":  0.6033121946533793,
"DP_30":  0.6394651156706292,
"DP_60":  0.6400641495531699,
"DP_95":  0.6066893183508759,
"QL":  0.5731876958306121}
,
{ "x":  240,
"greedy000":  0.47649933617799045,
"greedy050":  0.59423320064721,
"greedy100":  0.6500128205256601,
"DP_05":  0.6500128205256601,
"DP_30":  0.6794548340192534,
"DP_60":  0.6816929787833196,
"DP_95":  0.6468814568436755,
"QL":  0.6284429652635075}
,
{ "x":  260,
"greedy000":  0.48662744998460433,
"greedy050":  0.6288114574745307,
"greedy100":  0.6920926941686543,
"DP_05":  0.6920926941686543,
"DP_30":  0.717804528511453,
"DP_60":  0.7212997158383955,
"DP_95":  0.6861063772983481,
"QL":  0.6339378603057367}
,
{ "x":  280,
"greedy000":  0.49192703600854104,
"greedy050":  0.658491757920995,
"greedy100":  0.7315556638902015,
"DP_05":  0.7315556638902015,
"DP_30":  0.75023178516428,
"DP_60":  0.7567623034385274,
"DP_95":  0.7239725177067334,
"QL":  0.6229806241104293}
,
{ "x":  300,
"greedy000":  0.4977013024594824,
"greedy050":  0.6847358177911823,
"greedy100":  0.7762522388903342,
"DP_05":  0.7762522388903342,
"DP_30":  0.7884007029910157,
"DP_60":  0.794498321854699,
"DP_95":  0.7651931313153746,
"QL":  0.6275384811229247}
,
{ "x":  320,
"greedy000":  0.4995308521022488,
"greedy050":  0.7041925999757044,
"greedy100":  0.8124544368364461,
"DP_05":  0.8124544368364461,
"DP_30":  0.8201123612767137,
"DP_60":  0.8269338694186062,
"DP_95":  0.7996328464687003,
"QL":  0.6238205896851926}
,
{ "x":  340,
"greedy000":  0.5000714773992232,
"greedy050":  0.7178886921144859,
"greedy100":  0.8462544814463625,
"DP_05":  0.8462544814463625,
"DP_30":  0.8472850294218567,
"DP_60":  0.8558408080533384,
"DP_95":  0.8312974036353303,
"QL":  0.6270535986620588}
,
{ "x":  360,
"greedy000":  0.49909852384360553,
"greedy050":  0.7305429402916396,
"greedy100":  0.8790390188621598,
"DP_05":  0.8790390188621598,
"DP_30":  0.8791729080588156,
"DP_60":  0.8863084877363054,
"DP_95":  0.8630690130183577,
"QL":  0.6300213967491863}
,
{ "x":  380,
"greedy000":  0.49995950496473973,
"greedy050":  0.7392280474301992,
"greedy100":  0.9105532800279705,
"DP_05":  0.9105532800279705,
"DP_30":  0.9105527794066924,
"DP_60":  0.9139741862072495,
"DP_95":  0.8918374223730836,
"QL":  0.6298029020186273}
,
{ "x":  400,
"greedy000":  0.49985036424560897,
"greedy050":  0.7444425079800723,
"greedy100":  0.9326557675924771,
"DP_05":  0.9326557675924771,
"DP_30":  0.9326690325334482,
"DP_60":  0.9339026046831623,
"DP_95":  0.9186141257897253,
"QL":  0.6007620097906925}
,
{ "x":  420,
"greedy000":  0.5010886697035658,
"greedy050":  0.747355502438424,
"greedy100":  0.9506260466816456,
"DP_05":  0.9506260466816456,
"DP_30":  0.9506260466816456,
"DP_60":  0.9509861742639293,
"DP_95":  0.937107345840271,
"QL":  0.6224398874785163}
,
{ "x":  440,
"greedy000":  0.4993074428206506,
"greedy050":  0.748958895787999,
"greedy100":  0.9689908398486942,
"DP_05":  0.9689908398486942,
"DP_30":  0.9689908398486942,
"DP_60":  0.9680348560205061,
"DP_95":  0.958891415438804,
"QL":  0.6322566524437789}
,
{ "x":  460,
"greedy000":  0.5009426740073131,
"greedy050":  0.7507371934393348,
"greedy100":  0.9769646359536545,
"DP_05":  0.9769646359536545,
"DP_30":  0.9769646359536545,
"DP_60":  0.9764296896744049,
"DP_95":  0.9688834385448895,
"QL":  0.6274319765205536}
,
{ "x":  480,
"greedy000":  0.5013617148403202,
"greedy050":  0.749384084495075,
"greedy100":  0.9851118651370161,
"DP_05":  0.9851118651370161,
"DP_30":  0.9851118651370161,
"DP_60":  0.9846036654136077,
"DP_95":  0.9790256206836034,
"QL":  0.6306826132063051}
,
{ "x":  500,
"greedy000":  0.4990848537068763,
"greedy050":  0.7501410619769242,
"greedy100":  0.9903947184784704,
"DP_05":  0.9903947184784704,
"DP_30":  0.9903947184784704,
"DP_60":  0.9898363625163433,
"DP_95":  0.9871699095177171,
"QL":  0.6320294882243979}
,
{ "x":  520,
"greedy000":  0.5005314153067255,
"greedy050":  0.7509018557753564,
"greedy100":  0.995372949737579,
"DP_05":  0.995372949737579,
"DP_30":  0.995372949737579,
"DP_60":  0.9947073615987609,
"DP_95":  0.9932627125476499,
"QL":  0.6342691660888309}
]}
