{ "x_label":"capacity",
"y_label":"Acceptance Rate",
 "results":[
{ "x":  25,
"greedy000":  0.07433496311531425,
"greedy050":  0.07734148241207284,
"greedy100":  0.07970388807295876,
"DP_05":  0.07970388807295876,
"DP_30":  0.08882647510299986,
"DP_60":  0.09028461492006282,
"DP_95":  0.09028461492006282,
"QL":  0.09028461492006282}
,
{ "x":  50,
"greedy000":  0.14148909782577282,
"greedy050":  0.15212483766865498,
"greedy100":  0.1580046694055045,
"DP_05":  0.1580046694055045,
"DP_30":  0.20124366898294452,
"DP_60":  0.2156416440013972,
"DP_95":  0.2188139999175709,
"QL":  0.2168277123595955}
,
{ "x":  75,
"greedy000":  0.20295195026297547,
"greedy050":  0.21920402046033632,
"greedy100":  0.22813702045124531,
"DP_05":  0.22813702045124531,
"DP_30":  0.2780474819491339,
"DP_60":  0.2941917783384146,
"DP_95":  0.29748204222962105,
"QL":  0.29573067555620536}
,
{ "x":  100,
"greedy000":  0.2625195063605191,
"greedy050":  0.2847356355730241,
"greedy100":  0.2995330396806967,
"DP_05":  0.2995330396806967,
"DP_30":  0.3505927594971777,
"DP_60":  0.37184647601251264,
"DP_95":  0.3936154517187542,
"QL":  0.3730066143087824}
,
{ "x":  125,
"greedy000":  0.3153309439326978,
"greedy050":  0.34705379605019065,
"greedy100":  0.36684713935170554,
"DP_05":  0.36684713935170554,
"DP_30":  0.4165842997565159,
"DP_60":  0.43234631002031393,
"DP_95":  0.44001257628510215,
"QL":  0.41774489680379734}
,
{ "x":  150,
"greedy000":  0.36167321781977446,
"greedy050":  0.4043066947227656,
"greedy100":  0.4258316260393874,
"DP_05":  0.4258316260393874,
"DP_30":  0.4787325397431319,
"DP_60":  0.4877055424561195,
"DP_95":  0.48178122687105446,
"QL":  0.47608968117384876}
,
{ "x":  175,
"greedy000":  0.4057844856566851,
"greedy050":  0.46177341158202945,
"greedy100":  0.48941418905852324,
"DP_05":  0.48941418905852324,
"DP_30":  0.5367608414372464,
"DP_60":  0.5384424935390368,
"DP_95":  0.5108817288187449,
"QL":  0.5293135837097867}
,
{ "x":  200,
"greedy000":  0.4432022001884281,
"greedy050":  0.5221103194751001,
"greedy100":  0.5592168434699198,
"DP_05":  0.5592168434699198,
"DP_30":  0.5984957077573816,
"DP_60":  0.5990121670735922,
"DP_95":  0.5618490382916006,
"QL":  0.5745970243867599}
,
{ "x":  225,
"greedy000":  0.4664933901838375,
"greedy050":  0.5675299108096568,
"greedy100":  0.6120974667842888,
"DP_05":  0.6120974667842888,
"DP_30":  0.6469653184627429,
"DP_60":  0.6470903744831452,
"DP_95":  0.6164300030941057,
"QL":  0.6151704710195772}
,
{ "x":  250,
"greedy000":  0.4812388249157034,
"greedy050":  0.6139762644020301,
"greedy100":  0.6714966246457937,
"DP_05":  0.6714966246457937,
"DP_30":  0.6991824875840804,
"DP_60":  0.7007720551778196,
"DP_95":  0.6686580995016363,
"QL":  0.652817918759179}
,
{ "x":  275,
"greedy000":  0.4917988414158746,
"greedy050":  0.6526710984193163,
"greedy100":  0.7268984804774611,
"DP_05":  0.7268984804774611,
"DP_30":  0.7457291025690553,
"DP_60":  0.7502607218976134,
"DP_95":  0.7158135646639375,
"QL":  0.6419764557362522}
,
{ "x":  300,
"greedy000":  0.500346291598406,
"greedy050":  0.6841894879225688,
"greedy100":  0.7760995409517373,
"DP_05":  0.7760995409517373,
"DP_30":  0.7896149905587299,
"DP_60":  0.7943366714425347,
"DP_95":  0.7648937335539849,
"QL":  0.6454239578212231}
,
{ "x":  325,
"greedy000":  0.49875314519433156,
"greedy050":  0.7075872897557243,
"greedy100":  0.821058631071268,
"DP_05":  0.821058631071268,
"DP_30":  0.8258483106385119,
"DP_60":  0.8345426950468136,
"DP_95":  0.8069913351895945,
"QL":  0.6461378574214778}
,
{ "x":  350,
"greedy000":  0.5035201431630563,
"greedy050":  0.7238778343800744,
"greedy100":  0.8626258362286687,
"DP_05":  0.8626258362286687,
"DP_30":  0.8640584246915693,
"DP_60":  0.870694879067907,
"DP_95":  0.8459723604253975,
"QL":  0.6457472671757305}
,
{ "x":  375,
"greedy000":  0.5024147018522246,
"greedy050":  0.737901747785684,
"greedy100":  0.8973536788077695,
"DP_05":  0.8973536788077695,
"DP_30":  0.8975324014870987,
"DP_60":  0.9022573947589342,
"DP_95":  0.8809878695503933,
"QL":  0.6402776296814003}
,
{ "x":  400,
"greedy000":  0.4982883588148508,
"greedy050":  0.7445218084083657,
"greedy100":  0.9295061026280853,
"DP_05":  0.9295061026280853,
"DP_30":  0.9294861004646513,
"DP_60":  0.9315710181329312,
"DP_95":  0.9161412281797412,
"QL":  0.6417034934662191}
,
{ "x":  425,
"greedy000":  0.49979323662028907,
"greedy050":  0.7473448262981345,
"greedy100":  0.955054583583277,
"DP_05":  0.955054583583277,
"DP_30":  0.955054583583277,
"DP_60":  0.9553912650989298,
"DP_95":  0.943928728211268,
"QL":  0.6470539420490043}
,
{ "x":  450,
"greedy000":  0.4981593972804389,
"greedy050":  0.7504036636987627,
"greedy100":  0.972316756380164,
"DP_05":  0.972316756380164,
"DP_30":  0.972316756380164,
"DP_60":  0.9717104058546358,
"DP_95":  0.962454163564367,
"QL":  0.6388895129648585}
,
{ "x":  475,
"greedy000":  0.5012411748988622,
"greedy050":  0.7468229908705865,
"greedy100":  0.9854520870997063,
"DP_05":  0.9854520870997063,
"DP_30":  0.9854520870997063,
"DP_60":  0.9846602062720248,
"DP_95":  0.979062326054901,
"QL":  0.6466428330106572}
,
{ "x":  500,
"greedy000":  0.5036477061862066,
"greedy050":  0.7489722983465193,
"greedy100":  0.9915595584657908,
"DP_05":  0.9915595584657908,
"DP_30":  0.9915595584657908,
"DP_60":  0.9907858910951202,
"DP_95":  0.987848561855577,
"QL":  0.6421731596269126}
,
{ "x":  525,
"greedy000":  0.5007103412472089,
"greedy050":  0.751218911561647,
"greedy100":  0.9954899195223555,
"DP_05":  0.9954899195223555,
"DP_30":  0.9954899195223555,
"DP_60":  0.9949902482309165,
"DP_95":  0.9937640482756119,
"QL":  0.643550886952398}
]}
