{ "x_label":"capacity",
"y_label":"Acceptance Rate",
 "results":[
{ "x":  20,
"greedy000":  0.06456114593197222,
"greedy050":  0.07142722049029081,
"greedy100":  0.07739152792931667,
"DP_05":  0.07739152792931667,
"DP_30":  0.09002624264954831,
"DP_60":  0.09002624264954831,
"DP_95":  0.09002624264954831,
"QL":  0.08556100801719944}
,
{ "x":  40,
"greedy000":  0.11265769800556975,
"greedy050":  0.11882394861316556,
"greedy100":  0.12494362803277437,
"DP_05":  0.12494362803277437,
"DP_30":  0.1687178927241086,
"DP_60":  0.1766724440120046,
"DP_95":  0.17720067087761282,
"QL":  0.1686723504556275}
,
{ "x":  60,
"greedy000":  0.16578073815471056,
"greedy050":  0.1773869674456919,
"greedy100":  0.186776821207273,
"DP_05":  0.186776821207273,
"DP_30":  0.23102488658869383,
"DP_60":  0.250551861302849,
"DP_95":  0.25757475987225426,
"QL":  0.2516899311255994}
,
{ "x":  80,
"greedy000":  0.21534305019697536,
"greedy050":  0.23060287585691142,
"greedy100":  0.2419006840487709,
"DP_05":  0.2419006840487709,
"DP_30":  0.2918661750337523,
"DP_60":  0.3142485918454292,
"DP_95":  0.3305095592496373,
"QL":  0.3214252725408246}
,
{ "x":  100,
"greedy000":  0.26112182149080354,
"greedy050":  0.2848074243305318,
"greedy100":  0.294503173778358,
"DP_05":  0.294503173778358,
"DP_30":  0.35039788495533786,
"DP_60":  0.3710145199171876,
"DP_95":  0.3930656818648467,
"QL":  0.39160828423115}
,
{ "x":  120,
"greedy000":  0.3041173109629828,
"greedy050":  0.332437413554357,
"greedy100":  0.35128496484917265,
"DP_05":  0.35128496484917265,
"DP_30":  0.4020440610427298,
"DP_60":  0.422232810671831,
"DP_95":  0.4389673211402047,
"QL":  0.414784964391201}
,
{ "x":  140,
"greedy000":  0.34348756731427066,
"greedy050":  0.3845625425628074,
"greedy100":  0.40097134749490887,
"DP_05":  0.40097134749490887,
"DP_30":  0.45298066302153356,
"DP_60":  0.46665187118291185,
"DP_95":  0.4701597455796905,
"QL":  0.45958184745133196}
,
{ "x":  160,
"greedy000":  0.3799380409071368,
"greedy050":  0.4300911830900779,
"greedy100":  0.455052861142004,
"DP_05":  0.455052861142004,
"DP_30":  0.503840644412149,
"DP_60":  0.5144594251527482,
"DP_95":  0.4901547796620922,
"QL":  0.5063732469567834}
,
{ "x":  180,
"greedy000":  0.41312887367751483,
"greedy050":  0.4754262598702179,
"greedy100":  0.5056940102232247,
"DP_05":  0.5056940102232247,
"DP_30":  0.5516647125025951,
"DP_60":  0.5519844115287802,
"DP_95":  0.5142772533791999,
"QL":  0.5376932614604396}
,
{ "x":  200,
"greedy000":  0.44169433417123594,
"greedy050":  0.5194141385027098,
"greedy100":  0.5572595852382369,
"DP_05":  0.5572595852382369,
"DP_30":  0.5973190365414806,
"DP_60":  0.5975382913815162,
"DP_95":  0.5601971515222857,
"QL":  0.5827950747951914}
,
{ "x":  220,
"greedy000":  0.4615320472154362,
"greedy050":  0.5605756018750556,
"greedy100":  0.6028127104876305,
"DP_05":  0.6028127104876305,
"DP_30":  0.6385714500451996,
"DP_60":  0.639031444290455,
"DP_95":  0.6063521523360338,
"QL":  0.6146505607642578}
,
{ "x":  240,
"greedy000":  0.47409800916625155,
"greedy050":  0.5950856686055724,
"greedy100":  0.647596127388909,
"DP_05":  0.647596127388909,
"DP_30":  0.6799442684970736,
"DP_60":  0.6821347279221563,
"DP_95":  0.6465995500062569,
"QL":  0.657086747356874}
,
{ "x":  260,
"greedy000":  0.4879469927442742,
"greedy050":  0.6271663321888116,
"greedy100":  0.691832722897163,
"DP_05":  0.691832722897163,
"DP_30":  0.7155233863516904,
"DP_60":  0.7195136549934443,
"DP_95":  0.6872006931125431,
"QL":  0.68668257265838}
,
{ "x":  280,
"greedy000":  0.4935751803823897,
"greedy050":  0.6621578211034809,
"greedy100":  0.7368218063217823,
"DP_05":  0.7368218063217823,
"DP_30":  0.7542207449716238,
"DP_60":  0.7594188318507846,
"DP_95":  0.7266510648844483,
"QL":  0.6865709370524402}
,
{ "x":  300,
"greedy000":  0.49748342369205584,
"greedy050":  0.6820541250117576,
"greedy100":  0.7733929411412673,
"DP_05":  0.7733929411412673,
"DP_30":  0.7850898570372998,
"DP_60":  0.7918353632865732,
"DP_95":  0.7618624008419912,
"QL":  0.6897463116171734}
,
{ "x":  320,
"greedy000":  0.49860379445698044,
"greedy050":  0.7046720900552867,
"greedy100":  0.8172014135730461,
"DP_05":  0.8172014135730461,
"DP_30":  0.8240842852600151,
"DP_60":  0.8302723275845917,
"DP_95":  0.8002719157261016,
"QL":  0.6898479416860168}
,
{ "x":  340,
"greedy000":  0.5008405401972583,
"greedy050":  0.7181392635442456,
"greedy100":  0.8464963981809746,
"DP_05":  0.8464963981809746,
"DP_30":  0.847976506899615,
"DP_60":  0.8571007451415884,
"DP_95":  0.8327155187247882,
"QL":  0.6573168406762985}
,
{ "x":  360,
"greedy000":  0.5004770116846727,
"greedy050":  0.7303911725802769,
"greedy100":  0.8774176823671492,
"DP_05":  0.8774176823671492,
"DP_30":  0.8776371917206653,
"DP_60":  0.8841918993306412,
"DP_95":  0.8613743352666156,
"QL":  0.6902511394082015}
,
{ "x":  380,
"greedy000":  0.4998060084567714,
"greedy050":  0.738511805959292,
"greedy100":  0.9075399300113272,
"DP_05":  0.9075399300113272,
"DP_30":  0.9076051179878879,
"DP_60":  0.9119838072036897,
"DP_95":  0.890431645181868,
"QL":  0.6856008717327068}
,
{ "x":  400,
"greedy000":  0.4987825779398805,
"greedy050":  0.7443637804595984,
"greedy100":  0.9314246902200045,
"DP_05":  0.9314246902200045,
"DP_30":  0.9314196161384134,
"DP_60":  0.9338682968706709,
"DP_95":  0.9174926508085018,
"QL":  0.6919878879081084}
,
{ "x":  420,
"greedy000":  0.49834410185001304,
"greedy050":  0.7476624323450155,
"greedy100":  0.9500713108895178,
"DP_05":  0.9500713108895178,
"DP_30":  0.9500713108895178,
"DP_60":  0.950592826481361,
"DP_95":  0.9370007991535655,
"QL":  0.6876818032844769}
,
{ "x":  440,
"greedy000":  0.5025954890893962,
"greedy050":  0.7483786273608264,
"greedy100":  0.965924171861114,
"DP_05":  0.965924171861114,
"DP_30":  0.965924171861114,
"DP_60":  0.9657103551910227,
"DP_95":  0.9555280705881406,
"QL":  0.6902076301486972}
,
{ "x":  460,
"greedy000":  0.5006765610932629,
"greedy050":  0.7483422511332065,
"greedy100":  0.9771994710352919,
"DP_05":  0.9771994710352919,
"DP_30":  0.9771994710352919,
"DP_60":  0.9765237398031239,
"DP_95":  0.9684256908279801,
"QL":  0.6879973179084005}
,
{ "x":  480,
"greedy000":  0.49807271716493506,
"greedy050":  0.7490693987500286,
"greedy100":  0.9857042732630255,
"DP_05":  0.9857042732630255,
"DP_30":  0.9857042732630255,
"DP_60":  0.9848373840835345,
"DP_95":  0.9792966502207243,
"QL":  0.6895036392930705}
,
{ "x":  500,
"greedy000":  0.5009419003351343,
"greedy050":  0.7498690627239396,
"greedy100":  0.9917760182911444,
"DP_05":  0.9917760182911444,
"DP_30":  0.9917760182911444,
"DP_60":  0.9911601604189437,
"DP_95":  0.9881785958018996,
"QL":  0.6872836045517337}
,
{ "x":  520,
"greedy000":  0.49900178105290244,
"greedy050":  0.7495884060149629,
"greedy100":  0.9952323455140707,
"DP_05":  0.9952323455140707,
"DP_30":  0.9952323455140707,
"DP_60":  0.9948328035078291,
"DP_95":  0.993097497621464,
"QL":  0.6851609741961845}
]}
