{ "x_label":"capacity",
"y_label":"Acceptance Rate",
 "results":[
{ "x":  20,
"greedy000":  0.061891270746620486,
"greedy050":  0.07150898786453155,
"greedy100":  0.07984448307079552,
"DP_05":  0.07984448307079552,
"DP_30":  0.0884843290414655,
"DP_60":  0.0884843290414655,
"DP_95":  0.0884843290414655,
"QL":  0.06759790826731762}
,
{ "x":  40,
"greedy000":  0.11630837827851578,
"greedy050":  0.11675278888737414,
"greedy100":  0.12072108521865794,
"DP_05":  0.12072108521865794,
"DP_30":  0.1696090486104827,
"DP_60":  0.17704068924414526,
"DP_95":  0.17701495689085134,
"QL":  0.15548881239051465}
,
{ "x":  60,
"greedy000":  0.16773849597287255,
"greedy050":  0.17868674019716077,
"greedy100":  0.1914909668426276,
"DP_05":  0.1914909668426276,
"DP_30":  0.23254583815680707,
"DP_60":  0.2541046616176933,
"DP_95":  0.2613581167311195,
"QL":  0.24197348015297587}
,
{ "x":  80,
"greedy000":  0.21756705239404814,
"greedy050":  0.23618677638876076,
"greedy100":  0.24315681311429346,
"DP_05":  0.24315681311429346,
"DP_30":  0.296821054743645,
"DP_60":  0.3198582529330082,
"DP_95":  0.33362076911197047,
"QL":  0.278547293243707}
,
{ "x":  100,
"greedy000":  0.2623837054564022,
"greedy050":  0.2862204864106349,
"greedy100":  0.2997335148461028,
"DP_05":  0.2997335148461028,
"DP_30":  0.3520065715891466,
"DP_60":  0.3706389071096269,
"DP_95":  0.3935183413298764,
"QL":  0.3392227852252653}
,
{ "x":  120,
"greedy000":  0.30099162948674774,
"greedy050":  0.33374450125186966,
"greedy100":  0.3567504064419513,
"DP_05":  0.3567504064419513,
"DP_30":  0.4035475806131819,
"DP_60":  0.4242265892722979,
"DP_95":  0.4388027419942027,
"QL":  0.37141289735856237}
,
{ "x":  140,
"greedy000":  0.34704803956281116,
"greedy050":  0.38285902094493346,
"greedy100":  0.4024428136430056,
"DP_05":  0.4024428136430056,
"DP_30":  0.45397785570885707,
"DP_60":  0.46919199254182303,
"DP_95":  0.47168041232294133,
"QL":  0.43113786945411803}
,
{ "x":  160,
"greedy000":  0.3822995371167039,
"greedy050":  0.4271826105013267,
"greedy100":  0.44989459894139666,
"DP_05":  0.44989459894139666,
"DP_30":  0.5025196537491095,
"DP_60":  0.5108107642347617,
"DP_95":  0.4881122153514781,
"QL":  0.44999432967350134}
,
{ "x":  180,
"greedy000":  0.410164232149062,
"greedy050":  0.4710783061429883,
"greedy100":  0.5011998563289123,
"DP_05":  0.5011998563289123,
"DP_30":  0.5474966416485628,
"DP_60":  0.5487233114995073,
"DP_95":  0.5173250834215148,
"QL":  0.5020426767815426}
,
{ "x":  200,
"greedy000":  0.44030938145285925,
"greedy050":  0.5170202395894706,
"greedy100":  0.5511958285719153,
"DP_05":  0.5511958285719153,
"DP_30":  0.5948714672105582,
"DP_60":  0.5959572503890833,
"DP_95":  0.5597921783314581,
"QL":  0.5223693724960763}
,
{ "x":  220,
"greedy000":  0.45902202238910306,
"greedy050":  0.5623900523275023,
"greedy100":  0.6016733916469671,
"DP_05":  0.6016733916469671,
"DP_30":  0.6367581585985909,
"DP_60":  0.6369659302164979,
"DP_95":  0.6059719887333832,
"QL":  0.48162005383619855}
,
{ "x":  240,
"greedy000":  0.4711592105480946,
"greedy050":  0.5920696273637255,
"greedy100":  0.6442920359281663,
"DP_05":  0.6442920359281663,
"DP_30":  0.679563930041191,
"DP_60":  0.6813027922838485,
"DP_95":  0.6489215769277599,
"QL":  0.4422366154471679}
,
{ "x":  260,
"greedy000":  0.48457830398796,
"greedy050":  0.6346645022266102,
"greedy100":  0.7030719935832682,
"DP_05":  0.7030719935832682,
"DP_30":  0.725388846373996,
"DP_60":  0.7284997622522187,
"DP_95":  0.6912506290337618,
"QL":  0.5413861635847625}
,
{ "x":  280,
"greedy000":  0.4942849704345429,
"greedy050":  0.6576351780306721,
"greedy100":  0.7337695383456888,
"DP_05":  0.7337695383456888,
"DP_30":  0.7552296280530691,
"DP_60":  0.7591636148581155,
"DP_95":  0.7268892928420969,
"QL":  0.5379149830643111}
,
{ "x":  300,
"greedy000":  0.4910478767660078,
"greedy050":  0.6792712865306887,
"greedy100":  0.7713216004055472,
"DP_05":  0.7713216004055472,
"DP_30":  0.7823144602827423,
"DP_60":  0.790880119499066,
"DP_95":  0.7615384525483997,
"QL":  0.473540512126406}
,
{ "x":  320,
"greedy000":  0.4974947573218259,
"greedy050":  0.6956030766327682,
"greedy100":  0.8040298436764586,
"DP_05":  0.8040298436764586,
"DP_30":  0.814415739993841,
"DP_60":  0.8204285723658578,
"DP_95":  0.7950797190277178,
"QL":  0.5229667732881861}
,
{ "x":  340,
"greedy000":  0.5059737692978172,
"greedy050":  0.717071727517447,
"greedy100":  0.8401646823489285,
"DP_05":  0.8401646823489285,
"DP_30":  0.8409903606869319,
"DP_60":  0.8520442219367803,
"DP_95":  0.8275437181524403,
"QL":  0.5289077574989821}
,
{ "x":  360,
"greedy000":  0.4998649816251236,
"greedy050":  0.7335021908327148,
"greedy100":  0.8840607195752412,
"DP_05":  0.8840607195752412,
"DP_30":  0.8845180788521786,
"DP_60":  0.8911526157727119,
"DP_95":  0.8661077409562115,
"QL":  0.5293673948295349}
,
{ "x":  380,
"greedy000":  0.5027789318015078,
"greedy050":  0.7394725501515842,
"greedy100":  0.9041385233888419,
"DP_05":  0.9041385233888419,
"DP_30":  0.9042859073239932,
"DP_60":  0.9086449187881499,
"DP_95":  0.8875584141954687,
"QL":  0.49406176797494955}
,
{ "x":  400,
"greedy000":  0.5027333572205531,
"greedy050":  0.7444402324563947,
"greedy100":  0.9319674601843566,
"DP_05":  0.9319674601843566,
"DP_30":  0.9319674601843566,
"DP_60":  0.933271203225889,
"DP_95":  0.9168213021482243,
"QL":  0.4933321070406135}
,
{ "x":  420,
"greedy000":  0.5011317001489135,
"greedy050":  0.7476746294852075,
"greedy100":  0.9521641254579928,
"DP_05":  0.9521641254579928,
"DP_30":  0.9521641254579928,
"DP_60":  0.9516896339150712,
"DP_95":  0.9401390420151877,
"QL":  0.4862291740604352}
,
{ "x":  440,
"greedy000":  0.4971449652611635,
"greedy050":  0.7479539667684649,
"greedy100":  0.9720693879238029,
"DP_05":  0.9720693879238029,
"DP_30":  0.9720693879238029,
"DP_60":  0.9712111065266159,
"DP_95":  0.9614538907814862,
"QL":  0.4846662296854511}
,
{ "x":  460,
"greedy000":  0.4957748783627359,
"greedy050":  0.7468189592116394,
"greedy100":  0.9760819115350282,
"DP_05":  0.9760819115350282,
"DP_30":  0.9760819115350282,
"DP_60":  0.9759081417253184,
"DP_95":  0.968770518863507,
"QL":  0.48498688599008305}
,
{ "x":  480,
"greedy000":  0.5003541933435185,
"greedy050":  0.7496141273951784,
"greedy100":  0.9863119063084202,
"DP_05":  0.9863119063084202,
"DP_30":  0.9863119063084202,
"DP_60":  0.9853367446354213,
"DP_95":  0.9801304203951128,
"QL":  0.48379041997742667}
,
{ "x":  500,
"greedy000":  0.5009088874558612,
"greedy050":  0.7524953253259529,
"greedy100":  0.9918374640108663,
"DP_05":  0.9918374640108663,
"DP_30":  0.9918374640108663,
"DP_60":  0.9908648209855888,
"DP_95":  0.9882706565075224,
"QL":  0.5361036025747041}
,
{ "x":  520,
"greedy000":  0.49700726475710855,
"greedy050":  0.7485573549786337,
"greedy100":  0.9956347734341865,
"DP_05":  0.9956347734341865,
"DP_30":  0.9956347734341865,
"DP_60":  0.9950104665077278,
"DP_95":  0.9932341653197035,
"QL":  0.5088333145025586}
]}
