{ "x_label":"capacity",
"y_label":"Federation Rate",
 "results":[
{ "x":  20,
"greedy000":  0.9381087292533794,
"greedy050":  0.9284910121354683,
"greedy100":  0.9201555169292046,
"DP_05":  0.9201555169292046,
"DP_30":  0.9115156709585344,
"DP_60":  0.9115156709585344,
"DP_95":  0.9115156709585344,
"QL":  0.8462825567415558}
,
{ "x":  40,
"greedy000":  0.8836916217214842,
"greedy050":  0.8832472111126257,
"greedy100":  0.8792789147813421,
"DP_05":  0.8792789147813421,
"DP_30":  0.8303909513895172,
"DP_60":  0.8229593107558546,
"DP_95":  0.8229850431091487,
"QL":  0.8445111876094854}
,
{ "x":  60,
"greedy000":  0.8322615040271273,
"greedy050":  0.8213132598028393,
"greedy100":  0.8085090331573724,
"DP_05":  0.8085090331573724,
"DP_30":  0.7674541618431929,
"DP_60":  0.7458953383823067,
"DP_95":  0.7386418832688805,
"QL":  0.6884626267795093}
,
{ "x":  80,
"greedy000":  0.7824329476059518,
"greedy050":  0.7638132236112394,
"greedy100":  0.7568431868857065,
"DP_05":  0.7568431868857065,
"DP_30":  0.703178945256355,
"DP_60":  0.6801417470669918,
"DP_95":  0.6663792308880295,
"QL":  0.6777735366990632}
,
{ "x":  100,
"greedy000":  0.7376162945435978,
"greedy050":  0.7137795135893652,
"greedy100":  0.7002664851538972,
"DP_05":  0.7002664851538972,
"DP_30":  0.6479934284108534,
"DP_60":  0.6293610928903732,
"DP_95":  0.6064816586701236,
"QL":  0.5900645005275769}
,
{ "x":  120,
"greedy000":  0.6990083705132524,
"greedy050":  0.6662554987481303,
"greedy100":  0.6432495935580487,
"DP_05":  0.6432495935580487,
"DP_30":  0.5964524193868181,
"DP_60":  0.5757734107277022,
"DP_95":  0.5611972580057973,
"QL":  0.5838316416854258}
,
{ "x":  140,
"greedy000":  0.6529519604371888,
"greedy050":  0.6171409790550665,
"greedy100":  0.5975571863569943,
"DP_05":  0.5975571863569943,
"DP_30":  0.5460221442911429,
"DP_60":  0.5308080074581769,
"DP_95":  0.5283195876770588,
"QL":  0.5197873612035628}
,
{ "x":  160,
"greedy000":  0.617700462883296,
"greedy050":  0.5728173894986733,
"greedy100":  0.5501054010586033,
"DP_05":  0.5501054010586033,
"DP_30":  0.49748034625089055,
"DP_60":  0.48918923576523826,
"DP_95":  0.5118877846485219,
"QL":  0.5023967121273814}
,
{ "x":  180,
"greedy000":  0.5898357678509379,
"greedy050":  0.5289216938570116,
"greedy100":  0.4988001436710877,
"DP_05":  0.4988001436710877,
"DP_30":  0.4525033583514372,
"DP_60":  0.4512766885004928,
"DP_95":  0.4826749165784851,
"QL":  0.4583982851250399}
,
{ "x":  200,
"greedy000":  0.5596906185471408,
"greedy050":  0.48297976041052937,
"greedy100":  0.4488041714280849,
"DP_05":  0.4488041714280849,
"DP_30":  0.4051285327894417,
"DP_60":  0.4040427496109166,
"DP_95":  0.44020782166854183,
"QL":  0.4251130737489827}
,
{ "x":  220,
"greedy000":  0.5409779776108969,
"greedy050":  0.4376099476724978,
"greedy100":  0.3983266083530329,
"DP_05":  0.3983266083530329,
"DP_30":  0.3632418414014091,
"DP_60":  0.36303406978350194,
"DP_95":  0.3940280112666168,
"QL":  0.4200132324156659}
,
{ "x":  240,
"greedy000":  0.5288407894519053,
"greedy050":  0.4079303726362745,
"greedy100":  0.35570796407183364,
"DP_05":  0.35570796407183364,
"DP_30":  0.32043606995880897,
"DP_60":  0.3186972077161515,
"DP_95":  0.3510784230722401,
"QL":  0.5350262568076898}
,
{ "x":  260,
"greedy000":  0.51542169601204,
"greedy050":  0.3653354977733898,
"greedy100":  0.2969280064167318,
"DP_05":  0.2969280064167318,
"DP_30":  0.274611153626004,
"DP_60":  0.2715002377477813,
"DP_95":  0.3087493709662382,
"QL":  0.4317954691718523}
,
{ "x":  280,
"greedy000":  0.5057150295654571,
"greedy050":  0.34236482196932794,
"greedy100":  0.26623046165431125,
"DP_05":  0.26623046165431125,
"DP_30":  0.24477037194693088,
"DP_60":  0.24083638514188443,
"DP_95":  0.2731107071579031,
"QL":  0.3972035433356448}
,
{ "x":  300,
"greedy000":  0.5089521232339922,
"greedy050":  0.3207287134693113,
"greedy100":  0.22867839959445285,
"DP_05":  0.22867839959445285,
"DP_30":  0.21768553971725782,
"DP_60":  0.2091198805009339,
"DP_95":  0.23846154745160023,
"QL":  0.4343306440774756}
,
{ "x":  320,
"greedy000":  0.5025052426781741,
"greedy050":  0.30439692336723173,
"greedy100":  0.19597015632354162,
"DP_05":  0.19597015632354162,
"DP_30":  0.18558426000615907,
"DP_60":  0.17957142763414227,
"DP_95":  0.20492028097228218,
"QL":  0.4094894984415438}
,
{ "x":  340,
"greedy000":  0.4940262307021828,
"greedy050":  0.2829282724825531,
"greedy100":  0.15983531765107142,
"DP_05":  0.15983531765107142,
"DP_30":  0.15900963931306808,
"DP_60":  0.1479557780632197,
"DP_95":  0.1724562818475597,
"QL":  0.4467112651990998}
,
{ "x":  360,
"greedy000":  0.5001350183748763,
"greedy050":  0.26649780916728527,
"greedy100":  0.11593928042475883,
"DP_05":  0.11593928042475883,
"DP_30":  0.11548192114782138,
"DP_60":  0.10884738422728804,
"DP_95":  0.13389225904378838,
"QL":  0.43129806936560644}
,
{ "x":  380,
"greedy000":  0.4972210681984922,
"greedy050":  0.26052744984841586,
"greedy100":  0.0958614766111581,
"DP_05":  0.0958614766111581,
"DP_30":  0.09571409267600703,
"DP_60":  0.09135508121185024,
"DP_95":  0.11244158580453131,
"QL":  0.46322189781953715}
,
{ "x":  400,
"greedy000":  0.4972666427794469,
"greedy050":  0.2555597675436055,
"greedy100":  0.06803253981564338,
"DP_05":  0.06803253981564338,
"DP_30":  0.06803253981564338,
"DP_60":  0.0667287967741111,
"DP_95":  0.08317869785177574,
"QL":  0.4483166203084087}
,
{ "x":  420,
"greedy000":  0.4988682998510865,
"greedy050":  0.2523253705147924,
"greedy100":  0.047835874542007224,
"DP_05":  0.047835874542007224,
"DP_30":  0.047835874542007224,
"DP_60":  0.04831036608492871,
"DP_95":  0.059860957984812134,
"QL":  0.4804148606236591}
,
{ "x":  440,
"greedy000":  0.5028550347388365,
"greedy050":  0.25204603323153507,
"greedy100":  0.027930612076197188,
"DP_05":  0.027930612076197188,
"DP_30":  0.027930612076197188,
"DP_60":  0.028788893473384092,
"DP_95":  0.038546109218513806,
"QL":  0.47149481032568963}
,
{ "x":  460,
"greedy000":  0.504225121637264,
"greedy050":  0.2531810407883607,
"greedy100":  0.02391808846497184,
"DP_05":  0.02391808846497184,
"DP_30":  0.02391808846497184,
"DP_60":  0.024091858274681677,
"DP_95":  0.031229481136492977,
"QL":  0.40383683762538575}
,
{ "x":  480,
"greedy000":  0.49964580665648145,
"greedy050":  0.25038587260482165,
"greedy100":  0.013688093691579898,
"DP_05":  0.013688093691579898,
"DP_30":  0.013688093691579898,
"DP_60":  0.014663255364578704,
"DP_95":  0.019869579604887253,
"QL":  0.43975536792757486}
,
{ "x":  500,
"greedy000":  0.49909111254413885,
"greedy050":  0.24750467467404716,
"greedy100":  0.008162535989133744,
"DP_05":  0.008162535989133744,
"DP_30":  0.008162535989133744,
"DP_60":  0.009135179014411143,
"DP_95":  0.01172934349247753,
"QL":  0.4463192323608043}
,
{ "x":  520,
"greedy000":  0.5029927352428915,
"greedy050":  0.25144264502136615,
"greedy100":  0.004365226565813328,
"DP_05":  0.004365226565813328,
"DP_30":  0.004365226565813328,
"DP_60":  0.004989533492272303,
"DP_95":  0.0067658346802964104,
"QL":  0.4295661643426379}
]}
