{ "x_label":"capacity",
"y_label":"Federation Rate",
 "results":[
{ "x":  25,
"greedy000":  0.9256650368846857,
"greedy050":  0.9226585175879272,
"greedy100":  0.9202961119270414,
"DP_05":  0.9202961119270414,
"DP_30":  0.9111735248970001,
"DP_60":  0.9097153850799371,
"DP_95":  0.9097153850799371,
"QL":  0.8886804115134467}
,
{ "x":  50,
"greedy000":  0.8585109021742271,
"greedy050":  0.847875162331345,
"greedy100":  0.8419953305944958,
"DP_05":  0.8419953305944958,
"DP_30":  0.7987563310170556,
"DP_60":  0.7843583559986027,
"DP_95":  0.7811860000824291,
"QL":  0.767080333617416}
,
{ "x":  75,
"greedy000":  0.7970480497370246,
"greedy050":  0.7807959795396637,
"greedy100":  0.7718629795487547,
"DP_05":  0.7718629795487547,
"DP_30":  0.7219525180508661,
"DP_60":  0.7058082216615854,
"DP_95":  0.7025179577703791,
"QL":  0.7042693244437948}
,
{ "x":  100,
"greedy000":  0.7374804936394812,
"greedy050":  0.7152643644269762,
"greedy100":  0.7004669603193032,
"DP_05":  0.7004669603193032,
"DP_30":  0.6494072405028223,
"DP_60":  0.6281535239874875,
"DP_95":  0.6063845482812456,
"QL":  0.6245092210039649}
,
{ "x":  125,
"greedy000":  0.6846690560673024,
"greedy050":  0.6529462039498093,
"greedy100":  0.6331528606482945,
"DP_05":  0.6331528606482945,
"DP_30":  0.583415700243484,
"DP_60":  0.567653689979686,
"DP_95":  0.5599874237148978,
"QL":  0.580140677717172}
,
{ "x":  150,
"greedy000":  0.6383267821802256,
"greedy050":  0.5956933052772344,
"greedy100":  0.5741683739606127,
"DP_05":  0.5741683739606127,
"DP_30":  0.5212674602568681,
"DP_60":  0.5122944575438805,
"DP_95":  0.5182187731289456,
"QL":  0.5222544795669706}
,
{ "x":  175,
"greedy000":  0.594215514343315,
"greedy050":  0.5382265884179706,
"greedy100":  0.5105858109414767,
"DP_05":  0.5105858109414767,
"DP_30":  0.4632391585627535,
"DP_60":  0.4615575064609632,
"DP_95":  0.489118271181255,
"QL":  0.4692783444928981}
,
{ "x":  200,
"greedy000":  0.556797799811572,
"greedy050":  0.47788968052489994,
"greedy100":  0.44078315653008027,
"DP_05":  0.44078315653008027,
"DP_30":  0.4015042922426185,
"DP_60":  0.40098783292640794,
"DP_95":  0.4381509617083995,
"QL":  0.4205763088229422}
,
{ "x":  225,
"greedy000":  0.5335066098161626,
"greedy050":  0.4324700891903432,
"greedy100":  0.38790253321571105,
"DP_05":  0.38790253321571105,
"DP_30":  0.3530346815372572,
"DP_60":  0.3529096255168548,
"DP_95":  0.3835699969058943,
"QL":  0.38276673546766443}
,
{ "x":  250,
"greedy000":  0.5187611750842966,
"greedy050":  0.38602373559797,
"greedy100":  0.32850337535420626,
"DP_05":  0.32850337535420626,
"DP_30":  0.3008175124159195,
"DP_60":  0.2992279448221805,
"DP_95":  0.33134190049836354,
"QL":  0.3399584455310791}
,
{ "x":  275,
"greedy000":  0.5082011585841254,
"greedy050":  0.3473289015806837,
"greedy100":  0.2731015195225389,
"DP_05":  0.2731015195225389,
"DP_30":  0.2542708974309445,
"DP_60":  0.24973927810238647,
"DP_95":  0.28418643533606236,
"QL":  0.351243544724376}
,
{ "x":  300,
"greedy000":  0.499653708401594,
"greedy050":  0.3158105120774311,
"greedy100":  0.22390045904826267,
"DP_05":  0.22390045904826267,
"DP_30":  0.21038500944127003,
"DP_60":  0.20566332855746525,
"DP_95":  0.23510626644601512,
"QL":  0.34660564785570946}
,
{ "x":  325,
"greedy000":  0.5012468548056684,
"greedy050":  0.2924127102442758,
"greedy100":  0.17894136892873197,
"DP_05":  0.17894136892873197,
"DP_30":  0.17415168936148812,
"DP_60":  0.1654573049531865,
"DP_95":  0.19300866481040538,
"QL":  0.3448509123197233}
,
{ "x":  350,
"greedy000":  0.4964798568369438,
"greedy050":  0.27612216561992564,
"greedy100":  0.1373741637713312,
"DP_05":  0.1373741637713312,
"DP_30":  0.1359415753084306,
"DP_60":  0.12930512093209312,
"DP_95":  0.15402763957460236,
"QL":  0.34983876444909623}
,
{ "x":  375,
"greedy000":  0.4975852981477754,
"greedy050":  0.26209825221431615,
"greedy100":  0.10264632119223042,
"DP_05":  0.10264632119223042,
"DP_30":  0.10246759851290126,
"DP_60":  0.09774260524106614,
"DP_95":  0.11901213044960687,
"QL":  0.35748540271381407}
,
{ "x":  400,
"greedy000":  0.5017116411851492,
"greedy050":  0.2554781915916343,
"greedy100":  0.07049389737191473,
"DP_05":  0.07049389737191473,
"DP_30":  0.07051389953534873,
"DP_60":  0.06842898186706874,
"DP_95":  0.08385877182025879,
"QL":  0.35325947882333775}
,
{ "x":  425,
"greedy000":  0.5002067633797108,
"greedy050":  0.2526551737018655,
"greedy100":  0.04494541641672293,
"DP_05":  0.04494541641672293,
"DP_30":  0.04494541641672293,
"DP_60":  0.044608734901070174,
"DP_95":  0.056071271788732335,
"QL":  0.3479678161691326}
,
{ "x":  450,
"greedy000":  0.5018406027195611,
"greedy050":  0.24959633630123745,
"greedy100":  0.02768324361983603,
"DP_05":  0.02768324361983603,
"DP_30":  0.02768324361983603,
"DP_60":  0.028289594145364378,
"DP_95":  0.037545836435633,
"QL":  0.3578229872630288}
,
{ "x":  475,
"greedy000":  0.4987588251011378,
"greedy050":  0.25317700912941354,
"greedy100":  0.014547912900293716,
"DP_05":  0.014547912900293716,
"DP_30":  0.014547912900293716,
"DP_60":  0.015339793727975237,
"DP_95":  0.020937673945099197,
"QL":  0.3479858184745}
,
{ "x":  500,
"greedy000":  0.4963522938137935,
"greedy050":  0.25102770165348076,
"greedy100":  0.008440441534209352,
"DP_05":  0.008440441534209352,
"DP_30":  0.008440441534209352,
"DP_60":  0.009214108904879692,
"DP_95":  0.012151438144423122,
"QL":  0.3520457887166196}
,
{ "x":  525,
"greedy000":  0.49928965875279097,
"greedy050":  0.24878108843835295,
"greedy100":  0.0045100804776444965,
"DP_05":  0.0045100804776444965,
"DP_30":  0.0045100804776444965,
"DP_60":  0.0050097517690834955,
"DP_95":  0.006235951724387998,
"QL":  0.35009036574134333}
]}
