{ "x_label":"capacity",
"y_label":"Federation Rate",
 "results":[
{ "x":  20,
"greedy000":  0.9354388540680276,
"greedy050":  0.9285727795097094,
"greedy100":  0.9226084720706835,
"DP_05":  0.9226084720706835,
"DP_30":  0.9099737573504518,
"DP_60":  0.9099737573504518,
"DP_95":  0.9099737573504518,
"QL":  0.8727253428012005}
,
{ "x":  40,
"greedy000":  0.8873423019944303,
"greedy050":  0.8811760513868345,
"greedy100":  0.8750563719672255,
"DP_05":  0.8750563719672255,
"DP_30":  0.8312821072758914,
"DP_60":  0.8233275559879955,
"DP_95":  0.8227993291223872,
"QL":  0.8313276495443725}
,
{ "x":  60,
"greedy000":  0.8342192618452893,
"greedy050":  0.8226130325543082,
"greedy100":  0.8132231787927269,
"DP_05":  0.8132231787927269,
"DP_30":  0.7689751134113061,
"DP_60":  0.7494481386971509,
"DP_95":  0.742425240127746,
"QL":  0.7363540933994787}
,
{ "x":  80,
"greedy000":  0.7846569498030248,
"greedy050":  0.7693971241430885,
"greedy100":  0.758099315951229,
"DP_05":  0.758099315951229,
"DP_30":  0.7081338249662477,
"DP_60":  0.6857514081545706,
"DP_95":  0.6694904407503625,
"QL":  0.6785747274591752}
,
{ "x":  100,
"greedy000":  0.7388781785091966,
"greedy050":  0.7151925756694681,
"greedy100":  0.7054968262216419,
"DP_05":  0.7054968262216419,
"DP_30":  0.6496021150446621,
"DP_60":  0.6289854800828125,
"DP_95":  0.6069343181351533,
"QL":  0.6028664432217736}
,
{ "x":  120,
"greedy000":  0.6958826890370172,
"greedy050":  0.6675625864456431,
"greedy100":  0.6487150351508273,
"DP_05":  0.6487150351508273,
"DP_30":  0.5979559389572702,
"DP_60":  0.5777671893281692,
"DP_95":  0.5610326788597952,
"QL":  0.5735844689067169}
,
{ "x":  140,
"greedy000":  0.6565124326857292,
"greedy050":  0.6154374574371926,
"greedy100":  0.5990286525050913,
"DP_05":  0.5990286525050913,
"DP_30":  0.5470193369784664,
"DP_60":  0.5333481288170882,
"DP_95":  0.5298402544203096,
"QL":  0.5193693197821208}
,
{ "x":  160,
"greedy000":  0.6200619590928633,
"greedy050":  0.5699088169099221,
"greedy100":  0.5449471388579961,
"DP_05":  0.5449471388579961,
"DP_30":  0.49615935558785107,
"DP_60":  0.48554057484725177,
"DP_95":  0.5098452203379079,
"QL":  0.48278483483162227}
,
{ "x":  180,
"greedy000":  0.5868711263224852,
"greedy050":  0.5245737401297821,
"greedy100":  0.4943059897767753,
"DP_05":  0.4943059897767753,
"DP_30":  0.44833528749740487,
"DP_60":  0.44801558847121975,
"DP_95":  0.48572274662079995,
"QL":  0.45474135104158736}
,
{ "x":  200,
"greedy000":  0.5583056658287641,
"greedy050":  0.4805858614972903,
"greedy100":  0.4427404147617632,
"DP_05":  0.4427404147617632,
"DP_30":  0.4026809634585195,
"DP_60":  0.4024617086184838,
"DP_95":  0.4398028484777142,
"QL":  0.4083769647377807}
,
{ "x":  220,
"greedy000":  0.5384679527845637,
"greedy050":  0.4394243981249444,
"greedy100":  0.39718728951236937,
"DP_05":  0.39718728951236937,
"DP_30":  0.3614285499548005,
"DP_60":  0.3609685557095449,
"DP_95":  0.39364784766396604,
"QL":  0.37506246499509743}
,
{ "x":  240,
"greedy000":  0.5259019908337484,
"greedy050":  0.40491433139442756,
"greedy100":  0.3524038726110908,
"DP_05":  0.3524038726110908,
"DP_30":  0.32005573150292627,
"DP_60":  0.31786527207784354,
"DP_95":  0.3534004499937432,
"QL":  0.334631246909304}
,
{ "x":  260,
"greedy000":  0.5120530072557258,
"greedy050":  0.37283366781118843,
"greedy100":  0.3081672771028369,
"DP_05":  0.3081672771028369,
"DP_30":  0.28447661364830956,
"DP_60":  0.2804863450065557,
"DP_95":  0.3127993068874568,
"QL":  0.30478289629951016}
,
{ "x":  280,
"greedy000":  0.50642481961761,
"greedy050":  0.33784217889651924,
"greedy100":  0.263178193678218,
"DP_05":  0.263178193678218,
"DP_30":  0.2457792550283761,
"DP_60":  0.24058116814921524,
"DP_95":  0.2733489351155517,
"QL":  0.3023456020758176}
,
{ "x":  300,
"greedy000":  0.5025165763079442,
"greedy050":  0.3179458749882425,
"greedy100":  0.22660705885873278,
"DP_05":  0.22660705885873278,
"DP_30":  0.21491014296270022,
"DP_60":  0.2081646367134269,
"DP_95":  0.23813759915800886,
"QL":  0.30215880448213883}
,
{ "x":  320,
"greedy000":  0.5013962055430196,
"greedy050":  0.29532790994471314,
"greedy100":  0.1827985864269538,
"DP_05":  0.1827985864269538,
"DP_30":  0.17591571473998496,
"DP_60":  0.16972767241540834,
"DP_95":  0.19972808427389857,
"QL":  0.3018235540013009}
,
{ "x":  340,
"greedy000":  0.4991594598027416,
"greedy050":  0.2818607364557543,
"greedy100":  0.15350360181902542,
"DP_05":  0.15350360181902542,
"DP_30":  0.15202349310038504,
"DP_60":  0.14289925485841165,
"DP_95":  0.16728448127521162,
"QL":  0.3340937386958869}
,
{ "x":  360,
"greedy000":  0.49952298831532715,
"greedy050":  0.2696088274197232,
"greedy100":  0.12258231763285073,
"DP_05":  0.12258231763285073,
"DP_30":  0.12236280827933474,
"DP_60":  0.11580810066935872,
"DP_95":  0.13862566473338447,
"QL":  0.2991384617219405}
,
{ "x":  380,
"greedy000":  0.5001939915432285,
"greedy050":  0.26148819404070794,
"greedy100":  0.09246006998867287,
"DP_05":  0.09246006998867287,
"DP_30":  0.09239488201211207,
"DP_60":  0.0880161927963103,
"DP_95":  0.10956835481813176,
"QL":  0.30724681502792256}
,
{ "x":  400,
"greedy000":  0.5012174220601194,
"greedy050":  0.2556362195404015,
"greedy100":  0.06857530977999546,
"DP_05":  0.06857530977999546,
"DP_30":  0.06858038386158669,
"DP_60":  0.06613170312932934,
"DP_95":  0.0825073491914983,
"QL":  0.299856772058083}
,
{ "x":  420,
"greedy000":  0.501655898149987,
"greedy050":  0.25233756765498444,
"greedy100":  0.04992868911048219,
"DP_05":  0.04992868911048219,
"DP_30":  0.04992868911048219,
"DP_60":  0.04940717351863885,
"DP_95":  0.06299920084643437,
"QL":  0.3034288212558398}
,
{ "x":  440,
"greedy000":  0.4974045109106037,
"greedy050":  0.2516213726391736,
"greedy100":  0.034075828138886266,
"DP_05":  0.034075828138886266,
"DP_30":  0.034075828138886266,
"DP_60":  0.034289644808977324,
"DP_95":  0.04447192941185916,
"QL":  0.30180901350555434}
,
{ "x":  460,
"greedy000":  0.49932343890673714,
"greedy050":  0.2516577488667934,
"greedy100":  0.022800528964708078,
"DP_05":  0.022800528964708078,
"DP_30":  0.022800528964708078,
"DP_60":  0.02347626019687608,
"DP_95":  0.03157430917201999,
"QL":  0.30566276137723225}
,
{ "x":  480,
"greedy000":  0.5019272828350649,
"greedy050":  0.2509306012499714,
"greedy100":  0.014295726736974258,
"DP_05":  0.014295726736974258,
"DP_30":  0.014295726736974258,
"DP_60":  0.015162615916465432,
"DP_95":  0.020703349779275695,
"QL":  0.3001187108088305}
,
{ "x":  500,
"greedy000":  0.49905809966486575,
"greedy050":  0.25013093727606045,
"greedy100":  0.00822398170885546,
"DP_05":  0.00822398170885546,
"DP_30":  0.00822398170885546,
"DP_60":  0.008839839581056283,
"DP_95":  0.011821404198100264,
"QL":  0.3051993752163887}
,
{ "x":  520,
"greedy000":  0.5009982189470976,
"greedy050":  0.2504115939850371,
"greedy100":  0.004767654485929291,
"DP_05":  0.004767654485929291,
"DP_30":  0.004767654485929291,
"DP_60":  0.005167196492170905,
"DP_95":  0.006902502378536198,
"QL":  0.3029619824556927}
]}
