{ "x_label":"capacity",
"y_label":"Federation Rate",
 "results":[
{ "x":  20,
"greedy000":  0.934012826188316,
"greedy050":  0.9268233534437925,
"greedy100":  0.9219229407535849,
"DP_05":  0.9219229407535849,
"DP_30":  0.9092034055479535,
"DP_60":  0.9092034055479535,
"DP_95":  0.9092034055479535,
"QL":  0.8169730584819582}
,
{ "x":  40,
"greedy000":  0.8870803446286899,
"greedy050":  0.8803247624354708,
"greedy100":  0.8755486490374789,
"DP_05":  0.8755486490374789,
"DP_30":  0.8308306932254009,
"DP_60":  0.8240788303982264,
"DP_95":  0.8235902273456464,
"QL":  0.7855012400159551}
,
{ "x":  60,
"greedy000":  0.8334672928249297,
"greedy050":  0.8187143098826081,
"greedy100":  0.8146178509311353,
"DP_05":  0.8146178509311353,
"DP_30":  0.7699007225681609,
"DP_60":  0.7499482117027245,
"DP_95":  0.742451969823984,
"QL":  0.6950050284018416}
,
{ "x":  80,
"greedy000":  0.7841575311463326,
"greedy050":  0.7686785293634599,
"greedy100":  0.7595064287844386,
"DP_05":  0.7595064287844386,
"DP_30":  0.7087595394216591,
"DP_60":  0.6861221001737362,
"DP_95":  0.6673148069182173,
"QL":  0.6695247592231828}
,
{ "x":  100,
"greedy000":  0.7390793349296465,
"greedy050":  0.7160821897566074,
"greedy100":  0.7017444063052372,
"DP_05":  0.7017444063052372,
"DP_30":  0.6511802922396805,
"DP_60":  0.6299436227739716,
"DP_95":  0.6077923293553845,
"QL":  0.6109449581010971}
,
{ "x":  120,
"greedy000":  0.6949789231824509,
"greedy050":  0.6653573468779105,
"greedy100":  0.6501789222048424,
"DP_05":  0.6501789222048424,
"DP_30":  0.5959996092413301,
"DP_60":  0.5792061561543835,
"DP_95":  0.5602254358588705,
"QL":  0.5820485316544892}
,
{ "x":  140,
"greedy000":  0.6558441849024492,
"greedy050":  0.6171382355620072,
"greedy100":  0.5992932742931661,
"DP_05":  0.5992932742931661,
"DP_30":  0.5461484136846789,
"DP_60":  0.5317425805831832,
"DP_95":  0.5276161172442626,
"QL":  0.5465272521278808}
,
{ "x":  160,
"greedy000":  0.6196042493866892,
"greedy050":  0.5703473755738834,
"greedy100":  0.547056484964805,
"DP_05":  0.547056484964805,
"DP_30":  0.498337254560258,
"DP_60":  0.48823815158571254,
"DP_95":  0.5109199500620644,
"QL":  0.49401849452307606}
,
{ "x":  180,
"greedy000":  0.5842089547650142,
"greedy050":  0.5185220684708296,
"greedy100":  0.4902414666408547,
"DP_05":  0.4902414666408547,
"DP_30":  0.44445529061253186,
"DP_60":  0.44405958292816666,
"DP_95":  0.482435302182637,
"QL":  0.4455067972552927}
,
{ "x":  200,
"greedy000":  0.561527099621046,
"greedy050":  0.48268565584281103,
"greedy100":  0.4481456541986238,
"DP_05":  0.4481456541986238,
"DP_30":  0.4057652489274921,
"DP_60":  0.40551246229323706,
"DP_95":  0.4383169949909796,
"QL":  0.4074785186744512}
,
{ "x":  220,
"greedy000":  0.5384849431278944,
"greedy050":  0.4420642844038098,
"greedy100":  0.3966878053466207,
"DP_05":  0.3966878053466207,
"DP_30":  0.36053488432937075,
"DP_60":  0.3599358504468299,
"DP_95":  0.3933106816491242,
"QL":  0.40342611108777904}
,
{ "x":  240,
"greedy000":  0.5235006638220095,
"greedy050":  0.4057667993527899,
"greedy100":  0.3499871794743399,
"DP_05":  0.3499871794743399,
"DP_30":  0.3205451659807467,
"DP_60":  0.3183070212166804,
"DP_95":  0.3531185431563247,
"QL":  0.3480065132850968}
,
{ "x":  260,
"greedy000":  0.5133725500153956,
"greedy050":  0.3711885425254693,
"greedy100":  0.30790730583134585,
"DP_05":  0.30790730583134585,
"DP_30":  0.28219547148854696,
"DP_60":  0.2787002841616043,
"DP_95":  0.31389362270165183,
"QL":  0.34955763398930767}
,
{ "x":  280,
"greedy000":  0.508072963991459,
"greedy050":  0.3415082420790049,
"greedy100":  0.26844433610979823,
"DP_05":  0.26844433610979823,
"DP_30":  0.24976821483571987,
"DP_60":  0.24323769656147265,
"DP_95":  0.27602748229326657,
"QL":  0.3454998941990087}
,
{ "x":  300,
"greedy000":  0.5022986975405175,
"greedy050":  0.3152641822088177,
"greedy100":  0.22374776110966596,
"DP_05":  0.22374776110966596,
"DP_30":  0.21159929700898417,
"DP_60":  0.20550167814530104,
"DP_95":  0.23480686868462547,
"QL":  0.34479841279278084}
,
{ "x":  320,
"greedy000":  0.5004691478977511,
"greedy050":  0.29580740002429573,
"greedy100":  0.18754556316355375,
"DP_05":  0.18754556316355375,
"DP_30":  0.1798876387232864,
"DP_60":  0.1730661305813938,
"DP_95":  0.2003671535312997,
"QL":  0.3562403850996877}
,
{ "x":  340,
"greedy000":  0.4999285226007767,
"greedy050":  0.2821113078855139,
"greedy100":  0.15374551855363755,
"DP_05":  0.15374551855363755,
"DP_30":  0.15271497057814334,
"DP_60":  0.14415919194666146,
"DP_95":  0.1687025963646696,
"QL":  0.3493859286570796}
,
{ "x":  360,
"greedy000":  0.5009014761563944,
"greedy050":  0.2694570597083604,
"greedy100":  0.12096098113784012,
"DP_05":  0.12096098113784012,
"DP_30":  0.12082709194118438,
"DP_60":  0.1136915122636946,
"DP_95":  0.13693098698164238,
"QL":  0.3504007491635105}
,
{ "x":  380,
"greedy000":  0.5000404950352603,
"greedy050":  0.2607719525698008,
"greedy100":  0.08944671997202941,
"DP_05":  0.08944671997202941,
"DP_30":  0.08944722059330758,
"DP_60":  0.08602581379275044,
"DP_95":  0.1081625776269165,
"QL":  0.35764531697794777}
,
{ "x":  400,
"greedy000":  0.5001496357543911,
"greedy050":  0.2555574920199278,
"greedy100":  0.0673442324075232,
"DP_05":  0.0673442324075232,
"DP_30":  0.06733096746655196,
"DP_60":  0.0660973953168375,
"DP_95":  0.08138587421027464,
"QL":  0.3517820138516381}
,
{ "x":  420,
"greedy000":  0.4989113302964342,
"greedy050":  0.25264449756157603,
"greedy100":  0.049373953318354306,
"DP_05":  0.049373953318354306,
"DP_30":  0.049373953318354306,
"DP_60":  0.049013825736070785,
"DP_95":  0.0628926541597291,
"QL":  0.3560641757590635}
,
{ "x":  440,
"greedy000":  0.5006925571793495,
"greedy050":  0.251041104212001,
"greedy100":  0.031009160151305854,
"DP_05":  0.031009160151305854,
"DP_30":  0.031009160151305854,
"DP_60":  0.03196514397949415,
"DP_95":  0.041108584561195864,
"QL":  0.3445898503531181}
,
{ "x":  460,
"greedy000":  0.4990573259926869,
"greedy050":  0.24926280656066524,
"greedy100":  0.023035364046345326,
"DP_05":  0.023035364046345326,
"DP_30":  0.023035364046345326,
"DP_60":  0.023570310325595038,
"DP_95":  0.031116561455110527,
"QL":  0.34808965119484053}
,
{ "x":  480,
"greedy000":  0.49863828515967973,
"greedy050":  0.2506159155049251,
"greedy100":  0.014888134862983937,
"DP_05":  0.014888134862983937,
"DP_30":  0.014888134862983937,
"DP_60":  0.015396334586392304,
"DP_95":  0.020974379316396435,
"QL":  0.34668657134399516}
,
{ "x":  500,
"greedy000":  0.5009151462931237,
"greedy050":  0.24985893802307585,
"greedy100":  0.009605281521529717,
"DP_05":  0.009605281521529717,
"DP_30":  0.009605281521529717,
"DP_60":  0.010163637483656748,
"DP_95":  0.012830090482282749,
"QL":  0.3517835083748015}
,
{ "x":  520,
"greedy000":  0.4994685846932745,
"greedy050":  0.24909814422464355,
"greedy100":  0.004627050262420978,
"DP_05":  0.004627050262420978,
"DP_30":  0.004627050262420978,
"DP_60":  0.005292638401238936,
"DP_95":  0.00673728745235003,
"QL":  0.34414478349775696}
]}
