{ "x_label":"capacity",
"y_label":"Average Profit",
 "results":[
{ "x":  20,
"greedy000":  25.318684049155003,
"greedy050":  25.654265407902034,
"greedy100":  25.909061085968272,
"DP_05":  25.909061085968272,
"DP_30":  26.648531230492164,
"DP_60":  26.648531230492164,
"DP_95":  26.648531230492164,
"QL":  24.75195928432595}
,
{ "x":  40,
"greedy000":  26.000473636628772,
"greedy050":  26.327345458917684,
"greedy100":  26.533392184224454,
"DP_05":  26.533392184224454,
"DP_30":  29.53445365459347,
"DP_60":  29.960207296843702,
"DP_95":  29.997994963926878,
"QL":  29.079658367747932}
,
{ "x":  60,
"greedy000":  27.434639250858993,
"greedy050":  28.033325245142304,
"greedy100":  28.291032435279174,
"DP_05":  28.291032435279174,
"DP_30":  31.44099497658288,
"DP_60":  32.818623990498736,
"DP_95":  33.31146072249633,
"QL":  32.155586250830574}
,
{ "x":  80,
"greedy000":  28.380656369436146,
"greedy050":  29.065105797268036,
"greedy100":  29.489175330995415,
"DP_05":  29.489175330995415,
"DP_30":  33.1300475734911,
"DP_60":  34.86920638682759,
"DP_95":  36.28828303969822,
"QL":  35.28994374177114}
,
{ "x":  100,
"greedy000":  29.40201373708114,
"greedy050":  30.324292272250368,
"greedy100":  30.93572373031471,
"DP_05":  30.93572373031471,
"DP_30":  34.68669246626313,
"DP_60":  36.459637779690496,
"DP_95":  38.69808137462981,
"QL":  36.36002388921325}
,
{ "x":  120,
"greedy000":  30.325809373704196,
"greedy050":  31.39714556445306,
"greedy100":  32.05783142155509,
"DP_05":  32.05783142155509,
"DP_30":  35.984704929718326,
"DP_60":  37.48658796919588,
"DP_95":  40.60645808655601,
"QL":  36.58237122308382}
,
{ "x":  140,
"greedy000":  31.059783938073856,
"greedy050":  32.37395989459535,
"greedy100":  33.10985242982299,
"DP_05":  33.10985242982299,
"DP_30":  37.027319121030644,
"DP_60":  38.2681328587296,
"DP_95":  41.87902700071911,
"QL":  36.688502596817656}
,
{ "x":  160,
"greedy000":  31.764391023160147,
"greedy050":  33.38608355604563,
"greedy100":  34.32411099764006,
"DP_05":  34.32411099764006,
"DP_30":  38.01887612820175,
"DP_60":  38.91878905614415,
"DP_95":  42.571255141051,
"QL":  38.29396495775693}
,
{ "x":  180,
"greedy000":  32.409865938627235,
"greedy050":  34.4258813917846,
"greedy100":  35.49577918317818,
"DP_05":  35.49577918317818,
"DP_30":  39.02551223266406,
"DP_60":  39.101483699401705,
"DP_95":  42.8797367724414,
"QL":  38.53304098371261}
,
{ "x":  200,
"greedy000":  32.86569189164471,
"greedy050":  35.13518650196878,
"greedy100":  36.39027111834613,
"DP_05":  36.39027111834613,
"DP_30":  39.71928951290324,
"DP_60":  39.7430454388434,
"DP_95":  43.075414746524466,
"QL":  39.09888157813605}
,
{ "x":  220,
"greedy000":  33.329159515958736,
"greedy050":  35.907773047400454,
"greedy100":  37.411380646149084,
"DP_05":  37.411380646149084,
"DP_30":  40.40735311078803,
"DP_60":  40.4746655898931,
"DP_95":  43.275291013709584,
"QL":  38.7649505002136}
,
{ "x":  240,
"greedy000":  33.58706918941042,
"greedy050":  36.5806282533998,
"greedy100":  38.394419536128375,
"DP_05":  38.394419536128375,
"DP_30":  40.91377589065905,
"DP_60":  41.131217737240945,
"DP_95":  43.48246931953251,
"QL":  39.62234041615713}
,
{ "x":  260,
"greedy000":  33.765418102715444,
"greedy050":  37.25171456786055,
"greedy100":  39.20294007409255,
"DP_05":  39.20294007409255,
"DP_30":  41.32990197217491,
"DP_60":  41.71203511235046,
"DP_95":  43.634799970072244,
"QL":  39.77360410173618}
,
{ "x":  280,
"greedy000":  33.85611075954516,
"greedy050":  37.84300414419927,
"greedy100":  39.958551632715036,
"DP_05":  39.958551632715036,
"DP_30":  41.58438176956952,
"DP_60":  42.17892953185252,
"DP_95":  43.78074511200378,
"QL":  39.38797614712898}
,
{ "x":  300,
"greedy000":  33.923790413265024,
"greedy050":  38.29395297129865,
"greedy100":  40.824480389665396,
"DP_05":  40.824480389665396,
"DP_30":  41.942414050190585,
"DP_60":  42.68723870368255,
"DP_95":  43.995778950000194,
"QL":  39.52589020162364}
,
{ "x":  320,
"greedy000":  33.99429353077001,
"greedy050":  38.649893455503204,
"greedy100":  41.536859700034775,
"DP_05":  41.536859700034775,
"DP_30":  42.24596791625419,
"DP_60":  43.09754666851585,
"DP_95":  44.131419228172135,
"QL":  39.42008699928501}
,
{ "x":  340,
"greedy000":  34.00730264551478,
"greedy050":  38.93412692714124,
"greedy100":  42.19272808004821,
"DP_05":  42.19272808004821,
"DP_30":  42.306161501432925,
"DP_60":  43.47576573542301,
"DP_95":  44.25219812306148,
"QL":  39.53853765844253}
,
{ "x":  360,
"greedy000":  33.9848648058906,
"greedy050":  39.16214785132979,
"greedy100":  42.79919655115573,
"DP_05":  42.79919655115573,
"DP_30":  42.82005946036681,
"DP_60":  43.80425349922185,
"DP_95":  44.37304631615949,
"QL":  39.72716051103645}
,
{ "x":  380,
"greedy000":  34.015099612269694,
"greedy050":  39.281692059186526,
"greedy100":  43.38706001567208,
"DP_05":  43.38706001567208,
"DP_30":  43.39017040163286,
"DP_60":  44.12075238579358,
"DP_95":  44.51488301154631,
"QL":  39.87438446136316}
,
{ "x":  400,
"greedy000":  34.032194185921696,
"greedy050":  39.442834606311486,
"greedy100":  43.75399296276008,
"DP_05":  43.75399296276008,
"DP_30":  43.7549936570299,
"DP_60":  44.32537010820406,
"DP_95":  44.617455692860695,
"QL":  38.52292239769265}
,
{ "x":  420,
"greedy000":  34.0486332632528,
"greedy050":  39.472819103521424,
"greedy100":  44.10761125779173,
"DP_05":  44.10761125779173,
"DP_30":  44.10761125779173,
"DP_60":  44.51467234479058,
"DP_95":  44.69912874599004,
"QL":  39.59595349491409}
,
{ "x":  440,
"greedy000":  33.96873087881205,
"greedy050":  39.43915412759017,
"greedy100":  44.4303801190893,
"DP_05":  44.4303801190893,
"DP_30":  44.4303801190893,
"DP_60":  44.679559482465365,
"DP_95":  44.79414522647866,
"QL":  39.66152053413044}
,
{ "x":  460,
"greedy000":  34.063492216328626,
"greedy050":  39.527756221513165,
"greedy100":  44.567316295526545,
"DP_05":  44.567316295526545,
"DP_30":  44.567316295526545,
"DP_60":  44.7556746154143,
"DP_95":  44.833308514641196,
"QL":  39.609073231028034}
,
{ "x":  480,
"greedy000":  34.01440950273654,
"greedy050":  39.52600987763544,
"greedy100":  44.742400391525365,
"DP_05":  44.742400391525365,
"DP_30":  44.742400391525365,
"DP_60":  44.864919140737385,
"DP_95":  44.90361367987349,
"QL":  39.65327074359249}
,
{ "x":  500,
"greedy000":  33.96964193097354,
"greedy050":  39.53723155168604,
"greedy100":  44.84748935788339,
"DP_05":  44.84748935788339,
"DP_30":  44.84748935788339,
"DP_60":  44.92045750546149,
"DP_95":  44.94994223841737,
"QL":  39.713159218304476}
,
{ "x":  520,
"greedy000":  34.009192930827396,
"greedy050":  39.508088319716066,
"greedy100":  44.93274695895822,
"DP_05":  44.93274695895822,
"DP_30":  44.93274695895822,
"DP_60":  44.96666752431914,
"DP_95":  44.980005614383735,
"QL":  39.80095675187992}
]}
