{ "x_label":"capacity",
"y_label":"Average Profit",
 "results":[
{ "x":  20,
"greedy000":  25.07834758891271,
"greedy050":  25.549857127707504,
"greedy100":  25.969246028729735,
"DP_05":  25.969246028729735,
"DP_30":  26.495160008223184,
"DP_60":  26.495160008223184,
"DP_95":  26.495160008223184,
"QL":  24.798507827346}
,
{ "x":  40,
"greedy000":  26.19818083863139,
"greedy050":  26.270366633817254,
"greedy100":  26.435803082025085,
"DP_05":  26.435803082025085,
"DP_30":  29.645812793790686,
"DP_60":  30.097774293751247,
"DP_95":  30.1102902997573,
"QL":  29.249244519743833}
,
{ "x":  60,
"greedy000":  27.466468576274856,
"greedy050":  27.93426489974175,
"greedy100":  28.523954203684884,
"DP_05":  28.523954203684884,
"DP_30":  31.53863291622823,
"DP_60":  32.96510149681736,
"DP_95":  33.464951807410024,
"QL":  31.379910145960572}
,
{ "x":  80,
"greedy000":  28.447801782658154,
"greedy050":  29.18363153644408,
"greedy100":  29.583125972704142,
"DP_05":  29.583125972704142,
"DP_30":  33.33397240653372,
"DP_60":  35.11334948943714,
"DP_95":  36.33075748812273,
"QL":  33.35267057426158}
,
{ "x":  100,
"greedy000":  29.463391512825666,
"greedy050":  30.348643718647793,
"greedy100":  31.081339639686213,
"DP_05":  31.081339639686213,
"DP_30":  34.90295436074502,
"DP_60":  36.55903461056339,
"DP_95":  38.83178131092151,
"QL":  34.176285521484616}
,
{ "x":  120,
"greedy000":  30.260080888434192,
"greedy050":  31.27964228889984,
"greedy100":  32.32590010229734,
"DP_05":  32.32590010229734,
"DP_30":  35.96532677102634,
"DP_60":  37.54181500509637,
"DP_95":  40.52828953464123,
"QL":  34.304240704604105}
,
{ "x":  140,
"greedy000":  31.1379114158997,
"greedy050":  32.43304898648827,
"greedy100":  33.27451911604571,
"DP_05":  33.27451911604571,
"DP_30":  37.07929211730972,
"DP_60":  38.37397988155592,
"DP_95":  41.923736452656456,
"QL":  35.982567007832245}
,
{ "x":  160,
"greedy000":  31.902922932357797,
"greedy050":  33.339087243411164,
"greedy100":  34.21664930246844,
"DP_05":  34.21664930246844,
"DP_30":  38.12630632562194,
"DP_60":  38.9517580282035,
"DP_95":  42.60479954357423,
"QL":  35.71850631807602}
,
{ "x":  180,
"greedy000":  32.30131065768917,
"greedy050":  34.154916006814474,
"greedy100":  35.316362416735416,
"DP_05":  35.316362416735416,
"DP_30":  38.892189257973776,
"DP_60":  38.975413312704056,
"DP_95":  42.876388455246115,
"QL":  36.70999804717341}
,
{ "x":  200,
"greedy000":  32.97141829142462,
"greedy050":  35.10263895012173,
"greedy100":  36.355696776026306,
"DP_05":  36.355696776026306,
"DP_30":  39.714783052348935,
"DP_60":  39.73640008883031,
"DP_95":  43.07550073569522,
"QL":  36.30162096339646}
,
{ "x":  220,
"greedy000":  33.257799325614236,
"greedy050":  35.99513446403172,
"greedy100":  37.352637475654674,
"DP_05":  37.352637475654674,
"DP_30":  40.32644713214628,
"DP_60":  40.38453725147379,
"DP_95":  43.302656412534034,
"QL":  34.77708997753844}
,
{ "x":  240,
"greedy000":  33.380441169223744,
"greedy050":  36.40259399730952,
"greedy100":  38.176943017152546,
"DP_05":  38.176943017152546,
"DP_30":  40.85567991608666,
"DP_60":  41.04967923157736,
"DP_95":  43.45963002667888,
"QL":  34.26287015383791}
,
{ "x":  260,
"greedy000":  33.72731073644116,
"greedy050":  37.388665875696844,
"greedy100":  39.514946587956715,
"DP_05":  39.514946587956715,
"DP_30":  41.484491855325544,
"DP_60":  41.87506343769358,
"DP_95":  43.696305494382855,
"QL":  37.049297979409104}
,
{ "x":  280,
"greedy000":  33.96237967636491,
"greedy050":  37.74250239310782,
"greedy100":  39.97842258882184,
"DP_05":  39.97842258882184,
"DP_30":  41.684364692917306,
"DP_60":  42.145240812153375,
"DP_95":  43.816911717957424,
"QL":  36.48840450022595}
,
{ "x":  300,
"greedy000":  33.74787563239827,
"greedy050":  38.19902808239518,
"greedy100":  40.73684712705453,
"DP_05":  40.73684712705453,
"DP_30":  41.83899266322793,
"DP_60":  42.63661754305501,
"DP_95":  43.968081761280885,
"QL":  34.51126168557333}
,
{ "x":  320,
"greedy000":  33.98935069215975,
"greedy050":  38.50354257212898,
"greedy100":  41.354787984265144,
"DP_05":  41.354787984265144,
"DP_30":  42.130796155680684,
"DP_60":  42.96450674873988,
"DP_95":  44.09573192285543,
"QL":  35.75919584551643}
,
{ "x":  340,
"greedy000":  34.150487053913636,
"greedy050":  38.96604914431224,
"greedy100":  41.99192239470794,
"DP_05":  41.99192239470794,
"DP_30":  42.09737896155852,
"DP_60":  43.335603141051386,
"DP_95":  44.20105511681431,
"QL":  36.913010693659444}
,
{ "x":  360,
"greedy000":  34.01758106585021,
"greedy050":  39.17282610763304,
"greedy100":  42.91350851084214,
"DP_05":  42.91350851084214,
"DP_30":  42.95071397856983,
"DP_60":  43.88081635521827,
"DP_95":  44.41902892793418,
"QL":  36.667749485796435}
,
{ "x":  380,
"greedy000":  34.05221138641628,
"greedy050":  39.265819043319716,
"greedy100":  43.256733137815345,
"DP_05":  43.256733137815345,
"DP_30":  43.26262849522139,
"DP_60":  44.071773694672,
"DP_95":  44.49299064700665,
"QL":  35.607311077403146}
,
{ "x":  400,
"greedy000":  34.03076013794748,
"greedy050":  39.421576416990916,
"greedy100":  43.751579723966664,
"DP_05":  43.751579723966664,
"DP_30":  43.751579723966664,
"DP_60":  44.314769975475635,
"DP_95":  44.61010724110266,
"QL":  35.46177450624277}
,
{ "x":  420,
"greedy000":  34.07635595925105,
"greedy050":  39.41592087007084,
"greedy100":  44.18387797892829,
"DP_05":  44.18387797892829,
"DP_30":  44.18387797892829,
"DP_60":  44.55051001002833,
"DP_95":  44.74769917375093,
"QL":  35.68814191694709}
,
{ "x":  440,
"greedy000":  33.9426600576574,
"greedy050":  39.485214251833426,
"greedy100":  44.51801260423413,
"DP_05":  44.51801260423413,
"DP_30":  44.51801260423413,
"DP_60":  44.72832532578879,
"DP_95":  44.82164602124126,
"QL":  35.28666262138497}
,
{ "x":  460,
"greedy000":  33.845341418682644,
"greedy050":  39.43904716752548,
"greedy100":  44.58248125283963,
"DP_05":  44.58248125283963,
"DP_30":  44.58248125283963,
"DP_60":  44.76856345617771,
"DP_95":  44.860127418847824,
"QL":  33.52347973571632}
,
{ "x":  480,
"greedy000":  34.01103997179565,
"greedy050":  39.44118366574913,
"greedy100":  44.762623650136646,
"DP_05":  44.762623650136646,
"DP_30":  44.762623650136646,
"DP_60":  44.871315770143994,
"DP_95":  44.914948984099965,
"QL":  35.193615719609504}
,
{ "x":  500,
"greedy000":  33.954777743483035,
"greedy050":  39.58301082798461,
"greedy100":  44.855689909062434,
"DP_05":  44.855689909062434,
"DP_30":  44.855689909062434,
"DP_60":  44.91477428804238,
"DP_95":  44.938463390890576,
"QL":  37.323227324923565}
,
{ "x":  520,
"greedy000":  33.98116179089643,
"greedy050":  39.446181978741606,
"greedy100":  44.904493595915866,
"DP_05":  44.904493595915866,
"DP_30":  44.904493595915866,
"DP_60":  44.93968331633987,
"DP_95":  44.95049888914509,
"QL":  35.7729986152076}
]}
