{ "x_label":"capacity",
"y_label":"Average Profit",
 "results":[
{ "x":  20,
"greedy000":  25.228719303694444,
"greedy050":  25.56132476521558,
"greedy100":  25.83881670626402,
"DP_05":  25.83881670626402,
"DP_30":  26.588343716483415,
"DP_60":  26.588343716483415,
"DP_95":  26.588343716483415,
"QL":  25.992597839373456}
,
{ "x":  40,
"greedy000":  26.14543684437759,
"greedy050":  26.393739007466955,
"greedy100":  26.665400884171714,
"DP_05":  26.665400884171714,
"DP_30":  29.619646627159977,
"DP_60":  30.102207162444365,
"DP_95":  30.140835565880614,
"QL":  29.7997027490012}
,
{ "x":  60,
"greedy000":  27.405024624455915,
"greedy050":  27.917424008360324,
"greedy100":  28.36333155443436,
"DP_05":  28.36333155443436,
"DP_30":  31.50068516088522,
"DP_60":  32.85423865917407,
"DP_95":  33.32084143461142,
"QL":  32.965888529996}
,
{ "x":  80,
"greedy000":  28.454336095442404,
"greedy050":  29.107895151066145,
"greedy100":  29.600228316312684,
"DP_05":  29.600228316312684,
"DP_30":  33.20786570775486,
"DP_60":  34.9121375340804,
"DP_95":  36.20270003113221,
"QL":  35.839328562779706}
,
{ "x":  100,
"greedy000":  29.363644396515603,
"greedy050":  30.30463038373828,
"greedy100":  30.778594970425978,
"DP_05":  30.778594970425978,
"DP_30":  34.67570665792585,
"DP_60":  36.46105926692449,
"DP_95":  38.6751061298159,
"QL":  38.56101598275178}
,
{ "x":  120,
"greedy000":  30.340824724353457,
"greedy050":  31.342204578793968,
"greedy100":  32.15384005110377,
"DP_05":  32.15384005110377,
"DP_30":  35.95146390308003,
"DP_60":  37.57509528232439,
"DP_95":  40.59099615624706,
"QL":  38.43837325577388}
,
{ "x":  140,
"greedy000":  31.065115815364486,
"greedy050":  32.49842977418828,
"greedy100":  33.17471318557483,
"DP_05":  33.17471318557483,
"DP_30":  37.07251670193712,
"DP_60":  38.24779747817144,
"DP_95":  41.84260023211305,
"QL":  38.97234542923221}
,
{ "x":  160,
"greedy000":  31.804935033450857,
"greedy050":  33.39966459521388,
"greedy100":  34.375104409950026,
"DP_05":  34.375104409950026,
"DP_30":  38.09714866623282,
"DP_60":  38.97437638921336,
"DP_95":  42.57224558415668,
"QL":  39.45739807376472}
,
{ "x":  180,
"greedy000":  32.3851915444979,
"greedy050":  34.32356727803268,
"greedy100":  35.44932899557658,
"DP_05":  35.44932899557658,
"DP_30":  38.9988055789108,
"DP_60":  39.09030879644346,
"DP_95":  42.85185032538955,
"QL":  39.825945879494284}
,
{ "x":  200,
"greedy000":  32.970470504726606,
"greedy050":  35.22046958084049,
"greedy100":  36.54079470634598,
"DP_05":  36.54079470634598,
"DP_30":  39.805420619537614,
"DP_60":  39.8263204384356,
"DP_95":  43.05029625712423,
"QL":  40.30905746567167}
,
{ "x":  220,
"greedy000":  33.29793049941284,
"greedy050":  35.99375855462257,
"greedy100":  37.414672009757766,
"DP_05":  37.414672009757766,
"DP_30":  40.38148247889574,
"DP_60":  40.44290246131639,
"DP_95":  43.263284780473604,
"QL":  40.37313742765063}
,
{ "x":  240,
"greedy000":  33.53925840834593,
"greedy050":  36.65095368892811,
"greedy100":  38.345622166598794,
"DP_05":  38.345622166598794,
"DP_30":  40.92060777103032,
"DP_60":  41.150405574498514,
"DP_95":  43.44679097616675,
"QL":  41.116785020690614}
,
{ "x":  260,
"greedy000":  33.80531269069031,
"greedy050":  37.23664435613076,
"greedy100":  39.196365110086724,
"DP_05":  39.196365110086724,
"DP_30":  41.26855214795667,
"DP_60":  41.6747309702044,
"DP_95":  43.65497795166063,
"QL":  41.223493848088445}
,
{ "x":  280,
"greedy000":  33.842708668833396,
"greedy050":  37.89560138682255,
"greedy100":  40.070798800012874,
"DP_05":  40.070798800012874,
"DP_30":  41.64264071412527,
"DP_60":  42.18663510436743,
"DP_95":  43.78669220889683,
"QL":  41.22373177134144}
,
{ "x":  300,
"greedy000":  33.95567007730528,
"greedy050":  38.265322428284996,
"greedy100":  40.77265357432947,
"DP_05":  40.77265357432947,
"DP_30":  41.90687033189438,
"DP_60":  42.627916279367234,
"DP_95":  43.93979436232325,
"QL":  41.1793902553603}
,
{ "x":  320,
"greedy000":  33.978660654112005,
"greedy050":  38.64991471295025,
"greedy100":  41.612280104037254,
"DP_05":  41.612280104037254,
"DP_30":  42.32493348910811,
"DP_60":  43.12781571416579,
"DP_95":  44.107818250707844,
"QL":  41.2107962759405}
,
{ "x":  340,
"greedy000":  33.99561467653974,
"greedy050":  38.903327047077184,
"greedy100":  42.17742319219103,
"DP_05":  42.17742319219103,
"DP_30":  42.29043574367583,
"DP_60":  43.46224510115849,
"DP_95":  44.26086800365345,
"QL":  40.28788310807639}
,
{ "x":  360,
"greedy000":  33.999923646171155,
"greedy050":  39.180315931881104,
"greedy100":  42.755886842600354,
"DP_05":  42.755886842600354,
"DP_30":  42.781866546710674,
"DP_60":  43.77241823937716,
"DP_95":  44.36688383634028,
"QL":  41.15223606421935}
,
{ "x":  380,
"greedy000":  33.99238013568528,
"greedy050":  39.30297978922663,
"greedy100":  43.318491612647165,
"DP_05":  43.318491612647165,
"DP_30":  43.32470167937803,
"DP_60":  44.09929593501248,
"DP_95":  44.522990224138525,
"QL":  41.2798019675327}
,
{ "x":  400,
"greedy000":  33.96037432384841,
"greedy050":  39.420301466889576,
"greedy100":  43.732763556578774,
"DP_05":  43.732763556578774,
"DP_30":  43.732743260252406,
"DP_60":  44.31843587367827,
"DP_95":  44.59829081338262,
"QL":  41.166158853296885}
,
{ "x":  420,
"greedy000":  33.96971399521582,
"greedy050":  39.44238450529296,
"greedy100":  44.10000826134136,
"DP_05":  44.10000826134136,
"DP_30":  44.10000826134136,
"DP_60":  44.51305478328129,
"DP_95":  44.703872533297144,
"QL":  41.12471223609536}
,
{ "x":  440,
"greedy000":  34.04225889370801,
"greedy050":  39.49478816421417,
"greedy100":  44.407290068545976,
"DP_05":  44.407290068545976,
"DP_30":  44.407290068545976,
"DP_60":  44.68488018288092,
"DP_95":  44.8040391712403,
"QL":  41.25233710164015}
,
{ "x":  460,
"greedy000":  34.03123185558269,
"greedy050":  39.474581470929806,
"greedy100":  44.59624721291898,
"DP_05":  44.59624721291898,
"DP_30":  44.59624721291898,
"DP_60":  44.7793408568112,
"DP_95":  44.84522567196309,
"QL":  41.13171301136913}
,
{ "x":  480,
"greedy000":  33.98178786139185,
"greedy050":  39.487798089702814,
"greedy100":  44.73592946142211,
"DP_05":  44.73592946142211,
"DP_30":  44.73592946142211,
"DP_60":  44.846720267221414,
"DP_95":  44.88513883889323,
"QL":  41.192408865770815}
,
{ "x":  500,
"greedy000":  34.031923504295186,
"greedy050":  39.51685942119127,
"greedy100":  44.864883894594776,
"DP_05":  44.864883894594776,
"DP_30":  44.864883894594776,
"DP_60":  44.92962998337249,
"DP_95":  44.94957751956322,
"QL":  41.20673134178304}
,
{ "x":  520,
"greedy000":  33.98382260174167,
"greedy050":  39.48285192513427,
"greedy100":  44.91187678663738,
"DP_05":  44.91187678663738,
"DP_30":  44.91187678663738,
"DP_60":  44.95015962845925,
"DP_95":  44.9618854296911,
"QL":  41.0862339689801}
]}
