{ "x_label":"LC",
"y_label":"FR",
 "results":[
{ "x": 0,
"greedy000":  0.0,
"greedy050":  0.0,
"greedy100":  0.3048375,
"DP_05":  0.0,
"DP_30":  0.0,
"DP_60":  0.0,
"DP_99":  0.20714999999999995,
"QL_95":  0.20839999999999997,
"QL_55":  0.2491125,
"QL_20":  0.3048375,
"RL":  0.2069125}
,
{ "x":  0.2,
"greedy000":  0.0,
"greedy050":  0.0,
"greedy100":  0.29565,
"DP_05":  0.0,
"DP_30":  0.0,
"DP_60":  0.0,
"DP_99":  0.2074875,
"QL_95":  0.21275,
"QL_55":  0.245525,
"QL_20":  0.29551249999999996,
"RL":  0.211475}
,
{ "x":  0.4,
"greedy000":  0.0,
"greedy050":  0.0,
"greedy100":  0.2873375,
"DP_05":  0.0,
"DP_30":  0.0,
"DP_60":  0.0,
"DP_99":  0.20587499999999997,
"QL_95":  0.22044999999999998,
"QL_55":  0.2428,
"QL_20":  0.2825375,
"RL":  0.21628750000000002}
,
{ "x":  0.6,
"greedy000":  0.0,
"greedy050":  0.0,
"greedy100":  0.2812875,
"DP_05":  0.0,
"DP_30":  0.0,
"DP_60":  0.0,
"DP_99":  0.20756249999999996,
"QL_95":  0.2386375,
"QL_55":  0.24006250000000007,
"QL_20":  0.2738250000000001,
"RL":  0.22327499999999997}
,
{ "x":  0.8,
"greedy000":  0.0,
"greedy050":  0.0,
"greedy100":  0.2729375,
"DP_05":  0.0,
"DP_30":  0.0,
"DP_60":  0.0,
"DP_99":  0.20245000000000002,
"QL_95":  0.2384125,
"QL_55":  0.2348125,
"QL_20":  0.266875,
"RL":  0.22201250000000003}
,
{ "x": 1.0,
"greedy000":  0.0,
"greedy050":  0.0,
"greedy100":  0.25726250000000006,
"DP_05":  0.0,
"DP_30":  0.0,
"DP_60":  0.0,
"DP_99":  0.20399999999999996,
"QL_95":  0.23755,
"QL_55":  0.22673749999999998,
"QL_20":  0.25349999999999995,
"RL":  0.2217}
,
{ "x":  1.2,
"greedy000":  0.0,
"greedy050":  0.0,
"greedy100":  0.24506249999999996,
"DP_05":  0.0,
"DP_30":  0.0,
"DP_60":  0.0,
"DP_99":  0.205675,
"QL_95":  0.2299375,
"QL_55":  0.2215375,
"QL_20":  0.23894999999999994,
"RL":  0.21823749999999995}
,
{ "x":  1.4,
"greedy000":  0.0,
"greedy050":  0.0,
"greedy100":  0.2285875,
"DP_05":  0.0,
"DP_30":  0.0,
"DP_60":  0.0,
"DP_99":  0.20113750000000005,
"QL_95":  0.218425,
"QL_55":  0.21050000000000005,
"QL_20":  0.224675,
"RL":  0.20202499999999998}
,
{ "x":  1.6,
"greedy000":  0.0,
"greedy050":  0.0,
"greedy100":  0.21066249999999997,
"DP_05":  0.0,
"DP_30":  0.0,
"DP_60":  0.0,
"DP_99":  0.19526250000000006,
"QL_95":  0.20875,
"QL_55":  0.20376249999999999,
"QL_20":  0.21132499999999999,
"RL":  0.19051250000000003}
]}
