{ "x_label":"LC",
"y_label":"AP",
 "results":[
{ "x":  0,
"greedy000":  0.0,
"greedy050":  0.0,
"greedy100":  7.147562500000001,
"DP_05":  0.0,
"DP_30":  0.0,
"DP_60":  0.0,
"DP_99":  8.305000000000001,
"QL_95":  8.28975,
"QL_55":  7.9373125,
"QL_20":  7.147562500000001,
"RL":  8.279937500000003}
,
{ "x":  0.2,
"greedy000":  0.0,
"greedy050":  0.0,
"greedy100":  15.490375,
"DP_05":  0.0,
"DP_30":  0.0,
"DP_60":  0.0,
"DP_99":  20.973000000000003,
"QL_95":  20.811187500000003,
"QL_55":  16.8190625,
"QL_20":  15.473499999999998,
"RL":  20.7935625}
,
{ "x":  0.4,
"greedy000":  0.0,
"greedy050":  0.0,
"greedy100":  22.09325,
"DP_05":  0.0,
"DP_30":  0.0,
"DP_60":  0.0,
"DP_99":  32.221687499999994,
"QL_95":  27.725875000000002,
"QL_55":  24.902250000000006,
"QL_20":  23.112937499999997,
"RL":  31.101937500000002}
,
{ "x":  0.6,
"greedy000":  0.0,
"greedy050":  0.0,
"greedy100":  29.05925,
"DP_05":  0.0,
"DP_30":  0.0,
"DP_60":  0.0,
"DP_99":  41.89356250000001,
"QL_95":  32.6791875,
"QL_55":  32.405625,
"QL_20":  30.338000000000005,
"RL":  39.62425}
,
{ "x":  0.8,
"greedy000":  0.0,
"greedy050":  0.0,
"greedy100":  36.497687500000005,
"DP_05":  0.0,
"DP_30":  0.0,
"DP_60":  0.0,
"DP_99":  49.77875,
"QL_95":  38.986125,
"QL_55":  39.567062500000006,
"QL_20":  37.7608125,
"RL":  46.232312500000006}
,
{ "x":  1.0,
"greedy000":  0.0,
"greedy050":  0.0,
"greedy100":  43.01962499999999,
"DP_05":  0.0,
"DP_30":  0.0,
"DP_60":  0.0,
"DP_99":  55.70881250000001,
"QL_95":  42.94143749999999,
"QL_55":  45.825500000000005,
"QL_20":  44.126875,
"RL":  51.211062500000004}
,
{ "x":  1.2,
"greedy000":  0.0,
"greedy050":  0.0,
"greedy100":  48.912875,
"DP_05":  0.0,
"DP_30":  0.0,
"DP_60":  0.0,
"DP_99":  60.44574999999999,
"QL_95":  46.577937500000004,
"QL_55":  51.34293749999999,
"QL_20":  49.94487500000001,
"RL":  56.32881249999999}
,
{ "x":  1.4,
"greedy000":  0.0,
"greedy050":  0.0,
"greedy100":  53.5384375,
"DP_05":  0.0,
"DP_30":  0.0,
"DP_60":  0.0,
"DP_99":  63.43075,
"QL_95":  48.81831249999999,
"QL_55":  54.90006249999999,
"QL_20":  54.132875,
"RL":  60.315625}
,
{ "x":  1.6,
"greedy000":  0.0,
"greedy050":  0.0,
"greedy100":  58.330937500000005,
"DP_05":  0.0,
"DP_30":  0.0,
"DP_60":  0.0,
"DP_99":  66.5688125,
"QL_95":  50.259249999999994,
"QL_55":  57.91118750000002,
"QL_20":  58.49162500000001,
"RL":  64.244625}
]}
