{ "x_label":"LC",
"y_label":"Acceptance Rate",
 "results":[
{ "x":  0,
"greedy000":  0.0,
"greedy050":  0.0,
"greedy100":  0.0,
"DP_05":  0.0,
"DP_30":  0.0,
"DP_60":  0.0,
"DP_95":  0.0,
"QL_09":  0.0,
"QL_05":  0.0,
"RL":  0.0}
,
{ "x":  8,
"greedy000":  0.0,
"greedy050":  0.0,
"greedy100":  0.27241693158029134,
"DP_05":  0.0,
"DP_30":  0.0,
"DP_60":  0.0,
"DP_95":  0.5708251885510037,
"QL_09":  0.27205826363372915,
"QL_05":  0.2717850645838884,
"RL":  0.5708251885510037}
,
{ "x":  16,
"greedy000":  0.0,
"greedy050":  0.0,
"greedy100":  0.4528941912164445,
"DP_05":  0.0,
"DP_30":  0.0,
"DP_60":  0.0,
"DP_95":  0.6772064760991893,
"QL_09":  0.452947764121844,
"QL_05":  0.45154969131194156,
"RL":  0.6753457306316759}
,
{ "x":  24,
"greedy000":  0.0,
"greedy050":  0.0,
"greedy100":  0.600445949584467,
"DP_05":  0.0,
"DP_30":  0.0,
"DP_60":  0.0,
"DP_95":  0.7385375352832226,
"QL_09":  0.5992486669052002,
"QL_05":  0.5977278026716506,
"RL":  0.7356400519659367}
,
{ "x":  32,
"greedy000":  0.0,
"greedy050":  0.0,
"greedy100":  0.7007229233978638,
"DP_05":  0.0,
"DP_30":  0.0,
"DP_60":  0.0,
"DP_95":  0.7969739325865849,
"QL_09":  0.700504227229079,
"QL_05":  0.7002443641722078,
"RL":  0.788057703616788}
,
{ "x":  40,
"greedy000":  0.0,
"greedy050":  0.0,
"greedy100":  0.8018826760806445,
"DP_05":  0.0,
"DP_30":  0.0,
"DP_60":  0.0,
"DP_95":  0.8526371888395179,
"QL_09":  0.7972808226685724,
"QL_05":  0.7976721718843273,
"RL":  0.8383482836014584}
]}
