{ "x_label":"LC",
"y_label":"Federation Rate",
 "results":[
{ "x":  0,
"greedy000":  0.0,
"greedy050":  0.0,
"greedy100":  0.5189033596466319,
"DP_05":  0.0,
"DP_30":  0.0,
"DP_60":  0.0,
"DP_95":  0.7003888870192732,
"QL_09":  0.5188771610613555,
"QL_05":  0.5189033596466319,
"RL":  0.7081243328207979}
,
{ "x":  8,
"greedy000":  0.0,
"greedy050":  0.0,
"greedy100":  0.39304546603467844,
"DP_05":  0.0,
"DP_30":  0.0,
"DP_60":  0.0,
"DP_95":  0.1992070557843365,
"QL_09":  0.3931554491348942,
"QL_05":  0.39371712245406254,
"RL":  0.20076356275176316}
,
{ "x":  16,
"greedy000":  0.0,
"greedy050":  0.0,
"greedy100":  0.3205447389614221,
"DP_05":  0.0,
"DP_30":  0.0,
"DP_60":  0.0,
"DP_95":  0.14688707472459334,
"QL_09":  0.31948386747871227,
"QL_05":  0.3210790372141629,
"RL":  0.15312553186444283}
,
{ "x":  24,
"greedy000":  0.0,
"greedy050":  0.0,
"greedy100":  0.253761773418139,
"DP_05":  0.0,
"DP_30":  0.0,
"DP_60":  0.0,
"DP_95":  0.1397659278464358,
"QL_09":  0.2538100750371955,
"QL_05":  0.2554351098261641,
"RL":  0.1458883116530239}
,
{ "x":  32,
"greedy000":  0.0,
"greedy050":  0.0,
"greedy100":  0.21053240883776633,
"DP_05":  0.0,
"DP_30":  0.0,
"DP_60":  0.0,
"DP_95":  0.12397045159508821,
"QL_09":  0.20904756202322608,
"QL_05":  0.20964164262438048,
"RL":  0.13412854700343932}
,
{ "x":  40,
"greedy000":  0.0,
"greedy050":  0.0,
"greedy100":  0.15331261268929774,
"DP_05":  0.0,
"DP_30":  0.0,
"DP_60":  0.0,
"DP_95":  0.10449696856862656,
"QL_09":  0.15445858840014473,
"QL_05":  0.1534850037248314,
"RL":  0.11299031841311544}
]}
