{ "x_label":"LC",
"y_label":"Average Profit",
 "results":[
{ "x":  0,
"greedy000":  0.0,
"greedy050":  0.0,
"greedy100":  29.781436483693778,
"DP_05":  0.0,
"DP_30":  0.0,
"DP_60":  0.0,
"DP_95":  46.963561414397915,
"QL_09":  29.78248442710484,
"QL_05":  29.781436483693778,
"RL":  46.206874452482786}
,
{ "x":  8,
"greedy000":  0.0,
"greedy050":  0.0,
"greedy100":  44.31939246251396,
"DP_05":  0.0,
"DP_30":  0.0,
"DP_60":  0.0,
"DP_95":  64.99892059664577,
"QL_09":  44.29325835139419,
"QL_05":  44.303092005770594,
"RL":  64.36825265894588}
,
{ "x":  16,
"greedy000":  0.0,
"greedy050":  0.0,
"greedy100":  53.717315719946214,
"DP_05":  0.0,
"DP_30":  0.0,
"DP_60":  0.0,
"DP_95":  68.88167406344533,
"QL_09":  53.66713629949928,
"QL_05":  53.63642767719099,
"RL":  67.89635200109674}
,
{ "x":  24,
"greedy000":  0.0,
"greedy050":  0.0,
"greedy100":  60.3941002551198,
"DP_05":  0.0,
"DP_30":  0.0,
"DP_60":  0.0,
"DP_95":  70.12861198804006,
"QL_09":  60.314088623042664,
"QL_05":  60.265246273847005,
"RL":  69.24214129868115}
,
{ "x":  32,
"greedy000":  0.0,
"greedy050":  0.0,
"greedy100":  64.26789369003458,
"DP_05":  0.0,
"DP_30":  0.0,
"DP_60":  0.0,
"DP_95":  70.74157247489693,
"QL_09":  64.18404382817843,
"QL_05":  64.21215341388425,
"RL":  70.01297282744052}
,
{ "x":  40,
"greedy000":  0.0,
"greedy050":  0.0,
"greedy100":  68.04607583138565,
"DP_05":  0.0,
"DP_30":  0.0,
"DP_60":  0.0,
"DP_95":  71.75833418554069,
"QL_09":  67.76500011431327,
"QL_05":  67.78031634445674,
"RL":  70.9827788040594}
]}
