{ "x_label":"Omega",
"y_label":"AP",
 "results":[
{ "x":  1.0,
"greedy000":  0.0,
"greedy050":  0.0,
"greedy100":  48.0549375,
"DP_05":  0.0,
"DP_30":  0.0,
"DP_60":  0.0,
"DP_99":  58.4834375,
"QL_95":  46.14574999999999,
"QL_55":  49.3511875,
"QL_20":  49.0529375,
"RL":  54.202250000000014}
,
{ "x":  1.1,
"greedy000":  0.0,
"greedy050":  0.0,
"greedy100":  47.23982499999998,
"DP_05":  0.0,
"DP_30":  0.0,
"DP_60":  0.0,
"DP_99":  57.74433749999999,
"QL_95":  45.581712499999995,
"QL_55":  48.58755625,
"QL_20":  48.164906249999994,
"RL":  53.421006250000005}
,
{ "x":  1.2,
"greedy000":  0.0,
"greedy050":  0.0,
"greedy100":  47.117775,
"DP_05":  0.0,
"DP_30":  0.0,
"DP_60":  0.0,
"DP_99":  57.456149999999994,
"QL_95":  45.34673749999999,
"QL_55":  48.4212875,
"QL_20":  48.0938,
"RL":  52.79735000000001}
,
{ "x":  1.3,
"greedy000":  0.0,
"greedy050":  0.0,
"greedy100":  46.47415625,
"DP_05":  0.0,
"DP_30":  0.0,
"DP_60":  0.0,
"DP_99":  57.348749999999995,
"QL_95":  45.31180625,
"QL_55":  48.16076875,
"QL_20":  48.04191249999999,
"RL":  52.71470000000001}
,
{ "x":  1.4,
"greedy000":  0.0,
"greedy050":  0.0,
"greedy100":  46.433087499999985,
"DP_05":  0.0,
"DP_30":  0.0,
"DP_60":  0.0,
"DP_99":  57.222525,
"QL_95":  44.96855000000001,
"QL_55":  47.95661250000001,
"QL_20":  47.718825,
"RL":  52.617212499999994}
,
{ "x":  1.5,
"greedy000":  0.0,
"greedy050":  0.0,
"greedy100":  45.981593749999995,
"DP_05":  0.0,
"DP_30":  0.0,
"DP_60":  0.0,
"DP_99":  56.87812500000001,
"QL_95":  44.8080625,
"QL_55":  48.011781250000006,
"QL_20":  47.3805625,
"RL":  52.631874999999994}
,
{ "x":  1.6,
"greedy000":  0.0,
"greedy050":  0.0,
"greedy100":  45.446000000000005,
"DP_05":  0.0,
"DP_30":  0.0,
"DP_60":  0.0,
"DP_99":  56.6297,
"QL_95":  44.2650625,
"QL_55":  47.2607,
"QL_20":  46.511625,
"RL":  52.01715}
,
{ "x":  1.7,
"greedy000":  0.0,
"greedy050":  0.0,
"greedy100":  45.328424999999996,
"DP_05":  0.0,
"DP_30":  0.0,
"DP_60":  0.0,
"DP_99":  56.77090625000001,
"QL_95":  44.4359,
"QL_55":  47.18754374999999,
"QL_20":  46.450268750000006,
"RL":  52.243075}
,
{ "x":  1.8,
"greedy000":  0.0,
"greedy050":  0.0,
"greedy100":  44.198862500000004,
"DP_05":  0.0,
"DP_30":  0.0,
"DP_60":  0.0,
"DP_99":  56.02947499999999,
"QL_95":  43.698750000000004,
"QL_55":  46.402474999999995,
"QL_20":  45.25953749999999,
"RL":  51.548087499999994}
,
{ "x":  1.9,
"greedy000":  0.0,
"greedy050":  0.0,
"greedy100":  43.55133125,
"DP_05":  0.0,
"DP_30":  0.0,
"DP_60":  0.0,
"DP_99":  55.93628125,
"QL_95":  43.60678125,
"QL_55":  46.078937499999995,
"QL_20":  44.7760625,
"RL":  51.38625}
,
{ "x":  2.0,
"greedy000":  0.0,
"greedy050":  0.0,
"greedy100":  43.2405,
"DP_05":  0.0,
"DP_30":  0.0,
"DP_60":  0.0,
"DP_99":  56.06675000000001,
"QL_95":  43.1429375,
"QL_55":  46.16325,
"QL_20":  44.321374999999996,
"RL":  51.5431875}
]}
