{ "x_label":"zeta",
"y_label":"Acceptance Rate",
 "results":[
{ "x":  0.0,
"greedy000":  0.48583205227554105,
"greedy050":  0.6326553477875404,
"greedy100":  0.7065633379446647,
"DP_05":  0.0,
"DP_30":  0.0,
"DP_60":  0.0,
"DP_95":  0.0,
"QL":  0.22163734976169885}
,
{ "x":  0.25,
"greedy000":  0.4965370056715536,
"greedy050":  0.6379384106364301,
"greedy100":  0.7163547287476988,
"DP_05":  0.7163547287476988,
"DP_30":  0.7163547287476988,
"DP_60":  0.5236303635942492,
"DP_95":  0.32535795146332996,
"QL":  0.5141179123935588}
,
{ "x":  0.5,
"greedy000":  0.48063733239516654,
"greedy050":  0.6278400981186725,
"greedy100":  0.7016310081170574,
"DP_05":  0.7016310081170574,
"DP_30":  0.7016310081170574,
"DP_60":  0.7016310081170574,
"DP_95":  0.32784660897900275,
"QL":  0.28505455557816234}
,
{ "x":  0.75,
"greedy000":  0.48217590034454905,
"greedy050":  0.6327099628703777,
"greedy100":  0.7015683757944388,
"DP_05":  0.7015683757944388,
"DP_30":  0.7015683757944388,
"DP_60":  0.7015683757944388,
"DP_95":  0.3170395849210458,
"QL":  0.6860659878114691}
,
{ "x":  1.0,
"greedy000":  0.47920524449007695,
"greedy050":  0.6086644400050996,
"greedy100":  0.6967605052669105,
"DP_05":  0.6967605052669105,
"DP_30":  0.6967605052669105,
"DP_60":  0.7592281727260934,
"DP_95":  0.7861176780622704,
"QL":  0.6665910997799112}
,
{ "x":  1.25,
"greedy000":  0.4800460201437088,
"greedy050":  0.6276914693331981,
"greedy100":  0.710826455503757,
"DP_05":  0.710826455503757,
"DP_30":  0.710826455503757,
"DP_60":  0.7680464910936886,
"DP_95":  0.7966962715147146,
"QL":  0.6925276199108639}
,
{ "x":  1.5,
"greedy000":  0.48842000409340225,
"greedy050":  0.6482031457088955,
"greedy100":  0.7058230116542737,
"DP_05":  0.7058230116542737,
"DP_30":  0.7058230116542737,
"DP_60":  0.7756036698027793,
"DP_95":  0.8007921742045185,
"QL":  0.6927242086000021}
,
{ "x":  1.75,
"greedy000":  0.4880882254915965,
"greedy050":  0.6108823690185414,
"greedy100":  0.6929248630620201,
"DP_05":  0.6929248630620201,
"DP_30":  0.6929248630620201,
"DP_60":  0.7581480955096032,
"DP_95":  0.79257885005183,
"QL":  0.6892288281387533}
,
{ "x":  2.0,
"greedy000":  0.48148598056403513,
"greedy050":  0.6202173411308388,
"greedy100":  0.707267996450166,
"DP_05":  0.707267996450166,
"DP_30":  0.707267996450166,
"DP_60":  0.7648253921119711,
"DP_95":  0.7935518928147831,
"QL":  0.7045379328690224}
,
{ "x":  2.25,
"greedy000":  0.4814518245127165,
"greedy050":  0.6094836163239912,
"greedy100":  0.6751080339473534,
"DP_05":  0.6751080339473534,
"DP_30":  0.6751080339473534,
"DP_60":  0.7467104675272885,
"DP_95":  0.7813394590393811,
"QL":  0.6706034737394674}
,
{ "x":  2.5,
"greedy000":  0.48826284752037863,
"greedy050":  0.6159281349482247,
"greedy100":  0.6920906362583797,
"DP_05":  0.6920906362583797,
"DP_30":  0.6920906362583797,
"DP_60":  0.7602551931923752,
"DP_95":  0.782350790042904,
"QL":  0.6880154856093357}
,
{ "x":  2.75,
"greedy000":  0.491735483216151,
"greedy050":  0.6275663802773279,
"greedy100":  0.7107031589676431,
"DP_05":  0.7107031589676431,
"DP_30":  0.7107031589676431,
"DP_60":  0.7724525233836956,
"DP_95":  0.7982667826058674,
"QL":  0.705521983698766}
,
{ "x":  3.0,
"greedy000":  0.48453945761306755,
"greedy050":  0.6193384860457243,
"greedy100":  0.7064913996845332,
"DP_05":  0.7064913996845332,
"DP_30":  0.7064913996845332,
"DP_60":  0.7701929607159936,
"DP_95":  0.8013537011077595,
"QL":  0.7004817111108481}
,
{ "x":  3.25,
"greedy000":  0.48763449431283173,
"greedy050":  0.637239586221042,
"greedy100":  0.7271567372423137,
"DP_05":  0.7271567372423137,
"DP_30":  0.7271567372423137,
"DP_60":  0.7738088731197534,
"DP_95":  0.805013053276731,
"QL":  0.715891439385599}
,
{ "x":  3.5,
"greedy000":  0.480027380431146,
"greedy050":  0.6142549312231448,
"greedy100":  0.6889090233680781,
"DP_05":  0.6889090233680781,
"DP_30":  0.6889090233680781,
"DP_60":  0.7561177192037916,
"DP_95":  0.7832250108356925,
"QL":  0.6868020073150058}
,
{ "x":  3.75,
"greedy000":  0.4887162713597424,
"greedy050":  0.6368834307072098,
"greedy100":  0.7113923778629025,
"DP_05":  0.7113923778629025,
"DP_30":  0.7113923778629025,
"DP_60":  0.775473994395377,
"DP_95":  0.8015396767165475,
"QL":  0.7059101347699067}
,
{ "x":  4.0,
"greedy000":  0.4857564400936262,
"greedy050":  0.63035531187952,
"greedy100":  0.6989604976526649,
"DP_05":  0.6989604976526649,
"DP_30":  0.6989604976526649,
"DP_60":  0.7642691445725158,
"DP_95":  0.790794978783997,
"QL":  0.6966712654947024}
,
{ "x":  4.25,
"greedy000":  0.48140570950447364,
"greedy050":  0.6179538841908969,
"greedy100":  0.6872484713235218,
"DP_05":  0.6872484713235218,
"DP_30":  0.6872484713235218,
"DP_60":  0.7577931677493039,
"DP_95":  0.7877148971283169,
"QL":  0.6825840555511976}
,
{ "x":  4.5,
"greedy000":  0.4833322198131995,
"greedy050":  0.6161784292225805,
"greedy100":  0.6957764087208778,
"DP_05":  0.6957764087208778,
"DP_30":  0.6957764087208778,
"DP_60":  0.7574409829810278,
"DP_95":  0.7809305395848045,
"QL":  0.6901579182248719}
,
{ "x":  4.75,
"greedy000":  0.4786223286307728,
"greedy050":  0.6327567443239064,
"greedy100":  0.6992155386625687,
"DP_05":  0.6992155386625687,
"DP_30":  0.6992155386625687,
"DP_60":  0.762190382517327,
"DP_95":  0.7957414045561007,
"QL":  0.703143752661644}
,
{ "x":  5.0,
"greedy000":  0.4879215763619885,
"greedy050":  0.6323593909693931,
"greedy100":  0.7074198969559313,
"DP_05":  0.7074198969559313,
"DP_30":  0.7074198969559313,
"DP_60":  0.7679787349560122,
"DP_95":  0.7974999862642764,
"QL":  0.7081295200096582}
,
{ "x":  5.25,
"greedy000":  0.4887197311392554,
"greedy050":  0.6279637427213267,
"greedy100":  0.7158022936464382,
"DP_05":  0.7158022936464382,
"DP_30":  0.7158022936464382,
"DP_60":  0.7785554330613004,
"DP_95":  0.7959068301815859,
"QL":  0.7116524736879362}
,
{ "x":  5.5,
"greedy000":  0.48517628498448173,
"greedy050":  0.6131586060284474,
"greedy100":  0.7129282565471676,
"DP_05":  0.7129282565471676,
"DP_30":  0.7129282565471676,
"DP_60":  0.7704737754726075,
"DP_95":  0.7955893480018357,
"QL":  0.7073479127533042}
,
{ "x":  5.75,
"greedy000":  0.47717904654137494,
"greedy050":  0.6145612705626873,
"greedy100":  0.7023881076433487,
"DP_05":  0.7023881076433487,
"DP_30":  0.7023881076433487,
"DP_60":  0.7617544642164463,
"DP_95":  0.789584462428093,
"QL":  0.6962773917224674}
,
{ "x":  6.0,
"greedy000":  0.4799131185886304,
"greedy050":  0.6234666989546949,
"greedy100":  0.6902711027089768,
"DP_05":  0.6902711027089768,
"DP_30":  0.6902711027089768,
"DP_60":  0.7580791502339228,
"DP_95":  0.787033489941594,
"QL":  0.6870803881238459}
,
{ "x":  6.25,
"greedy000":  0.48979227046278784,
"greedy050":  0.6150701518193624,
"greedy100":  0.695218372867968,
"DP_05":  0.695218372867968,
"DP_30":  0.695218372867968,
"DP_60":  0.7594404340302295,
"DP_95":  0.7924750437929573,
"QL":  0.6885617049766893}
]}
