{ "x_label":"zeta",
"y_label":"Federation Rate",
 "results":[
{ "x":  0.0,
"greedy000":  0.514167947724459,
"greedy050":  0.36734465221245965,
"greedy100":  0.2934366620553354,
"DP_05":  1.0,
"DP_30":  1.0,
"DP_60":  1.0,
"DP_95":  1.0,
"QL":  0.7783626502383009}
,
{ "x":  0.25,
"greedy000":  0.5034629943284464,
"greedy050":  0.3620615893635699,
"greedy100":  0.28364527125230093,
"DP_05":  0.28364527125230093,
"DP_30":  0.28364527125230093,
"DP_60":  0.4763696364057508,
"DP_95":  0.67464204853667,
"QL":  0.47270596492406386}
,
{ "x":  0.5,
"greedy000":  0.5193626676048335,
"greedy050":  0.3721599018813273,
"greedy100":  0.2983689918829426,
"DP_05":  0.2983689918829426,
"DP_30":  0.2983689918829426,
"DP_60":  0.2983689918829426,
"DP_95":  0.6721533910209972,
"QL":  0.714655448343761}
,
{ "x":  0.75,
"greedy000":  0.517824099655451,
"greedy050":  0.36729003712962205,
"greedy100":  0.29843162420556146,
"DP_05":  0.29843162420556146,
"DP_30":  0.29843162420556146,
"DP_60":  0.29843162420556146,
"DP_95":  0.6829604150789543,
"QL":  0.30319495881606556}
,
{ "x":  1.0,
"greedy000":  0.5207947555099232,
"greedy050":  0.3913355599949004,
"greedy100":  0.30323949473308953,
"DP_05":  0.30323949473308953,
"DP_30":  0.30323949473308953,
"DP_60":  0.24077182727390664,
"DP_95":  0.21388232193772963,
"QL":  0.32833427558068695}
,
{ "x":  1.25,
"greedy000":  0.5199539798562912,
"greedy050":  0.3723085306668018,
"greedy100":  0.28917354449624305,
"DP_05":  0.28917354449624305,
"DP_30":  0.28917354449624305,
"DP_60":  0.23195350890631145,
"DP_95":  0.20330372848528558,
"QL":  0.3009042683297541}
,
{ "x":  1.5,
"greedy000":  0.5115799959065976,
"greedy050":  0.3517968542911045,
"greedy100":  0.29417698834572625,
"DP_05":  0.29417698834572625,
"DP_30":  0.29417698834572625,
"DP_60":  0.22439633019722066,
"DP_95":  0.1992078257954814,
"QL":  0.3038948540140515}
,
{ "x":  1.75,
"greedy000":  0.5119117745084035,
"greedy050":  0.3891176309814585,
"greedy100":  0.3070751369379797,
"DP_05":  0.3070751369379797,
"DP_30":  0.3070751369379797,
"DP_60":  0.24185190449039698,
"DP_95":  0.20742114994816996,
"QL":  0.30394801341435895}
,
{ "x":  2.0,
"greedy000":  0.5185140194359649,
"greedy050":  0.3797826588691612,
"greedy100":  0.29273200354983414,
"DP_05":  0.29273200354983414,
"DP_30":  0.29273200354983414,
"DP_60":  0.23517460788802896,
"DP_95":  0.20644810718521683,
"QL":  0.2895960818731993}
,
{ "x":  2.25,
"greedy000":  0.5185481754872834,
"greedy050":  0.3905163836760087,
"greedy100":  0.3248919660526466,
"DP_05":  0.3248919660526466,
"DP_30":  0.3248919660526466,
"DP_60":  0.2532895324727116,
"DP_95":  0.2186605409606189,
"QL":  0.3206254676550295}
,
{ "x":  2.5,
"greedy000":  0.5117371524796214,
"greedy050":  0.38407186505177526,
"greedy100":  0.3079093637416203,
"DP_05":  0.0,
"DP_30":  0.0,
"DP_60":  0.0,
"DP_95":  0.0,
"QL":  0.21762313164274322}
,
{ "x":  2.75,
"greedy000":  0.508264516783849,
"greedy050":  0.3724336197226721,
"greedy100":  0.289296841032357,
"DP_05":  0.0,
"DP_30":  0.0,
"DP_60":  0.0,
"DP_95":  0.0,
"QL":  0.0065129267900229755}
,
{ "x":  3.0,
"greedy000":  0.5154605423869325,
"greedy050":  0.38066151395427583,
"greedy100":  0.29350860031546666,
"DP_05":  0.0,
"DP_30":  0.0,
"DP_60":  0.0,
"DP_95":  0.0,
"QL":  0.002471203884841224}
,
{ "x":  3.25,
"greedy000":  0.5123655056871683,
"greedy050":  0.3627604137789579,
"greedy100":  0.2728432627576861,
"DP_05":  0.0,
"DP_30":  0.0,
"DP_60":  0.0,
"DP_95":  0.0,
"QL":  0.003280909594746375}
,
{ "x":  3.5,
"greedy000":  0.5199726195688539,
"greedy050":  0.38574506877685527,
"greedy100":  0.311090976631922,
"DP_05":  0.0,
"DP_30":  0.0,
"DP_60":  0.0,
"DP_95":  0.0,
"QL":  0.003794590563162486}
,
{ "x":  3.75,
"greedy000":  0.5112837286402576,
"greedy050":  0.3631165692927904,
"greedy100":  0.2886076221370976,
"DP_05":  0.0,
"DP_30":  0.0,
"DP_60":  0.0,
"DP_95":  0.0,
"QL":  9.345794392523365e-05}
,
{ "x":  4.0,
"greedy000":  0.5142435599063738,
"greedy050":  0.3696446881204801,
"greedy100":  0.3010395023473351,
"DP_05":  0.0,
"DP_30":  0.0,
"DP_60":  0.0,
"DP_95":  0.0,
"QL":  0.0001006036217303823}
,
{ "x":  4.25,
"greedy000":  0.5185942904955264,
"greedy050":  0.3820461158091032,
"greedy100":  0.31275152867647793,
"DP_05":  0.0,
"DP_30":  0.0,
"DP_60":  0.0,
"DP_95":  0.0,
"QL":  0.0003904567607389777}
,
{ "x":  4.5,
"greedy000":  0.5166677801868004,
"greedy050":  0.38382157077741946,
"greedy100":  0.30422359127912224,
"DP_05":  0.0,
"DP_30":  0.0,
"DP_60":  0.0,
"DP_95":  0.0,
"QL":  0.0006081674533214099}
,
{ "x":  4.75,
"greedy000":  0.5213776713692272,
"greedy050":  0.36724325567609356,
"greedy100":  0.30078446133743164,
"DP_05":  0.0,
"DP_30":  0.0,
"DP_60":  0.0,
"DP_95":  0.0,
"QL":  0.0009233975630234556}
,
{ "x":  5.0,
"greedy000":  0.5120784236380114,
"greedy050":  0.3676406090306071,
"greedy100":  0.29258010304406873,
"DP_05":  0.0,
"DP_30":  0.0,
"DP_60":  0.0,
"DP_95":  0.0,
"QL":  0.0}
,
{ "x":  5.25,
"greedy000":  0.5112802688607446,
"greedy050":  0.3720362572786732,
"greedy100":  0.2841977063535618,
"DP_05":  0.0,
"DP_30":  0.0,
"DP_60":  0.0,
"DP_95":  0.0,
"QL":  0.00040221366374895083}
,
{ "x":  5.5,
"greedy000":  0.5148237150155183,
"greedy050":  0.3868413939715527,
"greedy100":  0.28707174345283215,
"DP_05":  0.0,
"DP_30":  0.0,
"DP_60":  0.0,
"DP_95":  0.0,
"QL":  0.00038560878897013354}
,
{ "x":  5.75,
"greedy000":  0.522820953458625,
"greedy050":  0.38543872943731255,
"greedy100":  0.29761189235665136,
"DP_05":  0.0,
"DP_30":  0.0,
"DP_60":  0.0,
"DP_95":  0.0,
"QL":  9.505703422053231e-05}
,
{ "x":  6.0,
"greedy000":  0.5200868814113696,
"greedy050":  0.37653330104530525,
"greedy100":  0.3097288972910234,
"DP_05":  0.0,
"DP_30":  0.0,
"DP_60":  0.0,
"DP_95":  0.0,
"QL":  0.00041731906750173975}
,
{ "x":  6.25,
"greedy000":  0.5102077295372123,
"greedy050":  0.3849298481806376,
"greedy100":  0.3047816271320321,
"DP_05":  0.0,
"DP_30":  0.0,
"DP_60":  0.0,
"DP_95":  0.0,
"QL":  0.0006743857247939291}
]}
