{ "x_label":"zeta",
"y_label":"Average Profit",
 "results":[
{ "x":  0.0,
"greedy000":  74.89157414370011,
"greedy050":  74.89157414370011,
"greedy100":  74.89157414370011,
"DP_05":  74.89157414370011,
"DP_30":  74.89157414370011,
"DP_60":  74.89157414370011,
"DP_95":  74.89157414370011,
"QL":  74.89157414370011}
,
{ "x":  0.25,
"greedy000":  71.71304116029386,
"greedy050":  72.84245402778387,
"greedy100":  73.53753276034917,
"DP_05":  73.53753276034917,
"DP_30":  73.53753276034917,
"DP_60":  71.57882445838911,
"DP_95":  69.59342408827253,
"QL":  71.50089530086734}
,
{ "x":  0.5,
"greedy000":  67.08039508371522,
"greedy050":  69.42756994770238,
"greedy100":  70.70405369870211,
"DP_05":  70.70405369870211,
"DP_30":  70.70405369870211,
"DP_60":  70.70405369870211,
"DP_95":  63.16447840450549,
"QL":  64.99370803835413}
,
{ "x":  0.75,
"greedy000":  63.42994757894697,
"greedy050":  67.12806864264797,
"greedy100":  68.98262842933607,
"DP_05":  68.98262842933607,
"DP_30":  68.98262842933607,
"DP_60":  68.98262842933607,
"DP_95":  57.34109104743776,
"QL":  68.40611522843265}
,
{ "x":  1.0,
"greedy000":  59.175820304076844,
"greedy050":  63.29790794238407,
"greedy100":  66.28219212446847,
"DP_05":  66.28219212446847,
"DP_30":  66.28219212446847,
"DP_60":  68.87792275117053,
"DP_95":  70.31227797310638,
"QL":  65.41505083511257}
,
{ "x":  1.25,
"greedy000":  55.76319135235626,
"greedy050":  61.70553547320344,
"greedy100":  65.3150176535288,
"DP_05":  65.3150176535288,
"DP_30":  65.3150176535288,
"DP_60":  68.31539867639901,
"DP_95":  70.22697240554035,
"QL":  64.47596344286276}
,
{ "x":  1.5,
"greedy000":  52.37411739269667,
"greedy050":  60.039984465937856,
"greedy100":  63.07411333161635,
"DP_05":  63.07411333161635,
"DP_30":  63.07411333161635,
"DP_60":  67.33524274313774,
"DP_95":  69.46914962323089,
"QL":  62.621399124609354}
,
{ "x":  1.75,
"greedy000":  48.26887255155946,
"greedy050":  55.15078714414593,
"greedy100":  60.208746962040365,
"DP_05":  60.208746962040365,
"DP_30":  60.208746962040365,
"DP_60":  64.96283123811116,
"DP_95":  67.9190951902311,
"QL":  60.23418892284127}
,
{ "x":  2.0,
"greedy000":  43.67622731846089,
"greedy050":  52.382450385433984,
"greedy100":  58.52889199183393,
"DP_05":  58.52889199183393,
"DP_30":  58.52889199183393,
"DP_60":  63.420905940060436,
"DP_95":  66.49785512664826,
"QL":  58.47213563456857}
,
{ "x":  2.25,
"greedy000":  39.81563257036595,
"greedy050":  49.206845790150616,
"greedy100":  54.50973346844339,
"DP_05":  54.50973346844339,
"DP_30":  54.50973346844339,
"DP_60":  61.106845596326856,
"DP_95":  65.08627470229126,
"QL":  54.491189495482196}
,
{ "x":  2.5,
"greedy000":  36.32350489091175,
"greedy050":  46.5224027828961,
"greedy100":  53.113198120782705,
"DP_05":  53.113198120782705,
"DP_30":  53.113198120782705,
"DP_60":  60.231661300338615,
"DP_95":  63.45500355355672,
"QL":  52.72211438023319}
,
{ "x":  2.75,
"greedy000":  33.109517136438804,
"greedy050":  45.31549347208066,
"greedy100":  53.17561515293444,
"DP_05":  55.172638560010725,
"DP_30":  55.172638560010725,
"DP_60":  61.49931926744468,
"DP_95":  65.05621176106703,
"QL":  54.98133890877099}
,
{ "x":  3.0,
"greedy000":  28.65914254825289,
"greedy050":  41.59873784880295,
"greedy100":  50.67650806776495,
"DP_05":  54.7845312603852,
"DP_30":  54.7845312603852,
"DP_60":  61.314056590094594,
"DP_95":  65.38764184735469,
"QL":  54.33513417959053}
,
{ "x":  3.25,
"greedy000":  25.362482252882227,
"greedy050":  40.89992347446007,
"greedy100":  50.97221095208655,
"DP_05":  56.62046766870401,
"DP_30":  56.62046766870401,
"DP_60":  61.59832688950024,
"DP_95":  65.69864272126541,
"QL":  55.649564061023014}
,
{ "x":  3.5,
"greedy000":  20.65893761481806,
"greedy050":  35.39668766035802,
"greedy100":  44.7205854325056,
"DP_05":  53.326971390091046,
"DP_30":  53.326971390091046,
"DP_60":  60.15008016221626,
"DP_95":  64.00418682583924,
"QL":  53.096531265199566}
,
{ "x":  3.75,
"greedy000":  17.7357280297032,
"greedy050":  35.430680340084926,
"greedy100":  45.055422448506256,
"DP_05":  55.1226865390008,
"DP_30":  55.1226865390008,
"DP_60":  61.709201564205046,
"DP_95":  65.3290756049976,
"QL":  54.77156881952992}
,
{ "x":  4.0,
"greedy000":  13.150805025036325,
"greedy050":  31.348483535599588,
"greedy100":  41.23655281309237,
"DP_05":  53.74489556127389,
"DP_30":  53.74489556127389,
"DP_60":  60.46999547868363,
"DP_95":  64.1268824141096,
"QL":  53.473260391386454}
,
{ "x":  4.25,
"greedy000":  8.833310180084652,
"greedy050":  27.681371654401154,
"greedy100":  37.643667637591115,
"DP_05":  52.911744947982314,
"DP_30":  52.911744947982314,
"DP_60":  60.107037100066165,
"DP_95":  64.10409785277332,
"QL":  52.47998668952234}
,
{ "x":  4.5,
"greedy000":  5.594357578128949,
"greedy050":  24.53149749281597,
"greedy100":  37.1575109699126,
"DP_05":  53.72325488569489,
"DP_30":  53.72325488569489,
"DP_60":  60.15982177118258,
"DP_95":  63.476961759663006,
"QL":  53.304699386658015}
,
{ "x":  4.75,
"greedy000":  0.6527145338351967,
"greedy050":  24.85835910850243,
"greedy100":  35.577236416355994,
"DP_05":  54.324399514034916,
"DP_30":  54.324399514034916,
"DP_60":  60.672070302580416,
"DP_95":  64.93673937012757,
"QL":  54.844106219345676}
,
{ "x":  5.0,
"greedy000":  -2.1651227970207287,
"greedy050":  21.53077596114595,
"greedy100":  34.650454220699665,
"DP_05":  54.91902172385469,
"DP_30":  54.91902172385469,
"DP_60":  61.11686745650875,
"DP_95":  65.05769617231746,
"QL":  55.08581479206631}
,
{ "x":  5.25,
"greedy000":  -5.1184700740040325,
"greedy050":  17.855431346582098,
"greedy100":  34.0365944862178,
"DP_05":  55.43633671242018,
"DP_30":  55.43633671242018,
"DP_60":  61.8554459603741,
"DP_95":  64.67628059836483,
"QL":  55.144234132876726}
,
{ "x":  5.5,
"greedy000":  -9.482082103683911,
"greedy050":  12.461176317647055,
"greedy100":  31.892858600638924,
"DP_05":  55.53558383019183,
"DP_30":  55.53558383019183,
"DP_60":  61.54556141294029,
"DP_95":  65.01732225491105,
"QL":  55.075198062606944}
,
{ "x":  5.75,
"greedy000":  -15.309558058810214,
"greedy050":  10.058656442333117,
"greedy100":  28.05801691197164,
"DP_05":  54.621594549597056,
"DP_30":  54.621594549597056,
"DP_60":  60.74383640513961,
"DP_95":  64.53433893071353,
"QL":  54.140174816227}
,
{ "x":  6.0,
"greedy000":  -18.61007171451931,
"greedy050":  8.99519890930844,
"greedy100":  22.716959719443064,
"DP_05":  52.90656971283532,
"DP_30":  52.90656971283532,
"DP_60":  59.93379959910302,
"DP_95":  63.82225134805234,
"QL":  52.80746259443365}
,
{ "x":  6.25,
"greedy000":  -20.22966161236218,
"greedy050":  4.481972076397538,
"greedy100":  22.1389604622708,
"DP_05":  54.034896693167056,
"DP_30":  54.034896693167056,
"DP_60":  60.68495813621006,
"DP_95":  64.9226063700791,
"QL":  53.31740913942268}
]}
