{ "x_label":"Omega",
"y_label":"RR",
 "results":[
{ "x":  1.0,
"greedy000":  1.0,
"greedy050":  1.0,
"greedy100":  0.2652375000000001,
"DP_05":  1.0,
"DP_30":  1.0,
"DP_60":  1.0,
"DP_99":  0.2279,
"QL_95":  0.30213749999999995,
"QL_55":  0.2689750000000001,
"QL_20":  0.26254999999999984,
"RL":  0.23382500000000017}
,
{ "x":  1.1,
"greedy000":  1.0,
"greedy050":  1.0,
"greedy100":  0.2668750000000001,
"DP_05":  1.0,
"DP_30":  1.0,
"DP_60":  1.0,
"DP_99":  0.23409999999999997,
"QL_95":  0.3044499999999999,
"QL_55":  0.274475,
"QL_20":  0.2676124999999999,
"RL":  0.24031250000000004}
,
{ "x":  1.2,
"greedy000":  1.0,
"greedy050":  1.0,
"greedy100":  0.2857750000000001,
"DP_05":  1.0,
"DP_30":  1.0,
"DP_60":  1.0,
"DP_99":  0.2357125,
"QL_95":  0.30718750000000006,
"QL_55":  0.2782875,
"QL_20":  0.27827500000000005,
"RL":  0.24401249999999997}
,
{ "x":  1.3,
"greedy000":  1.0,
"greedy050":  1.0,
"greedy100":  0.2863999999999999,
"DP_05":  1.0,
"DP_30":  1.0,
"DP_60":  1.0,
"DP_99":  0.23614999999999997,
"QL_95":  0.305725,
"QL_55":  0.2797625,
"QL_20":  0.277725,
"RL":  0.2442375}
,
{ "x":  1.4,
"greedy000":  1.0,
"greedy050":  1.0,
"greedy100":  0.28232499999999994,
"DP_05":  1.0,
"DP_30":  1.0,
"DP_60":  1.0,
"DP_99":  0.23446250000000002,
"QL_95":  0.3120125,
"QL_55":  0.27881250000000013,
"QL_20":  0.27642500000000003,
"RL":  0.2458125}
,
{ "x":  1.5,
"greedy000":  1.0,
"greedy050":  1.0,
"greedy100":  0.2821750000000002,
"DP_05":  1.0,
"DP_30":  1.0,
"DP_60":  1.0,
"DP_99":  0.23612500000000014,
"QL_95":  0.30881249999999993,
"QL_55":  0.2750999999999999,
"QL_20":  0.2745500000000002,
"RL":  0.24311249999999995}
,
{ "x":  1.6,
"greedy000":  1.0,
"greedy050":  1.0,
"greedy100":  0.28218750000000004,
"DP_05":  1.0,
"DP_30":  1.0,
"DP_60":  1.0,
"DP_99":  0.23883750000000004,
"QL_95":  0.3140750000000001,
"QL_55":  0.2792625000000001,
"QL_20":  0.2787375000000001,
"RL":  0.24843749999999998}
,
{ "x":  1.7,
"greedy000":  1.0,
"greedy050":  1.0,
"greedy100":  0.2759499999999999,
"DP_05":  1.0,
"DP_30":  1.0,
"DP_60":  1.0,
"DP_99":  0.24550000000000005,
"QL_95":  0.30657500000000004,
"QL_55":  0.27517500000000006,
"QL_20":  0.2726124999999999,
"RL":  0.24573749999999994}
,
{ "x":  1.8,
"greedy000":  1.0,
"greedy050":  1.0,
"greedy100":  0.28459999999999996,
"DP_05":  1.0,
"DP_30":  1.0,
"DP_60":  1.0,
"DP_99":  0.25850000000000006,
"QL_95":  0.31303749999999986,
"QL_55":  0.2828625,
"QL_20":  0.28212499999999996,
"RL":  0.2556125}
,
{ "x":  1.9,
"greedy000":  1.0,
"greedy050":  1.0,
"greedy100":  0.2873374999999999,
"DP_05":  1.0,
"DP_30":  1.0,
"DP_60":  1.0,
"DP_99":  0.266,
"QL_95":  0.31227499999999997,
"QL_55":  0.28759999999999997,
"QL_20":  0.282775,
"RL":  0.25903750000000003}
,
{ "x":  2.0,
"greedy000":  1.0,
"greedy050":  1.0,
"greedy100":  0.2849625,
"DP_05":  1.0,
"DP_30":  1.0,
"DP_60":  1.0,
"DP_99":  0.26177499999999987,
"QL_95":  0.31376249999999994,
"QL_55":  0.2966875000000002,
"QL_20":  0.2814249999999999,
"RL":  0.2581}
]}
