{ "x_label":"l",
"y_label":"Acceptance Rate",
 "results":[
{ "x":  0.2,
"greedy000":  0.0,
"greedy050":  0.0,
"greedy100":  0.9970942689713425,
"DP_05":  0.0,
"DP_30":  0.0,
"DP_60":  0.0,
"DP_95":  0.9964382752442958,
"QL_09":  0.7207098727239319,
"QL_05":  0.8708803112046274,
"RL":  0.8960383818560231}
,
{ "x":  0.4,
"greedy000":  0.0,
"greedy050":  0.0,
"greedy100":  0.9544868813455943,
"DP_05":  0.0,
"DP_30":  0.0,
"DP_60":  0.0,
"DP_95":  0.9522041255734932,
"QL_09":  0.6695924855859735,
"QL_05":  0.8419345138943216,
"RL":  0.9005245079267494}
,
{ "x":  0.6000000000000001,
"greedy000":  0.0,
"greedy050":  0.0,
"greedy100":  0.851109233382189,
"DP_05":  0.0,
"DP_30":  0.0,
"DP_60":  0.0,
"DP_95":  0.8728950490121544,
"QL_09":  0.671170072593991,
"QL_05":  0.8241483518523509,
"RL":  0.8522936089475935}
,
{ "x":  0.8,
"greedy000":  0.0,
"greedy050":  0.0,
"greedy100":  0.7663359043941063,
"DP_05":  0.0,
"DP_30":  0.0,
"DP_60":  0.0,
"DP_95":  0.8224680572129003,
"QL_09":  0.6747137148034049,
"QL_05":  0.7824893196116731,
"RL":  0.811576332618581}
,
{ "x":  1.0,
"greedy000":  0.0,
"greedy050":  0.0,
"greedy100":  0.6827136119948438,
"DP_05":  0.0,
"DP_30":  0.0,
"DP_60":  0.0,
"DP_95":  0.7838895992153866,
"QL_09":  0.6707567984798892,
"QL_05":  0.741569958121613,
"RL":  0.7726909854723006}
,
{ "x":  1.2,
"greedy000":  0.0,
"greedy050":  0.0,
"greedy100":  0.6071098154377605,
"DP_05":  0.0,
"DP_30":  0.0,
"DP_60":  0.0,
"DP_95":  0.7537168896422404,
"QL_09":  0.6510817360681929,
"QL_05":  0.6883061480520141,
"RL":  0.7455013668372842}
,
{ "x":  1.4000000000000001,
"greedy000":  0.0,
"greedy050":  0.0,
"greedy100":  0.5666676115863847,
"DP_05":  0.0,
"DP_30":  0.0,
"DP_60":  0.0,
"DP_95":  0.7332481924120382,
"QL_09":  0.6231648784564472,
"QL_05":  0.6618125816476009,
"RL":  0.7233990862906331}
,
{ "x":  1.6,
"greedy000":  0.0,
"greedy050":  0.0,
"greedy100":  0.5240290044213429,
"DP_05":  0.0,
"DP_30":  0.0,
"DP_60":  0.0,
"DP_95":  0.7175422611728545,
"QL_09":  0.6098591227609275,
"QL_05":  0.6316193180280916,
"RL":  0.7041462492356082}
,
{ "x":  1.8,
"greedy000":  0.0,
"greedy050":  0.0,
"greedy100":  0.4788842554397957,
"DP_05":  0.0,
"DP_30":  0.0,
"DP_60":  0.0,
"DP_95":  0.7051085226279861,
"QL_09":  0.5940557416867772,
"QL_05":  0.5929976985851304,
"RL":  0.690497547231308}
,
{ "x":  2.0,
"greedy000":  0.0,
"greedy050":  0.0,
"greedy100":  0.4542307992861879,
"DP_05":  0.0,
"DP_30":  0.0,
"DP_60":  0.0,
"DP_95":  0.6922982069089192,
"QL_09":  0.5484486646404406,
"QL_05":  0.5678804266794644,
"RL":  0.671892181458395}
,
{ "x":  2.2,
"greedy000":  0.0,
"greedy050":  0.0,
"greedy100":  0.4306949729164279,
"DP_05":  0.0,
"DP_30":  0.0,
"DP_60":  0.0,
"DP_95":  0.6861743718611549,
"QL_09":  0.5704277534124133,
"QL_05":  0.5570836126362992,
"RL":  0.6668938229382607}
]}
