{ "x_label":"l",
"y_label":"Federation Rate",
 "results":[
{ "x":  0.2,
"greedy000":  0.0,
"greedy050":  0.0,
"greedy100":  0.002905731028657668,
"DP_05":  0.0,
"DP_30":  0.0,
"DP_60":  0.0,
"DP_95":  0.0035617247557041725,
"QL_09":  0.12575537064073472,
"QL_05":  0.08001816851402349,
"RL":  0.09509166673885168}
,
{ "x":  0.4,
"greedy000":  0.0,
"greedy050":  0.0,
"greedy100":  0.04551311865440567,
"DP_05":  0.0,
"DP_30":  0.0,
"DP_60":  0.0,
"DP_95":  0.04773089716854715,
"QL_09":  0.19533323092727933,
"QL_05":  0.1091285282841364,
"RL":  0.08762081931559909}
,
{ "x":  0.6000000000000001,
"greedy000":  0.0,
"greedy050":  0.0,
"greedy100":  0.13580506616851876,
"DP_05":  0.0,
"DP_30":  0.0,
"DP_60":  0.0,
"DP_95":  0.11140994348855619,
"QL_09":  0.19515483877153808,
"QL_05":  0.1276321585786903,
"RL":  0.12468421972773758}
,
{ "x":  0.8,
"greedy000":  0.0,
"greedy050":  0.0,
"greedy100":  0.18920130810007924,
"DP_05":  0.0,
"DP_30":  0.0,
"DP_60":  0.0,
"DP_95":  0.13249902034735878,
"QL_09":  0.2049282768091205,
"QL_05":  0.14831599304614526,
"RL":  0.14070341913007073}
,
{ "x":  1.0,
"greedy000":  0.0,
"greedy050":  0.0,
"greedy100":  0.21536793265857418,
"DP_05":  0.0,
"DP_30":  0.0,
"DP_60":  0.0,
"DP_95":  0.1262846546707951,
"QL_09":  0.1987274598024145,
"QL_05":  0.1569832444112465,
"RL":  0.1373268919382658}
,
{ "x":  1.2,
"greedy000":  0.0,
"greedy050":  0.0,
"greedy100":  0.22976112214626285,
"DP_05":  0.0,
"DP_30":  0.0,
"DP_60":  0.0,
"DP_95":  0.11743312134742023,
"QL_09":  0.19172713219272042,
"QL_05":  0.17192967106960108,
"RL":  0.1265232853535958}
,
{ "x":  1.4000000000000001,
"greedy000":  0.0,
"greedy050":  0.0,
"greedy100":  0.22545423288341318,
"DP_05":  0.0,
"DP_30":  0.0,
"DP_60":  0.0,
"DP_95":  0.10847334320955122,
"QL_09":  0.19794145047160389,
"QL_05":  0.1661996056281541,
"RL":  0.12081867892565679}
,
{ "x":  1.6,
"greedy000":  0.0,
"greedy050":  0.0,
"greedy100":  0.21339737330372727,
"DP_05":  0.0,
"DP_30":  0.0,
"DP_60":  0.0,
"DP_95":  0.09625620854867548,
"QL_09":  0.18924947039617754,
"QL_05":  0.16271200301644362,
"RL":  0.1099661377938724}
,
{ "x":  1.8,
"greedy000":  0.0,
"greedy050":  0.0,
"greedy100":  0.21259756560588108,
"DP_05":  0.0,
"DP_30":  0.0,
"DP_60":  0.0,
"DP_95":  0.08673446098239022,
"QL_09":  0.18327863344390444,
"QL_05":  0.170147694550676,
"RL":  0.10015733070914354}
,
{ "x":  2.0,
"greedy000":  0.0,
"greedy050":  0.0,
"greedy100":  0.19830375362509167,
"DP_05":  0.0,
"DP_30":  0.0,
"DP_60":  0.0,
"DP_95":  0.07869244256338666,
"QL_09":  0.15917092712030886,
"QL_05":  0.16207077339648507,
"RL":  0.09903744178747556}
,
{ "x":  2.2,
"greedy000":  0.0,
"greedy050":  0.0,
"greedy100":  0.19416140508231697,
"DP_05":  0.0,
"DP_30":  0.0,
"DP_60":  0.0,
"DP_95":  0.07337862760725299,
"QL_09":  0.1748276246302995,
"QL_05":  0.15583474086212662,
"RL":  0.0918420308722125}
]}
