{ "x_label":"PC",
"y_label":"Acceptance Rate",
 "results":[
{ "x":  0,
"greedy000":  0.0,
"greedy050":  0.0,
"greedy100":  0.525434899992773,
"DP_05":  0.0,
"DP_30":  0.0,
"DP_60":  0.0,
"DP_95":  0.6950233813948199,
"QL_09":  0.5253286582929059,
"QL_05":  0.5254083395678062,
"RL":  0.7110886586749329}
,
{ "x":  8,
"greedy000":  0.0,
"greedy050":  0.0,
"greedy100":  0.5158480712558016,
"DP_05":  0.0,
"DP_30":  0.0,
"DP_60":  0.0,
"DP_95":  0.7032250647885796,
"QL_09":  0.5155785267266604,
"QL_05":  0.5155003863548445,
"RL":  0.6989474973842595}
,
{ "x":  16,
"greedy000":  0.0,
"greedy050":  0.0,
"greedy100":  0.5238477989267732,
"DP_05":  0.0,
"DP_30":  0.0,
"DP_60":  0.0,
"DP_95":  0.7097841965987339,
"QL_09":  0.5236361596342534,
"QL_05":  0.5244724549471856,
"RL":  0.6976902171310775}
,
{ "x":  24,
"greedy000":  0.0,
"greedy050":  0.0,
"greedy100":  0.5132910751730663,
"DP_05":  0.0,
"DP_30":  0.0,
"DP_60":  0.0,
"DP_95":  0.7002843446451239,
"QL_09":  0.5087180454854066,
"QL_05":  0.5113664927760851,
"RL":  0.6932969132048162}
,
{ "x":  32,
"greedy000":  0.0,
"greedy050":  0.0,
"greedy100":  0.5183061738181897,
"DP_05":  0.0,
"DP_30":  0.0,
"DP_60":  0.0,
"DP_95":  0.704780625669309,
"QL_09":  0.5175395470079549,
"QL_05":  0.5183057060303891,
"RL":  0.7013398032828035}
]}
