{ "x_label":"PC",
"y_label":"Federation Rate",
 "results":[
{ "x":  0,
"greedy000":  0.0,
"greedy050":  0.0,
"greedy100":  0.0,
"DP_05":  0.0,
"DP_30":  0.0,
"DP_60":  0.0,
"DP_95":  0.0,
"QL_09":  0.0,
"QL_05":  0.0,
"RL":  0.0}
,
{ "x":  8,
"greedy000":  0.0,
"greedy050":  0.0,
"greedy100":  0.13958805898178178,
"DP_05":  0.0,
"DP_30":  0.0,
"DP_60":  0.0,
"DP_95":  0.05703081598833161,
"QL_09":  0.13958793858946242,
"QL_05":  0.139880620053154,
"RL":  0.06607123038739984}
,
{ "x":  16,
"greedy000":  0.0,
"greedy050":  0.0,
"greedy100":  0.24437001495384636,
"DP_05":  0.0,
"DP_30":  0.0,
"DP_60":  0.0,
"DP_95":  0.11601765164381173,
"QL_09":  0.24379510580994693,
"QL_05":  0.24284992963665913,
"RL":  0.12946877180026142}
,
{ "x":  24,
"greedy000":  0.0,
"greedy050":  0.0,
"greedy100":  0.33016842037278443,
"DP_05":  0.0,
"DP_30":  0.0,
"DP_60":  0.0,
"DP_95":  0.17358119409564232,
"QL_09":  0.33317693005864035,
"QL_05":  0.33082013321540654,
"RL":  0.1804904459726172}
,
{ "x":  32,
"greedy000":  0.0,
"greedy050":  0.0,
"greedy100":  0.3986263154669148,
"DP_05":  0.0,
"DP_30":  0.0,
"DP_60":  0.0,
"DP_95":  0.21923051525528908,
"QL_09":  0.39739187693162953,
"QL_05":  0.3970242067101449,
"RL":  0.2242023058841498}
]}
