{ "x_label":"PC",
"y_label":"Average Profit",
 "results":[
{ "x":  0,
"greedy000":  0.0,
"greedy050":  0.0,
"greedy100":  42.88569295927042,
"DP_05":  0.0,
"DP_30":  0.0,
"DP_60":  0.0,
"DP_95":  67.09296161203117,
"QL_09":  42.875068789283695,
"QL_05":  42.88303691677373,
"RL":  66.27597305001704}
,
{ "x":  8,
"greedy000":  0.0,
"greedy050":  0.0,
"greedy100":  49.41597171674605,
"DP_05":  0.0,
"DP_30":  0.0,
"DP_60":  0.0,
"DP_95":  67.70995548413406,
"QL_09":  49.4037937265663,
"QL_05":  49.421121971530916,
"RL":  66.3375154548554}
,
{ "x":  16,
"greedy000":  0.0,
"greedy050":  0.0,
"greedy100":  54.89404706283274,
"DP_05":  0.0,
"DP_30":  0.0,
"DP_60":  0.0,
"DP_95":  68.87116572063209,
"QL_09":  54.838350172143734,
"QL_05":  54.864940571627926,
"RL":  67.7233834588555}
,
{ "x":  24,
"greedy000":  0.0,
"greedy050":  0.0,
"greedy100":  57.29477461492606,
"DP_05":  0.0,
"DP_30":  0.0,
"DP_60":  0.0,
"DP_95":  69.05338190654605,
"QL_09":  57.10501993938279,
"QL_05":  57.175224910293466,
"RL":  67.89346310170487}
,
{ "x":  32,
"greedy000":  0.0,
"greedy050":  0.0,
"greedy100":  60.97415605679019,
"DP_05":  0.0,
"DP_30":  0.0,
"DP_60":  0.0,
"DP_95":  70.3816272310284,
"QL_09":  60.853612250613764,
"QL_05":  60.8942641120894,
"RL":  69.34941214471158}
]}
