{ "x_label":"Episode",
"y_label":"FR",
 "results":[
{ "x":  100,
"greedy000":  0.0,
"greedy050":  0.0,
"greedy100":  0.2589,
"DP_05":  0.0,
"DP_30":  0.0,
"DP_60":  0.0,
"DP_99":  0.2048,
"QL_95":  0.25711,
"QL_55":  0.26037,
"QL_20":  0.26621,
"RL":  0.24728}
,
{ "x":  400,
"greedy000":  0.0,
"greedy050":  0.0,
"greedy100":  0.2604699999999999,
"DP_05":  0.0,
"DP_30":  0.0,
"DP_60":  0.0,
"DP_99":  0.20590000000000003,
"QL_95":  0.23586999999999997,
"QL_55":  0.2403,
"QL_20":  0.25253000000000003,
"RL":  0.22285999999999997}
,
{ "x":  700,
"greedy000":  0.0,
"greedy050":  0.0,
"greedy100":  0.25976000000000005,
"DP_05":  0.0,
"DP_30":  0.0,
"DP_60":  0.0,
"DP_99":  0.20425,
"QL_95":  0.23319,
"QL_55":  0.23683000000000004,
"QL_20":  0.25261999999999996,
"RL":  0.22453999999999996}
,
{ "x":  1000,
"greedy000":  0.0,
"greedy050":  0.0,
"greedy100":  0.25733999999999996,
"DP_05":  0.0,
"DP_30":  0.0,
"DP_60":  0.0,
"DP_99":  0.20431000000000005,
"QL_95":  0.23365000000000005,
"QL_55":  0.2333,
"QL_20":  0.25182,
"RL":  0.22274}
,
{ "x":  1300,
"greedy000":  0.0,
"greedy050":  0.0,
"greedy100":  0.26152999999999993,
"DP_05":  0.0,
"DP_30":  0.0,
"DP_60":  0.0,
"DP_99":  0.20521999999999996,
"QL_95":  0.23961000000000005,
"QL_55":  0.23062,
"QL_20":  0.2536899999999999,
"RL":  0.22897000000000003}
,
{ "x":  1600,
"greedy000":  0.0,
"greedy050":  0.0,
"greedy100":  0.26027999999999996,
"DP_05":  0.0,
"DP_30":  0.0,
"DP_60":  0.0,
"DP_99":  0.20492,
"QL_95":  0.23723,
"QL_55":  0.2303,
"QL_20":  0.25311999999999996,
"RL":  0.22573}
,
{ "x":  1900,
"greedy000":  0.0,
"greedy050":  0.0,
"greedy100":  0.25705999999999996,
"DP_05":  0.0,
"DP_30":  0.0,
"DP_60":  0.0,
"DP_99":  0.20486,
"QL_95":  0.23567,
"QL_55":  0.22641,
"QL_20":  0.25286000000000003,
"RL":  0.22433}
,
{ "x":  2200,
"greedy000":  0.0,
"greedy050":  0.0,
"greedy100":  0.25934999999999997,
"DP_05":  0.0,
"DP_30":  0.0,
"DP_60":  0.0,
"DP_99":  0.20745999999999998,
"QL_95":  0.23928999999999995,
"QL_55":  0.23027000000000003,
"QL_20":  0.25527,
"RL":  0.22556999999999996}
,
{ "x":  2500,
"greedy000":  0.0,
"greedy050":  0.0,
"greedy100":  0.25892000000000004,
"DP_05":  0.0,
"DP_30":  0.0,
"DP_60":  0.0,
"DP_99":  0.20494000000000004,
"QL_95":  0.23818999999999999,
"QL_55":  0.22603999999999996,
"QL_20":  0.25285,
"RL":  0.22275}
,
{ "x":  2800,
"greedy000":  0.0,
"greedy050":  0.0,
"greedy100":  0.2596900000000001,
"DP_05":  0.0,
"DP_30":  0.0,
"DP_60":  0.0,
"DP_99":  0.20359999999999995,
"QL_95":  0.23826,
"QL_55":  0.22858,
"QL_20":  0.25366,
"RL":  0.22042}
,
{ "x":  3100,
"greedy000":  0.0,
"greedy050":  0.0,
"greedy100":  0.25926000000000005,
"DP_05":  0.0,
"DP_30":  0.0,
"DP_60":  0.0,
"DP_99":  0.20669999999999997,
"QL_95":  0.23787999999999995,
"QL_55":  0.2286,
"QL_20":  0.25468999999999997,
"RL":  0.22172}
,
{ "x":  3400,
"greedy000":  0.0,
"greedy050":  0.0,
"greedy100":  0.2590100000000001,
"DP_05":  0.0,
"DP_30":  0.0,
"DP_60":  0.0,
"DP_99":  0.2045,
"QL_95":  0.23598999999999998,
"QL_55":  0.22591999999999998,
"QL_20":  0.25392000000000003,
"RL":  0.21805999999999998}
,
{ "x":  3700,
"greedy000":  0.0,
"greedy050":  0.0,
"greedy100":  0.25850999999999996,
"DP_05":  0.0,
"DP_30":  0.0,
"DP_60":  0.0,
"DP_99":  0.20369,
"QL_95":  0.23737,
"QL_55":  0.22469999999999996,
"QL_20":  0.2561,
"RL":  0.21664000000000003}
,
{ "x":  4000,
"greedy000":  0.0,
"greedy050":  0.0,
"greedy100":  0.25823,
"DP_05":  0.0,
"DP_30":  0.0,
"DP_60":  0.0,
"DP_99":  0.20561,
"QL_95":  0.23640000000000003,
"QL_55":  0.22754000000000002,
"QL_20":  0.25383,
"RL":  0.21953999999999999}
,
{ "x":  4300,
"greedy000":  0.0,
"greedy050":  0.0,
"greedy100":  0.25964,
"DP_05":  0.0,
"DP_30":  0.0,
"DP_60":  0.0,
"DP_99":  0.20569,
"QL_95":  0.23501,
"QL_55":  0.22889000000000004,
"QL_20":  0.25763,
"RL":  0.21870000000000003}
]}
