{ "x_label":"capacity",
"y_label":"Average Profit",
 "results":[
{ "x":  5,
"greedy000":  0.0,
"greedy050":  0.0,
"greedy100":  72.04931271274657,
"DP_05":  0.0,
"DP_30":  0.0,
"DP_60":  0.0,
"DP_95":  72.04931271274657,
"QL":  72.04931271274657,
"RL":  72.04931271274657}
,
{ "x":  10,
"greedy000":  0.0,
"greedy050":  0.0,
"greedy100":  83.43658612429797,
"DP_05":  0.0,
"DP_30":  0.0,
"DP_60":  0.0,
"DP_95":  83.43658612429797,
"QL":  83.43658612429797,
"RL":  83.43658612429797}
,
{ "x":  15,
"greedy000":  0.0,
"greedy050":  0.0,
"greedy100":  77.17418771408292,
"DP_05":  0.0,
"DP_30":  0.0,
"DP_60":  0.0,
"DP_95":  85.70910265477939,
"QL":  85.70910265477939,
"RL":  85.19676952135761}
,
{ "x":  20,
"greedy000":  0.0,
"greedy050":  0.0,
"greedy100":  83.20919739455287,
"DP_05":  0.0,
"DP_30":  0.0,
"DP_60":  0.0,
"DP_95":  86.48461301381823,
"QL":  83.98249565422051,
"RL":  83.68426133062397}
,
{ "x":  25,
"greedy000":  0.0,
"greedy050":  0.0,
"greedy100":  86.57966463264053,
"DP_05":  0.0,
"DP_30":  0.0,
"DP_60":  0.0,
"DP_95":  86.95646809619693,
"QL":  86.44820639995689,
"RL":  86.61180237824426}
,
{ "x":  30,
"greedy000":  0.0,
"greedy050":  0.0,
"greedy100":  85.67500301699972,
"DP_05":  0.0,
"DP_30":  0.0,
"DP_60":  0.0,
"DP_95":  87.55767985239187,
"QL":  87.18907530642501,
"RL":  86.78716162487349}
,
{ "x":  35,
"greedy000":  0.0,
"greedy050":  0.0,
"greedy100":  86.69344573864764,
"DP_05":  0.0,
"DP_30":  0.0,
"DP_60":  0.0,
"DP_95":  87.17830734708004,
"QL":  86.6866055856868,
"RL":  86.75096151375644}
,
{ "x":  40,
"greedy000":  0.0,
"greedy050":  0.0,
"greedy100":  87.52835563641236,
"DP_05":  0.0,
"DP_30":  0.0,
"DP_60":  0.0,
"DP_95":  87.60302156647015,
"QL":  86.61438533276305,
"RL":  87.42411987170962}
,
{ "x":  45,
"greedy000":  0.0,
"greedy050":  0.0,
"greedy100":  88.18566795709458,
"DP_05":  0.0,
"DP_30":  0.0,
"DP_60":  0.0,
"DP_95":  88.27588577598507,
"QL":  87.41322610128316,
"RL":  87.94717811085953}
,
{ "x":  50,
"greedy000":  0.0,
"greedy050":  0.0,
"greedy100":  89.27101770585459,
"DP_05":  0.0,
"DP_30":  0.0,
"DP_60":  0.0,
"DP_95":  89.28509434317498,
"QL":  88.25038427106037,
"RL":  89.1781924073979}
,
{ "x":  55,
"greedy000":  0.0,
"greedy050":  0.0,
"greedy100":  88.53356019053902,
"DP_05":  0.0,
"DP_30":  0.0,
"DP_60":  0.0,
"DP_95":  88.53356019053902,
"QL":  87.68216760828594,
"RL":  88.06218398891676}
]}
