{ "x_label":"Lambda",
"y_label":"AP",
 "results":[
{ "x":  0.2,
"greedy000":  0.0,
"greedy050":  0.0,
"greedy100":  74.537125,
"DP_05":  0.0,
"DP_30":  0.0,
"DP_60":  0.0,
"DP_99":  74.95193750000001,
"QL_95":  66.39975000000001,
"QL_55":  73.70256250000001,
"QL_20":  74.0149375,
"RL":  45.23975000000001}
,
{ "x":  0.32,
"greedy000":  0.0,
"greedy050":  0.0,
"greedy100":  71.55475,
"DP_05":  0.0,
"DP_30":  0.0,
"DP_60":  0.0,
"DP_99":  73.9394375,
"QL_95":  59.16575,
"QL_55":  71.126125,
"QL_20":  71.13075,
"RL":  73.22256250000001}
,
{ "x":  0.44,
"greedy000":  0.0,
"greedy050":  0.0,
"greedy100":  67.14824999999999,
"DP_05":  0.0,
"DP_30":  0.0,
"DP_60":  0.0,
"DP_99":  72.32562499999999,
"QL_95":  53.8576875,
"QL_55":  67.65450000000001,
"QL_20":  67.358375,
"RL":  71.71318749999999}
,
{ "x":  0.56,
"greedy000":  0.0,
"greedy050":  0.0,
"greedy100":  60.94543750000001,
"DP_05":  0.0,
"DP_30":  0.0,
"DP_60":  0.0,
"DP_99":  68.9651875,
"QL_95":  50.15837499999999,
"QL_55":  62.530625,
"QL_20":  61.636250000000004,
"RL":  67.6283125}
,
{ "x":  0.68,
"greedy000":  0.0,
"greedy050":  0.0,
"greedy100":  55.40606249999998,
"DP_05":  0.0,
"DP_30":  0.0,
"DP_60":  0.0,
"DP_99":  65.300375,
"QL_95":  48.0544375,
"QL_55":  58.085,
"QL_20":  56.4081875,
"RL":  62.973562500000014}
,
{ "x":  0.8,
"greedy000":  0.0,
"greedy050":  0.0,
"greedy100":  50.0455625,
"DP_05":  0.0,
"DP_30":  0.0,
"DP_60":  0.0,
"DP_99":  61.633562500000004,
"QL_95":  45.56475,
"QL_55":  53.44193750000001,
"QL_20":  51.234562499999996,
"RL":  58.24025000000002}
,
{ "x":  0.92,
"greedy000":  0.0,
"greedy050":  0.0,
"greedy100":  46.0899375,
"DP_05":  0.0,
"DP_30":  0.0,
"DP_60":  0.0,
"DP_99":  58.13850000000001,
"QL_95":  44.67331249999999,
"QL_55":  48.84106250000001,
"QL_20":  47.20675,
"RL":  54.2203125}
,
{ "x":  1.04,
"greedy000":  0.0,
"greedy050":  0.0,
"greedy100":  42.057062499999994,
"DP_05":  0.0,
"DP_30":  0.0,
"DP_60":  0.0,
"DP_99":  54.60362499999999,
"QL_95":  42.93218749999998,
"QL_55":  44.7995625,
"QL_20":  42.87525,
"RL":  50.456}
,
{ "x":  1.16,
"greedy000":  0.0,
"greedy050":  0.0,
"greedy100":  39.32006249999999,
"DP_05":  0.0,
"DP_30":  0.0,
"DP_60":  0.0,
"DP_99":  52.2270625,
"QL_95":  40.820875,
"QL_55":  41.647187499999994,
"QL_20":  40.2693125,
"RL":  47.5136875}
,
{ "x":  1.28,
"greedy000":  0.0,
"greedy050":  0.0,
"greedy100":  35.928562500000005,
"DP_05":  0.0,
"DP_30":  0.0,
"DP_60":  0.0,
"DP_99":  49.134562499999994,
"QL_95":  38.803562500000005,
"QL_55":  38.2643125,
"QL_20":  36.8379375,
"RL":  44.21718750000001}
,
{ "x":  1.4,
"greedy000":  0.0,
"greedy050":  0.0,
"greedy100":  33.708999999999996,
"DP_05":  0.0,
"DP_30":  0.0,
"DP_60":  0.0,
"DP_99":  46.38799999999999,
"QL_95":  36.680937500000006,
"QL_55":  35.3285,
"QL_20":  34.330875000000006,
"RL":  41.54881250000001}
]}
