{ "x_label":"PC",
"y_label":"RR",
 "results":[
{ "x":  0.0,
"greedy000":  1.0,
"greedy050":  1.0,
"greedy100":  0.540875,
"DP_05":  1.0,
"DP_30":  1.0,
"DP_60":  1.0,
"DP_99":  0.46687500000000015,
"QL_95":  0.49255000000000004,
"QL_55":  0.5402500000000001,
"QL_20":  0.540175,
"RL":  0.495275}
,
{ "x": 0.2,
"greedy000":  1.0,
"greedy050":  1.0,
"greedy100":  0.48765000000000003,
"DP_05":  1.0,
"DP_30":  1.0,
"DP_60":  1.0,
"DP_99":  0.4265000000000001,
"QL_95":  0.458375,
"QL_55":  0.48785,
"QL_20":  0.48544999999999994,
"RL":  0.43999999999999995}
,
{ "x":  0.4,
"greedy000":  1.0,
"greedy050":  1.0,
"greedy100":  0.4309750000000001,
"DP_05":  1.0,
"DP_30":  1.0,
"DP_60":  1.0,
"DP_99":  0.3801,
"QL_95":  0.41690000000000005,
"QL_55":  0.441025,
"QL_20":  0.42799999999999994,
"RL":  0.3858999999999999}
,
{ "x":  0.6,
"greedy000":  1.0,
"greedy050":  1.0,
"greedy100":  0.39092499999999997,
"DP_05":  1.0,
"DP_30":  1.0,
"DP_60":  1.0,
"DP_99":  0.3500500000000002,
"QL_95":  0.38805,
"QL_55":  0.40215,
"QL_20":  0.3848999999999999,
"RL":  0.35462499999999997}
,
{ "x": 0.8,
"greedy000":  1.0,
"greedy050":  1.0,
"greedy100":  0.32955,
"DP_05":  1.0,
"DP_30":  1.0,
"DP_60":  1.0,
"DP_99":  0.30152500000000004,
"QL_95":  0.33645,
"QL_55":  0.34257499999999985,
"QL_20":  0.32394999999999996,
"RL":  0.30299999999999994}
,
{ "x":  1.0,
"greedy000":  1.0,
"greedy050":  1.0,
"greedy100":  0.27854999999999985,
"DP_05":  1.0,
"DP_30":  1.0,
"DP_60":  1.0,
"DP_99":  0.26187499999999997,
"QL_95":  0.30772500000000014,
"QL_55":  0.29510000000000003,
"QL_20":  0.28074999999999994,
"RL":  0.25770000000000004}
,
{ "x":  1.2,
"greedy000":  1.0,
"greedy050":  1.0,
"greedy100":  0.242375,
"DP_05":  1.0,
"DP_30":  1.0,
"DP_60":  1.0,
"DP_99":  0.22772500000000007,
"QL_95":  0.30300000000000005,
"QL_55":  0.25817500000000004,
"QL_20":  0.24082499999999984,
"RL":  0.22044999999999992}
,
{ "x":  1.4,
"greedy000":  1.0,
"greedy050":  1.0,
"greedy100":  0.20819999999999994,
"DP_05":  1.0,
"DP_30":  1.0,
"DP_60":  1.0,
"DP_99":  0.19632499999999986,
"QL_95":  0.31265,
"QL_55":  0.22947499999999998,
"QL_20":  0.21032499999999987,
"RL":  0.18795000000000006}
,
{ "x": 1.6,
"greedy000":  1.0,
"greedy050":  1.0,
"greedy100":  0.1736000000000001,
"DP_05":  1.0,
"DP_30":  1.0,
"DP_60":  1.0,
"DP_99":  0.16284999999999994,
"QL_95":  0.31135,
"QL_55":  0.20645000000000002,
"QL_20":  0.18055,
"RL":  0.15660000000000007}
]}
