{ "x_label":"PC",
"y_label":"Federation Rate",
 "results":[
{ "x":  0,
"greedy000":  0.0,
"greedy050":  0.0,
"greedy100":  0.0,
"DP_05":  0.0,
"DP_30":  0.0,
"DP_60":  0.0,
"DP_95":  0.0,
"QL_09":  0.0,
"QL_05":  0.0,
"RL":  0.0}
,
{ "x":  8,
"greedy000":  0.0,
"greedy050":  0.0,
"greedy100":  0.14119409878048478,
"DP_05":  0.0,
"DP_30":  0.0,
"DP_60":  0.0,
"DP_95":  0.061284862482569556,
"QL_09":  0.08317240006215637,
"QL_05":  0.10296976030481941,
"RL":  0.061085222607334635}
,
{ "x":  16,
"greedy000":  0.0,
"greedy050":  0.0,
"greedy100":  0.25056259163208383,
"DP_05":  0.0,
"DP_30":  0.0,
"DP_60":  0.0,
"DP_95":  0.11569201631342936,
"QL_09":  0.16644927758620445,
"QL_05":  0.18898375075150858,
"RL":  0.11765873520660175}
,
{ "x":  24,
"greedy000":  0.0,
"greedy050":  0.0,
"greedy100":  0.3303327168417716,
"DP_05":  0.0,
"DP_30":  0.0,
"DP_60":  0.0,
"DP_95":  0.17233948247791137,
"QL_09":  0.3121972472224092,
"QL_05":  0.25343263852962405,
"RL":  0.16943368519176738}
,
{ "x":  32,
"greedy000":  0.0,
"greedy050":  0.0,
"greedy100":  0.38833106414684493,
"DP_05":  0.0,
"DP_30":  0.0,
"DP_60":  0.0,
"DP_95":  0.22086054958782791,
"QL_09":  0.32938753677616306,
"QL_05":  0.3271625503112202,
"RL":  0.21771959784945336}
,
{ "x":  40,
"greedy000":  0.0,
"greedy050":  0.0,
"greedy100":  0.4312768355294937,
"DP_05":  0.0,
"DP_30":  0.0,
"DP_60":  0.0,
"DP_95":  0.2548391734448782,
"QL_09":  0.3171828129765549,
"QL_05":  0.3743334823742101,
"RL":  0.2518837338812962}
,
{ "x":  48,
"greedy000":  0.0,
"greedy050":  0.0,
"greedy100":  0.44824309023125564,
"DP_05":  0.0,
"DP_30":  0.0,
"DP_60":  0.0,
"DP_95":  0.27900472999140036,
"QL_09":  0.32939190246286604,
"QL_05":  0.3897193322528445,
"RL":  0.27473720450112515}
,
{ "x":  56,
"greedy000":  0.0,
"greedy050":  0.0,
"greedy100":  0.4731281772693576,
"DP_05":  0.0,
"DP_30":  0.0,
"DP_60":  0.0,
"DP_95":  0.29568786741016956,
"QL_09":  0.31876015284928505,
"QL_05":  0.4034693503428028,
"RL":  0.28783051300902585}
,
{ "x":  64,
"greedy000":  0.0,
"greedy050":  0.0,
"greedy100":  0.47124696182874926,
"DP_05":  0.0,
"DP_30":  0.0,
"DP_60":  0.0,
"DP_95":  0.29763823861102867,
"QL_09":  0.32479013113594435,
"QL_05":  0.4031010799349578,
"RL":  0.28784808816639457}
]}
