{ "x_label":"episode",
"y_label":"Acceptance Rate",
"results":[
{ "x":  5,
"DP_05":  0.5243523775388482,
"DP_30":  0.583821602730068,
"DP_60":  0.5759625078170113,
"DP_95":  0.4992640626673908,
"QL-Dynamic": 0.2927646281186559,
"QL-Static": 0.2733893652187125}
,
{ "x":  25,
"DP_05":  0.5192826840118941,
"DP_30":  0.5813463674006696,
"DP_60":  0.5751434806095106,
"DP_95":  0.49832081829161756,
"QL-Dynamic": 0.3908174475101449,
"QL-Static": 0.37992450521462307}
,
{ "x":  45,
"DP_05":  0.5243513421461873,
"DP_30":  0.5817786336089468,
"DP_60":  0.5742327617738083,
"DP_95":  0.49651397024418253,
"QL-Dynamic": 0.4969573871846259,
"QL-Static": 0.4493013496863024}
,
{ "x":  65,
"DP_05":  0.5202208419209271,
"DP_30":  0.58324797851549,
"DP_60":  0.5739557621842899,
"DP_95":  0.4995907147426243,
"QL-Dynamic": 0.5034388692995792,
"QL-Static": 0.4634105769600561}
,
{ "x":  85,
"DP_05":  0.5226285771336341,
"DP_30":  0.5823196653033704,
"DP_60":  0.5764225471075537,
"DP_95":  0.49914867753395303,
"QL-Dynamic": 0.5296471400502487,
"QL-Static": 0.5064533623132013}
,
{ "x":  105,
"DP_05":  0.5327588178362256,
"DP_30":  0.58799439336896,
"DP_60":  0.5799149953038195,
"DP_95":  0.5031598578707189,
"QL-Dynamic": 0.5451635486012123,
"QL-Static": 0.4992896357777159}
,
{ "x":  125,
"DP_05":  0.5296036861034173,
"DP_30":  0.5859449265463742,
"DP_60":  0.5780554377526378,
"DP_95":  0.5010141921161202,
"QL-Dynamic": 0.5497238682998189,
"QL-Static": 0.44617466209638135}
,
{ "x":  145,
"DP_05":  0.529248045392208,
"DP_30":  0.5844862256847244,
"DP_60":  0.5771522572496584,
"DP_95":  0.5002186289373431,
"QL-Dynamic": 0.5489406934301022,
"QL-Static": 0.4911765603262597}
,
{ "x":  165,
"DP_05":  0.525846785543112,
"DP_30":  0.5832213559464059,
"DP_60":  0.5762371244771664,
"DP_95":  0.49946854061879786,
"QL-Dynamic": 0.5399322532524113,
"QL-Static": 0.5182206731716781}
,
{ "x":  185,
"DP_05":  0.5206612706025798,
"DP_30":  0.5820959025680856,
"DP_60":  0.57512089356833,
"DP_95":  0.49801303833462907,
"QL-Dynamic": 0.5414208842458768,
"QL-Static": 0.5339648988281197}
,
{ "x":  205,
"DP_05":  0.5260649340565917,
"DP_30":  0.5868425579291084,
"DP_60":  0.5781723066449244,
"DP_95":  0.5010574505671511,
"QL-Dynamic": 0.5426880132770044,
"QL-Static": 0.5081033258130854}
,
{ "x":  225,
"DP_05":  0.5278672748618277,
"DP_30":  0.5857224496619817,
"DP_60":  0.5795286760938707,
"DP_95":  0.5021678156540559,
"QL-Dynamic": 0.5722214608748779,
"QL-Static": 0.5189130049182645}
,
{ "x":  245,
"DP_05":  0.5261146408676475,
"DP_30":  0.5851302582446877,
"DP_60":  0.5806318030710321,
"DP_95":  0.500919262694875,
"QL-Dynamic": 0.5626934678198443,
"QL-Static": 0.49793277904292}
,
{ "x":  265,
"DP_05":  0.5295732004697745,
"DP_30":  0.5851456425361536,
"DP_60":  0.5773324789438328,
"DP_95":  0.5023562839902981,
"QL-Dynamic": 0.5604548524237722,
"QL-Static": 0.507204312351266}
,
{ "x":  285,
"DP_05":  0.5260959527615015,
"DP_30":  0.5856023670839805,
"DP_60":  0.5801546239892073,
"DP_95":  0.5011942573128797,
"QL-Dynamic": 0.5722377155253364,
"QL-Static": 0.5203223101307739}
,
{ "x":  305,
"DP_05":  0.5254953101028328,
"DP_30":  0.5855993304217921,
"DP_60":  0.5777521063094075,
"DP_95":  0.5013582376452795,
"QL-Dynamic": 0.5651407606419638,
"QL-Static": 0.47244214487482666}
,
{ "x":  325,
"DP_05":  0.5210414733477398,
"DP_30":  0.5850193050768582,
"DP_60":  0.5777532294409573,
"DP_95":  0.4995155267780819,
"QL-Dynamic": 0.5712428372828645,
"QL-Static": 0.5454596760595933}
]}
