{ "x_label":"episode",
"y_label":"Federation Rate",
"results":[
{ "x":  5,
"DP_05":  0.4756476224611519,
"DP_30":  0.4161783972699319,
"DP_60":  0.4240374921829887,
"DP_95":  0.5007359373326091,
"QL-Dynamic": 0.4339227676706419,
"QL-Static": 0.5007332747541617}
,
{ "x":  25,
"DP_05":  0.48071731598810585,
"DP_30":  0.4186536325993303,
"DP_60":  0.4248565193904894,
"DP_95":  0.5016791817083824,
"QL-Dynamic": 0.38041852632703993,
"QL-Static": 0.3665334336917999}
,
{ "x":  45,
"DP_05":  0.47564865785381283,
"DP_30":  0.41822136639105345,
"DP_60":  0.4257672382261918,
"DP_95":  0.5034860297558175,
"QL-Dynamic": 0.2604911497029786,
"QL-Static": 0.39701081346326117}
,
{ "x":  65,
"DP_05":  0.479779158079073,
"DP_30":  0.41675202148451007,
"DP_60":  0.4260442378157099,
"DP_95":  0.5004092852573757,
"QL-Dynamic": 0.28048408088376153,
"QL-Static": 0.3119728427207601}
,
{ "x":  85,
"DP_05":  0.47737142286636597,
"DP_30":  0.4176803346966295,
"DP_60":  0.4235774528924462,
"DP_95":  0.5008513224660471,
"QL-Dynamic": 0.24151869506014703,
"QL-Static": 0.30414574040630005}
,
{ "x":  105,
"DP_05":  0.4672411821637743,
"DP_30":  0.4120056066310401,
"DP_60":  0.4200850046961806,
"DP_95":  0.49684014212928107,
"QL-Dynamic": 0.24704853424467177,
"QL-Static": 0.28692402782885185}
,
{ "x":  125,
"DP_05":  0.47039631389658265,
"DP_30":  0.4140550734536257,
"DP_60":  0.42194456224736243,
"DP_95":  0.49898580788387986,
"QL-Dynamic": 0.2824054783457454,
"QL-Static": 0.3742714044575667}
,
{ "x":  145,
"DP_05":  0.470751954607792,
"DP_30":  0.41551377431527553,
"DP_60":  0.42284774275034176,
"DP_95":  0.4997813710626568,
"QL-Dynamic": 0.2852312898866648,
"QL-Static": 0.31616838524534824}
,
{ "x":  165,
"DP_05":  0.47415321445688796,
"DP_30":  0.41677864405359416,
"DP_60":  0.4237628755228335,
"DP_95":  0.5005314593812021,
"QL-Dynamic": 0.27231295024682445,
"QL-Static": 0.26403731763973176}
,
{ "x":  185,
"DP_05":  0.4793387293974202,
"DP_30":  0.41790409743191426,
"DP_60":  0.4248791064316701,
"DP_95":  0.5019869616653712,
"QL-Dynamic": 0.266479998518179,
"QL-Static": 0.26438502211240344}
,
{ "x":  205,
"DP_05":  0.47393506594340823,
"DP_30":  0.4131574420708916,
"DP_60":  0.42182769335507564,
"DP_95":  0.498942549432849,
"QL-Dynamic": 0.25102602603898594,
"QL-Static": 0.25836085975085943}
,
{ "x":  225,
"DP_05":  0.4721327251381721,
"DP_30":  0.41427755033801833,
"DP_60":  0.42047132390612924,
"DP_95":  0.4978321843459441,
"QL-Dynamic": 0.23751565959784413,
"QL-Static": 0.28129573242953776}
,
{ "x":  245,
"DP_05":  0.4738853591323524,
"DP_30":  0.4148697417553124,
"DP_60":  0.4193681969289679,
"DP_95":  0.49908073730512503,
"QL-Dynamic": 0.269782997967602,
"QL-Static": 0.317255907354837}
,
{ "x":  265,
"DP_05":  0.47042679953022537,
"DP_30":  0.4148543574638463,
"DP_60":  0.42266752105616723,
"DP_95":  0.4976437160097019,
"QL-Dynamic": 0.2727780651872712,
"QL-Static": 0.27272166155437794}
,
{ "x":  285,
"DP_05":  0.47390404723849855,
"DP_30":  0.41439763291601955,
"DP_60":  0.41984537601079264,
"DP_95":  0.4988057426871203,
"QL-Dynamic": 0.209633771322562,
"QL-Static": 0.30427072193744586}
,
{ "x":  305,
"DP_05":  0.47450468989716715,
"DP_30":  0.4144006695782078,
"DP_60":  0.42224789369059257,
"DP_95":  0.49864176235472035,
"QL-Dynamic": 0.25475817227251285,
"QL-Static": 0.3403179388204016}
,
{ "x":  325,
"DP_05":  0.4789585266522602,
"DP_30":  0.41498069492314177,
"DP_60":  0.4222467705590427,
"DP_95":  0.5004844732219181,
"QL-Dynamic": 0.2594424996690715,
"QL-Static": 0.2511893862487396}
]}
