{ "x_label":"episode",
"y_label":"Average Profit",
"results":[
{ "x":  5,
"DP_05":  218.8172050757439,
"DP_30":  255.07841237257972,
"DP_60":  255.84865982012852,
"DP_95":  259.147323974839,
"QL-Dynamic": 140.83733274670175,
"QL-Static": 143.47316776614633}
,
{ "x":  25,
"DP_05":  216.79903150941635,
"DP_30":  254.67340144244935,
"DP_60":  255.8808128830414,
"DP_95":  258.6950410800191,
"QL-Dynamic": 185.93907168430684,
"QL-Static": 183.08388987841232}
,
{ "x":  45,
"DP_05":  217.89426696990262,
"DP_30":  253.70682198891444,
"DP_60":  254.70618662659027,
"DP_95":  257.8232196874518,
"QL-Dynamic": 229.0273354622609,
"QL-Static": 210.83483711382655}
,
{ "x":  65,
"DP_05":  217.10415304961953,
"DP_30":  254.9838797501619,
"DP_60":  256.08507943573267,
"DP_95":  259.30313379120224,
"QL-Dynamic": 233.16474596364955,
"QL-Static": 218.13458109103695}
,
{ "x":  85,
"DP_05":  218.43032086437606,
"DP_30":  255.02549431524412,
"DP_60":  256.14850688295445,
"DP_95":  259.0905138938314,
"QL-Dynamic": 244.3664872588181,
"QL-Static": 233.03163213291182}
,
{ "x":  105,
"DP_05":  222.67854416835658,
"DP_30":  257.0712572955503,
"DP_60":  257.95638136888175,
"DP_95":  261.0198916358158,
"QL-Dynamic": 249.36937681609993,
"QL-Static": 231.88218338003077}
,
{ "x":  125,
"DP_05":  220.49562037541037,
"DP_30":  256.27984456082424,
"DP_60":  257.090907104859,
"DP_95":  259.99053815877437,
"QL-Dynamic": 250.0428976451552,
"QL-Static": 215.27406261469977}
,
{ "x":  145,
"DP_05":  220.64410361092632,
"DP_30":  255.3811267542157,
"DP_60":  256.58891170662116,
"DP_95":  259.6064610968967,
"QL-Dynamic": 248.70387567807506,
"QL-Static": 229.19780007168356}
,
{ "x":  165,
"DP_05":  219.7599895928494,
"DP_30":  255.32135886988644,
"DP_60":  256.3609527376148,
"DP_95":  259.2443680376418,
"QL-Dynamic": 247.7986225013571,
"QL-Static": 236.35375729639583}
,
{ "x":  185,
"DP_05":  217.02246031881424,
"DP_30":  254.33425662341543,
"DP_60":  255.47936915209,
"DP_95":  258.5482950737238,
"QL-Dynamic": 243.7027788872568,
"QL-Static": 246.2675788456239}
,
{ "x":  205,
"DP_05":  219.58961957156333,
"DP_30":  256.30642359880517,
"DP_60":  256.96501846876924,
"DP_95":  260.0086337227996,
"QL-Dynamic": 246.75729667434848,
"QL-Static": 247.0545519059671}
,
{ "x":  225,
"DP_05":  220.48801879520042,
"DP_30":  256.39289315030203,
"DP_60":  257.4454768111721,
"DP_95":  260.5427193296008,
"QL-Dynamic": 251.23510725523005,
"QL-Static": 242.20242599820114}
,
{ "x":  245,
"DP_05":  219.1562783548872,
"DP_30":  255.8168754950397,
"DP_60":  257.06351353622483,
"DP_95":  259.9435212316952,
"QL-Dynamic": 250.16181876099873,
"QL-Static": 232.02712913587015}
,
{ "x":  265,
"DP_05":  221.34994921572115,
"DP_30":  256.22767341290734,
"DP_60":  257.2199018516004,
"DP_95":  260.63337259933337,
"QL-Dynamic": 250.27526884110566,
"QL-Static": 237.06727141479186}
,
{ "x":  285,
"DP_05":  219.00520392424286,
"DP_30":  256.2882258185326,
"DP_60":  257.2298841434978,
"DP_95":  260.07839908636475,
"QL-Dynamic": 250.7263599369518,
"QL-Static": 241.96826376608215}
,
{ "x":  305,
"DP_05":  219.54965162680463,
"DP_30":  256.3211269405234,
"DP_60":  257.1919253256026,
"DP_95":  260.1533123073795,
"QL-Dynamic": 245.6508443695362,
"QL-Static": 225.80000404344165}
,
{ "x":  325,
"DP_05":  217.3297097179251,
"DP_30":  255.3897754387122,
"DP_60":  256.2811603384293,
"DP_95":  259.2683147898319,
"QL-Dynamic": 250.28013668829612,
"QL-Static": 245.9891936102969}
]}
