{ "x_label":"LC",
"y_label":"Federation Rate",
 "results":[
{ "x":  0.0,
"greedy000":  0.0,
"greedy050":  0.0,
"greedy100":  0.3564375,
"DP_05":  0.0,
"DP_30":  0.0,
"DP_60":  0.0,
"DP_95":  0.2990875,
"QL_09":  0.23557499999999995,
"QL_05":  0.3154125,
"RL":  0.276925}
,
{ "x":  0.2,
"greedy000":  0.0,
"greedy050":  0.0,
"greedy100":  0.3353375,
"DP_05":  0.0,
"DP_30":  0.0,
"DP_60":  0.0,
"DP_95":  0.268975,
"QL_09":  0.22583749999999997,
"QL_05":  0.2886750000000001,
"RL":  0.191825}
,
{ "x":  0.4,
"greedy000":  0.0,
"greedy050":  0.0,
"greedy100":  0.3285249999999999,
"DP_05":  0.0,
"DP_30":  0.0,
"DP_60":  0.0,
"DP_95":  0.23777499999999993,
"QL_09":  0.21871249999999995,
"QL_05":  0.2843625000000001,
"RL":  0.22200000000000003}
,
{ "x":  0.6000000000000001,
"greedy000":  0.0,
"greedy050":  0.0,
"greedy100":  0.30728750000000005,
"DP_05":  0.0,
"DP_30":  0.0,
"DP_60":  0.0,
"DP_95":  0.18646249999999998,
"QL_09":  0.21475000000000005,
"QL_05":  0.25828750000000006,
"RL":  0.21378750000000002}
,
{ "x":  0.8,
"greedy000":  0.0,
"greedy050":  0.0,
"greedy100":  0.28323750000000003,
"DP_05":  0.0,
"DP_30":  0.0,
"DP_60":  0.0,
"DP_95":  0.17098750000000001,
"QL_09":  0.20421250000000005,
"QL_05":  0.2387875,
"RL":  0.20134999999999997}
,
{ "x":  1.0,
"greedy000":  0.0,
"greedy050":  0.0,
"greedy100":  0.26448749999999993,
"DP_05":  0.0,
"DP_30":  0.0,
"DP_60":  0.0,
"DP_95":  0.17229999999999998,
"QL_09":  0.19536250000000005,
"QL_05":  0.2233,
"RL":  0.1887}
,
{ "x":  1.2000000000000002,
"greedy000":  0.0,
"greedy050":  0.0,
"greedy100":  0.23677500000000004,
"DP_05":  0.0,
"DP_30":  0.0,
"DP_60":  0.0,
"DP_95":  0.160425,
"QL_09":  0.19117499999999998,
"QL_05":  0.20249999999999999,
"RL":  0.17007500000000003}
,
{ "x":  1.4000000000000001,
"greedy000":  0.0,
"greedy050":  0.0,
"greedy100":  0.207825,
"DP_05":  0.0,
"DP_30":  0.0,
"DP_60":  0.0,
"DP_95":  0.1529,
"QL_09":  0.18892499999999998,
"QL_05":  0.18998750000000003,
"RL":  0.15576249999999997}
,
{ "x":  1.6,
"greedy000":  0.0,
"greedy050":  0.0,
"greedy100":  0.1652,
"DP_05":  0.0,
"DP_30":  0.0,
"DP_60":  0.0,
"DP_95":  0.136,
"QL_09":  0.18912500000000002,
"QL_05":  0.1827,
"RL":  0.1310375}
,
{ "x":  1.8,
"greedy000":  0.0,
"greedy050":  0.0,
"greedy100":  0.1299,
"DP_05":  0.0,
"DP_30":  0.0,
"DP_60":  0.0,
"DP_95":  0.11808749999999998,
"QL_09":  0.18883750000000002,
"QL_05":  0.17763750000000003,
"RL":  0.10615}
]}
