{ "x_label":"capacity",
"y_label":"Acceptance Rate",
 "results":[
{ "x":  30,
"greedy000":  0.08437542698014326,
"greedy050":  0.09072239616920103,
"greedy100":  0.09446375894235035,
"DP_05":  0.09446375894235035,
"DP_30":  0.12951435863171035,
"DP_60":  0.13291599555759157,
"DP_95":  0.13291599555759157,
"QL":  0.1150057689344125}
,
{ "x":  130,
"greedy000":  0.3276891092469273,
"greedy050":  0.3600867270209044,
"greedy100":  0.38065684168561165,
"DP_05":  0.38065684168561165,
"DP_30":  0.43175758005284415,
"DP_60":  0.44509784262102486,
"DP_95":  0.4571424405721441,
"QL":  0.441783209578019}
,
{ "x":  230,
"greedy000":  0.46970046783720526,
"greedy050":  0.5820325051668844,
"greedy100":  0.6306378241392507,
"DP_05":  0.6306378241392507,
"DP_30":  0.6654178101390326,
"DP_60":  0.6657055961743191,
"DP_95":  0.6288110606139531,
"QL":  0.637762744835353}
,
{ "x":  330,
"greedy000":  0.5011392538943197,
"greedy050":  0.7134815130442073,
"greedy100":  0.8328667967255425,
"DP_05":  0.8328667967255425,
"DP_30":  0.8363693935275818,
"DP_60":  0.8448032513883927,
"DP_95":  0.820199434320491,
"QL":  0.7583304050645513}
]}
