{ "x_label":"capacity",
"y_label":"Federation Rate",
 "results":[
{ "x":  30,
"greedy000":  0.9156245730198567,
"greedy050":  0.909277603830799,
"greedy100":  0.9055362410576494,
"DP_05":  0.9055362410576494,
"DP_30":  0.8704856413682898,
"DP_60":  0.8670840044424086,
"DP_95":  0.8670840044424086,
"QL":  0.766044713631104}
,
{ "x":  130,
"greedy000":  0.6723108907530728,
"greedy050":  0.6399132729790955,
"greedy100":  0.6193431583143882,
"DP_05":  0.6193431583143882,
"DP_30":  0.5682424199471559,
"DP_60":  0.5549021573789752,
"DP_95":  0.5428575594278559,
"QL":  0.5359542438119247}
,
{ "x":  230,
"greedy000":  0.5302995321627948,
"greedy050":  0.4179674948331156,
"greedy100":  0.36936217586074926,
"DP_05":  0.36936217586074926,
"DP_30":  0.3345821898609673,
"DP_60":  0.3342944038256809,
"DP_95":  0.3711889393860468,
"QL":  0.35004922659577825}
,
{ "x":  330,
"greedy000":  0.49886074610568015,
"greedy050":  0.2865184869557928,
"greedy100":  0.16713320327445763,
"DP_05":  0.16713320327445763,
"DP_30":  0.1636306064724182,
"DP_60":  0.15519674861160745,
"DP_95":  0.1798005656795091,
"QL":  0.22959557337479225}
]}
