{ "x_label":"capacity",
"y_label":"Average Profit",
 "results":[
{ "x":  30,
"greedy000":  25.344695620518873,
"greedy050":  25.65212270722541,
"greedy100":  25.832942153515745,
"DP_05":  25.832942153515745,
"DP_30":  28.13646100606484,
"DP_60":  28.32290664963286,
"DP_95":  28.32290664963286,
"QL":  26.386451356876258}
,
{ "x":  130,
"greedy000":  30.785163505760806,
"greedy050":  31.87050080245596,
"greedy100":  32.758008941214165,
"DP_05":  32.758008941214165,
"DP_30":  36.59292497583262,
"DP_60":  37.77771945100382,
"DP_95":  41.30549777261186,
"QL":  39.21680320179352}
,
{ "x":  230,
"greedy000":  33.48282945008873,
"greedy050":  36.40585392034383,
"greedy100":  38.02348441742491,
"DP_05":  38.02348441742491,
"DP_30":  40.87910810369051,
"DP_60":  40.9107492137336,
"DP_95":  43.36559538422118,
"QL":  41.86780972444116}
,
{ "x":  330,
"greedy000":  34.01250699047778,
"greedy050":  38.87366981421088,
"greedy100":  41.9423901063225,
"DP_05":  41.9423901063225,
"DP_30":  42.261795381685346,
"DP_60":  43.3174152762865,
"DP_95":  44.215022809474604,
"QL":  42.58656169678106}
]}
