{ "x_label":"capacity",
"y_label":"Average Profit",
 "results":[
{ "x":  25,
"greedy000":  25.24598793815671,
"greedy050":  25.32808413787087,
"greedy100":  25.41069808516497,
"DP_05":  25.41069808516497,
"DP_30":  26.457204219738685,
"DP_60":  26.68447546889331,
"DP_95":  26.68447546889331,
"QL":  23.798614878794634}
,
{ "x":  125,
"greedy000":  30.57652216851495,
"greedy050":  31.588448432025366,
"greedy100":  32.335887104434036,
"DP_05":  32.335887104434036,
"DP_30":  36.17841495206201,
"DP_60":  37.46873988903614,
"DP_95":  40.57987558904587,
"QL":  38.4722662985118}
]}
