{ "x_label":"LC",
"y_label":"Federation Rate",
 "results":[
{ "x":  0,
"greedy000":  0.0,
"greedy050":  0.0,
"greedy100":  0.5199482016596396,
"DP_05":  0.0,
"DP_30":  0.0,
"DP_60":  0.0,
"DP_95":  0.699908684367779,
"QL":  0.6996510862450193,
"RL":  0.7040860997276928}
,
{ "x":  10,
"greedy000":  0.0,
"greedy050":  0.0,
"greedy100":  0.34435480628274656,
"DP_05":  0.0,
"DP_30":  0.0,
"DP_60":  0.0,
"DP_95":  0.15793939766157836,
"QL":  0.2502427083222085,
"RL":  0.16785619456741424}
,
{ "x":  20,
"greedy000":  0.0,
"greedy050":  0.0,
"greedy100":  0.2817832121640068,
"DP_05":  0.0,
"DP_30":  0.0,
"DP_60":  0.0,
"DP_95":  0.14440747656320727,
"QL":  0.2225435142888111,
"RL":  0.14942110430157984}
,
{ "x":  30,
"greedy000":  0.0,
"greedy050":  0.0,
"greedy100":  0.2177240857264759,
"DP_05":  0.0,
"DP_30":  0.0,
"DP_60":  0.0,
"DP_95":  0.13174982302739627,
"QL":  0.20474734353738572,
"RL":  0.1380339530035118}
,
{ "x":  40,
"greedy000":  0.0,
"greedy050":  0.0,
"greedy100":  0.154577135934372,
"DP_05":  0.0,
"DP_30":  0.0,
"DP_60":  0.0,
"DP_95":  0.10413455252852925,
"QL":  0.20604354071039488,
"RL":  0.11423833159070977}
,
{ "x":  50,
"greedy000":  0.0,
"greedy050":  0.0,
"greedy100":  0.08747636171611833,
"DP_05":  0.0,
"DP_30":  0.0,
"DP_60":  0.0,
"DP_95":  0.06918828728234502,
"QL":  0.19616302547453204,
"RL":  0.08299298397769064}
,
{ "x":  60,
"greedy000":  0.0,
"greedy050":  0.0,
"greedy100":  0.03766453824493256,
"DP_05":  0.0,
"DP_30":  0.0,
"DP_60":  0.0,
"DP_95":  0.03582479884209497,
"QL":  0.2087688259147094,
"RL":  0.0795215265197103}
]}
