{ "x_label":"LC",
"y_label":"Average Profit",
 "results":[
{ "x":  0,
"greedy000":  0.0,
"greedy050":  0.0,
"greedy100":  29.795245302443664,
"DP_05":  0.0,
"DP_30":  0.0,
"DP_60":  0.0,
"DP_95":  46.92450072778492,
"QL":  45.69353955190431,
"RL":  45.79057695106137}
,
{ "x":  10,
"greedy000":  0.0,
"greedy050":  0.0,
"greedy100":  48.85792044460343,
"DP_05":  0.0,
"DP_30":  0.0,
"DP_60":  0.0,
"DP_95":  66.81733183180008,
"QL":  62.106444714235295,
"RL":  66.14087317882299}
,
{ "x":  20,
"greedy000":  0.0,
"greedy050":  0.0,
"greedy100":  55.793745122715926,
"DP_05":  0.0,
"DP_30":  0.0,
"DP_60":  0.0,
"DP_95":  68.90657682306554,
"QL":  63.914188141297096,
"RL":  67.93664379398342}
,
{ "x":  30,
"greedy000":  0.0,
"greedy050":  0.0,
"greedy100":  64.14019071828153,
"DP_05":  0.0,
"DP_30":  0.0,
"DP_60":  0.0,
"DP_95":  70.68910631440986,
"QL":  65.76521513526494,
"RL":  70.02049770125419}
,
{ "x":  40,
"greedy000":  0.0,
"greedy050":  0.0,
"greedy100":  68.06441043819459,
"DP_05":  0.0,
"DP_30":  0.0,
"DP_60":  0.0,
"DP_95":  71.64285779514901,
"QL":  65.75105039645435,
"RL":  70.85869255231766}
,
{ "x":  50,
"greedy000":  0.0,
"greedy050":  0.0,
"greedy100":  71.29447427732416,
"DP_05":  0.0,
"DP_30":  0.0,
"DP_60":  0.0,
"DP_95":  72.84165353914673,
"QL":  66.16975990476577,
"RL":  72.05885326380022}
,
{ "x":  60,
"greedy000":  0.0,
"greedy050":  0.0,
"greedy100":  72.61474506962192,
"DP_05":  0.0,
"DP_30":  0.0,
"DP_60":  0.0,
"DP_95":  73.16360035549857,
"QL":  65.82994781175856,
"RL":  72.26859923250346}
]}
