{ "x_label":"episode",
"y_label":"Average Profit",
 "results":[
{ "x":  10,
"greedy000":  0.0,
"greedy050":  0.0,
"greedy100":  53.18767857142857,
"DP_05":  0.0,
"DP_30":  0.0,
"DP_60":  0.0,
"DP_95":  68.96071428571427,
"QL_09":  53.34089285714286,
"QL_05":  58.91142857142858,
"RL":  60.202857142857134}
,
{ "x":  35,
"greedy000":  0.0,
"greedy050":  0.0,
"greedy100":  53.282321428571436,
"DP_05":  0.0,
"DP_30":  0.0,
"DP_60":  0.0,
"DP_95":  68.90553571428572,
"QL_09":  57.47535714285715,
"QL_05":  60.42107142857143,
"RL":  62.371249999999996}
,
{ "x":  60,
"greedy000":  0.0,
"greedy050":  0.0,
"greedy100":  52.947500000000005,
"DP_05":  0.0,
"DP_30":  0.0,
"DP_60":  0.0,
"DP_95":  68.53446428571428,
"QL_09":  59.62589285714285,
"QL_05":  60.705714285714286,
"RL":  63.830178571428576}
,
{ "x":  85,
"greedy000":  0.0,
"greedy050":  0.0,
"greedy100":  53.0,
"DP_05":  0.0,
"DP_30":  0.0,
"DP_60":  0.0,
"DP_95":  69.0675,
"QL_09":  60.37642857142857,
"QL_05":  60.959999999999994,
"RL":  65.56678571428571}
,
{ "x":  110,
"greedy000":  0.0,
"greedy050":  0.0,
"greedy100":  52.82875000000001,
"DP_05":  0.0,
"DP_30":  0.0,
"DP_60":  0.0,
"DP_95":  68.62357142857142,
"QL_09":  61.24446428571429,
"QL_05":  60.64392857142857,
"RL":  66.10857142857142}
,
{ "x":  135,
"greedy000":  0.0,
"greedy050":  0.0,
"greedy100":  52.636428571428574,
"DP_05":  0.0,
"DP_30":  0.0,
"DP_60":  0.0,
"DP_95":  68.65660714285715,
"QL_09":  60.88535714285714,
"QL_05":  60.68035714285714,
"RL":  66.51267857142857}
,
{ "x":  160,
"greedy000":  0.0,
"greedy050":  0.0,
"greedy100":  52.713214285714294,
"DP_05":  0.0,
"DP_30":  0.0,
"DP_60":  0.0,
"DP_95":  68.52821428571428,
"QL_09":  61.701249999999995,
"QL_05":  60.229464285714286,
"RL":  66.69714285714285}
,
{ "x":  185,
"greedy000":  0.0,
"greedy050":  0.0,
"greedy100":  53.097500000000004,
"DP_05":  0.0,
"DP_30":  0.0,
"DP_60":  0.0,
"DP_95":  68.98017857142857,
"QL_09":  62.150178571428576,
"QL_05":  60.299107142857146,
"RL":  67.08910714285715}
,
{ "x":  210,
"greedy000":  0.0,
"greedy050":  0.0,
"greedy100":  52.54714285714285,
"DP_05":  0.0,
"DP_30":  0.0,
"DP_60":  0.0,
"DP_95":  68.56410714285714,
"QL_09":  62.17446428571429,
"QL_05":  60.101607142857134,
"RL":  66.94357142857145}
,
{ "x":  235,
"greedy000":  0.0,
"greedy050":  0.0,
"greedy100":  52.50875,
"DP_05":  0.0,
"DP_30":  0.0,
"DP_60":  0.0,
"DP_95":  68.80285714285715,
"QL_09":  62.24196428571428,
"QL_05":  60.525714285714294,
"RL":  67.39589285714285}
,
{ "x":  260,
"greedy000":  0.0,
"greedy050":  0.0,
"greedy100":  51.708571428571425,
"DP_05":  0.0,
"DP_30":  0.0,
"DP_60":  0.0,
"DP_95":  68.26017857142857,
"QL_09":  61.79482142857143,
"QL_05":  59.27375,
"RL":  66.82857142857144}
]}
