{ "x_label":"l",
"y_label":"Federation Rate",
 "results":[
{ "x":  0.2,
"greedy000":  0.0,
"greedy050":  0.0,
"greedy100":  0.0022791219142729306,
"DP_05":  0.0,
"DP_30":  0.0,
"DP_60":  0.0,
"DP_95":  0.0028118608386145244,
"QL":  0.1642415351712989,
"RL":  0.07927410730195923}
,
{ "x":  0.4,
"greedy000":  0.0,
"greedy050":  0.0,
"greedy100":  0.05218637552890378,
"DP_05":  0.0,
"DP_30":  0.0,
"DP_60":  0.0,
"DP_95":  0.05416183586865749,
"QL":  0.17386991683073943,
"RL":  0.09956625889893841}
,
{ "x":  0.6,
"greedy000":  0.0,
"greedy050":  0.0,
"greedy100":  0.13724356369625085,
"DP_05":  0.0,
"DP_30":  0.0,
"DP_60":  0.0,
"DP_95":  0.11291732977986926,
"QL":  0.1910970382920594,
"RL":  0.13570789383514675}
,
{ "x":  0.8,
"greedy000":  0.0,
"greedy050":  0.0,
"greedy100":  0.19355883733902823,
"DP_05":  0.0,
"DP_30":  0.0,
"DP_60":  0.0,
"DP_95":  0.12997296631897992,
"QL":  0.20103546742243292,
"RL":  0.14538767935315883}
,
{ "x":  1.0,
"greedy000":  0.0,
"greedy050":  0.0,
"greedy100":  0.22590580261185428,
"DP_05":  0.0,
"DP_30":  0.0,
"DP_60":  0.0,
"DP_95":  0.13055711439592213,
"QL":  0.21109826363349798,
"RL":  0.13724582314097747}
,
{ "x":  1.2,
"greedy000":  0.0,
"greedy050":  0.0,
"greedy100":  0.22594136195339995,
"DP_05":  0.0,
"DP_30":  0.0,
"DP_60":  0.0,
"DP_95":  0.11755480894641238,
"QL":  0.19377318279661557,
"RL":  0.12438742758193595}
,
{ "x":  1.4,
"greedy000":  0.0,
"greedy050":  0.0,
"greedy100":  0.21678544147018597,
"DP_05":  0.0,
"DP_30":  0.0,
"DP_60":  0.0,
"DP_95":  0.10613743460166529,
"QL":  0.19694781054376503,
"RL":  0.11839786741050809}
,
{ "x":  1.6,
"greedy000":  0.0,
"greedy050":  0.0,
"greedy100":  0.21642605505422052,
"DP_05":  0.0,
"DP_30":  0.0,
"DP_60":  0.0,
"DP_95":  0.09613606547668271,
"QL":  0.18168982191421257,
"RL":  0.10781670629527276}
,
{ "x": 1.8,
"greedy000":  0.0,
"greedy050":  0.0,
"greedy100":  0.20993893470317865,
"DP_05":  0.0,
"DP_30":  0.0,
"DP_60":  0.0,
"DP_95":  0.08754681868726175,
"QL":  0.17588896827153017,
"RL":  0.0972648528135322}
,
{ "x":  2.0,
"greedy000":  0.0,
"greedy050":  0.0,
"greedy100":  0.1993048566289684,
"DP_05":  0.0,
"DP_30":  0.0,
"DP_60":  0.0,
"DP_95":  0.07865085678503798,
"QL":  0.18165715485080616,
"RL":  0.09923587278718901}
,
{ "x":  2.2,
"greedy000":  0.0,
"greedy050":  0.0,
"greedy100":  0.19341789055838396,
"DP_05":  0.0,
"DP_30":  0.0,
"DP_60":  0.0,
"DP_95":  0.07121183921527238,
"QL":  0.1734669036335946,
"RL":  0.09445665825477804}
]}
