{ "x_label":"capacity",
"y_label":"Average Profit",
 "results":[
{ "x":  20,
"greedy000":  25.23412481941026,
"greedy050":  25.559579075313724,
"greedy100":  25.854700015766543,
"DP_05":  25.854700015766543,
"DP_30":  26.537887139724546,
"DP_60":  26.537887139724546,
"DP_95":  26.537887139724546,
"QL":  26.029802526110565}
,
{ "x":  40,
"greedy000":  26.05532162130799,
"greedy050":  26.416578759707438,
"greedy100":  26.578993636016683,
"DP_05":  26.578993636016683,
"DP_30":  29.604855488660462,
"DP_60":  30.016218655451155,
"DP_95":  30.070398747329772,
"QL":  29.46256828675714}
,
{ "x":  60,
"greedy000":  27.398544942040314,
"greedy050":  27.911392618786948,
"greedy100":  28.361031126338645,
"DP_05":  28.361031126338645,
"DP_30":  31.5802401568147,
"DP_60":  32.85547689875823,
"DP_95":  33.28209669610618,
"QL":  32.82824763518389}
,
{ "x":  80,
"greedy000":  28.445860832717983,
"greedy050":  29.115232439625004,
"greedy100":  29.68777337035789,
"DP_05":  29.68777337035789,
"DP_30":  33.198008554213516,
"DP_60":  34.98157804351486,
"DP_95":  36.242089266407554,
"QL":  35.829730833307536}
,
{ "x":  100,
"greedy000":  29.391538616683164,
"greedy050":  30.348038159050372,
"greedy100":  30.98172427246555,
"DP_05":  30.98172427246555,
"DP_30":  34.72065388776319,
"DP_60":  36.506058146961685,
"DP_95":  38.6582686182907,
"QL":  38.657157777624526}
,
{ "x":  120,
"greedy000":  30.300966340322912,
"greedy050":  31.437951967107562,
"greedy100":  32.16497109163187,
"DP_05":  32.16497109163187,
"DP_30":  36.01399135627464,
"DP_60":  37.56305101758535,
"DP_95":  40.58488414976428,
"QL":  38.957693638124496}
,
{ "x":  140,
"greedy000":  31.14304589256962,
"greedy050":  32.46402242800374,
"greedy100":  33.35246505898543,
"DP_05":  33.35246505898543,
"DP_30":  37.196387062939394,
"DP_60":  38.390445185337015,
"DP_95":  41.91428592192523,
"QL":  39.87747417779476}
,
{ "x":  160,
"greedy000":  31.785528871288353,
"greedy050":  33.38180235298067,
"greedy100":  34.33259182368045,
"DP_05":  34.33259182368045,
"DP_30":  38.07741222286516,
"DP_60":  38.905539805802974,
"DP_95":  42.557628927229345,
"QL":  39.85653285062216}
,
{ "x":  180,
"greedy000":  32.44410838374241,
"greedy050":  34.30972600695542,
"greedy100":  35.4348048809512,
"DP_05":  35.4348048809512,
"DP_30":  38.980152412279175,
"DP_60":  39.075033886908045,
"DP_95":  42.85163288851504,
"QL":  40.369095694136476}
,
{ "x":  200,
"greedy000":  32.89091113643106,
"greedy050":  35.13931305135659,
"greedy100":  36.40707345223707,
"DP_05":  36.40707345223707,
"DP_30":  39.69462521976577,
"DP_60":  39.699968987619755,
"DP_95":  43.061169924050525,
"QL":  40.631459623919326}
,
{ "x":  220,
"greedy000":  33.25749383068014,
"greedy050":  35.89245550668393,
"greedy100":  37.374169717333146,
"DP_05":  37.374169717333146,
"DP_30":  40.38004685637588,
"DP_60":  40.476718906446905,
"DP_95":  43.266512831780204,
"QL":  40.892623371857105}
,
{ "x":  240,
"greedy000":  33.59786776292034,
"greedy050":  36.62448401639299,
"greedy100":  38.30192655263831,
"DP_05":  38.30192655263831,
"DP_30":  40.856268085653575,
"DP_60":  41.086682242789735,
"DP_95":  43.44825950209141,
"QL":  41.32914402623062}
,
{ "x":  260,
"greedy000":  33.77685068166521,
"greedy050":  37.28379164879928,
"greedy100":  39.17163215016092,
"DP_05":  39.17163215016092,
"DP_30":  41.25092277026867,
"DP_60":  41.65116629396442,
"DP_95":  43.61798032990987,
"QL":  41.504544457082616}
,
{ "x":  280,
"greedy000":  33.9151324692638,
"greedy050":  37.79209194723924,
"greedy100":  39.96101010591076,
"DP_05":  39.96101010591076,
"DP_30":  41.562202377798044,
"DP_60":  42.17628180885909,
"DP_95":  43.804922663547366,
"QL":  41.474351739418395}
,
{ "x":  300,
"greedy000":  33.92334164819664,
"greedy050":  38.32642252195871,
"greedy100":  40.87663493487567,
"DP_05":  40.87663493487567,
"DP_30":  41.97776638129829,
"DP_60":  42.719386803142584,
"DP_95":  44.003159973713714,
"QL":  41.457621013767735}
,
{ "x":  320,
"greedy000":  33.96460167150562,
"greedy050":  38.69090749231853,
"greedy100":  41.56235243730685,
"DP_05":  41.56235243730685,
"DP_30":  42.30523014463999,
"DP_60":  43.112926862252024,
"DP_95":  44.10825200278582,
"QL":  41.477930743626175}
,
{ "x":  340,
"greedy000":  33.99687468375138,
"greedy050":  38.99556146891631,
"greedy100":  42.19481648707042,
"DP_05":  42.19481648707042,
"DP_30":  42.30472742186108,
"DP_60":  43.491793267113174,
"DP_95":  44.25625700821141,
"QL":  41.51902140755396}
,
{ "x":  360,
"greedy000":  34.000224345285694,
"greedy050":  39.207034902799634,
"greedy100":  42.74684056191484,
"DP_05":  42.74684056191484,
"DP_30":  42.77332621355222,
"DP_60":  43.75419499451441,
"DP_95":  44.351624360779056,
"QL":  41.50747498670664}
,
{ "x":  380,
"greedy000":  34.01488597370405,
"greedy050":  39.304568240150104,
"greedy100":  43.34323878719588,
"DP_05":  43.34323878719588,
"DP_30":  43.34830238949037,
"DP_60":  44.11044154039696,
"DP_95":  44.51250895825063,
"QL":  41.46873668770921}
,
{ "x":  400,
"greedy000":  34.004647062654165,
"greedy050":  39.36924196276009,
"greedy100":  43.727296630516015,
"DP_05":  43.727296630516015,
"DP_30":  43.72830951290901,
"DP_60":  44.31420835983321,
"DP_95":  44.61368877936827,
"QL":  41.38956381169356}
,
{ "x":  420,
"greedy000":  33.96423476923106,
"greedy050":  39.43021738398108,
"greedy100":  44.08542981745999,
"DP_05":  44.08542981745999,
"DP_30":  44.08542981745999,
"DP_60":  44.50705581762669,
"DP_95":  44.71190975713183,
"QL":  41.491123396139756}
,
{ "x":  440,
"greedy000":  33.987195338217,
"greedy050":  39.466590619735044,
"greedy100":  44.39570046850178,
"DP_05":  44.39570046850178,
"DP_30":  44.39570046850178,
"DP_60":  44.677996986980276,
"DP_95":  44.79973252404484,
"QL":  41.481013167006964}
,
{ "x":  460,
"greedy000":  33.93792671662495,
"greedy050":  39.44585362477859,
"greedy100":  44.60150176546974,
"DP_05":  44.60150176546974,
"DP_30":  44.60150176546974,
"DP_60":  44.77651851770749,
"DP_95":  44.856574050240376,
"QL":  41.390162471127}
,
{ "x":  480,
"greedy000":  34.000719507524884,
"greedy050":  39.56784704827167,
"greedy100":  44.75977693241718,
"DP_05":  44.75977693241718,
"DP_30":  44.75977693241718,
"DP_60":  44.87255650656251,
"DP_95":  44.91340582938811,
"QL":  41.38045336106351}
,
{ "x":  500,
"greedy000":  34.06717367971557,
"greedy050":  39.51350053044127,
"greedy100":  44.84051934688077,
"DP_05":  44.84051934688077,
"DP_30":  44.84051934688077,
"DP_60":  44.91189455157156,
"DP_95":  44.93433178026454,
"QL":  41.47515828902113}
]}
