{ "x_label":"episode",
"y_label":"Acceptance Rate",
"results":[
{ "x":  5,
"DP_05":  0.5541457125032209,
"DP_30":  0.6094790360255938,
"DP_60":  0.6269622426105326,
"DP_95":  0.5928592921601586,
"QL-Dynamic": 0.30653096404002544,
"QL-Static": 0.33461085076741676}
,
{ "x":  10,
"DP_05":  0.556299059171635,
"DP_30":  0.6118808201990764,
"DP_60":  0.6288586873642718,
"DP_95":  0.5918530797961971,
"QL-Dynamic": 0.39258899089140337,
"QL-Static": 0.4133002191812492}
,
{ "x":  15,
"DP_05":  0.554438615780277,
"DP_30":  0.6096277775375823,
"DP_60":  0.6265738891834789,
"DP_95":  0.5907634475720054,
"QL-Dynamic": 0.43233082558173036,
"QL-Static": 0.42717485937898403}
,
{ "x":  20,
"DP_05":  0.5549516059132195,
"DP_30":  0.6096782141888457,
"DP_60":  0.627548463267782,
"DP_95":  0.5920051737998263,
"QL-Dynamic": 0.4703126853070217,
"QL-Static": 0.46591893733927736}
,
{ "x":  25,
"DP_05":  0.5572352570448523,
"DP_30":  0.6126965397176535,
"DP_60":  0.6300979397052909,
"DP_95":  0.593489645367659,
"QL-Dynamic": 0.49360556903342484,
"QL-Static": 0.488599484750989}
,
{ "x":  30,
"DP_05":  0.5547108047797239,
"DP_30":  0.610262737342701,
"DP_60":  0.6282433707707977,
"DP_95":  0.5927676022114086,
"QL-Dynamic": 0.5219969108716641,
"QL-Static": 0.5023739197600253}
,
{ "x":  35,
"DP_05":  0.5544827789288922,
"DP_30":  0.6103485025980772,
"DP_60":  0.6279313445734456,
"DP_95":  0.5920654288281486,
"QL-Dynamic": 0.5261802617604715,
"QL-Static": 0.5018646487374413}
,
{ "x":  40,
"DP_05":  0.5542985390857269,
"DP_30":  0.6089582970519967,
"DP_60":  0.6260774311607201,
"DP_95":  0.5916493409040805,
"QL-Dynamic": 0.539330283110877,
"QL-Static": 0.5087583686442493}
,
{ "x":  45,
"DP_05":  0.5530545458728588,
"DP_30":  0.6096664586011309,
"DP_60":  0.6261431371073664,
"DP_95":  0.5920112892201689,
"QL-Dynamic": 0.5388223936433207,
"QL-Static": 0.5183113835836287}
,
{ "x":  50,
"DP_05":  0.555529353150739,
"DP_30":  0.6115782569656677,
"DP_60":  0.6279034669579461,
"DP_95":  0.5929343546046372,
"QL-Dynamic": 0.5561307184331025,
"QL-Static": 0.5226044304191991}
,
{ "x":  55,
"DP_05":  0.5560241985109095,
"DP_30":  0.6113607211475487,
"DP_60":  0.6284130086167328,
"DP_95":  0.5931655452735503,
"QL-Dynamic": 0.5577342516949849,
"QL-Static": 0.5246567981356268}
,
{ "x":  60,
"DP_05":  0.5537947031276247,
"DP_30":  0.6098790333904265,
"DP_60":  0.6265360671197869,
"DP_95":  0.5907613669454184,
"QL-Dynamic": 0.5634704159499492,
"QL-Static": 0.5282473113229788}
,
{ "x":  65,
"DP_05":  0.5561569129731102,
"DP_30":  0.6100462670951673,
"DP_60":  0.6286041384823201,
"DP_95":  0.5926129863266781,
"QL-Dynamic": 0.5669463778007117,
"QL-Static": 0.5209513556658578}
,
{ "x":  70,
"DP_05":  0.5568140049631709,
"DP_30":  0.6127202195930399,
"DP_60":  0.6290007226517124,
"DP_95":  0.5937564728579264,
"QL-Dynamic": 0.5668477970743584,
"QL-Static": 0.5334800334183624}
,
{ "x":  75,
"DP_05":  0.5522862182366002,
"DP_30":  0.6076534900566599,
"DP_60":  0.6256627703448739,
"DP_95":  0.5914651545045035,
"QL-Dynamic": 0.5717806534843933,
"QL-Static": 0.5332372912738776}
,
{ "x":  80,
"DP_05":  0.5563284983649133,
"DP_30":  0.6123082978253102,
"DP_60":  0.629771457808528,
"DP_95":  0.5933017960766972,
"QL-Dynamic": 0.5772984791149177,
"QL-Static": 0.5423944084806388}
,
{ "x":  85,
"DP_05":  0.5553406648140927,
"DP_30":  0.6104092694221012,
"DP_60":  0.6279438698084604,
"DP_95":  0.5920956838786496,
"QL-Dynamic": 0.5749136452705745,
"QL-Static": 0.5276571064998979}
,
{ "x":  90,
"DP_05":  0.5536332645294901,
"DP_30":  0.6100264272573573,
"DP_60":  0.6268543116809521,
"DP_95":  0.5918813738925391,
"QL-Dynamic": 0.576879731176848,
"QL-Static": 0.5389993257605787}
,
{ "x":  95,
"DP_05":  0.5548378276362916,
"DP_30":  0.6111117982733861,
"DP_60":  0.6282021582881611,
"DP_95":  0.5925350691598223,
"QL-Dynamic": 0.585336318289901,
"QL-Static": 0.5461184570609892}
,
{ "x":  100,
"DP_05":  0.5567723634226863,
"DP_30":  0.6118344755452668,
"DP_60":  0.6291975960144431,
"DP_95":  0.5924938522442781,
"QL-Dynamic": 0.590583856377157,
"QL-Static": 0.5395593736141561}
,
{ "x":  105,
"DP_05":  0.5554717104076357,
"DP_30":  0.6095089235464358,
"DP_60":  0.6276615862983481,
"DP_95":  0.590731384343955,
"QL-Dynamic": 0.5841856371798655,
"QL-Static": 0.5372844515645212}
,
{ "x":  110,
"DP_05":  0.55403797217878,
"DP_30":  0.6099956262663316,
"DP_60":  0.6284853173172175,
"DP_95":  0.5932149872304247,
"QL-Dynamic": 0.5910585432757643,
"QL-Static": 0.5410392784021072}
,
{ "x":  115,
"DP_05":  0.5551343851986065,
"DP_30":  0.6122017557242739,
"DP_60":  0.6280516285793518,
"DP_95":  0.5921806122257685,
"QL-Dynamic": 0.5973156814691555,
"QL-Static": 0.5396398499212816}
,
{ "x":  120,
"DP_05":  0.5525919013355063,
"DP_30":  0.6092399178976704,
"DP_60":  0.6268934308390425,
"DP_95":  0.59130128971671,
"QL-Dynamic": 0.5972013545055059,
"QL-Static": 0.5489283247344323}
,
{ "x":  125,
"DP_05":  0.5546349301299237,
"DP_30":  0.6102736593520383,
"DP_60":  0.6271316434435501,
"DP_95":  0.5917177017457991,
"QL-Dynamic": 0.5953702775195353,
"QL-Static": 0.547160233909141}
,
{ "x":  130,
"DP_05":  0.5565353837472709,
"DP_30":  0.6121894930519572,
"DP_60":  0.6293151554526003,
"DP_95":  0.5924503620885684,
"QL-Dynamic": 0.6012692724334984,
"QL-Static": 0.5515314183880601}
,
{ "x":  135,
"DP_05":  0.5533690490980758,
"DP_30":  0.609752764853,
"DP_60":  0.626390312838284,
"DP_95":  0.5909972496192203,
"QL-Dynamic": 0.5977230843026553,
"QL-Static": 0.5469858174661918}
,
{ "x":  140,
"DP_05":  0.5529585828207635,
"DP_30":  0.6088969884533353,
"DP_60":  0.6274318706049216,
"DP_95":  0.5916544727627696,
"QL-Dynamic": 0.5999687644606878,
"QL-Static": 0.5495946087444656}
,
{ "x":  145,
"DP_05":  0.5578091654750974,
"DP_30":  0.6126290515556445,
"DP_60":  0.6289838189201156,
"DP_95":  0.5935647639516888,
"QL-Dynamic": 0.6020805268859393,
"QL-Static": 0.5526301811768449}
,
{ "x":  150,
"DP_05":  0.5551804304375765,
"DP_30":  0.6095226114856969,
"DP_60":  0.6270454136517669,
"DP_95":  0.5925363974976561,
"QL-Dynamic": 0.602671010630364,
"QL-Static": 0.5562752773389372}
,
{ "x":  155,
"DP_05":  0.5563312498940818,
"DP_30":  0.611769593325001,
"DP_60":  0.6291348721058171,
"DP_95":  0.5927519456880195,
"QL-Dynamic": 0.6044693247407644,
"QL-Static": 0.5530781423093962}
,
{ "x":  160,
"DP_05":  0.5553224627093942,
"DP_30":  0.6104163573840409,
"DP_60":  0.6270854401325892,
"DP_95":  0.5921098672072125,
"QL-Dynamic": 0.6040310900621157,
"QL-Static": 0.5575102492542193}
,
{ "x":  165,
"DP_05":  0.5551660645358732,
"DP_30":  0.6107109829683036,
"DP_60":  0.6281405548953775,
"DP_95":  0.5919581973187787,
"QL-Dynamic": 0.6019472426474524,
"QL-Static": 0.5603850983041218}
,
{ "x":  170,
"DP_05":  0.553004596278474,
"DP_30":  0.6084145903002532,
"DP_60":  0.6267455781166429,
"DP_95":  0.5907505963679883,
"QL-Dynamic": 0.6030907978050848,
"QL-Static": 0.5538982061425708}
,
{ "x":  175,
"DP_05":  0.5550379629447049,
"DP_30":  0.6099074872966235,
"DP_60":  0.6275936745057041,
"DP_95":  0.592434852278065,
"QL-Dynamic": 0.6033990471648674,
"QL-Static": 0.5498937378632273}
,
{ "x":  180,
"DP_05":  0.5547231055640158,
"DP_30":  0.6112995573395472,
"DP_60":  0.6278806224655018,
"DP_95":  0.5922567763694502,
"QL-Dynamic": 0.6056274641864529,
"QL-Static": 0.5489589982624463}
,
{ "x":  185,
"DP_05":  0.5556630336175928,
"DP_30":  0.6106916877371035,
"DP_60":  0.6291378880681754,
"DP_95":  0.5921395110790876,
"QL-Dynamic": 0.6061918394305388,
"QL-Static": 0.5628484306619805}
,
{ "x":  190,
"DP_05":  0.5535399073224491,
"DP_30":  0.6094651521553875,
"DP_60":  0.6271111884681466,
"DP_95":  0.5917360738688094,
"QL-Dynamic": 0.6055971941836584,
"QL-Static": 0.5537536101145544}
,
{ "x":  195,
"DP_05":  0.554916943748374,
"DP_30":  0.6106874789617703,
"DP_60":  0.6278786317049849,
"DP_95":  0.5912031889036315,
"QL-Dynamic": 0.6038119118193083,
"QL-Static": 0.5674530237166029}
,
{ "x":  200,
"DP_05":  0.5554321777264252,
"DP_30":  0.6102558284526661,