{ "x_label":"capacity",
"y_label":"Federation Rate",
 "results":[
{ "x":  20,
"greedy000":  0.935139907642454,
"greedy050":  0.9284706860147297,
"greedy100":  0.9222249763667676,
"DP_05":  0.9222249763667676,
"DP_30":  0.9107957087251908,
"DP_60":  0.9107957087251908,
"DP_95":  0.9107957087251908,
"QL":  0.8715249337805598}
,
{ "x":  40,
"greedy000":  0.8876284965606578,
"greedy050":  0.880326953149823,
"greedy100":  0.8760969314976291,
"DP_05":  0.8760969314976291,
"DP_30":  0.8311413823636112,
"DP_60":  0.8245852621159196,
"DP_95":  0.8236944771224364,
"QL":  0.7956075591551609}
,
{ "x":  60,
"greedy000":  0.8323935160718093,
"greedy050":  0.821708138505526,
"greedy100":  0.8121604954262015,
"DP_05":  0.8121604954262015,
"DP_30":  0.7667579338634084,
"DP_60":  0.7484091749616111,
"DP_95":  0.74219166889123,
"QL":  0.70720364373472}
,
{ "x":  80,
"greedy000":  0.7842388025258672,
"greedy050":  0.7671409226325705,
"greedy100":  0.7551229627921484,
"DP_05":  0.7551229627921484,
"DP_30":  0.7066290174208681,
"DP_60":  0.6829577102094071,
"DP_95":  0.6678000556003476,
"QL":  0.6546573615653031}
,
{ "x":  100,
"greedy000":  0.7387101764500679,
"greedy050":  0.7145606450589954,
"greedy100":  0.7010090016584625,
"DP_05":  0.7010090016584625,
"DP_30":  0.6500129874670768,
"DP_60":  0.6286889046944002,
"DP_95":  0.6082327134916043,
"QL":  0.6082425220079618}
,
{ "x":  120,
"greedy000":  0.6962474585364672,
"greedy050":  0.6646958313172443,
"greedy100":  0.6482327895314492,
"DP_05":  0.6482327895314492,
"DP_30":  0.5964383903688509,
"DP_60":  0.5779244458139547,
"DP_95":  0.5612388980831663,
"QL":  0.5781766618002318}
,
{ "x":  140,
"greedy000":  0.6547602176139025,
"greedy050":  0.6152215158785317,
"greedy100":  0.5932161345020462,
"DP_05":  0.5932161345020462,
"DP_30":  0.5423184743259635,
"DP_60":  0.5285400236492672,
"DP_95":  0.5275200579649855,
"QL":  0.5212087665049567}
,
{ "x":  160,
"greedy000":  0.617941414315377,
"greedy050":  0.5680351996030646,
"greedy100":  0.5440585368786628,
"DP_05":  0.5440585368786628,
"DP_30":  0.495004508856361,
"DP_60":  0.4862871777525526,
"DP_95":  0.5106607976262252,
"QL":  0.4891768533835104}
,
{ "x":  180,
"greedy000":  0.5858658009902331,
"greedy050":  0.5243289459075721,
"greedy100":  0.49485335334841396,
"DP_05":  0.49485335334841396,
"DP_30":  0.449356818651661,
"DP_60":  0.4485743544435061,
"DP_95":  0.4850534134463184,
"QL":  0.4530935317185934}
,
{ "x":  200,
"greedy000":  0.559643625945784,
"greedy050":  0.48125158803527074,
"greedy100":  0.4458751741199348,
"DP_05":  0.4458751741199348,
"DP_30":  0.404118354501786,
"DP_60":  0.40424387350274876,
"DP_95":  0.4378626264178932,
"QL":  0.4080623142509358}
,
{ "x":  220,
"greedy000":  0.5394229859136142,
"greedy050":  0.44285258459533716,
"greedy100":  0.3996798773586576,
"DP_05":  0.3996798773586576,
"DP_30":  0.3621169315792406,
"DP_60":  0.3611193817218406,
"DP_95":  0.39428336040529205,
"QL":  0.3782106051056387}
,
{ "x":  240,
"greedy000":  0.5237508956837289,
"greedy050":  0.4049861599891795,
"greedy100":  0.35312659566009535,
"DP_05":  0.35312659566009535,
"DP_30":  0.3221803738465604,
"DP_60":  0.3193126978305975,
"DP_95":  0.353356836930444,
"QL":  0.3378916847322448}
,
{ "x":  260,
"greedy000":  0.5138064267897477,
"greedy050":  0.371820647803142,
"greedy100":  0.3088726572838688,
"DP_05":  0.3088726572838688,
"DP_30":  0.2858826063021069,
"DP_60":  0.2813454482484563,
"DP_95":  0.31593427282061126,
"QL":  0.3057628364938543}
,
{ "x":  280,
"greedy000":  0.5052892368463205,
"greedy050":  0.3415183628411624,
"greedy100":  0.2660648346548541,
"DP_05":  0.2660648346548541,
"DP_30":  0.24831077837682583,
"DP_60":  0.24179023177784892,
"DP_95":  0.27387540924640985,
"QL":  0.2938527328666617}
,
{ "x":  300,
"greedy000":  0.502808801032627,
"greedy050":  0.31487227136560714,
"greedy100":  0.22185268501155178,
"DP_05":  0.22185268501155178,
"DP_30":  0.2103389192015337,
"DP_60":  0.2041471084155909,
"DP_95":  0.23332663425216565,
"QL":  0.2986023609431255}
,
{ "x":  320,
"greedy000":  0.5030213901668963,
"greedy050":  0.29482319597653917,
"greedy100":  0.1854490650017358,
"DP_05":  0.1854490650017358,
"DP_30":  0.17759424069921578,
"DP_60":  0.17102186896601795,
"DP_95":  0.20007109509782056,
"QL":  0.29700218747882945}
,
{ "x":  340,
"greedy000":  0.5003326885933864,
"greedy050":  0.27851624674843767,
"greedy100":  0.15139429419481126,
"DP_05":  0.15139429419481126,
"DP_30":  0.14996091800907677,
"DP_60":  0.14069164623242664,
"DP_95":  0.1656958220369409,
"QL":  0.29176407303329566}
,
{ "x":  360,
"greedy000":  0.5018394224867749,
"greedy050":  0.26864141870128266,
"greedy100":  0.12225029586416727,
"DP_05":  0.12225029586416727,
"DP_30":  0.12192094264537903,
"DP_60":  0.11567596905828892,
"DP_95":  0.13871195508139827,
"QL":  0.29848456842066096}
,
{ "x":  380,
"greedy000":  0.499449746868091,
"greedy050":  0.26051699200975614,
"greedy100":  0.09186675056783003,
"DP_05":  0.09186675056783003,
"DP_30":  0.09181207100384302,
"DP_60":  0.08770814959397934,
"DP_95":  0.1095691772433551,
"QL":  0.3014884092458967}
,
{ "x":  400,
"greedy000":  0.5000305547259937,
"greedy050":  0.2559833135069988,
"greedy100":  0.07074749570644998,
"DP_05":  0.07074749570644998,
"DP_30":  0.0707176494954062,
"DP_60":  0.06891613635486131,
"DP_95":  0.08446036349462294,
"QL":  0.30217634294884405}
,
{ "x":  420,
"greedy000":  0.49989839468706465,
"greedy050":  0.25337087537315706,
"greedy100":  0.050376360308747745,
"DP_05":  0.050376360308747745,
"DP_30":  0.050376360308747745,
"DP_60":  0.04974148632336332,
"DP_95":  0.06237257779361971,
"QL":  0.29488968382424424}
,
{ "x":  440,
"greedy000":  0.5001588406547565,
"greedy050":  0.25179937087698523,
"greedy100":  0.03417141240684459,
"DP_05":  0.03417141240684459,
"DP_30":  0.03417141240684459,
"DP_60":  0.03437544692074983,
"DP_95":  0.04399672796943881,
"QL":  0.2969908033963481}
,
{ "x":  460,
"greedy000":  0.501537510349114,
"greedy050":  0.2526219287675739,
"greedy100":  0.022357555136997113,
"DP_05":  0.022357555136997113,
"DP_30":  0.022357555136997113,
"DP_60":  0.023025344135753602,
"DP_95":  0.03069724525705258,
"QL":  0.30103204587522153}
,
{ "x":  480,
"greedy000":  0.5007843028704728,
"greedy050":  0.24782182671091219,
"greedy100":  0.013917561758700622,
"DP_05":  0.013917561758700622,
"DP_30":  0.013917561758700622,
"DP_60":  0.014530924213431754,
"DP_95":  0.02011025149231569,
"QL":  0.3009415437213845}
,
{ "x":  500,
"greedy000":  0.4990833047347727,
"greedy050":  0.2494235484934797,
"greedy100":  0.00854180058914004,
"DP_05":  0.00854180058914004,
"DP_30":  0.00854180058914004,
"DP_60":  0.009157201960544916,
"DP_95":  0.012069605131250431,
"QL":  0.2975262898313581}
]}
