{ "x_label":"capacity",
"y_label":"Average Profit",
 "results":[
{ "x":  5,
"greedy000":  0.0,
"greedy050":  0.0,
"greedy100":  22.985556694185814,
"DP_05":  0.0,
"DP_30":  0.0,
"DP_60":  0.0,
"DP_95":  22.985556694185814,
"QL":  22.985556694185814,
"RL":  22.489369607251398}
,
{ "x":  25,
"greedy000":  0.0,
"greedy050":  0.0,
"greedy100":  29.721858714430056,
"DP_05":  0.0,
"DP_30":  0.0,
"DP_60":  0.0,
"DP_95":  33.542917980681715,
"QL":  33.542917980681715,
"RL":  33.270521620722164}
,
{ "x":  45,
"greedy000":  0.0,
"greedy050":  0.0,
"greedy100":  28.94817229976301,
"DP_05":  0.0,
"DP_30":  0.0,
"DP_60":  0.0,
"DP_95":  40.19195735390037,
"QL":  37.818930785769055,
"RL":  38.235196338010766}
,
{ "x":  65,
"greedy000":  0.0,
"greedy050":  0.0,
"greedy100":  33.588173359397835,
"DP_05":  0.0,
"DP_30":  0.0,
"DP_60":  0.0,
"DP_95":  42.494162232061754,
"QL":  37.75585641263184,
"RL":  38.902901779034224}
,
{ "x":  85,
"greedy000":  0.0,
"greedy050":  0.0,
"greedy100":  34.927040127265684,
"DP_05":  0.0,
"DP_30":  0.0,
"DP_60":  0.0,
"DP_95":  43.00974649322265,
"QL":  40.200109050801174,
"RL":  40.87559471932178}
,
{ "x":  105,
"greedy000":  0.0,
"greedy050":  0.0,
"greedy100":  36.569159888154545,
"DP_05":  0.0,
"DP_30":  0.0,
"DP_60":  0.0,
"DP_95":  43.29339521326601,
"QL":  39.779416692344434,
"RL":  41.3331352229056}
,
{ "x":  125,
"greedy000":  0.0,
"greedy050":  0.0,
"greedy100":  38.32265322753657,
"DP_05":  0.0,
"DP_30":  0.0,
"DP_60":  0.0,
"DP_95":  43.5875490567059,
"QL":  39.76941642751375,
"RL":  42.07573036830307}
,
{ "x":  145,
"greedy000":  0.0,
"greedy050":  0.0,
"greedy100":  39.53937710555681,
"DP_05":  0.0,
"DP_30":  0.0,
"DP_60":  0.0,
"DP_95":  43.69134496141389,
"QL":  39.08988362619236,
"RL":  42.56270470085534}
,
{ "x":  165,
"greedy000":  0.0,
"greedy050":  0.0,
"greedy100":  40.92468702068503,
"DP_05":  0.0,
"DP_30":  0.0,
"DP_60":  0.0,
"DP_95":  44.065058606898745,
"QL":  39.22519424222796,
"RL":  43.00039831496982}
,
{ "x":  185,
"greedy000":  0.0,
"greedy050":  0.0,
"greedy100":  42.35523781202454,
"DP_05":  0.0,
"DP_30":  0.0,
"DP_60":  0.0,
"DP_95":  44.26893545459062,
"QL":  39.54451188320296,
"RL":  43.52398457657516}
,
{ "x":  205,
"greedy000":  0.0,
"greedy050":  0.0,
"greedy100":  42.90275254480228,
"DP_05":  0.0,
"DP_30":  0.0,
"DP_60":  0.0,
"DP_95":  44.359841615834775,
"QL":  39.616486990301375,
"RL":  43.830004370567174}
,
{ "x":  225,
"greedy000":  0.0,
"greedy050":  0.0,
"greedy100":  43.87527840144598,
"DP_05":  0.0,
"DP_30":  0.0,
"DP_60":  0.0,
"DP_95":  44.628477260670145,
"QL":  39.357356705918825,
"RL":  44.17276743893363}
,
{ "x":  245,
"greedy000":  0.0,
"greedy050":  0.0,
"greedy100":  44.15422307917471,
"DP_05":  0.0,
"DP_30":  0.0,
"DP_60":  0.0,
"DP_95":  44.68129050343698,
"QL":  39.402996150485876,
"RL":  44.17297960252397}
,
{ "x":  265,
"greedy000":  0.0,
"greedy050":  0.0,
"greedy100":  44.57257363003072,
"DP_05":  0.0,
"DP_30":  0.0,
"DP_60":  0.0,
"DP_95":  44.83764138664692,
"QL":  39.26956001240133,
"RL":  44.29427896194922}
]}
