{ "x_label":"capacity",
"y_label":"Federation Rate",
 "results":[
{ "x":  1,
"greedy000":  0.0,
"greedy050":  0.0,
"greedy100":  0.7398330682189826,
"DP_05":  0.0,
"DP_30":  0.0,
"DP_60":  0.0,
"DP_95":  0.7398330682189826,
"QL":  0.7398330682189826,
"RL":  0.7398330682189826}
,
{ "x":  3,
"greedy000":  0.0,
"greedy050":  0.0,
"greedy100":  0.546130890191618,
"DP_05":  0.0,
"DP_30":  0.0,
"DP_60":  0.0,
"DP_95":  0.527855541613296,
"QL":  0.527855541613296,
"RL":  0.5153009175977791}
,
{ "x":  5,
"greedy000":  0.0,
"greedy050":  0.0,
"greedy100":  0.3696995052125708,
"DP_05":  0.0,
"DP_30":  0.0,
"DP_60":  0.0,
"DP_95":  0.427175332465891,
"QL":  0.3641049988432211,
"RL":  0.369786268577489}
,
{ "x":  7,
"greedy000":  0.0,
"greedy050":  0.0,
"greedy100":  0.22905833642128992,
"DP_05":  0.0,
"DP_30":  0.0,
"DP_60":  0.0,
"DP_95":  0.2665490483830154,
"QL":  0.23258649567813264,
"RL":  0.22767836909874967}
,
{ "x":  9,
"greedy000":  0.0,
"greedy050":  0.0,
"greedy100":  0.13079113788203744,
"DP_05":  0.0,
"DP_30":  0.0,
"DP_60":  0.0,
"DP_95":  0.1649758408376402,
"QL":  0.16172767564117418,
"RL":  0.13557554708676922}
,
{ "x":  11,
"greedy000":  0.0,
"greedy050":  0.0,
"greedy100":  0.05725327848154378,
"DP_05":  0.0,
"DP_30":  0.0,
"DP_60":  0.0,
"DP_95":  0.09238874941972515,
"QL":  0.15418997077096327,
"RL":  0.06460241462760027}
]}
