{ "x_label":"Capacity",
"y_label":"Average Profit",
 "results":[
{ "x":  50,
"greedy000":  14.63914286090834,
"greedy050":  16.619239645085976,
"greedy100":  17.432765166204558,
"DP_05":  17.432765166204558,
"DP_30":  18.242353538920902,
"DP_60":  18.242353538920902,
"DP_95":  18.242353538920902,
"QL":  0.0}
,
{ "x":  150,
"greedy000":  16.94556742701507,
"greedy050":  19.440624576282794,
"greedy100":  21.597546960842987,
"DP_05":  21.597546960842987,
"DP_30":  24.45332694265745,
"DP_60":  26.990967349410774,
"DP_95":  28.79372297695325,
"QL":  0.0}
,
{ "x":  250,
"greedy000":  18.140525118495496,
"greedy050":  21.120091605070684,
"greedy100":  23.717584254421958,
"DP_05":  23.717584254421958,
"DP_30":  26.36989923548046,
"DP_60":  28.219979031180277,
"DP_95":  29.449525267659745,
"QL":  0.0}
,
{ "x":  350,
"greedy000":  18.8329743752892,
"greedy050":  22.424140449358294,
"greedy100":  25.376312232575977,
"DP_05":  25.376312232575977,
"DP_30":  27.53139807279868,
"DP_60":  28.766717879573786,
"DP_95":  29.627807050957784,
"QL":  0.0}
,
{ "x":  450,
"greedy000":  19.404131202037313,
"greedy050":  23.260393865131068,
"greedy100":  26.646392889141726,
"DP_05":  26.646392889141726,
"DP_30":  28.33581346746168,
"DP_60":  29.121378689058236,
"DP_95":  29.73202512972396,
"QL":  0.0}
,
{ "x":  550,
"greedy000":  19.64526791770976,
"greedy050":  23.90531412410949,
"greedy100":  27.558052494402336,
"DP_05":  27.558052494402336,
"DP_30":  28.84986233394604,
"DP_60":  29.378004553286495,
"DP_95":  29.747475477856277,
"QL":  0.0}
,
{ "x":  650,
"greedy000":  19.673846571873753,
"greedy050":  24.433570879690073,
"greedy100":  28.28513450314972,
"DP_05":  28.28513450314972,
"DP_30":  29.215186936252074,
"DP_60":  29.59358860825436,
"DP_95":  29.8402611082388,
"QL":  0.0}
,
{ "x":  750,
"greedy000":  19.691071780106796,
"greedy050":  24.648794960733532,
"greedy100":  28.870543264172944,
"DP_05":  28.870543264172944,
"DP_30":  29.49041749378593,
"DP_60":  29.717797203608598,
"DP_95":  29.83535031389571,
"QL":  0.0}
,
{ "x":  850,
"greedy000":  19.783144479218567,
"greedy050":  24.77445648597381,
"greedy100":  29.41804122514492,
"DP_05":  29.41804122514492,
"DP_30":  29.782008282192777,
"DP_60":  29.897838235414024,
"DP_95":  29.952719436080855,
"QL":  0.0}
,
{ "x":  950,
"greedy000":  19.796372730288887,
"greedy050":  24.848447185191706,
"greedy100":  29.67842985912484,
"DP_05":  29.67842985912484,
"DP_30":  29.87293113821782,
"DP_60":  29.931640448487865,
"DP_95":  29.958098079462456,
"QL":  0.0}
,
{ "x":  1050,
"greedy000":  19.712396536792674,
"greedy050":  24.888838791566634,
"greedy100":  29.90585456107529,
"DP_05":  29.90585456107529,
"DP_30":  29.98346076630155,
"DP_60":  30.009549419709963,
"DP_95":  30.017640929309323,
"QL":  0.0}
]}
