{ "x_label":"LC",
"y_label":"Acceptance Rate",
 "results":[
{ "x":  0,
"greedy000":  0.0,
"greedy050":  0.0,
"greedy100":  0.0,
"DP_05":  0.0,
"DP_30":  0.0,
"DP_60":  0.0,
"DP_95":  0.0,
"QL_09":  0.0,
"QL_05":  0.0,
"RL":  0.0}
,
{ "x":  8,
"greedy000":  0.0,
"greedy050":  0.0,
"greedy100":  0.27219662976411063,
"DP_05":  0.0,
"DP_30":  0.0,
"DP_60":  0.0,
"DP_95":  0.5688382955841134,
"QL_09":  0.48012861030335807,
"QL_05":  0.38434367291853383,
"RL":  0.5652946522622246}
,
{ "x":  16,
"greedy000":  0.0,
"greedy050":  0.0,
"greedy100":  0.4417110875999267,
"DP_05":  0.0,
"DP_30":  0.0,
"DP_60":  0.0,
"DP_95":  0.6711706778296991,
"QL_09":  0.5842886524780843,
"QL_05":  0.5511382450009249,
"RL":  0.6650006025860933}
,
{ "x":  24,
"greedy000":  0.0,
"greedy050":  0.0,
"greedy100":  0.588407054497526,
"DP_05":  0.0,
"DP_30":  0.0,
"DP_60":  0.0,
"DP_95":  0.7333766554352683,
"QL_09":  0.6439066791052861,
"QL_05":  0.6715389990310692,
"RL":  0.730836383151474}
,
{ "x":  32,
"greedy000":  0.0,
"greedy050":  0.0,
"greedy100":  0.7136524493870582,
"DP_05":  0.0,
"DP_30":  0.0,
"DP_60":  0.0,
"DP_95":  0.8011903774327844,
"QL_09":  0.6957131217770783,
"QL_05":  0.7602226318913987,
"RL":  0.7960907635598049}
,
{ "x":  40,
"greedy000":  0.0,
"greedy050":  0.0,
"greedy100":  0.8034016220860163,
"DP_05":  0.0,
"DP_30":  0.0,
"DP_60":  0.0,
"DP_95":  0.8523654237234078,
"QL_09":  0.714212464117925,
"QL_05":  0.8153466997095092,
"RL":  0.8391849126925935}
,
{ "x":  48,
"greedy000":  0.0,
"greedy050":  0.0,
"greedy100":  0.8833280264030771,
"DP_05":  0.0,
"DP_30":  0.0,
"DP_60":  0.0,
"DP_95":  0.9021773092628645,
"QL_09":  0.7207867406008963,
"QL_05":  0.8488208032267652,
"RL":  0.8742706580629067}
,
{ "x":  56,
"greedy000":  0.0,
"greedy050":  0.0,
"greedy100":  0.9345713553325814,
"DP_05":  0.0,
"DP_30":  0.0,
"DP_60":  0.0,
"DP_95":  0.94131431164252,
"QL_09":  0.712092723086055,
"QL_05":  0.849294361368574,
"RL":  0.8948368533288675}
,
{ "x":  64,
"greedy000":  0.0,
"greedy050":  0.0,
"greedy100":  0.9688582751666364,
"DP_05":  0.0,
"DP_30":  0.0,
"DP_60":  0.0,
"DP_95":  0.9700189335548393,
"QL_09":  0.7174776359132962,
"QL_05":  0.8498616934169932,
"RL":  0.8940154811039847}
,
{ "x":  72,
"greedy000":  0.0,
"greedy050":  0.0,
"greedy100":  0.9872888019126116,
"DP_05":  0.0,
"DP_30":  0.0,
"DP_60":  0.0,
"DP_95":  0.9865303365055592,
"QL_09":  0.7190298962475015,
"QL_05":  0.8522869136329996,
"RL":  0.8883795119810518}
,
{ "x":  80,
"greedy000":  0.0,
"greedy050":  0.0,
"greedy100":  0.9971645572492782,
"DP_05":  0.0,
"DP_30":  0.0,
"DP_60":  0.0,
"DP_95":  0.9960728512227182,
"QL_09":  0.7188433871009207,
"QL_05":  0.8524723339012859,
"RL":  0.8949059237413659}
]}
