{ "x_label":"LC",
"y_label":"Acceptance Rate",
 "results":[
{ "x":  0,
"greedy000":  0.0,
"greedy050":  0.0,
"greedy100":  0.0,
"DP_05":  0.0,
"DP_30":  0.0,
"DP_60":  0.0,
"DP_95":  0.0,
"QL_09":  0.0,
"QL_05":  0.0,
"RL":  0.0}
,
{ "x":  8,
"greedy000":  0.0,
"greedy050":  0.0,
"greedy100":  0.27532746209260833,
"DP_05":  0.0,
"DP_30":  0.0,
"DP_60":  0.0,
"DP_95":  0.5698531425541481,
"QL_09":  0.27519370672727805,
"QL_05":  0.2755945513540438,
"RL":  0.567386748919606}
,
{ "x":  16,
"greedy000":  0.0,
"greedy050":  0.0,
"greedy100":  0.44641194471329176,
"DP_05":  0.0,
"DP_30":  0.0,
"DP_60":  0.0,
"DP_95":  0.675329125003685,
"QL_09":  0.4464242952827527,
"QL_05":  0.44590720305454556,
"RL":  0.6680422632579849}
,
{ "x":  24,
"greedy000":  0.0,
"greedy050":  0.0,
"greedy100":  0.5836579579259029,
"DP_05":  0.0,
"DP_30":  0.0,
"DP_60":  0.0,
"DP_95":  0.7362947719418104,
"QL_09":  0.5826426324272647,
"QL_05":  0.5815697063760508,
"RL":  0.7319618736802447}
,
{ "x":  32,
"greedy000":  0.0,
"greedy050":  0.0,
"greedy100":  0.7013166504677283,
"DP_05":  0.0,
"DP_30":  0.0,
"DP_60":  0.0,
"DP_95":  0.7933078178841403,
"QL_09":  0.6998601059683625,
"QL_05":  0.6994811808732739,
"RL":  0.7871759845784633}
,
{ "x":  40,
"greedy000":  0.0,
"greedy050":  0.0,
"greedy100":  0.7965659857664226,
"DP_05":  0.0,
"DP_30":  0.0,
"DP_60":  0.0,
"DP_95":  0.8482185451818038,
"QL_09":  0.7950576246911455,
"QL_05":  0.7932615016201149,
"RL":  0.8339333281250981}
]}
