{ "x_label":"LC",
"y_label":"Acceptance Rate",
 "results":[
{ "x":  0,
"greedy000":  0.0,
"greedy050":  0.0,
"greedy100":  0.0,
"DP_05":  0.0,
"DP_30":  0.0,
"DP_60":  0.0,
"DP_95":  0.0,
"QL_09":  0.0,
"QL_05":  0.0,
"RL":  0.0}
,
{ "x":  8,
"greedy000":  0.0,
"greedy050":  0.0,
"greedy100":  0.2799627149626166,
"DP_05":  0.0,
"DP_30":  0.0,
"DP_60":  0.0,
"DP_95":  0.5668852002330137,
"QL_09":  0.28030529203389765,
"QL_05":  0.2803864709659086,
"RL":  0.5653185967052298}
,
{ "x":  16,
"greedy000":  0.0,
"greedy050":  0.0,
"greedy100":  0.44396682655104547,
"DP_05":  0.0,
"DP_30":  0.0,
"DP_60":  0.0,
"DP_95":  0.6721470912008326,
"QL_09":  0.44398031360056567,
"QL_05":  0.4442604396455351,
"RL":  0.6648021507283839}
,
{ "x":  24,
"greedy000":  0.0,
"greedy050":  0.0,
"greedy100":  0.5924511952452811,
"DP_05":  0.0,
"DP_30":  0.0,
"DP_60":  0.0,
"DP_95":  0.7377915040353477,
"QL_09":  0.5901775853967242,
"QL_05":  0.5916053490313942,
"RL":  0.7361544324564292}
,
{ "x":  32,
"greedy000":  0.0,
"greedy050":  0.0,
"greedy100":  0.703860321942835,
"DP_05":  0.0,
"DP_30":  0.0,
"DP_60":  0.0,
"DP_95":  0.7986076656561449,
"QL_09":  0.7010622600387137,
"QL_05":  0.702277320798603,
"RL":  0.789813116744299}
,
{ "x":  40,
"greedy000":  0.0,
"greedy050":  0.0,
"greedy100":  0.807439340226803,
"DP_05":  0.0,
"DP_30":  0.0,
"DP_60":  0.0,
"DP_95":  0.8548799583751832,
"QL_09":  0.8022903484061373,
"QL_05":  0.802954499284396,
"RL":  0.8392074189464143}
,
{ "x":  48,
"greedy000":  0.0,
"greedy050":  0.0,
"greedy100":  0.8795093370514335,
"DP_05":  0.0,
"DP_30":  0.0,
"DP_60":  0.0,
"DP_95":  0.9036008623701056,
"QL_09":  0.869988412178613,
"QL_05":  0.870376175361289,
"RL":  0.876488119714683}
]}
