{ "x_label":"LC",
"y_label":"Federation Rate",
 "results":[
{ "x":  0,
"greedy000":  0.0,
"greedy050":  0.0,
"greedy100":  0.5246405924584321,
"DP_05":  0.0,
"DP_30":  0.0,
"DP_60":  0.0,
"DP_95":  0.7018333979945539,
"QL_09":  0.6956867527270485,
"QL_05":  0.6296995873468297,
"RL":  0.7079577656098814}
,
{ "x":  8,
"greedy000":  0.0,
"greedy050":  0.0,
"greedy100":  0.3888420826356893,
"DP_05":  0.0,
"DP_30":  0.0,
"DP_60":  0.0,
"DP_95":  0.19975840923076335,
"QL_09":  0.272992496522454,
"QL_05":  0.34105918352695264,
"RL":  0.20428786205448257}
,
{ "x":  16,
"greedy000":  0.0,
"greedy050":  0.0,
"greedy100":  0.31657884567671557,
"DP_05":  0.0,
"DP_30":  0.0,
"DP_60":  0.0,
"DP_95":  0.1444009725771455,
"QL_09":  0.22128593258036142,
"QL_05":  0.24588620330931632,
"RL":  0.1555134390456565}
,
{ "x":  24,
"greedy000":  0.0,
"greedy050":  0.0,
"greedy100":  0.26229462022656647,
"DP_05":  0.0,
"DP_30":  0.0,
"DP_60":  0.0,
"DP_95":  0.1432568007698881,
"QL_09":  0.2161154366338009,
"QL_05":  0.19576245466064818,
"RL":  0.15016416422319642}
,
{ "x":  32,
"greedy000":  0.0,
"greedy050":  0.0,
"greedy100":  0.20400931715241039,
"DP_05":  0.0,
"DP_30":  0.0,
"DP_60":  0.0,
"DP_95":  0.12486878597320228,
"QL_09":  0.2024068227591782,
"QL_05":  0.15597628664982982,
"RL":  0.13054316257241666}
,
{ "x":  40,
"greedy000":  0.0,
"greedy050":  0.0,
"greedy100":  0.15364294961933253,
"DP_05":  0.0,
"DP_30":  0.0,
"DP_60":  0.0,
"DP_95":  0.10351162145029473,
"QL_09":  0.1952484406013293,
"QL_05":  0.13243334253451822,
"RL":  0.11429717055260306}
,
{ "x":  48,
"greedy000":  0.0,
"greedy050":  0.0,
"greedy100":  0.09927673010299157,
"DP_05":  0.0,
"DP_30":  0.0,
"DP_60":  0.0,
"DP_95":  0.07920440558067868,
"QL_09":  0.19632028664310383,
"QL_05":  0.11728407468788207,
"RL":  0.09236674089809291}
,
{ "x":  56,
"greedy000":  0.0,
"greedy050":  0.0,
"greedy100":  0.058543249120174154,
"DP_05":  0.0,
"DP_30":  0.0,
"DP_60":  0.0,
"DP_95":  0.050408627306801033,
"QL_09":  0.2007002073816712,
"QL_05":  0.11694787335274244,
"RL":  0.07483284078840138}
,
{ "x":  64,
"greedy000":  0.0,
"greedy050":  0.0,
"greedy100":  0.028761766366368874,
"DP_05":  0.0,
"DP_30":  0.0,
"DP_60":  0.0,
"DP_95":  0.02701387095069278,
"QL_09":  0.19951445972790313,
"QL_05":  0.11403898884925474,
"RL":  0.07852776196038361}
,
{ "x":  72,
"greedy000":  0.0,
"greedy050":  0.0,
"greedy100":  0.012154387755248974,
"DP_05":  0.0,
"DP_30":  0.0,
"DP_60":  0.0,
"DP_95":  0.01275370489412012,
"QL_09":  0.19267917652161282,
"QL_05":  0.11405331062190394,
"RL":  0.08149059561242064}
]}
