{ "x_label":"LC",
"y_label":"Federation Rate",
 "results":[
{ "x":  0,
"greedy000":  0.0,
"greedy050":  0.0,
"greedy100":  0.5260437293366615,
"DP_05":  0.0,
"DP_30":  0.0,
"DP_60":  0.0,
"DP_95":  0.6995243939501524,
"QL_09":  0.5260437293366615,
"QL_05":  0.5260437293366615,
"RL":  0.706349214543153}
,
{ "x":  8,
"greedy000":  0.0,
"greedy050":  0.0,
"greedy100":  0.38336070369044883,
"DP_05":  0.0,
"DP_30":  0.0,
"DP_60":  0.0,
"DP_95":  0.1991837687744184,
"QL_09":  0.3831752758667048,
"QL_05":  0.382586815660437,
"RL":  0.19908685950774846}
,
{ "x":  16,
"greedy000":  0.0,
"greedy050":  0.0,
"greedy100":  0.3109066532071408,
"DP_05":  0.0,
"DP_30":  0.0,
"DP_60":  0.0,
"DP_95":  0.14433835176600976,
"QL_09":  0.31083611396183963,
"QL_05":  0.3100926477763769,
"RL":  0.15863378403196707}
,
{ "x":  24,
"greedy000":  0.0,
"greedy050":  0.0,
"greedy100":  0.2636114988715949,
"DP_05":  0.0,
"DP_30":  0.0,
"DP_60":  0.0,
"DP_95":  0.14035992164179265,
"QL_09":  0.264921772714665,
"QL_05":  0.26371114760706943,
"RL":  0.14303236449479945}
,
{ "x":  32,
"greedy000":  0.0,
"greedy050":  0.0,
"greedy100":  0.21320941324196543,
"DP_05":  0.0,
"DP_30":  0.0,
"DP_60":  0.0,
"DP_95":  0.12465579124695063,
"QL_09":  0.21471366149050453,
"QL_05":  0.21345201536519415,
"RL":  0.13159564708727306}
,
{ "x":  40,
"greedy000":  0.0,
"greedy050":  0.0,
"greedy100":  0.1499606836696642,
"DP_05":  0.0,
"DP_30":  0.0,
"DP_60":  0.0,
"DP_95":  0.10353993715229808,
"QL_09":  0.1518285440009351,
"QL_05":  0.1519468457697154,
"RL":  0.11387977215304619}
,
{ "x":  48,
"greedy000":  0.0,
"greedy050":  0.0,
"greedy100":  0.10297405842171167,
"DP_05":  0.0,
"DP_30":  0.0,
"DP_60":  0.0,
"DP_95":  0.07791926175424228,
"QL_09":  0.10661655021813307,
"QL_05":  0.10622090555399002,
"RL":  0.0912866038823842}
]}
