{ "x_label":"LC",
"y_label":"Federation Rate",
 "results":[
{ "x":  0,
"greedy000":  0.0,
"greedy050":  0.0,
"greedy100":  0.5322728904237573,
"DP_05":  0.0,
"DP_30":  0.0,
"DP_60":  0.0,
"DP_95":  0.7011797060310492,
"QL_09":  0.5322460663894224,
"QL_05":  0.5322728904237573,
"RL":  0.7090894332500146}
,
{ "x":  8,
"greedy000":  0.0,
"greedy050":  0.0,
"greedy100":  0.388131165643357,
"DP_05":  0.0,
"DP_30":  0.0,
"DP_60":  0.0,
"DP_95":  0.20259040187152055,
"QL_09":  0.38853134933333694,
"QL_05":  0.38775835109113604,
"RL":  0.20096214509625612}
,
{ "x":  16,
"greedy000":  0.0,
"greedy050":  0.0,
"greedy100":  0.32537055996354536,
"DP_05":  0.0,
"DP_30":  0.0,
"DP_60":  0.0,
"DP_95":  0.14634667951781904,
"QL_09":  0.3255618032466455,
"QL_05":  0.32499895230654496,
"RL":  0.16167296914569224}
,
{ "x":  24,
"greedy000":  0.0,
"greedy050":  0.0,
"greedy100":  0.26674452756185385,
"DP_05":  0.0,
"DP_30":  0.0,
"DP_60":  0.0,
"DP_95":  0.13963642091196962,
"QL_09":  0.26762391917968886,
"QL_05":  0.267868274855012,
"RL":  0.14804733142248677}
,
{ "x":  32,
"greedy000":  0.0,
"greedy050":  0.0,
"greedy100":  0.21045076365312373,
"DP_05":  0.0,
"DP_30":  0.0,
"DP_60":  0.0,
"DP_95":  0.12561310770185358,
"QL_09":  0.21015744349217558,
"QL_05":  0.21075637523030027,
"RL":  0.13126653508696756}
,
{ "x":  40,
"greedy000":  0.0,
"greedy050":  0.0,
"greedy100":  0.15792501267132705,
"DP_05":  0.0,
"DP_30":  0.0,
"DP_60":  0.0,
"DP_95":  0.10579579547871416,
"QL_09":  0.15641872601723406,
"QL_05":  0.15813977587876138,
"RL":  0.11487442380886595}
]}
