{ "x_label":"LC",
"y_label":"Average Profit",
 "results":[
{ "x":  0,
"greedy000":  0.0,
"greedy050":  0.0,
"greedy100":  30.28290617189922,
"DP_05":  0.0,
"DP_30":  0.0,
"DP_60":  0.0,
"DP_95":  46.89203658063142,
"QL_09":  30.28290617189922,
"QL_05":  30.28290617189922,
"RL":  45.926538369808625}
,
{ "x":  8,
"greedy000":  0.0,
"greedy050":  0.0,
"greedy100":  44.66825448958619,
"DP_05":  0.0,
"DP_30":  0.0,
"DP_60":  0.0,
"DP_95":  64.7264890450207,
"QL_09":  44.69183624230663,
"QL_05":  44.66468632403711,
"RL":  63.89130781278743}
,
{ "x":  16,
"greedy000":  0.0,
"greedy050":  0.0,
"greedy100":  52.25946740443716,
"DP_05":  0.0,
"DP_30":  0.0,
"DP_60":  0.0,
"DP_95":  68.3444066134448,
"QL_09":  52.27974342534609,
"QL_05":  52.253577796246326,
"RL":  66.9064317813596}
,
{ "x":  24,
"greedy000":  0.0,
"greedy050":  0.0,
"greedy100":  60.09256854907416,
"DP_05":  0.0,
"DP_30":  0.0,
"DP_60":  0.0,
"DP_95":  70.01912695266468,
"QL_09":  59.991725271585594,
"QL_05":  60.03904781311168,
"RL":  69.09083479861167}
,
{ "x":  32,
"greedy000":  0.0,
"greedy050":  0.0,
"greedy100":  64.67743920106807,
"DP_05":  0.0,
"DP_30":  0.0,
"DP_60":  0.0,
"DP_95":  70.9354929117095,
"QL_09":  64.53737234472935,
"QL_05":  64.59372001146487,
"RL":  70.16978988115002}
,
{ "x":  40,
"greedy000":  0.0,
"greedy050":  0.0,
"greedy100":  68.39823015671027,
"DP_05":  0.0,
"DP_30":  0.0,
"DP_60":  0.0,
"DP_95":  71.96639764011675,
"QL_09":  68.13849522370765,
"QL_05":  68.19305280590525,
"RL":  71.15045172627967}
,
{ "x":  48,
"greedy000":  0.0,
"greedy050":  0.0,
"greedy100":  70.51039169763769,
"DP_05":  0.0,
"DP_30":  0.0,
"DP_60":  0.0,
"DP_95":  72.42110444470578,
"QL_09":  70.05605670565306,
"QL_05":  70.0545384453069,
"RL":  71.60033990355356}
]}
