{ "x_label":"LC",
"y_label":"Average Profit",
 "results":[
{ "x":  0,
"greedy000":  0.0,
"greedy050":  0.0,
"greedy100":  30.136458531318766,
"DP_05":  0.0,
"DP_30":  0.0,
"DP_60":  0.0,
"DP_95":  47.06357580905703,
"QL_09":  44.821791314513206,
"QL_05":  38.57128817912756,
"RL":  45.965673121435664}
,
{ "x":  8,
"greedy000":  0.0,
"greedy050":  0.0,
"greedy100":  44.306969224931905,
"DP_05":  0.0,
"DP_30":  0.0,
"DP_60":  0.0,
"DP_95":  64.941229016359,
"QL_09":  60.23609280427054,
"QL_05":  53.4477503921654,
"RL":  64.0315467484941}
,
{ "x":  16,
"greedy000":  0.0,
"greedy050":  0.0,
"greedy100":  52.47878467288449,
"DP_05":  0.0,
"DP_30":  0.0,
"DP_60":  0.0,
"DP_95":  68.23453874308117,
"QL_09":  63.315552534194254,
"QL_05":  59.72139522207419,
"RL":  67.18129060518291}
,
{ "x":  24,
"greedy000":  0.0,
"greedy050":  0.0,
"greedy100":  59.55955051364358,
"DP_05":  0.0,
"DP_30":  0.0,
"DP_60":  0.0,
"DP_95":  69.61235338692612,
"QL_09":  65.16247832336417,
"QL_05":  64.68830372627798,
"RL":  68.81496333775783}
,
{ "x":  32,
"greedy000":  0.0,
"greedy050":  0.0,
"greedy100":  64.97681888219304,
"DP_05":  0.0,
"DP_30":  0.0,
"DP_60":  0.0,
"DP_95":  71.1646193000644,
"QL_09":  66.87982751914498,
"QL_05":  67.98044068947176,
"RL":  70.52341680043764}
,
{ "x":  40,
"greedy000":  0.0,
"greedy050":  0.0,
"greedy100":  68.16413741282204,
"DP_05":  0.0,
"DP_30":  0.0,
"DP_60":  0.0,
"DP_95":  71.75133596839564,
"QL_09":  66.85349779781218,
"QL_05":  69.94222017073925,
"RL":  71.0245371263467}
,
{ "x":  48,
"greedy000":  0.0,
"greedy050":  0.0,
"greedy100":  70.60358016343007,
"DP_05":  0.0,
"DP_30":  0.0,
"DP_60":  0.0,
"DP_95":  72.354371143243,
"QL_09":  67.21715129253133,
"QL_05":  70.99435518797868,
"RL":  71.60527363789383}
,
{ "x":  56,
"greedy000":  0.0,
"greedy050":  0.0,
"greedy100":  71.93749673751545,
"DP_05":  0.0,
"DP_30":  0.0,
"DP_60":  0.0,
"DP_95":  72.84595584106047,
"QL_09":  67.0453960292314,
"QL_05":  71.02777378367384,
"RL":  71.99452091330582}
,
{ "x":  64,
"greedy000":  0.0,
"greedy050":  0.0,
"greedy100":  72.66749101676628,
"DP_05":  0.0,
"DP_30":  0.0,
"DP_60":  0.0,
"DP_95":  73.02551864009305,
"QL_09":  67.13397976486856,
"QL_05":  71.04632581999722,
"RL":  72.06943364228803}
,
{ "x":  72,
"greedy000":  0.0,
"greedy050":  0.0,
"greedy100":  73.13200148219255,
"DP_05":  0.0,
"DP_30":  0.0,
"DP_60":  0.0,
"DP_95":  73.27004049536781,
"QL_09":  67.11551239008291,
"QL_05":  71.15456130920714,
"RL":  72.01875100207467}
,
{ "x":  80,
"greedy000":  0.0,
"greedy050":  0.0,
"greedy100":  73.58416952071528,
"DP_05":  0.0,
"DP_30":  0.0,
"DP_60":  0.0,
"DP_95":  73.60573435923536,
"QL_09":  67.22431716697388,
"QL_05":  71.48552601567992,
"RL":  72.34258690358601}
]}
