{ "x_label":"LC",
"y_label":"Average Profit",
 "results":[
{ "x":  0,
"greedy000":  0.0,
"greedy050":  0.0,
"greedy100":  30.542686261043183,
"DP_05":  0.0,
"DP_30":  0.0,
"DP_60":  0.0,
"DP_95":  46.979356887450614,
"QL_09":  30.543759222416572,
"QL_05":  30.542686261043183,
"RL":  46.161165193647406}
,
{ "x":  8,
"greedy000":  0.0,
"greedy050":  0.0,
"greedy100":  44.53567909946907,
"DP_05":  0.0,
"DP_30":  0.0,
"DP_60":  0.0,
"DP_95":  65.17104082548596,
"QL_09":  44.542171796993784,
"QL_05":  44.54041351746327,
"RL":  63.98970672247974}
,
{ "x":  16,
"greedy000":  0.0,
"greedy050":  0.0,
"greedy100":  53.49151747940398,
"DP_05":  0.0,
"DP_30":  0.0,
"DP_60":  0.0,
"DP_95":  68.7705707997525,
"QL_09":  53.50782295044719,
"QL_05":  53.437898382632774,
"RL":  67.64064930212812}
,
{ "x":  24,
"greedy000":  0.0,
"greedy050":  0.0,
"greedy100":  59.436787803826554,
"DP_05":  0.0,
"DP_30":  0.0,
"DP_60":  0.0,
"DP_95":  69.77045815191639,
"QL_09":  59.409208964231155,
"QL_05":  59.32959908616583,
"RL":  68.92608809311358}
,
{ "x":  32,
"greedy000":  0.0,
"greedy050":  0.0,
"greedy100":  64.13932975878703,
"DP_05":  0.0,
"DP_30":  0.0,
"DP_60":  0.0,
"DP_95":  70.5457843557245,
"QL_09":  64.01934740536007,
"QL_05":  64.02828794814927,
"RL":  69.76401134945333}
,
{ "x":  40,
"greedy000":  0.0,
"greedy050":  0.0,
"greedy100":  67.77962513922063,
"DP_05":  0.0,
"DP_30":  0.0,
"DP_60":  0.0,
"DP_95":  71.43158280138236,
"QL_09":  67.6066832588217,
"QL_05":  67.54994373072972,
"RL":  70.59573264592979}
]}
