{ "x_label":"l",
"y_label":"Acceptance Rate",
 "results":[
{ "x":  1.2000000000000002,
"greedy000":  0.0,
"greedy050":  0.0,
"greedy100":  0.7357714285714286,
"DP_05":  0.0,
"DP_30":  0.0,
"DP_60":  0.0,
"DP_95":  0.8192285714285715,
"QL_09":  0.6845428571428573,
"QL_05":  0.7846571428571429,
"RL":  0.805742857142857}
,
{ "x":  0.8999999999999999,
"greedy000":  0.0,
"greedy050":  0.0,
"greedy100":  0.9205714285714286,
"DP_05":  0.0,
"DP_30":  0.0,
"DP_60":  0.0,
"DP_95":  0.9320000000000002,
"QL_09":  0.662Unknown state:  [(5, 7)(0, 0)],(1, 0),
"QL_05":,
"RL":}
,
{ "x":  1.2,
"greedy000":  0.0,
"greedy050":  0.0,
"greedy100":  0.8341428571428571,
"DP_05":  0.0,
"DP_30":  0.0,
"DP_60":  0.0,
"DP_95":  0.8699642857142856,
"QL_09":  0.6485000000000001,
"QL_05":  0.8204285714285715,
"RL":  0.8432857142857142}
,
{ "x":  1.5,
"greedy000":  0.0,
"greedy050":  0.0,
"greedy100":  0.7525357142857142,
"DP_05":  0.0,
"DP_30":  0.0,
"DP_60":  0.0,
"DP_95":  0.8303928571428572,
"QL_09":  0.631,
"QL_05":  0.7867142857142857,
"RL":  0.8072142857142858}
,
{ "x":  1.8,
"greedy000":  0.0,
"greedy050":  0.0,
"greedy100":  0.6828214285714287,
"DP_05":  0.0,
"DP_30":  0.0,
"DP_60":  0.0,
"DP_95":  0.7968571428571429,
"QL_09":  0.6230714285714286,
"QL_05":  0.74575,
"RL":  0.7761071428571429}
,
{ "x":  2.0999999999999996,
"greedy000":  0.0,
"greedy050":  0.0,
"greedy100":  0.6214285714285713,
"DP_05":  0.0,
"DP_30":  0.0,
"DP_60":  0.0,
"DP_95":  0.7694285714285716,
"QL_09":  0.6302500000000001,
"QL_05":  0.7090714285714285,
"RL":  0.7457142857142858}
,
{ "x":  3.6,
"greedy000":  0.0,
"greedy050":  0.0,
"greedy100":  0.38262857142857143,
"DP_05":  0.0,
"DP_30":  0.0,
"DP_60":  0.0,
"DP_95":  0.6812857142857143,
"QL_09":  0.5205428571428572,
"QL_05":  0.5388,
"RL":  0.6164}
,
{ "x":  4.0,
"greedy000":  0.0,
"greedy050":  0.0,
"greedy100":  0.3638,
"DP_05":  0.0,
"DP_30":  0.0,
"DP_60":  0.0,
"DP_95":  0.6701142857142858,
"QL_09":  0.5015142857142857,
"QL_05":  0.5016857142857143,
"RL":  0.5985428571428572}
,
{ "x":  4.4,
"greedy000":  0.0,
"greedy050":  0.0,
"greedy100":  0.33865714285714293,
"DP_05":  0.0,
"DP_30":  0.0,
"DP_60":  0.0,
"DP_95":  0.6677142857142856,
"QL_09":  0.48954285714285717,
"QL_05":  0.4777142857142857,
"RL":  0.5687428571428572}
]}
