{ "x_label":"l",
"y_label":"Average Profit",
 "results":[
{ "x":  1.2000000000000002,
"greedy000":  0.0,
"greedy050":  0.0,
"greedy100":  65.199,
"DP_05":  0.0,
"DP_30":  0.0,
"DP_60":  0.0,
"DP_95":  71.27571428571429,
"QL_09":  66.13428571428572,
"QL_05":  68.68342857142856,
"RL":  70.06714285714285}
,
{ "x":  0.8999999999999999,
"greedy000":  0.0,
"greedy050":  0.0,
"greedy100":  72.03339285714286,
"DP_05":  0.0,
"DP_30":  0.0,
"DP_60":  0.0,
"DP_95":  73.08964285714285,
"QL_09":  65.76535714285714,
"QL_05":  71.18482142857142,
"RL":  72.26964285714287}
,
{ "x":  1.2,
"greedy000":  0.0,
"greedy050":  0.0,
"greedy100":  68.78642857142857,
"DP_05":  0.0,
"DP_30":  0.0,
"DP_60":  0.0,
"DP_95":  71.7175,
"QL_09":  64.43821428571428,
"QL_05":  69.8130357142857,
"RL":  70.4094642857143}
,
{ "x":  1.5,
"greedy000":  0.0,
"greedy050":  0.0,
"greedy100":  66.29071428571429,
"DP_05":  0.0,
"DP_30":  0.0,
"DP_60":  0.0,
"DP_95":  71.90160714285715,
"QL_09":  63.91196428571429,
"QL_05":  68.99196428571429,
"RL":  70.05160714285714}
,
{ "x":  1.8,
"greedy000":  0.0,
"greedy050":  0.0,
"greedy100":  62.703571428571436,
"DP_05":  0.0,
"DP_30":  0.0,
"DP_60":  0.0,
"DP_95":  71.02017857142857,
"QL_09":  62.98232142857143,
"QL_05":  67.45107142857142,
"RL":  68.98946428571428}
,
{ "x":  2.0999999999999996,
"greedy000":  0.0,
"greedy050":  0.0,
"greedy100":  59.224821428571424,
"DP_05":  0.0,
"DP_30":  0.0,
"DP_60":  0.0,
"DP_95":  70.77892857142857,
"QL_09":  63.10285714285715,
"QL_05":  65.94357142857143,
"RL":  68.24553571428571}
,
{ "x":  3.6,
"greedy000":  0.0,
"greedy050":  0.0,
"greedy100":  43.77614285714286,
"DP_05":  0.0,
"DP_30":  0.0,
"DP_60":  0.0,
"DP_95":  68.782,
"QL_09":  57.00428571428572,
"QL_05":  56.65385714285714,
"RL":  63.335}
,
{ "x":  4.0,
"greedy000":  0.0,
"greedy050":  0.0,
"greedy100":  42.25714285714286,
"DP_05":  0.0,
"DP_30":  0.0,
"DP_60":  0.0,
"DP_95":  68.51242857142857,
"QL_09":  55.380857142857145,
"QL_05":  54.29728571428571,
"RL":  62.12914285714287}
,
{ "x":  4.4,
"greedy000":  0.0,
"greedy050":  0.0,
"greedy100":  40.27542857142857,
"DP_05":  0.0,
"DP_30":  0.0,
"DP_60":  0.0,
"DP_95":  68.54114285714284,
"QL_09":  54.25299999999999,
"QL_05":  52.53714285714286,
"RL":  60.38414285714286}
]}
