{ "x_label":"episode",
"y_label":"Acceptance Rate",
 "results":[
{ "x":  10,
"greedy000":  0.0,
"greedy050":  0.0,
"greedy100":  0.6752757600215228,
"DP_05":  0.0,
"DP_30":  0.0,
"DP_60":  0.0,
"DP_95":  0.7826203927898843,
"QL_09":  0.6669357008340059,
"QL_05":  0.6368038740920097,
"RL":  0.7393058918482648}
,
{ "x":  30,
"greedy000":  0.0,
"greedy050":  0.0,
"greedy100":  0.6757044125465178,
"DP_05":  0.0,
"DP_30":  0.0,
"DP_60":  0.0,
"DP_95":  0.7820308346624136,
"QL_09":  0.6674641148325359,
"QL_05":  0.6658692185007975,
"RL":  0.7543859649122807}
,
{ "x":  50,
"greedy000":  0.0,
"greedy050":  0.0,
"greedy100":  0.6851802403204272,
"DP_05":  0.0,
"DP_30":  0.0,
"DP_60":  0.0,
"DP_95":  0.7786381842456609,
"QL_09":  0.6867823765020027,
"QL_05":  0.6899866488651535,
"RL":  0.7810413885180241}
,
{ "x":  70,
"greedy000":  0.0,
"greedy050":  0.0,
"greedy100":  0.6822698744769874,
"DP_05":  0.0,
"DP_30":  0.0,
"DP_60":  0.0,
"DP_95":  0.7926255230125523,
"QL_09":  0.6773012552301255,
"QL_05":  0.6793933054393305,
"RL":  0.7709205020920502}
,
{ "x":  90,
"greedy000":  0.0,
"greedy050":  0.0,
"greedy100":  0.6867924528301886,
"DP_05":  0.0,
"DP_30":  0.0,
"DP_60":  0.0,
"DP_95":  0.7867924528301887,
"QL_09":  0.6803234501347709,
"QL_05":  0.6876010781671159,
"RL":  0.7719676549865229}
,
{ "x":  110,
"greedy000":  0.0,
"greedy050":  0.0,
"greedy100":  0.6781392847539661,
"DP_05":  0.0,
"DP_30":  0.0,
"DP_60":  0.0,
"DP_95":  0.7733261629470287,
"QL_09":  0.6762570583490185,
"QL_05":  0.6727614950255445,
"RL":  0.7757461683248185}
,
{ "x":  130,
"greedy000":  0.0,
"greedy050":  0.0,
"greedy100":  0.6772186147186147,
"DP_05":  0.0,
"DP_30":  0.0,
"DP_60":  0.0,
"DP_95":  0.7708333333333334,
"QL_09":  0.6753246753246753,
"QL_05":  0.6737012987012987,
"RL":  0.7708333333333334}
,
{ "x":  150,
"greedy000":  0.0,
"greedy050":  0.0,
"greedy100":  0.6540627514078842,
"DP_05":  0.0,
"DP_30":  0.0,
"DP_60":  0.0,
"DP_95":  0.77822472512738,
"QL_09":  0.6567444355054974,
"QL_05":  0.6596942880128721,
"RL":  0.7725931885223921}
,
{ "x":  170,
"greedy000":  0.0,
"greedy050":  0.0,
"greedy100":  0.6642296236122394,
"DP_05":  0.0,
"DP_30":  0.0,
"DP_60":  0.0,
"DP_95":  0.7798537774167343,
"QL_09":  0.6623341456810181,
"QL_05":  0.6631464933658272,
"RL":  0.7801245599783374}
,
{ "x":  190,
"greedy000":  0.0,
"greedy050":  0.0,
"greedy100":  0.6913546997037436,
"DP_05":  0.0,
"DP_30":  0.0,
"DP_60":  0.0,
"DP_95":  0.7866953945596553,
"QL_09":  0.68758416374899,
"QL_05":  0.6905467277134393,
"RL":  0.7826555346081335}
,
{ "x":  210,
"greedy000":  0.0,
"greedy050":  0.0,
"greedy100":  0.6570597567424643,
"DP_05":  0.0,
"DP_30":  0.0,
"DP_60":  0.0,
"DP_95":  0.7734003172924379,
"QL_09":  0.6544156530936013,
"QL_05":  0.6525647805393971,
"RL":  0.7794817556848228}
]}
