{ "x_label":"episode",
"y_label":"Acceptance Rate",
 "results":[
{ "x":  10,
"greedy000":  0.0,
"greedy050":  0.0,
"greedy100":  0.6989473684210527,
"DP_05":  0.0,
"DP_30":  0.0,
"DP_60":  0.0,
"DP_95":  0.796578947368421,
"QL_09":  0.5063157894736842,
"QL_05":  0.6568421052631579,
"RL":  0.7394736842105263}
,
{ "x":  30,
"greedy000":  0.0,
"greedy050":  0.0,
"greedy100":  0.6912466843501326,
"DP_05":  0.0,
"DP_30":  0.0,
"DP_60":  0.0,
"DP_95":  0.7915119363395225,
"QL_09":  0.5946949602122016,
"QL_05":  0.6928381962864721,
"RL":  0.7602122015915119}
,
{ "x":  50,
"greedy000":  0.0,
"greedy050":  0.0,
"greedy100":  0.6871907641561298,
"DP_05":  0.0,
"DP_30":  0.0,
"DP_60":  0.0,
"DP_95":  0.7735019241341397,
"QL_09":  0.6437603078614623,
"QL_05":  0.7462891698735569,
"RL":  0.7688290269378779}
,
{ "x":  70,
"greedy000":  0.0,
"greedy050":  0.0,
"greedy100":  0.6646421969897016,
"DP_05":  0.0,
"DP_30":  0.0,
"DP_60":  0.0,
"DP_95":  0.779772907314497,
"QL_09":  0.6435172960126749,
"QL_05":  0.7335621864272511,
"RL":  0.7784526010034328}
,
{ "x":  90,
"greedy000":  0.0,
"greedy050":  0.0,
"greedy100":  0.6711891460494812,
"DP_05":  0.0,
"DP_30":  0.0,
"DP_60":  0.0,
"DP_95":  0.7813248204309656,
"QL_09":  0.6709231178504922,
"QL_05":  0.7318435754189944,
"RL":  0.7818568768289439}
,
{ "x":  110,
"greedy000":  0.0,
"greedy050":  0.0,
"greedy100":  0.6527554842161584,
"DP_05":  0.0,
"DP_30":  0.0,
"DP_60":  0.0,
"DP_95":  0.7728731942215088,
"QL_09":  0.7001070090957732,
"QL_05":  0.7225789192081327,
"RL":  0.7528089887640449}
,
{ "x":  130,
"greedy000":  0.0,
"greedy050":  0.0,
"greedy100":  0.6713490591041611,
"DP_05":  0.0,
"DP_30":  0.0,
"DP_60":  0.0,
"DP_95":  0.7877020938245428,
"QL_09":  0.7092499337397297,
"QL_05":  0.7336337132255499,
"RL":  0.7792207792207793}
,
{ "x":  150,
"greedy000":  0.0,
"greedy050":  0.0,
"greedy100":  0.6735294117647059,
"DP_05":  0.0,
"DP_30":  0.0,
"DP_60":  0.0,
"DP_95":  0.770855614973262,
"QL_09":  0.720855614973262,
"QL_05":  0.7336898395721925,
"RL":  0.7684491978609626}
,
{ "x":  170,
"greedy000":  0.0,
"greedy050":  0.0,
"greedy100":  0.6668419668682619,
"DP_05":  0.0,
"DP_30":  0.0,
"DP_60":  0.0,
"DP_95":  0.7738627399421509,
"QL_09":  0.728898238232974,
"QL_05":  0.7286352879305811,
"RL":  0.7641335787536155}
,
{ "x":  190,
"greedy000":  0.0,
"greedy050":  0.0,
"greedy100":  0.7288509231193167,
"DP_05":  0.0,
"DP_30":  0.0,
"DP_60":  0.0,
"DP_95":  0.799669330394048,
"QL_09":  0.7536511435657206,
"QL_05":  0.7660512537889226,
"RL":  0.7960870763295673}
,
{ "x":  210,
"greedy000":  0.0,
"greedy050":  0.0,
"greedy100":  0.6810570381998954,
"DP_05":  0.0,
"DP_30":  0.0,
"DP_60":  0.0,
"DP_95":  0.7851909994767138,
"QL_09":  0.7464678178963893,
"QL_05":  0.7509157509157509,
"RL":  0.7760334903192047}
]}
