{ "x_label":"episode",
"y_label":"Acceptance Rate",
 "results":[
{ "x":  10,
"greedy000":  0.0,
"greedy050":  0.0,
"greedy100":  0.6761776581426648,
"DP_05":  0.0,
"DP_30":  0.0,
"DP_60":  0.0,
"DP_95":  0.7860026917900403,
"QL_09":  0.6605652759084791,
"QL_05":  0.6576043068640646,
"RL":  0.7402422611036339}
,
{ "x":  30,
"greedy000":  0.0,
"greedy050":  0.0,
"greedy100":  0.6825189443428272,
"DP_05":  0.0,
"DP_30":  0.0,
"DP_60":  0.0,
"DP_95":  0.7993206166710217,
"QL_09":  0.682257643062451,
"QL_05":  0.679383328978312,
"RL":  0.7538541938855501}
,
{ "x":  50,
"greedy000":  0.0,
"greedy050":  0.0,
"greedy100":  0.6903091712133022,
"DP_05":  0.0,
"DP_30":  0.0,
"DP_60":  0.0,
"DP_95":  0.7866978435957391,
"QL_09":  0.691348402182385,
"QL_05":  0.6918680176669265,
"RL":  0.7739672642244739}
,
{ "x":  70,
"greedy000":  0.0,
"greedy050":  0.0,
"greedy100":  0.6832050941894402,
"DP_05":  0.0,
"DP_30":  0.0,
"DP_60":  0.0,
"DP_95":  0.7755372777925179,
"QL_09":  0.6810825152560361,
"QL_05":  0.6813478376227116,
"RL":  0.777129211992571}
,
{ "x":  90,
"greedy000":  0.0,
"greedy050":  0.0,
"greedy100":  0.6376773515501839,
"DP_05":  0.0,
"DP_30":  0.0,
"DP_60":  0.0,
"DP_95":  0.7693116132422491,
"QL_09":  0.6382028376248029,
"QL_05":  0.6368891224382554,
"RL":  0.7461902259590121}
,
{ "x":  110,
"greedy000":  0.0,
"greedy050":  0.0,
"greedy100":  0.6992198009147161,
"DP_05":  0.0,
"DP_30":  0.0,
"DP_60":  0.0,
"DP_95":  0.7836965294592413,
"QL_09":  0.6981436642453591,
"QL_05":  0.6970675275760021,
"RL":  0.7710519235942965}
,
{ "x":  130,
"greedy000":  0.0,
"greedy050":  0.0,
"greedy100":  0.6857691253084727,
"DP_05":  0.0,
"DP_30":  0.0,
"DP_60":  0.0,
"DP_95":  0.7850287907869482,
"QL_09":  0.6843981354537977,
"QL_05":  0.6833013435700576,
"RL":  0.7776254455717028}
]}
