{ "x_label":"episode",
"y_label":"Federation Rate",
 "results":[
{ "x":  10,
"greedy000":  0.0,
"greedy050":  0.0,
"greedy100":  0.22611036339165544,
"DP_05":  0.0,
"DP_30":  0.0,
"DP_60":  0.0,
"DP_95":  0.13378196500672948,
"QL_09":  0.22503364737550471,
"QL_05":  0.22126514131897712,
"RL":  0.14912516823687752}
,
{ "x":  30,
"greedy000":  0.0,
"greedy050":  0.0,
"greedy100":  0.22524170368434807,
"DP_05":  0.0,
"DP_30":  0.0,
"DP_60":  0.0,
"DP_95":  0.1188920825712046,
"QL_09":  0.21531225503004964,
"QL_05":  0.2189704729553175,
"RL":  0.14920303109485236}
,
{ "x":  50,
"greedy000":  0.0,
"greedy050":  0.0,
"greedy100":  0.21486100285788517,
"DP_05":  0.0,
"DP_30":  0.0,
"DP_60":  0.0,
"DP_95":  0.13250194855806702,
"QL_09":  0.2112236944660951,
"QL_05":  0.21304234866199012,
"RL":  0.1449727201870616}
,
{ "x":  70,
"greedy000":  0.0,
"greedy050":  0.0,
"greedy100":  0.22101353144070046,
"DP_05":  0.0,
"DP_30":  0.0,
"DP_60":  0.0,
"DP_95":  0.13902892013796764,
"QL_09":  0.2194215972406474,
"QL_05":  0.22180949854072698,
"RL":  0.13876359777129213}
,
{ "x":  90,
"greedy000":  0.0,
"greedy050":  0.0,
"greedy100":  0.22280609563846557,
"DP_05":  0.0,
"DP_30":  0.0,
"DP_60":  0.0,
"DP_95":  0.12243825538623226,
"QL_09":  0.2230688386757751,
"QL_05":  0.2230688386757751,
"RL":  0.1421439831844456}
,
{ "x":  110,
"greedy000":  0.0,
"greedy050":  0.0,
"greedy100":  0.2149582997040624,
"DP_05":  0.0,
"DP_30":  0.0,
"DP_60":  0.0,
"DP_95":  0.13209577616357276,
"QL_09":  0.2144202313693839,
"QL_05":  0.21630347054075869,
"RL":  0.1466236211998924}
,
{ "x":  130,
"greedy000":  0.0,
"greedy050":  0.0,
"greedy100":  0.21853578283520703,
"DP_05":  0.0,
"DP_30":  0.0,
"DP_60":  0.0,
"DP_95":  0.12393748286262682,
"QL_09":  0.21743899095146696,
"QL_05":  0.21853578283520703,
"RL":  0.13545379764189744}
]}
