{ "x_label":"episode",
"y_label":"Federation Rate",
 "results":[
{ "x":  10,
"greedy000":  0.0,
"greedy050":  0.0,
"greedy100":  0.2278719397363465,
"DP_05":  0.0,
"DP_30":  0.0,
"DP_60":  0.0,
"DP_95":  0.129136400322841,
"QL_09":  0.2313693839117568,
"QL_05":  0.25073984396018295,
"RL":  0.15684691955878396}
,
{ "x":  30,
"greedy000":  0.0,
"greedy050":  0.0,
"greedy100":  0.22434875066454013,
"DP_05":  0.0,
"DP_30":  0.0,
"DP_60":  0.0,
"DP_95":  0.12812333864965444,
"QL_09":  0.2307283359914939,
"QL_05":  0.22833599149388623,
"RL":  0.15124933545986177}
,
{ "x":  50,
"greedy000":  0.0,
"greedy050":  0.0,
"greedy100":  0.22029372496662217,
"DP_05":  0.0,
"DP_30":  0.0,
"DP_60":  0.0,
"DP_95":  0.1356475300400534,
"QL_09":  0.2192256341789052,
"QL_05":  0.21789052069425902,
"RL":  0.12656875834445927}
,
{ "x":  70,
"greedy000":  0.0,
"greedy050":  0.0,
"greedy100":  0.2199267782426778,
"DP_05":  0.0,
"DP_30":  0.0,
"DP_60":  0.0,
"DP_95":  0.12264644351464435,
"QL_09":  0.2225418410041841,
"QL_05":  0.22071129707112971,
"RL":  0.14539748953974896}
,
{ "x":  90,
"greedy000":  0.0,
"greedy050":  0.0,
"greedy100":  0.21401617250673854,
"DP_05":  0.0,
"DP_30":  0.0,
"DP_60":  0.0,
"DP_95":  0.12911051212938005,
"QL_09":  0.21671159029649595,
"QL_05":  0.21185983827493263,
"RL":  0.1436657681940701}
,
{ "x":  110,
"greedy000":  0.0,
"greedy050":  0.0,
"greedy100":  0.23500941113202473,
"DP_05":  0.0,
"DP_30":  0.0,
"DP_60":  0.0,
"DP_95":  0.13847808550685667,
"QL_09":  0.23769830599623554,
"QL_05":  0.24011831137402528,
"RL":  0.14036031191180426}
,
{ "x":  130,
"greedy000":  0.0,
"greedy050":  0.0,
"greedy100":  0.22213203463203463,
"DP_05":  0.0,
"DP_30":  0.0,
"DP_60":  0.0,
"DP_95":  0.13744588744588745,
"QL_09":  0.22456709956709955,
"QL_05":  0.2259199134199134,
"RL":  0.13284632034632035}
,
{ "x":  150,
"greedy000":  0.0,
"greedy050":  0.0,
"greedy100":  0.24617860016090104,
"DP_05":  0.0,
"DP_30":  0.0,
"DP_60":  0.0,
"DP_95":  0.13649772056851703,
"QL_09":  0.24161973719495844,
"QL_05":  0.2367927058192545,
"RL":  0.14373826763207295}
,
{ "x":  170,
"greedy000":  0.0,
"greedy050":  0.0,
"greedy100":  0.22366639588410506,
"DP_05":  0.0,
"DP_30":  0.0,
"DP_60":  0.0,
"DP_95":  0.12591389114541024,
"QL_09":  0.22339561332250202,
"QL_05":  0.2215001353912808,
"RL":  0.12239371784457082}
,
{ "x":  190,
"greedy000":  0.0,
"greedy050":  0.0,
"greedy100":  0.20980339348235927,
"DP_05":  0.0,
"DP_30":  0.0,
"DP_60":  0.0,
"DP_95":  0.12954484244546188,
"QL_09":  0.21222730945327228,
"QL_05":  0.20953406948559117,
"RL":  0.13412335039051979}
,
{ "x":  210,
"greedy000":  0.0,
"greedy050":  0.0,
"greedy100":  0.2374405076679006,
"DP_05":  0.0,
"DP_30":  0.0,
"DP_60":  0.0,
"DP_95":  0.1337916446324696,
"QL_09":  0.2382337387625595,
"QL_05":  0.24061343204653624,
"RL":  0.13167636171337915}
]}
