{ "x_label":"episode",
"y_label":"Federation Rate",
 "results":[
{ "x":  10,
"greedy000":  0.0,
"greedy050":  0.0,
"greedy100":  0.22289473684210526,
"DP_05":  0.0,
"DP_30":  0.0,
"DP_60":  0.0,
"DP_95":  0.13052631578947368,
"QL_09":  0.30394736842105263,
"QL_05":  0.2318421052631579,
"RL":  0.15947368421052632}
,
{ "x":  30,
"greedy000":  0.0,
"greedy050":  0.0,
"greedy100":  0.2090185676392573,
"DP_05":  0.0,
"DP_30":  0.0,
"DP_60":  0.0,
"DP_95":  0.1246684350132626,
"QL_09":  0.2493368700265252,
"QL_05":  0.20053050397877983,
"RL":  0.14615384615384616}
,
{ "x":  50,
"greedy000":  0.0,
"greedy050":  0.0,
"greedy100":  0.21467839472237493,
"DP_05":  0.0,
"DP_30":  0.0,
"DP_60":  0.0,
"DP_95":  0.1371632765255635,
"QL_09":  0.2234744365035734,
"QL_05":  0.15667949422759758,
"RL":  0.14540956569543706}
,
{ "x":  70,
"greedy000":  0.0,
"greedy050":  0.0,
"greedy100":  0.2445207288090837,
"DP_05":  0.0,
"DP_30":  0.0,
"DP_60":  0.0,
"DP_95":  0.13176656984420385,
"QL_09":  0.24557697385793503,
"QL_05":  0.17507261684710854,
"RL":  0.1351993662529707}
,
{ "x":  90,
"greedy000":  0.0,
"greedy050":  0.0,
"greedy100":  0.23224261771747806,
"DP_05":  0.0,
"DP_30":  0.0,
"DP_60":  0.0,
"DP_95":  0.13248204309656825,
"QL_09":  0.2194732641660016,
"QL_05":  0.1750465549348231,
"RL":  0.13540835328544826}
,
{ "x":  110,
"greedy000":  0.0,
"greedy050":  0.0,
"greedy100":  0.2298020331728197,
"DP_05":  0.0,
"DP_30":  0.0,
"DP_60":  0.0,
"DP_95":  0.128143392188336,
"QL_09":  0.19074371321562333,
"QL_05":  0.17736757624398075,
"RL":  0.1471375066880685}
,
{ "x":  130,
"greedy000":  0.0,
"greedy050":  0.0,
"greedy100":  0.21706864564007422,
"DP_05":  0.0,
"DP_30":  0.0,
"DP_60":  0.0,
"DP_95":  0.12377418499867479,
"QL_09":  0.18340842830638748,
"QL_05":  0.16034985422740525,
"RL":  0.12907500662602703}
,
{ "x":  150,
"greedy000":  0.0,
"greedy050":  0.0,
"greedy100":  0.2197860962566845,
"DP_05":  0.0,
"DP_30":  0.0,
"DP_60":  0.0,
"DP_95":  0.13636363636363635,
"QL_09":  0.17647058823529413,
"QL_05":  0.16497326203208557,
"RL":  0.1411764705882353}
,
{ "x":  170,
"greedy000":  0.0,
"greedy050":  0.0,
"greedy100":  0.22271890612674206,
"DP_05":  0.0,
"DP_30":  0.0,
"DP_60":  0.0,
"DP_95":  0.13016039968445964,
"QL_09":  0.164080988693137,
"QL_05":  0.17065474625295818,
"RL":  0.13804890875624506}
,
{ "x":  190,
"greedy000":  0.0,
"greedy050":  0.0,
"greedy100":  0.2099751997795536,
"DP_05":  0.0,
"DP_30":  0.0,
"DP_60":  0.0,
"DP_95":  0.1330945163957013,
"QL_09":  0.1705704050702673,
"QL_05":  0.17553044915954807,
"RL":  0.13640121245522183}
,
{ "x":  210,
"greedy000":  0.0,
"greedy050":  0.0,
"greedy100":  0.21454735740450026,
"DP_05":  0.0,
"DP_30":  0.0,
"DP_60":  0.0,
"DP_95":  0.12558869701726844,
"QL_09":  0.15567765567765568,
"QL_05":  0.15384615384615385,
"RL":  0.12872841444270017}
]}
