{ "x_label":"episode",
"y_label":"Average Profit",
 "results":[
{ "x":  10,
"greedy000":  0.0,
"greedy050":  0.0,
"greedy100":  63.29163303739575,
"DP_05":  0.0,
"DP_30":  0.0,
"DP_60":  0.0,
"DP_95":  70.2542372881356,
"QL_09":  63.19478073715362,
"QL_05":  61.88458434221146,
"RL":  66.8361581920904}
,
{ "x":  30,
"greedy000":  0.0,
"greedy050":  0.0,
"greedy100":  63.122009569377994,
"DP_05":  0.0,
"DP_30":  0.0,
"DP_60":  0.0,
"DP_95":  70.11297182349814,
"QL_09":  62.931951089845825,
"QL_05":  62.55582137161085,
"RL":  68.30010632642211}
,
{ "x":  50,
"greedy000":  0.0,
"greedy050":  0.0,
"greedy100":  63.054739652870495,
"DP_05":  0.0,
"DP_30":  0.0,
"DP_60":  0.0,
"DP_95":  70.03337783711615,
"QL_09":  63.14018691588785,
"QL_05":  63.41388518024032,
"RL":  69.19492656875835}
,
{ "x":  70,
"greedy000":  0.0,
"greedy050":  0.0,
"greedy100":  64.2913179916318,
"DP_05":  0.0,
"DP_30":  0.0,
"DP_60":  0.0,
"DP_95":  71.5598849372385,
"QL_09":  64.06903765690376,
"QL_05":  64.13049163179916,
"RL":  69.9529288702929}
,
{ "x":  90,
"greedy000":  0.0,
"greedy050":  0.0,
"greedy100":  63.98921832884097,
"DP_05":  0.0,
"DP_30":  0.0,
"DP_60":  0.0,
"DP_95":  70.83962264150944,
"QL_09":  63.58355795148248,
"QL_05":  63.94204851752021,
"RL":  70.03369272237197}
,
{ "x":  110,
"greedy000":  0.0,
"greedy050":  0.0,
"greedy100":  63.876041946759884,
"DP_05":  0.0,
"DP_30":  0.0,
"DP_60":  0.0,
"DP_95":  70.17746706103792,
"QL_09":  63.88948642108094,
"QL_05":  63.75773057273461,
"RL":  69.20274267276149}
,
{ "x":  130,
"greedy000":  0.0,
"greedy050":  0.0,
"greedy100":  62.70698051948052,
"DP_05":  0.0,
"DP_30":  0.0,
"DP_60":  0.0,
"DP_95":  69.32224025974025,
"QL_09":  62.7732683982684,
"QL_05":  62.72727272727273,
"RL":  68.72429653679653}
,
{ "x":  150,
"greedy000":  0.0,
"greedy050":  0.0,
"greedy100":  63.08661839635291,
"DP_05":  0.0,
"DP_30":  0.0,
"DP_60":  0.0,
"DP_95":  71.01635827299545,
"QL_09":  62.97801019039957,
"QL_05":  62.984714400643604,
"RL":  70.34057388039689}
,
{ "x":  170,
"greedy000":  0.0,
"greedy050":  0.0,
"greedy100":  62.77010560519903,
"DP_05":  0.0,
"DP_30":  0.0,
"DP_60":  0.0,
"DP_95":  70.53344164635797,
"QL_09":  62.56431085838072,
"QL_05":  62.526401299756294,
"RL":  69.96209044137558}
,
{ "x":  190,
"greedy000":  0.0,
"greedy050":  0.0,
"greedy100":  63.69781847562618,
"DP_05":  0.0,
"DP_30":  0.0,
"DP_60":  0.0,
"DP_95":  70.73660113116078,
"QL_09":  63.50525181793698,
"QL_05":  63.62779423646647,
"RL":  70.46323727444116}
,
{ "x":  210,
"greedy000":  0.0,
"greedy050":  0.0,
"greedy100":  62.84505552617662,
"DP_05":  0.0,
"DP_30":  0.0,
"DP_60":  0.0,
"DP_95":  70.46800634584876,
"QL_09":  62.749867794817554,
"QL_05":  62.671866737176096,
"RL":  70.26308831306187}
]}
