{ "x_label":"episode",
"y_label":"Average Profit",
 "results":[
{ "x":  10,
"greedy000":  0.0,
"greedy050":  0.0,
"greedy100":  63.21130551816958,
"DP_05":  0.0,
"DP_30":  0.0,
"DP_60":  0.0,
"DP_95":  70.69986541049798,
"QL_09":  61.83310901749663,
"QL_05":  61.53028263795424,
"RL":  67.04172274562585}
,
{ "x":  30,
"greedy000":  0.0,
"greedy050":  0.0,
"greedy100":  64.62503266266005,
"DP_05":  0.0,
"DP_30":  0.0,
"DP_60":  0.0,
"DP_95":  71.41363992683564,
"QL_09":  64.08413901228116,
"QL_05":  64.12594721714136,
"RL":  69.18996603083355}
,
{ "x":  50,
"greedy000":  0.0,
"greedy050":  0.0,
"greedy100":  63.93478825669005,
"DP_05":  0.0,
"DP_30":  0.0,
"DP_60":  0.0,
"DP_95":  70.99506365289686,
"QL_09":  63.863341127565604,
"QL_05":  64.07248636009354,
"RL":  69.7479864899974}
,
{ "x":  70,
"greedy000":  0.0,
"greedy050":  0.0,
"greedy100":  63.65614221278854,
"DP_05":  0.0,
"DP_30":  0.0,
"DP_60":  0.0,
"DP_95":  70.31308039267711,
"QL_09":  63.35632793844521,
"QL_05":  63.52746086495092,
"RL":  69.70018572565667}
,
{ "x":  90,
"greedy000":  0.0,
"greedy050":  0.0,
"greedy100":  60.32974251182344,
"DP_05":  0.0,
"DP_30":  0.0,
"DP_60":  0.0,
"DP_95":  69.64529689963216,
"QL_09":  60.379663688912245,
"QL_05":  60.26931161324225,
"RL":  68.70467682606412}
,
{ "x":  110,
"greedy000":  0.0,
"greedy050":  0.0,
"greedy100":  64.36776970675275,
"DP_05":  0.0,
"DP_30":  0.0,
"DP_60":  0.0,
"DP_95":  69.91525423728814,
"QL_09":  64.23728813559322,
"QL_05":  64.2762980898574,
"RL":  69.21711057304277}
,
{ "x":  130,
"greedy000":  0.0,
"greedy050":  0.0,
"greedy100":  64.09103372635043,
"DP_05":  0.0,
"DP_30":  0.0,
"DP_60":  0.0,
"DP_95":  70.59775157663833,
"QL_09":  63.90183712640526,
"QL_05":  63.87441732931176,
"RL":  69.9835481217439}
]}
