{ "x_label":"episode",
"y_label":"Average Profit",
 "results":[
{ "x":  10,
"greedy000":  0.0,
"greedy050":  0.0,
"greedy100":  66.5,
"DP_05":  0.0,
"DP_30":  0.0,
"DP_60":  0.0,
"DP_95":  72.63026315789473,
"QL_09":  57.56842105263158,
"QL_05":  66.19342105263158,
"RL":  68.56447368421053}
,
{ "x":  30,
"greedy000":  0.0,
"greedy050":  0.0,
"greedy100":  64.24535809018568,
"DP_05":  0.0,
"DP_30":  0.0,
"DP_60":  0.0,
"DP_95":  71.40848806366047,
"QL_09":  62.253315649867375,
"QL_05":  66.26923076923077,
"RL":  69.12201591511936}
,
{ "x":  50,
"greedy000":  0.0,
"greedy050":  0.0,
"greedy100":  63.17894447498626,
"DP_05":  0.0,
"DP_30":  0.0,
"DP_60":  0.0,
"DP_95":  69.75810885101704,
"QL_09":  64.28119846069269,
"QL_05":  67.44227597581089,
"RL":  68.66822429906541}
,
{ "x":  70,
"greedy000":  0.0,
"greedy050":  0.0,
"greedy100":  63.461843147610246,
"DP_05":  0.0,
"DP_30":  0.0,
"DP_60":  0.0,
"DP_95":  70.47398996567203,
"QL_09":  64.96435172960126,
"QL_05":  67.18642725112225,
"RL":  69.88249273831529}
,
{ "x":  90,
"greedy000":  0.0,
"greedy050":  0.0,
"greedy100":  63.51822293163075,
"DP_05":  0.0,
"DP_30":  0.0,
"DP_60":  0.0,
"DP_95":  70.81005586592178,
"QL_09":  66.01090715615855,
"QL_05":  67.60175578611333,
"RL":  70.28465017291833}
,
{ "x":  110,
"greedy000":  0.0,
"greedy050":  0.0,
"greedy100":  61.990369181380416,
"DP_05":  0.0,
"DP_30":  0.0,
"DP_60":  0.0,
"DP_95":  70.06019261637239,
"QL_09":  66.38710540395934,
"QL_05":  66.65596575708935,
"RL":  68.79347244515783}
,
{ "x":  130,
"greedy000":  0.0,
"greedy050":  0.0,
"greedy100":  63.350119268486615,
"DP_05":  0.0,
"DP_30":  0.0,
"DP_60":  0.0,
"DP_95":  71.08401802279353,
"QL_09":  67.40657301881792,
"QL_05":  66.58494566657832,
"RL":  70.33660217333687}
,
{ "x":  150,
"greedy000":  0.0,
"greedy050":  0.0,
"greedy100":  62.36229946524064,
"DP_05":  0.0,
"DP_30":  0.0,
"DP_60":  0.0,
"DP_95":  69.97459893048128,
"QL_09":  67.23395721925134,
"QL_05":  66.06818181818181,
"RL":  69.32352941176471}
,
{ "x":  170,
"greedy000":  0.0,
"greedy050":  0.0,
"greedy100":  62.7977912174599,
"DP_05":  0.0,
"DP_30":  0.0,
"DP_60":  0.0,
"DP_95":  70.11832763607678,
"QL_09":  67.33236918222455,
"QL_05":  66.51196423875888,
"RL":  69.2203523534052}
,
{ "x":  190,
"greedy000":  0.0,
"greedy050":  0.0,
"greedy100":  67.30090934141637,
"DP_05":  0.0,
"DP_30":  0.0,
"DP_60":  0.0,
"DP_95":  71.83383852300909,
"QL_09":  69.77404243593277,
"QL_05":  69.15817029484707,
"RL":  71.62854780931386}
,
{ "x":  210,
"greedy000":  0.0,
"greedy050":  0.0,
"greedy100":  63.52564102564103,
"DP_05":  0.0,
"DP_30":  0.0,
"DP_60":  0.0,
"DP_95":  70.76661433804291,
"QL_09":  68.45238095238095,
"QL_05":  67.20957613814757,
"RL":  70.46703296703296}
]}
