{"1": {"greedy_fed": 237.71442717777782, "greedy_no_fed": 207.86459619863214, "q-learning": 337.09003434072275}, "2": {"greedy_fed": 237.71442717777782, "greedy_no_fed": 207.86459619863214, "q-learning": 310.92134089526354}, "4": {"greedy_fed": 315.7280664202642, "greedy_no_fed": 207.86459619863214, "q-learning": 159.68133860808138}, "Infinity": {"greedy_fed": 341.8803622403599, "greedy_no_fed": 207.86459619863214, "q-learning": 337.09003434072275}}