{ "x_label":"zeta",
"y_label":"Average Profit",
 "results":[
{ "x":  0.0,
"greedy000":  0.0,
"greedy050":  0.0,
"greedy100":  67.59379430168428,
"DP_05":  0.0,
"DP_30":  0.0,
"DP_60":  0.0,
"DP_95":  71.1391315209405,
"QL_09":  68.74108311805828,
"QL_05":  69.1236116921684,
"RL":  70.60142817982943}
,
{ "x":  0.3,
"greedy000":  0.0,
"greedy050":  0.0,
"greedy100":  66.04244796416204,
"DP_05":  0.0,
"DP_30":  0.0,
"DP_60":  0.0,
"DP_95":  70.89955260934491,
"QL_09":  66.7407133692664,
"QL_05":  67.47349626166594,
"RL":  69.40761751582606}
,
{ "x":  0.6,
"greedy000":  0.0,
"greedy050":  0.0,
"greedy100":  65.24914297662384,
"DP_05":  0.0,
"DP_30":  0.0,
"DP_60":  0.0,
"DP_95":  70.80253970451406,
"QL_09":  65.71859483081784,
"QL_05":  67.70060008893223,
"RL":  70.03337982605123}
,
{ "x":  0.8999999999999999,
"greedy000":  0.0,
"greedy050":  0.0,
"greedy100":  64.54072915344494,
"DP_05":  0.0,
"DP_30":  0.0,
"DP_60":  0.0,
"DP_95":  70.99223167657098,
"QL_09":  65.43382414525355,
"QL_05":  67.36743824994903,
"RL":  70.0713274825569}
,
{ "x":  1.2,
"greedy000":  0.0,
"greedy050":  0.0,
"greedy100":  62.463076804442494,
"DP_05":  0.0,
"DP_30":  0.0,
"DP_60":  0.0,
"DP_95":  70.36329554403235,
"QL_09":  64.71432995357797,
"QL_05":  66.50510436298131,
"RL":  69.30077430091669}
,
{ "x":  1.5,
"greedy000":  0.0,
"greedy050":  0.0,
"greedy100":  61.1101413763144,
"DP_05":  0.0,
"DP_30":  0.0,
"DP_60":  0.0,
"DP_95":  70.14096753254714,
"QL_09":  64.33590038407468,
"QL_05":  65.3528084440017,
"RL":  69.26342658116486}
,
{ "x":  1.7999999999999998,
"greedy000":  0.0,
"greedy050":  0.0,
"greedy100":  59.68089968962132,
"DP_05":  0.0,
"DP_30":  0.0,
"DP_60":  0.0,
"DP_95":  69.95076791447173,
"QL_09":  64.43124461516544,
"QL_05":  64.47229859369091,
"RL":  69.03341442627303}
,
{ "x":  2.1,
"greedy000":  0.0,
"greedy050":  0.0,
"greedy100":  58.86168749045885,
"DP_05":  0.0,
"DP_30":  0.0,
"DP_60":  0.0,
"DP_95":  69.87080335777647,
"QL_09":  64.14849538687882,
"QL_05":  65.01440865829902,
"RL":  69.0564546718127}
,
{ "x":  2.4,
"greedy000":  0.0,
"greedy050":  0.0,
"greedy100":  57.855467407593586,
"DP_05":  0.0,
"DP_30":  0.0,
"DP_60":  0.0,
"DP_95":  69.72716094034783,
"QL_09":  64.20037050022927,
"QL_05":  64.05053992539419,
"RL":  68.71237772786077}
,
{ "x":  2.6999999999999997,
"greedy000":  0.0,
"greedy050":  0.0,
"greedy100":  55.20872466464847,
"DP_05":  0.0,
"DP_30":  0.0,
"DP_60":  0.0,
"DP_95":  68.87432667889183,
"QL_09":  63.83614336002057,
"QL_05":  62.679478093103,
"RL":  67.76771192397919}
,
{ "x":  3.0,
"greedy000":  0.0,
"greedy050":  0.0,
"greedy100":  55.12803758904219,
"DP_05":  0.0,
"DP_30":  0.0,
"DP_60":  0.0,
"DP_95":  69.46550680826653,
"QL_09":  63.97236289515664,
"QL_05":  62.73917600210547,
"RL":  68.4741655328764}
]}
