{ "x_label":"capacity",
"y_label":"Federation Rate",
 "results":[
{ "x":  50,
"greedy000":  0.0,
"greedy050":  0.0,
"greedy100":  0.8425813950262352,
"DP_05":  0.0,
"DP_30":  0.0,
"DP_60":  0.0,
"DP_95":  0.7870218016590291,
"QL":  0.7950468554856097}
,
{ "x":  250,
"greedy000":  0.0,
"greedy050":  0.0,
"greedy100":  0.34131661945722475,
"DP_05":  0.0,
"DP_30":  0.0,
"DP_60":  0.0,
"DP_95":  0.33864768407031215,
"QL":  0.5010833190757303}
,
{ "x":  450,
"greedy000":  0.0,
"greedy050":  0.0,
"greedy100":  0.026080406490221652,
"DP_05":  0.0,
"DP_30":  0.0,
"DP_60":  0.0,
"DP_95":  0.03618330120523982,
"QL":  0.48380019344247066}
]}
