{ "x_label":"capacity",
"y_label":"Acceptance Rate",
 "results":[
{ "x":  0.35,
"greedy000":  0.0,
"greedy050":  0.0,
"greedy100":  0.4822647212846026,
"DP_05":  0.0,
"DP_30":  0.0,
"DP_60":  0.0,
"DP_95":  0.5657092928396746,
"QL":  0.4422373385354036,
"RL":  0.47972626059837103}
,
{ "x":  0.415,
"greedy000":  0.0,
"greedy050":  0.0,
"greedy100":  0.37819329326903695,
"DP_05":  0.0,
"DP_30":  0.0,
"DP_60":  0.0,
"DP_95":  0.4754258132050714,
"QL":  0.4213023236183876,
"RL":  0.45679872708384106}
,
{ "x":  0.48,
"greedy000":  0.0,
"greedy050":  0.0,
"greedy100":  0.3961924011620791,
"DP_05":  0.0,
"DP_30":  0.0,
"DP_60":  0.0,
"DP_95":  0.48146052445427284,
"QL":  0.4251056962873424,
"RL":  0.4228741859433257}
,
{ "x":  0.5449999999999999,
"greedy000":  0.0,
"greedy050":  0.0,
"greedy100":  0.2997352470526269,
"DP_05":  0.0,
"DP_30":  0.0,
"DP_60":  0.0,
"DP_95":  0.34749551304890375,
"QL":  0.32357676731684737,
"RL":  0.32448274489974105}
,
{ "x":  0.61,
"greedy000":  0.0,
"greedy050":  0.0,
"greedy100":  0.3069273029419134,
"DP_05":  0.0,
"DP_30":  0.0,
"DP_60":  0.0,
"DP_95":  0.3515416249048925,
"QL":  0.3167744750474916,
"RL":  0.33253475741263266}
,
{ "x":  0.675,
"greedy000":  0.0,
"greedy050":  0.0,
"greedy100":  0.1862973887483213,
"DP_05":  0.0,
"DP_30":  0.0,
"DP_60":  0.0,
"DP_95":  0.19287941133936287,
"QL":  0.1918287152532058,
"RL":  0.19287941133936287}
,
{ "x":  0.74,
"greedy000":  0.0,
"greedy050":  0.0,
"greedy100":  0.1934670240155755,
"DP_05":  0.0,
"DP_30":  0.0,
"DP_60":  0.0,
"DP_95":  0.1901924861481223,
"QL":  0.1916075903323239,
"RL":  0.1901924861481223}
,
{ "x":  0.8049999999999999,
"greedy000":  0.0,
"greedy050":  0.0,
"greedy100":  0.20179051966385564,
"DP_05":  0.0,
"DP_30":  0.0,
"DP_60":  0.0,
"DP_95":  0.19383840162801524,
"QL":  0.19756790612017364,
"RL":  0.1958234868762932}
,
{ "x":  0.87,
"greedy000":  0.0,
"greedy050":  0.0,
"greedy100":  0.202294082327907,
"DP_05":  0.0,
"DP_30":  0.0,
"DP_60":  0.0,
"DP_95":  0.202294082327907,
"QL":  0.202294082327907,
"RL":  0.2011221008615674}
,
{ "x":  0.9349999999999999,
"greedy000":  0.0,
"greedy050":  0.0,
"greedy100":  0.20076274194383376,
"DP_05":  0.0,
"DP_30":  0.0,
"DP_60":  0.0,
"DP_95":  0.20076274194383376,
"QL":  0.19474658687210283,
"RL":  0.20076274194383376}
,
{ "x":  1.0,
"greedy000":  0.0,
"greedy050":  0.0,
"greedy100":  0.21134875076321785,
"DP_05":  0.0,
"DP_30":  0.0,
"DP_60":  0.0,
"DP_95":  0.21134875076321785,
"QL":  0.2052284740202695,
"RL":  0.21134875076321785}
]}
