{ "x_label":"capacity",
"y_label":"Acceptance Rate",
 "results":[
{ "x":  0.1,
"greedy000":  0.0,
"greedy050":  0.0,
"greedy100":  0.4900941423391408,
"DP_05":  0.0,
"DP_30":  0.0,
"DP_60":  0.0,
"DP_95":  0.6430025370819263,
"QL":  0.437853484359575,
"RL":  0.4699759726149283}
,
{ "x":  0.2,
"greedy000":  0.0,
"greedy050":  0.0,
"greedy100":  0.6021067561056986,
"DP_05":  0.0,
"DP_30":  0.0,
"DP_60":  0.0,
"DP_95":  0.6038629405502468,
"QL":  0.41978855259767744,
"RL":  0.5397796723619354}
,
{ "x":  0.30000000000000004,
"greedy000":  0.0,
"greedy050":  0.0,
"greedy100":  0.49351919725339216,
"DP_05":  0.0,
"DP_30":  0.0,
"DP_60":  0.0,
"DP_95":  0.5070693627565365,
"QL":  0.42685432301500337,
"RL":  0.4631840052411458}
,
{ "x":  0.4,
"greedy000":  0.0,
"greedy050":  0.0,
"greedy100":  0.4059526721392336,
"DP_05":  0.0,
"DP_30":  0.0,
"DP_60":  0.0,
"DP_95":  0.449497980479482,
"QL":  0.37137010720724695,
"RL":  0.40635179990983084}
,
{ "x":  0.5,
"greedy000":  0.0,
"greedy050":  0.0,
"greedy100":  0.294450391346964,
"DP_05":  0.0,
"DP_30":  0.0,
"DP_60":  0.0,
"DP_95":  0.374128402933603,
"QL":  0.374128402933603,
"RL":  0.374128402933603}
,
{ "x":  0.6,
"greedy000":  0.0,
"greedy050":  0.0,
"greedy100":  0.23167731745799286,
"DP_05":  0.0,
"DP_30":  0.0,
"DP_60":  0.0,
"DP_95":  0.22495095121155453,
"QL":  0.2250723408063981,
"RL":  0.22495095121155453}
,
{ "x":  0.7000000000000001,
"greedy000":  0.0,
"greedy050":  0.0,
"greedy100":  0.24883364137162983,
"DP_05":  0.0,
"DP_30":  0.0,
"DP_60":  0.0,
"DP_95":  0.21997260602638474,
"QL":  0.2250059323589427,
"RL":  0.22796329676559518}
,
{ "x":  0.8,
"greedy000":  0.0,
"greedy050":  0.0,
"greedy100":  0.26302421805284537,
"DP_05":  0.0,
"DP_30":  0.0,
"DP_60":  0.0,
"DP_95":  0.26302421805284537,
"QL":  0.25270174181128124,
"RL":  0.26302421805284537}
,
{ "x":  0.9,
"greedy000":  0.0,
"greedy050":  0.0,
"greedy100":  0.2768797186161617,
"DP_05":  0.0,
"DP_30":  0.0,
"DP_60":  0.0,
"DP_95":  0.2768797186161617,
"QL":  0.2743633520040504,
"RL":  0.2768797186161617}
,
{ "x":  1.0,
"greedy000":  0.0,
"greedy050":  0.0,
"greedy100":  0.2859757795039056,
"DP_05":  0.0,
"DP_30":  0.0,
"DP_60":  0.0,
"DP_95":  0.2859757795039056,
"QL":  0.2859757795039056,
"RL":  0.2859757795039056}
]}
