{ "x_label":"eta",
"y_label":"Average Profit",
 "results":[
{ "x":  0.35,
"greedy000":  0.0,
"greedy050":  0.0,
"greedy100":  60.15209162934137,
"DP_05":  0.0,
"DP_30":  0.0,
"DP_60":  0.0,
"DP_95":  63.786550436363356,
"QL":  60.990135499879514,
"RL":  62.01579877335414}
,
{ "x":  0.415,
"greedy000":  0.0,
"greedy050":  0.0,
"greedy100":  46.471692681581935,
"DP_05":  0.0,
"DP_30":  0.0,
"DP_60":  0.0,
"DP_95":  55.661800124503785,
"QL":  54.56502010964232,
"RL":  55.47552926329148}
,
{ "x":  0.48,
"greedy000":  0.0,
"greedy050":  0.0,
"greedy100":  48.38710770757242,
"DP_05":  0.0,
"DP_30":  0.0,
"DP_60":  0.0,
"DP_95":  56.07806638984837,
"QL":  54.67808436586588,
"RL":  55.4922030047389}
,
{ "x":  0.5449999999999999,
"greedy000":  0.0,
"greedy050":  0.0,
"greedy100":  41.45022969378461,
"DP_05":  0.0,
"DP_30":  0.0,
"DP_60":  0.0,
"DP_95":  46.27039723062644,
"QL":  46.03120977330589,
"RL":  46.04026954913483}
,
{ "x":  0.61,
"greedy000":  0.0,
"greedy050":  0.0,
"greedy100":  42.203625288167636,
"DP_05":  0.0,
"DP_30":  0.0,
"DP_60":  0.0,
"DP_95":  46.29599593118471,
"QL":  45.948324432610704,
"RL":  46.10592725626211}
,
{ "x":  0.675,
"greedy000":  0.0,
"greedy050":  0.0,
"greedy100":  16.583800165529073,
"DP_05":  0.0,
"DP_30":  0.0,
"DP_60":  0.0,
"DP_95":  19.287941133936286,
"QL":  18.969632754634997,
"RL":  19.287941133936286}
,
{ "x":  0.74,
"greedy000":  0.0,
"greedy050":  0.0,
"greedy100":  17.70875793009456,
"DP_05":  0.0,
"DP_30":  0.0,
"DP_60":  0.0,
"DP_95":  19.019248614812227,
"QL":  18.52735592947858,
"RL":  19.019248614812227}
,
{ "x":  0.8049999999999999,
"greedy000":  0.0,
"greedy050":  0.0,
"greedy100":  18.81742674361026,
"DP_05":  0.0,
"DP_30":  0.0,
"DP_60":  0.0,
"DP_95":  19.383840162801526,
"QL":  18.9463419956776,
"RL":  19.04259631954134}
,
{ "x":  0.87,
"greedy000":  0.0,
"greedy050":  0.0,
"greedy100":  19.35419062534018,
"DP_05":  0.0,
"DP_30":  0.0,
"DP_60":  0.0,
"DP_95":  19.35419062534018,
"QL":  19.35419062534018,
"RL":  19.32273791342958}
,
{ "x":  0.9349999999999999,
"greedy000":  0.0,
"greedy050":  0.0,
"greedy100":  19.608690517499,
"DP_05":  0.0,
"DP_30":  0.0,
"DP_60":  0.0,
"DP_95":  19.608690517499,
"QL":  18.99244132232779,
"RL":  19.608690517499}
,
{ "x":  1.0,
"greedy000":  0.0,
"greedy050":  0.0,
"greedy100":  21.134875076321784,
"DP_05":  0.0,
"DP_30":  0.0,
"DP_60":  0.0,
"DP_95":  21.134875076321784,
"QL":  20.522847402026947,
"RL":  21.134875076321784}
]}
