{ "x_label":"eta",
"y_label":"Average Profit",
 "results":[
{ "x":  0.1,
"greedy000":  0.0,
"greedy050":  0.0,
"greedy100":  49.927743527057146,
"DP_05":  0.0,
"DP_30":  0.0,
"DP_60":  0.0,
"DP_95":  51.484097283047404,
"QL":  48.92505380586984,
"RL":  49.588529880953004}
,
{ "x":  0.2,
"greedy000":  0.0,
"greedy050":  0.0,
"greedy100":  52.53179413077034,
"DP_05":  0.0,
"DP_30":  0.0,
"DP_60":  0.0,
"DP_95":  52.516789388920174,
"QL":  50.08851440907633,
"RL":  51.78689443737953}
,
{ "x":  0.30000000000000004,
"greedy000":  0.0,
"greedy050":  0.0,
"greedy100":  48.60522893676284,
"DP_05":  0.0,
"DP_30":  0.0,
"DP_60":  0.0,
"DP_95":  49.80243128137288,
"QL":  48.67172766471678,
"RL":  48.89233792038287}
,
{ "x":  0.4,
"greedy000":  0.0,
"greedy050":  0.0,
"greedy100":  44.527259769524036,
"DP_05":  0.0,
"DP_30":  0.0,
"DP_60":  0.0,
"DP_95":  48.02079220346188,
"QL":  46.70263371383626,
"RL":  46.75633179699761}
,
{ "x":  0.5,
"greedy000":  0.0,
"greedy050":  0.0,
"greedy100":  24.9797351941078,
"DP_05":  0.0,
"DP_30":  0.0,
"DP_60":  0.0,
"DP_95":  37.412840293360304,
"QL":  37.412840293360304,
"RL":  37.412840293360304}
,
{ "x":  0.6,
"greedy000":  0.0,
"greedy050":  0.0,
"greedy100":  18.54761720899217,
"DP_05":  0.0,
"DP_30":  0.0,
"DP_60":  0.0,
"DP_95":  22.495095121155455,
"QL":  21.830999182700943,
"RL":  22.495095121155455}
,
{ "x":  0.7000000000000001,
"greedy000":  0.0,
"greedy050":  0.0,
"greedy100":  21.101776184745642,
"DP_05":  0.0,
"DP_30":  0.0,
"DP_60":  0.0,
"DP_95":  21.997260602638466,
"QL":  21.92880639365343,
"RL":  21.651948844918937}
,
{ "x":  0.8,
"greedy000":  0.0,
"greedy050":  0.0,
"greedy100":  23.680202141108634,
"DP_05":  0.0,
"DP_30":  0.0,
"DP_60":  0.0,
"DP_95":  23.680202141108634,
"QL":  23.402592559423926,
"RL":  23.680202141108634}
,
{ "x":  0.9,
"greedy000":  0.0,
"greedy050":  0.0,
"greedy100":  26.30993172884892,
"DP_05":  0.0,
"DP_30":  0.0,
"DP_60":  0.0,
"DP_95":  26.30993172884892,
"QL":  26.12908066501913,
"RL":  26.30993172884892}
,
{ "x":  1.0,
"greedy000":  0.0,
"greedy050":  0.0,
"greedy100":  28.597577950390566,
"DP_05":  0.0,
"DP_30":  0.0,
"DP_60":  0.0,
"DP_95":  28.597577950390566,
"QL":  28.597577950390566,
"RL":  28.597577950390566}
]}
