{ "x_label":"Acceptance Rate",
"y_label":"episode",
"results":[
{ "x":  5,
"DP_05":  0.4429483379689221,
"DP_30":  0.4429483379689221,
"DP_60":  0.4429483379689221,
"DP_95":  0.4222844515710652,
"QL-Dynamic": 0.1403838393519033,
"QL-Static": 0.23791071012593384}
,
{ "x":  10,
"DP_05":  0.4523447621574365,
"DP_30":  0.4523447621574365,
"DP_60":  0.4523447621574365,
"DP_95":  0.4275897925882635,
"QL-Dynamic": 0.22273834177493207,
"QL-Static": 0.24637903051570564}
,
{ "x":  15,
"DP_05":  0.444596697162834,
"DP_30":  0.444596697162834,
"DP_60":  0.444596697162834,
"DP_95":  0.4223845030192194,
"QL-Dynamic": 0.3166760288225679,
"QL-Static": 0.33016600457439677}
,
{ "x":  20,
"DP_05":  0.4424863306924925,
"DP_30":  0.4424863306924925,
"DP_60":  0.4424863306924925,
"DP_95":  0.422683080910653,
"QL-Dynamic": 0.32095907001753016,
"QL-Static": 0.33088625055089205}
,
{ "x":  25,
"DP_05":  0.44571687641119173,
"DP_30":  0.44571687641119173,
"DP_60":  0.44571687641119173,
"DP_95":  0.4254669259356584,
"QL-Dynamic": 0.2993328817624871,
"QL-Static": 0.35471963645864896}
,
{ "x":  30,
"DP_05":  0.4461662016340894,
"DP_30":  0.4461662016340894,
"DP_60":  0.4461662016340894,
"DP_95":  0.42245129488425437,
"QL-Dynamic": 0.3289554242028704,
"QL-Static": 0.31308448157264274}
,
{ "x":  35,
"DP_05":  0.44950121057196946,
"DP_30":  0.44950121057196946,
"DP_60":  0.44950121057196946,
"DP_95":  0.42682998808929395,
"QL-Dynamic": 0.3316422808198231,
"QL-Static": 0.29622030393241927}
,
{ "x":  40,
"DP_05":  0.4399045951343291,
"DP_30":  0.4399045951343291,
"DP_60":  0.4399045951343291,
"DP_95":  0.416853043626241,
"QL-Dynamic": 0.37494987168643407,
"QL-Static": 0.294058984842204}
,
{ "x":  45,
"DP_05":  0.4396589213693409,
"DP_30":  0.4396589213693409,
"DP_60":  0.4396589213693409,
"DP_95":  0.42270192067909623,
"QL-Dynamic": 0.35528339574081996,
"QL-Static": 0.3358500316234993}
,
{ "x":  50,
"DP_05":  0.4479711262855307,
"DP_30":  0.4479711262855307,
"DP_60":  0.4479711262855307,
"DP_95":  0.42520887825683423,
"QL-Dynamic": 0.3651026128176702,
"QL-Static": 0.32407478619666297}
,
{ "x":  55,
"DP_05":  0.4407781122349671,
"DP_30":  0.4407781122349671,
"DP_60":  0.4407781122349671,
"DP_95":  0.4219815895497847,
"QL-Dynamic": 0.29463144102694194,
"QL-Static": 0.2542195618811645}
]}
