{ "x_label":"Federation Rate",
"y_label":"episode",
"results":[
{ "x":  5,
"DP_05":  0.5570516620310779,
"DP_30":  0.5570516620310779,
"DP_60":  0.5570516620310779,
"DP_95":  0.5777155484289347,
"QL-Dynamic": 0.8211215825735525,
"QL-Static": 0.7151594123120291}
,
{ "x":  10,
"DP_05":  0.5476552378425634,
"DP_30":  0.5476552378425634,
"DP_60":  0.5476552378425634,
"DP_95":  0.5724102074117364,
"QL-Dynamic": 0.6878774609483405,
"QL-Static": 0.6831208224896941}
,
{ "x":  15,
"DP_05":  0.555403302837166,
"DP_30":  0.555403302837166,
"DP_60":  0.555403302837166,
"DP_95":  0.5776154969807805,
"QL-Dynamic": 0.6323364814667655,
"QL-Static": 0.5872491289268778}
,
{ "x":  20,
"DP_05":  0.5575136693075075,
"DP_30":  0.5575136693075075,
"DP_60":  0.5575136693075075,
"DP_95":  0.5773169190893469,
"QL-Dynamic": 0.5623565986037111,
"QL-Static": 0.6200048732899414}
,
{ "x":  25,
"DP_05":  0.5542831235888084,
"DP_30":  0.5542831235888084,
"DP_60":  0.5542831235888084,
"DP_95":  0.5745330740643416,
"QL-Dynamic": 0.5736025153831907,
"QL-Static": 0.5910573288235673}
,
{ "x":  30,
"DP_05":  0.5538337983659107,
"DP_30":  0.5538337983659107,
"DP_60":  0.5538337983659107,
"DP_95":  0.5775487051157456,
"QL-Dynamic": 0.6372411715350061,
"QL-Static": 0.62066187952153}
,
{ "x":  35,
"DP_05":  0.5504987894280304,
"DP_30":  0.5504987894280304,
"DP_60":  0.5504987894280304,
"DP_95":  0.573170011910706,
"QL-Dynamic": 0.6411409075202741,
"QL-Static": 0.6792895939670831}
,
{ "x":  40,
"DP_05":  0.5600954048656708,
"DP_30":  0.5600954048656708,
"DP_60":  0.5600954048656708,
"DP_95":  0.5831469563737591,
"QL-Dynamic": 0.6050071350028257,
"QL-Static": 0.6789349431654331}
,
{ "x":  45,
"DP_05":  0.5603410786306591,
"DP_30":  0.5603410786306591,
"DP_60":  0.5603410786306591,
"DP_95":  0.5772980793209037,
"QL-Dynamic": 0.5666099774964651,
"QL-Static": 0.5857627757961682}
,
{ "x":  50,
"DP_05":  0.5520288737144692,
"DP_30":  0.5520288737144692,
"DP_60":  0.5520288737144692,
"DP_95":  0.5747911217431658,
"QL-Dynamic": 0.6113420576320159,
"QL-Static": 0.6303179303741504}
,
{ "x":  55,
"DP_05":  0.5592218877650329,
"DP_30":  0.5592218877650329,
"DP_60":  0.5592218877650329,
"DP_95":  0.5780184104502153,
"QL-Dynamic": 0.6664401902278284,
"QL-Static": 0.6750572120270697}
]}
