{ "x_label":"episode",
"y_label":"Average Profit",
"results":[
{ "x":  5,
"DP_05":  11.55049022139534,
"DP_30":  11.55049022139534,
"DP_60":  11.55049022139534,
"DP_95":  11.588115549365297,
"QL-Dynamic": 9.375567999804097,
"QL-Static": 10.172519195399946}
,
{ "x":  10,
"DP_05":  11.543702260596508,
"DP_30":  11.543702260596508,
"DP_60":  11.543702260596508,
"DP_95":  11.563059099774772,
"QL-Dynamic": 9.524823483454705,
"QL-Static": 9.640975342807012}
,
{ "x":  15,
"DP_05":  11.525574816389746,
"DP_30":  11.525574816389746,
"DP_60":  11.525574816389746,
"DP_95":  11.5630482949562,
"QL-Dynamic": 10.342904763094499,
"QL-Static": 10.243190859994733}
,
{ "x":  20,
"DP_05":  11.49620514670348,
"DP_30":  11.49620514670348,
"DP_60":  11.49620514670348,
"DP_95":  11.562732790239005,
"QL-Dynamic": 10.038141440132712,
"QL-Static": 10.514344489399537}
,
{ "x":  25,
"DP_05":  11.531700582909586,
"DP_30":  11.531700582909586,
"DP_60":  11.531700582909586,
"DP_95":  11.57535405637369,
"QL-Dynamic": 9.865865548987529,
"QL-Static": 10.671606862523339}
,
{ "x":  30,
"DP_05":  11.528654860877804,
"DP_30":  11.528654860877804,
"DP_60":  11.528654860877804,
"DP_95":  11.55499641076945,
"QL-Dynamic": 10.531511852211645,
"QL-Static": 10.429492551464865}
,
{ "x":  35,
"DP_05":  11.52442362881975,
"DP_30":  11.52442362881975,
"DP_60":  11.52442362881975,
"DP_95":  11.563828302054963,
"QL-Dynamic": 10.690296793907631,
"QL-Static": 10.569374494906551}
,
{ "x":  40,
"DP_05":  11.507656345555436,
"DP_30":  11.507656345555436,
"DP_60":  11.507656345555436,
"DP_95":  11.537036218206133,
"QL-Dynamic": 10.880733599136379,
"QL-Static": 10.549715696927004}
,
{ "x":  45,
"DP_05":  11.5179858737345,
"DP_30":  11.5179858737345,
"DP_60":  11.5179858737345,
"DP_95":  11.592638132431581,
"QL-Dynamic": 10.540072710753694,
"QL-Static": 10.424342256473565}
,
{ "x":  50,
"DP_05":  11.510750839088644,
"DP_30":  11.510750839088644,
"DP_60":  11.510750839088644,
"DP_95":  11.548498582822825,
"QL-Dynamic": 10.983976869938946,
"QL-Static": 10.39248449499068}
,
{ "x":  55,
"DP_05":  11.512110000508383,
"DP_30":  11.512110000508383,
"DP_60":  11.512110000508383,
"DP_95":  11.568561136494154,
"QL-Dynamic": 10.489227575341996,
"QL-Static": 9.935812910624849}
]}
