{ "x_label":"episode",
"y_label":"Acceptance Rate",
 "results":[
{ "x":  20,
"greedy000":  0.0,
"greedy050":  0.0,
"greedy100":  0.6820999999999999,
"DP_05":  0.0,
"DP_30":  0.0,
"DP_60":  0.0,
"DP_95":  0.718,
"QL_09":  0.36014999999999997,
"QL_05":  0.3516499999999999,
"RL":  0.35409999999999997}
,
{ "x":  120,
"greedy000":  0.0,
"greedy050":  0.0,
"greedy100":  0.6745499999999999,
"DP_05":  0.0,
"DP_30":  0.0,
"DP_60":  0.0,
"DP_95":  0.7138000000000001,
"QL_09":  0.46935000000000004,
"QL_05":  0.4840999999999999,
"RL":  0.5482}
,
{ "x":  220,
"greedy000":  0.0,
"greedy050":  0.0,
"greedy100":  0.6802,
"DP_05":  0.0,
"DP_30":  0.0,
"DP_60":  0.0,
"DP_95":  0.7162000000000001,
"QL_09":  0.48860000000000003,
"QL_05":  0.5149,
"RL":  0.5833}
,
{ "x":  320,
"greedy000":  0.0,
"greedy050":  0.0,
"greedy100":  0.69255,
"DP_05":  0.0,
"DP_30":  0.0,
"DP_60":  0.0,
"DP_95":  0.7221000000000001,
"QL_09":  0.4907,
"QL_05":  0.5504499999999999,
"RL":  0.61425}
,
{ "x":  420,
"greedy000":  0.0,
"greedy050":  0.0,
"greedy100":  0.6930000000000001,
"DP_05":  0.0,
"DP_30":  0.0,
"DP_60":  0.0,
"DP_95":  0.7291,
"QL_09":  0.5038,
"QL_05":  0.5622,
"RL":  0.6272}
,
{ "x":  520,
"greedy000":  0.0,
"greedy050":  0.0,
"greedy100":  0.6802999999999999,
"DP_05":  0.0,
"DP_30":  0.0,
"DP_60":  0.0,
"DP_95":  0.7199500000000001,
"QL_09":  0.51,
"QL_05":  0.55975,
"RL":  0.63015}
,
{ "x":  620,
"greedy000":  0.0,
"greedy050":  0.0,
"greedy100":  0.6811499999999999,
"DP_05":  0.0,
"DP_30":  0.0,
"DP_60":  0.0,
"DP_95":  0.72075,
"QL_09":  0.5212000000000001,
"QL_05":  0.57745,
"RL":  0.6284}
,
{ "x":  720,
"greedy000":  0.0,
"greedy050":  0.0,
"greedy100":  0.6917500000000001,
"DP_05":  0.0,
"DP_30":  0.0,
"DP_60":  0.0,
"DP_95":  0.72245,
"QL_09":  0.5199,
"QL_05":  0.5866,
"RL":  0.6355999999999999}
,
{ "x":  820,
"greedy000":  0.0,
"greedy050":  0.0,
"greedy100":  0.6839,
"DP_05":  0.0,
"DP_30":  0.0,
"DP_60":  0.0,
"DP_95":  0.7191,
"QL_09":  0.5124000000000001,
"QL_05":  0.5786,
"RL":  0.6383500000000001}
,
{ "x":  920,
"greedy000":  0.0,
"greedy050":  0.0,
"greedy100":  0.68385,
"DP_05":  0.0,
"DP_30":  0.0,
"DP_60":  0.0,
"DP_95":  0.7208500000000001,
"QL_09":  0.5279499999999999,
"QL_05":  0.5987,
"RL":  0.6449}
,
{ "x":  1020,
"greedy000":  0.0,
"greedy050":  0.0,
"greedy100":  0.6875500000000001,
"DP_05":  0.0,
"DP_30":  0.0,
"DP_60":  0.0,
"DP_95":  0.72255,
"QL_09":  0.5388499999999999,
"QL_05":  0.5981,
"RL":  0.6482499999999999}
]}
