{ "x_label":"episode",
"y_label":"Federation Rate",
 "results":[
{ "x":  20,
"greedy000":  0.0,
"greedy050":  0.0,
"greedy100":  0.16768,
"DP_05":  0.0,
"DP_30":  0.0,
"DP_60":  0.0,
"DP_95":  0.13798000000000002,
"QL_09":  0.23240000000000002,
"QL_05":  0.23471999999999998,
"RL":  0.21671999999999997}
,
{ "x":  70,
"greedy000":  0.0,
"greedy050":  0.0,
"greedy100":  0.16816,
"DP_05":  0.0,
"DP_30":  0.0,
"DP_60":  0.0,
"DP_95":  0.14038,
"QL_09":  0.23889999999999997,
"QL_05":  0.24614000000000003,
"RL":  0.21454}
,
{ "x":  120,
"greedy000":  0.0,
"greedy050":  0.0,
"greedy100":  0.16732,
"DP_05":  0.0,
"DP_30":  0.0,
"DP_60":  0.0,
"DP_95":  0.13798,
"QL_09":  0.23602000000000004,
"QL_05":  0.24336000000000002,
"RL":  0.22649999999999998}
,
{ "x":  170,
"greedy000":  0.0,
"greedy050":  0.0,
"greedy100":  0.16812,
"DP_05":  0.0,
"DP_30":  0.0,
"DP_60":  0.0,
"DP_95":  0.14196,
"QL_09":  0.23732000000000003,
"QL_05":  0.24457999999999996,
"RL":  0.23325999999999997}
,
{ "x":  220,
"greedy000":  0.0,
"greedy050":  0.0,
"greedy100":  0.16618000000000002,
"DP_05":  0.0,
"DP_30":  0.0,
"DP_60":  0.0,
"DP_95":  0.13962000000000002,
"QL_09":  0.23280000000000003,
"QL_05":  0.24528,
"RL":  0.23314}
,
{ "x":  270,
"greedy000":  0.0,
"greedy050":  0.0,
"greedy100":  0.16904,
"DP_05":  0.0,
"DP_30":  0.0,
"DP_60":  0.0,
"DP_95":  0.14023999999999998,
"QL_09":  0.22685999999999998,
"QL_05":  0.24382,
"RL":  0.22896}
,
{ "x":  320,
"greedy000":  0.0,
"greedy050":  0.0,
"greedy100":  0.16974,
"DP_05":  0.0,
"DP_30":  0.0,
"DP_60":  0.0,
"DP_95":  0.13994,
"QL_09":  0.23015999999999998,
"QL_05":  0.24661999999999998,
"RL":  0.23246000000000003}
,
{ "x":  370,
"greedy000":  0.0,
"greedy050":  0.0,
"greedy100":  0.16868,
"DP_05":  0.0,
"DP_30":  0.0,
"DP_60":  0.0,
"DP_95":  0.14379999999999998,
"QL_09":  0.22371999999999997,
"QL_05":  0.24196000000000004,
"RL":  0.22612000000000002}
,
{ "x":  420,
"greedy000":  0.0,
"greedy050":  0.0,
"greedy100":  0.16852,
"DP_05":  0.0,
"DP_30":  0.0,
"DP_60":  0.0,
"DP_95":  0.1402,
"QL_09":  0.22925999999999996,
"QL_05":  0.23762,
"RL":  0.22984}
,
{ "x":  470,
"greedy000":  0.0,
"greedy050":  0.0,
"greedy100":  0.17184000000000002,
"DP_05":  0.0,
"DP_30":  0.0,
"DP_60":  0.0,
"DP_95":  0.14082,
"QL_09":  0.21976,
"QL_05":  0.23532000000000003,
"RL":  0.2258}
,
{ "x":  520,
"greedy000":  0.0,
"greedy050":  0.0,
"greedy100":  0.16707999999999998,
"DP_05":  0.0,
"DP_30":  0.0,
"DP_60":  0.0,
"DP_95":  0.13968,
"QL_09":  0.21698,
"QL_05":  0.23731999999999998,
"RL":  0.22422}
]}
