{ "x_label":"episode",
"y_label":"Federation Rate",
 "results":[
{ "x":  20,
"greedy000":  0.0,
"greedy050":  0.0,
"greedy100":  0.16670000000000001,
"DP_05":  0.0,
"DP_30":  0.0,
"DP_60":  0.0,
"DP_95":  0.1399,
"QL_09":  0.22925,
"QL_05":  0.23504999999999998,
"RL":  0.22349999999999998}
,
{ "x":  120,
"greedy000":  0.0,
"greedy050":  0.0,
"greedy100":  0.1719,
"DP_05":  0.0,
"DP_30":  0.0,
"DP_60":  0.0,
"DP_95":  0.1426,
"QL_09":  0.2346,
"QL_05":  0.24800000000000005,
"RL":  0.23235}
,
{ "x":  220,
"greedy000":  0.0,
"greedy050":  0.0,
"greedy100":  0.1666,
"DP_05":  0.0,
"DP_30":  0.0,
"DP_60":  0.0,
"DP_95":  0.14120000000000002,
"QL_09":  0.22385000000000002,
"QL_05":  0.24710000000000001,
"RL":  0.2343}
,
{ "x":  320,
"greedy000":  0.0,
"greedy050":  0.0,
"greedy100":  0.16829999999999998,
"DP_05":  0.0,
"DP_30":  0.0,
"DP_60":  0.0,
"DP_95":  0.14075,
"QL_09":  0.231,
"QL_05":  0.23984999999999998,
"RL":  0.22635}
,
{ "x":  420,
"greedy000":  0.0,
"greedy050":  0.0,
"greedy100":  0.16865000000000002,
"DP_05":  0.0,
"DP_30":  0.0,
"DP_60":  0.0,
"DP_95":  0.13979999999999998,
"QL_09":  0.22715000000000002,
"QL_05":  0.2398,
"RL":  0.22195}
,
{ "x":  520,
"greedy000":  0.0,
"greedy050":  0.0,
"greedy100":  0.16849999999999996,
"DP_05":  0.0,
"DP_30":  0.0,
"DP_60":  0.0,
"DP_95":  0.1393,
"QL_09":  0.21745,
"QL_05":  0.238,
"RL":  0.2173}
,
{ "x":  620,
"greedy000":  0.0,
"greedy050":  0.0,
"greedy100":  0.17085,
"DP_05":  0.0,
"DP_30":  0.0,
"DP_60":  0.0,
"DP_95":  0.13994999999999996,
"QL_09":  0.21489999999999995,
"QL_05":  0.233,
"RL":  0.22135000000000002}
,
{ "x":  720,
"greedy000":  0.0,
"greedy050":  0.0,
"greedy100":  0.1647,
"DP_05":  0.0,
"DP_30":  0.0,
"DP_60":  0.0,
"DP_95":  0.14215000000000003,
"QL_09":  0.21205,
"QL_05":  0.22509999999999994,
"RL":  0.22125}
,
{ "x":  820,
"greedy000":  0.0,
"greedy050":  0.0,
"greedy100":  0.16999999999999998,
"DP_05":  0.0,
"DP_30":  0.0,
"DP_60":  0.0,
"DP_95":  0.14175,
"QL_09":  0.2237,
"QL_05":  0.23324999999999996,
"RL":  0.2151}
,
{ "x":  920,
"greedy000":  0.0,
"greedy050":  0.0,
"greedy100":  0.16979999999999998,
"DP_05":  0.0,
"DP_30":  0.0,
"DP_60":  0.0,
"DP_95":  0.13955,
"QL_09":  0.20985,
"QL_05":  0.22015,
"RL":  0.2104}
,
{ "x":  1020,
"greedy000":  0.0,
"greedy050":  0.0,
"greedy100":  0.1674,
"DP_05":  0.0,
"DP_30":  0.0,
"DP_60":  0.0,
"DP_95":  0.13784999999999997,
"QL_09":  0.21114999999999995,
"QL_05":  0.21949999999999997,
"RL":  0.2084}
]}
