{ "x_label":"Class Num",
"y_label":"Average Profit",
 "results":[
{ "x":  1,
"greedy000":  3.403437342108306,
"greedy050":  3.606617391109194,
"greedy100":  3.754539886304932,
"DP_05":  3.754539886304932,
"DP_30":  3.754539886304932,
"DP_60":  3.754539886304932,
"DP_95":  3.754539886304932,
"QL":  3.754539886304932}
,
{ "x":  2,
"greedy000":  0.5069345457513265,
"greedy050":  0.5069345457513265,
"greedy100":  0.5069345457513265,
"DP_05":  0.5069345457513265,
"DP_30":  0.5069345457513265,
"DP_60":  0.5069345457513265,
"DP_95":  0.5069345457513265,
"QL":  0.5069345457513265}
,
{ "x":  3,
"greedy000":  2.0833095557616357,
"greedy050":  2.304292551139259,
"greedy100":  2.4902529007735525,
"DP_05":  2.4902529007735525,
"DP_30":  2.4902529007735525,
"DP_60":  2.4902529007735525,
"DP_95":  2.5415372617144554,
"QL":  2.468565395275685}
,
{ "x":  4,
"greedy000":  3.14701683024711,
"greedy050":  3.553669801629288,
"greedy100":  3.8408436824522147,
"DP_05":  3.8408436824522147,
"DP_30":  3.8408436824522147,
"DP_60":  3.8421470941893103,
"DP_95":  3.8421470941893103,
"QL":  3.5003017919899078}
,
{ "x":  5,
"greedy000":  3.2875672250961605,
"greedy050":  3.406544133503165,
"greedy100":  3.495172410027641,
"DP_05":  3.495172410027641,
"DP_30":  3.495172410027641,
"DP_60":  3.495172410027641,
"DP_95":  3.658227519708089,
"QL":  3.278582160270606}
,
{ "x":  6,
"greedy000":  5.0673992076490935,
"greedy050":  5.213694366947298,
"greedy100":  5.293622812000487,
"DP_05":  5.293622812000487,
"DP_30":  5.293622812000487,
"DP_60":  5.398744283594102,
"DP_95":  5.667544273160745,
"QL":  5.2544399022618355}
,
{ "x":  7,
"greedy000":  2.1333340911663865,
"greedy050":  2.255109131901974,
"greedy100":  2.3181362489735173,
"DP_05":  2.3181362489735173,
"DP_30":  2.3181362489735173,
"DP_60":  2.3557775991423187,
"DP_95":  3.126073333879933,
"QL":  2.4661839993212755}
,
{ "x":  8,
"greedy000":  1.8791611717811183,
"greedy050":  2.007151548586539,
"greedy100":  2.074590668051674,
"DP_05":  2.074590668051674,
"DP_30":  2.074590668051674,
"DP_60":  2.4999866329696667,
"DP_95":  2.924069812624045,
"QL":  2.0938643808231374}
,
{ "x":  9,
"greedy000":  2.8862524259047277,
"greedy050":  3.0463321273515684,
"greedy100":  3.153578435654535,
"DP_05":  3.153578435654535,
"DP_30":  3.1535830541655274,
"DP_60":  3.2068435358394476,
"DP_95":  3.370578247039422,
"QL":  3.0618626896409027}
]}
