{ "x_label":"Acceptance Rate",
"y_label":"episode",
"results":[
{ "x":  5,
"DP_05":  0.5127494589333649,
"DP_30":  0.5790558032289169,
"DP_60":  0.5702150835196539,
"DP_95":  0.49665402339809345,
"QL-Dynamic": 0.2636314930469156,
"QL-Static": 0.30119923799089365}
,
{ "x":  10,
"DP_05":  0.5129960770584847,
"DP_30":  0.5771380782170691,
"DP_60":  0.5699617312950139,
"DP_95":  0.49790788609132425,
"QL-Dynamic": 0.3144639547100102,
"QL-Static": 0.24021559450791025}
,
{ "x":  15,
"DP_05":  0.5338849158902801,
"DP_30":  0.5865437935221203,
"DP_60":  0.5792101459704935,
"DP_95":  0.5010954971579772,
"QL-Dynamic": 0.34092396148587206,
"QL-Static": 0.3549561265372354}
,
{ "x":  20,
"DP_05":  0.5199550978690307,
"DP_30":  0.5847949244708406,
"DP_60":  0.5756863138747959,
"DP_95":  0.49831927498989464,
"QL-Dynamic": 0.42654092439712993,
"QL-Static": 0.2755955212982965}
,
{ "x":  25,
"DP_05":  0.5147972026425369,
"DP_30":  0.5790611804713739,
"DP_60":  0.5711589029449902,
"DP_95":  0.4934750251259512,
"QL-Dynamic": 0.37313108836142483,
"QL-Static": 0.32083355525234036}
,
{ "x":  30,
"DP_05":  0.5143382725725314,
"DP_30":  0.5801069200757084,
"DP_60":  0.5731171755486681,
"DP_95":  0.49966721692684624,
"QL-Dynamic": 0.39226143555352844,
"QL-Static": 0.3910511224161538}
,
{ "x":  35,
"DP_05":  0.5141468407860114,
"DP_30":  0.5763365444884869,
"DP_60":  0.5675465991252306,
"DP_95":  0.49405088262261626,
"QL-Dynamic": 0.3883594254316371,
"QL-Static": 0.36721827487933206}
,
{ "x":  40,
"DP_05":  0.5281390374498095,
"DP_30":  0.581145906840532,
"DP_60":  0.5759758361522976,
"DP_95":  0.497212839231494,
"QL-Dynamic": 0.4282896160514954,
"QL-Static": 0.43482692841528114}
,
{ "x":  45,
"DP_05":  0.5299581387427051,
"DP_30":  0.5828070444288542,
"DP_60":  0.5748331894351106,
"DP_95":  0.49551230577102495,
"QL-Dynamic": 0.4643673374916661,
"QL-Static": 0.3910188317742921}
,
{ "x":  50,
"DP_05":  0.5276834923291805,
"DP_30":  0.5802342353948917,
"DP_60":  0.5732440778776543,
"DP_95":  0.49879509924339127,
"QL-Dynamic": 0.49780356217050337,
"QL-Static": 0.4324460880680169}
,
{ "x":  55,
"DP_05":  0.5259508309114201,
"DP_30":  0.5861418384432217,
"DP_60":  0.5787378079573404,
"DP_95":  0.5008945491835827,
"QL-Dynamic": 0.4959970688117571,
"QL-Static": 0.4227140955226977}
]}
