{ "x_label":"Federation Rate",
"y_label":"episode",
"results":[
{ "x":  5,
"DP_05":  0.487250541066635,
"DP_30":  0.42094419677108313,
"DP_60":  0.4297849164803461,
"DP_95":  0.5033459766019065,
"QL-Dynamic": 0.3926173163723038,
"QL-Static": 0.4262922255398086}
,
{ "x":  10,
"DP_05":  0.4870039229415153,
"DP_30":  0.42286192178293075,
"DP_60":  0.43003826870498607,
"DP_95":  0.5020921139086758,
"QL-Dynamic": 0.28028858282701496,
"QL-Static": 0.49864862954516365}
,
{ "x":  15,
"DP_05":  0.4661150841097198,
"DP_30":  0.41345620647787984,
"DP_60":  0.42078985402950647,
"DP_95":  0.4989045028420227,
"QL-Dynamic": 0.4230149416582411,
"QL-Static": 0.40056205231570646}
,
{ "x":  20,
"DP_05":  0.4800449021309693,
"DP_30":  0.41520507552915953,
"DP_60":  0.42431368612520404,
"DP_95":  0.5016807250101054,
"QL-Dynamic": 0.3065145237186395,
"QL-Static": 0.41052217554734377}
,
{ "x":  25,
"DP_05":  0.485202797357463,
"DP_30":  0.4209388195286262,
"DP_60":  0.4288410970550099,
"DP_95":  0.5065249748740487,
"QL-Dynamic": 0.30979727297060644,
"QL-Static": 0.3751717331157959}
,
{ "x":  30,
"DP_05":  0.48566172742746855,
"DP_30":  0.41989307992429153,
"DP_60":  0.4268828244513319,
"DP_95":  0.5003327830731538,
"QL-Dynamic": 0.41851973896709316,
"QL-Static": 0.3877897198104584}
,
{ "x":  35,
"DP_05":  0.48585315921398875,
"DP_30":  0.423663455511513,
"DP_60":  0.43245340087476947,
"DP_95":  0.5059491173773838,
"QL-Dynamic": 0.3802291817927641,
"QL-Static": 0.3531847898854803}
,
{ "x":  40,
"DP_05":  0.47186096255019044,
"DP_30":  0.41885409315946803,
"DP_60":  0.42402416384770236,
"DP_95":  0.5027871607685059,
"QL-Dynamic": 0.3407781246378119,
"QL-Static": 0.3105916747083931}
,
{ "x":  45,
"DP_05":  0.47004186125729486,
"DP_30":  0.4171929555711459,
"DP_60":  0.42516681056488936,
"DP_95":  0.5044876942289751,
"QL-Dynamic": 0.37578620757376263,
"QL-Static": 0.3429463290057172}
,
{ "x":  50,
"DP_05":  0.4723165076708195,
"DP_30":  0.41976576460510834,
"DP_60":  0.42675592212234575,
"DP_95":  0.501204900756609,
"QL-Dynamic": 0.29632132979256365,
"QL-Static": 0.29661431511744035}
,
{ "x":  55,
"DP_05":  0.47404916908857986,
"DP_30":  0.41385816155677857,
"DP_60":  0.4212621920426596,
"DP_95":  0.49910545081641733,
"QL-Dynamic": 0.2716441212046873,
"QL-Static": 0.3406807638918671}
]}
