{ "x_label":"episode",
"y_label":"Average Profit",
"results":[
{ "x":  5,
"DP_05":  212.4433719316458,
"DP_30":  253.40717166485283,
"DP_60":  254.2720079889901,
"DP_95":  257.8955122617822,
"QL-Dynamic": 133.39402760715376,
"QL-Static": 134.61637059302063}
,
{ "x":  10,
"DP_05":  214.23008565827703,
"DP_30":  253.65960151769332,
"DP_60":  255.08891380732172,
"DP_95":  258.49369320992696,
"QL-Dynamic": 154.47472590132023,
"QL-Static": 137.17475841920162}
,
{ "x":  15,
"DP_05":  220.9498867729347,
"DP_30":  255.69036249118818,
"DP_60":  256.84849175473283,
"DP_95":  260.0269341329871,
"QL-Dynamic": 155.06070087978338,
"QL-Static": 148.7461830823243}
,
{ "x":  20,
"DP_05":  217.28675745256564,
"DP_30":  254.46521818867578,
"DP_60":  255.30896266896667,
"DP_95":  258.6915712701393,
"QL-Dynamic": 173.64400750031643,
"QL-Static": 142.38179596103424}
,
{ "x":  25,
"DP_05":  212.9959084918451,
"DP_30":  252.38876577753726,
"DP_60":  253.20293917697586,
"DP_95":  256.371746743594,
"QL-Dynamic": 174.4270684067321,
"QL-Static": 153.26670095018855}
,
{ "x":  30,
"DP_05":  215.61931312906228,
"DP_30":  254.70927402814,
"DP_60":  255.73656172598015,
"DP_95":  259.339931341813,
"QL-Dynamic": 195.82395541891347,
"QL-Static": 185.64308531574878}
,
{ "x":  35,
"DP_05":  214.3446753581925,
"DP_30":  251.9243752692649,
"DP_60":  253.52887149197994,
"DP_95":  256.6384745414784,
"QL-Dynamic": 189.05833518885666,
"QL-Static": 182.8623482033322}
,
{ "x":  40,
"DP_05":  219.8825407385309,
"DP_30":  254.6619160684627,
"DP_60":  255.65955043150515,
"DP_95":  258.1593756703487,
"QL-Dynamic": 205.9359912256819,
"QL-Static": 205.86317612601474}
,
{ "x":  45,
"DP_05":  220.01471824919972,
"DP_30":  253.88297490369433,
"DP_60":  254.5489261990504,
"DP_95":  257.341419075863,
"QL-Dynamic": 220.33019335000054,
"QL-Static": 188.38569884830648}
,
{ "x":  50,
"DP_05":  218.9725123350126,
"DP_30":  254.11320799028834,
"DP_60":  255.5659103227045,
"DP_95":  258.92044273607115,
"QL-Dynamic": 231.89715626114963,
"QL-Static": 204.37125483191045}
,
{ "x":  55,
"DP_05":  219.54672925219614,
"DP_30":  255.40486206699376,
"DP_60":  256.6021509098221,
"DP_95":  259.93534065730324,
"QL-Dynamic": 231.57215837286975,
"QL-Static": 200.1435758460304}
]}
