{ "x_label":"episode",
"y_label":"Acceptance Rate",
"results":[
{ "x":  5,
"DP_05":  0.5238079634249118,
"DP_30":  0.5825355987940092,
"DP_60":  0.5750318803454882,
"DP_95":  0.4971734416072139,
"QL-Dynamic": 0.26679793915088007,
"QL-Static": 0.26830855242107204}
,
{ "x":  10,
"DP_05":  0.5220807857186285,
"DP_30":  0.5820219609526655,
"DP_60":  0.5753450775370337,
"DP_95":  0.4982213359206463,
"QL-Dynamic": 0.30248211485097437,
"QL-Static": 0.3365878487978383}
,
{ "x":  15,
"DP_05":  0.5259628598435756,
"DP_30":  0.5866844893624308,
"DP_60":  0.5791912144089987,
"DP_95":  0.501451293496596,
"QL-Dynamic": 0.3603374139522169,
"QL-Static": 0.3644447549703475}
,
{ "x":  20,
"DP_05":  0.5201479878065636,
"DP_30":  0.5812491874927682,
"DP_60":  0.5737495215484905,
"DP_95":  0.4987200726254354,
"QL-Dynamic": 0.3747993347439785,
"QL-Static": 0.38605874906570825}
,
{ "x":  25,
"DP_05":  0.5275167380929006,
"DP_30":  0.5857554126674177,
"DP_60":  0.578253786902724,
"DP_95":  0.5013572894663597,
"QL-Dynamic": 0.4364790922307229,
"QL-Static": 0.4112275227120815}
,
{ "x":  30,
"DP_05":  0.5246740183326433,
"DP_30":  0.5824781545458559,
"DP_60":  0.5751514324553066,
"DP_95":  0.49906502489484333,
"QL-Dynamic": 0.46588838210130024,
"QL-Static": 0.4343639598380042}
,
{ "x":  35,
"DP_05":  0.522643176204501,
"DP_30":  0.5839566153226933,
"DP_60":  0.577041671265301,
"DP_95":  0.499315117138826,
"QL-Dynamic": 0.46660661414839244,
"QL-Static": 0.4151571793104683}
,
{ "x":  40,
"DP_05":  0.520613057617538,
"DP_30":  0.5837865200996296,
"DP_60":  0.5759325843193107,
"DP_95":  0.5006615268446943,
"QL-Dynamic": 0.47035101424207787,
"QL-Static": 0.39434426587524557}
,
{ "x":  45,
"DP_05":  0.5263979159597415,
"DP_30":  0.5838699658751402,
"DP_60":  0.5760888476939485,
"DP_95":  0.4995021235063397,
"QL-Dynamic": 0.49506609905723586,
"QL-Static": 0.43504950187245334}
,
{ "x":  50,
"DP_05":  0.525475407801264,
"DP_30":  0.5851546709889655,
"DP_60":  0.5774388799862873,
"DP_95":  0.5002667020997607,
"QL-Dynamic": 0.49129367068563473,
"QL-Static": 0.38934836259561223}
,
{ "x":  55,
"DP_05":  0.5230475165661925,
"DP_30":  0.5841599715279171,
"DP_60":  0.5759860173185642,
"DP_95":  0.4998254761251437,
"QL-Dynamic": 0.5004321274920853,
"QL-Static": 0.40037352095805206}
,
{ "x":  60,
"DP_05":  0.5226402837921309,
"DP_30":  0.5842962087661736,
"DP_60":  0.5760386735238027,
"DP_95":  0.49981565063348016,
"QL-Dynamic": 0.5057283159001436,
"QL-Static": 0.4256261489482254}
,
{ "x":  65,
"DP_05":  0.5290093727883614,
"DP_30":  0.5860575160388898,
"DP_60":  0.5790961275694074,
"DP_95":  0.501881366984905,
"QL-Dynamic": 0.5247013055271816,
"QL-Static": 0.43026754398170813}
,
{ "x":  70,
"DP_05":  0.5233005587823986,
"DP_30":  0.5843034609390585,
"DP_60":  0.5772163285357237,
"DP_95":  0.5004137447284424,
"QL-Dynamic": 0.5194642714949146,
"QL-Static": 0.4746671291694017}
,
{ "x":  75,
"DP_05":  0.522435459274121,
"DP_30":  0.5852144690631823,
"DP_60":  0.5777805480252789,
"DP_95":  0.5018734543621745,
"QL-Dynamic": 0.5059750145861259,
"QL-Static": 0.4365617310818299}
,
{ "x":  80,
"DP_05":  0.5269708943546756,
"DP_30":  0.5855118005120955,
"DP_60":  0.5778309590271185,
"DP_95":  0.500119204117791,
"QL-Dynamic": 0.5185171338727319,
"QL-Static": 0.43602522718438375}
,
{ "x":  85,
"DP_05":  0.5286689651963075,
"DP_30":  0.5856821465161138,
"DP_60":  0.5774868387902068,
"DP_95":  0.5007450080315929,
"QL-Dynamic": 0.5301931047803882,
"QL-Static": 0.4614372137132337}
,
{ "x":  90,
"DP_05":  0.5207943719964241,
"DP_30":  0.5814136109036356,
"DP_60":  0.5744117147200466,
"DP_95":  0.4970831170181223,
"QL-Dynamic": 0.5394952320174909,
"QL-Static": 0.4409545626712436}
,
{ "x":  95,
"DP_05":  0.5236086231417052,
"DP_30":  0.5820060813901384,
"DP_60":  0.5751131468021022,
"DP_95":  0.498594837023157,
"QL-Dynamic": 0.5284657969771578,
"QL-Static": 0.4442102408221559}
,
{ "x":  100,
"DP_05":  0.5220023027300953,
"DP_30":  0.5830654631051518,
"DP_60":  0.5757776407993884,
"DP_95":  0.4990490831169678,
"QL-Dynamic": 0.5367869311230157,
"QL-Static": 0.4524158992988705}
]}
