{ "x_label":"episode",
"y_label":"Acceptance Rate",
"results":[
{ "x":  5,
"DP_05":  0.5218766197761453,
"DP_30":  0.5821525135763926,
"DP_60":  0.575468200253566,
"DP_95":  0.4987875351770882,
"QL-Dynamic": 0.2958423630583473,
"QL-Static": 0.28343401255134426}
,
{ "x":  10,
"DP_05":  0.5219875229568006,
"DP_30":  0.5825672200503559,
"DP_60":  0.5755831467018755,
"DP_95":  0.49805242029255337,
"QL-Dynamic": 0.32661022815631596,
"QL-Static": 0.3395909494952394}
,
{ "x":  15,
"DP_05":  0.5223371163963363,
"DP_30":  0.583491844374401,
"DP_60":  0.5768905427540535,
"DP_95":  0.5000071520683207,
"QL-Dynamic": 0.3765697748106267,
"QL-Static": 0.35850880855902295}
,
{ "x":  20,
"DP_05":  0.5234964338671484,
"DP_30":  0.5831336125828649,
"DP_60":  0.5768779385672158,
"DP_95":  0.4998184891871496,
"QL-Dynamic": 0.38068969640883443,
"QL-Static": 0.3792312662384056}
,
{ "x":  25,
"DP_05":  0.5240292203434583,
"DP_30":  0.5830631809574538,
"DP_60":  0.5753426807722019,
"DP_95":  0.4979773497583427,
"QL-Dynamic": 0.43708784684174995,
"QL-Static": 0.36988266974761397}
,
{ "x":  30,
"DP_05":  0.5273709560511751,
"DP_30":  0.5853453644037551,
"DP_60":  0.5778721165645081,
"DP_95":  0.5004605295825134,
"QL-Dynamic": 0.4479488567873979,
"QL-Static": 0.4366948740196829}
,
{ "x":  35,
"DP_05":  0.527225578713989,
"DP_30":  0.5824231482764161,
"DP_60":  0.576038586069043,
"DP_95":  0.49938393613267096,
"QL-Dynamic": 0.45249176032172045,
"QL-Static": 0.4078106211141694}
,
{ "x":  40,
"DP_05":  0.5227772353318813,
"DP_30":  0.584650090498325,
"DP_60":  0.5768607276906841,
"DP_95":  0.499878999488544,
"QL-Dynamic": 0.4953137615957904,
"QL-Static": 0.44782859949260406}
,
{ "x":  45,
"DP_05":  0.5278995422383445,
"DP_30":  0.5855595774266825,
"DP_60":  0.578333710940728,
"DP_95":  0.503433830882965,
"QL-Dynamic": 0.4820616028412888,
"QL-Static": 0.4209647155448079}
,
{ "x":  50,
"DP_05":  0.5182773140786405,
"DP_30":  0.5810488720240482,
"DP_60":  0.5746943118726768,
"DP_95":  0.4970274082199619,
"QL-Dynamic": 0.4896592759620979,
"QL-Static": 0.4261386554120605}
,
{ "x":  55,
"DP_05":  0.5283624532958845,
"DP_30":  0.5877541995029741,
"DP_60":  0.5794421870608626,
"DP_95":  0.5034923183742849,
"QL-Dynamic": 0.49630631183249335,
"QL-Static": 0.4203195256347674}
,
{ "x":  60,
"DP_05":  0.5206517468854654,
"DP_30":  0.5833536916224995,
"DP_60":  0.5765495389614687,
"DP_95":  0.49961030606374307,
"QL-Dynamic": 0.5055490355987164,
"QL-Static": 0.43890564493575474}
,
{ "x":  65,
"DP_05":  0.5243489203901041,
"DP_30":  0.584365409913615,
"DP_60":  0.5775961206386363,
"DP_95":  0.49901249047308144,
"QL-Dynamic": 0.5170306253781513,
"QL-Static": 0.41672516120162306}
,
{ "x":  70,
"DP_05":  0.5290239544101055,
"DP_30":  0.5865044536587388,
"DP_60":  0.5781775205674666,
"DP_95":  0.5014261251934559,
"QL-Dynamic": 0.5174854835443832,
"QL-Static": 0.4163457061258446}
,
{ "x":  75,
"DP_05":  0.5230245556003082,
"DP_30":  0.5835784459476103,
"DP_60":  0.5761764611363248,
"DP_95":  0.5002231947867773,
"QL-Dynamic": 0.5308663389844416,
"QL-Static": 0.46758764491671123}
,
{ "x":  80,
"DP_05":  0.5250565199748217,
"DP_30":  0.5847877218683479,
"DP_60":  0.5772466704918344,
"DP_95":  0.5002605516798924,
"QL-Dynamic": 0.5355781162484594,
"QL-Static": 0.4473014449153348}
,
{ "x":  85,
"DP_05":  0.523190439294689,
"DP_30":  0.5838356230689373,
"DP_60":  0.5765467455944002,
"DP_95":  0.4991112985722166,
"QL-Dynamic": 0.5437120076498085,
"QL-Static": 0.4427332489319029}
,
{ "x":  90,
"DP_05":  0.5251721461591639,
"DP_30":  0.5833301043957334,
"DP_60":  0.5774536672156525,
"DP_95":  0.5002660827595653,
"QL-Dynamic": 0.546798168009743,
"QL-Static": 0.4496389190174606}
,
{ "x":  95,
"DP_05":  0.5256415122812131,
"DP_30":  0.5852091422776335,
"DP_60":  0.577424198594046,
"DP_95":  0.5004913903212412,
"QL-Dynamic": 0.5446795905580233,
"QL-Static": 0.45585756146290524}
,
{ "x":  100,
"DP_05":  0.5212471062384441,
"DP_30":  0.5821325440051646,
"DP_60":  0.5746647484296501,
"DP_95":  0.49821379796528026,
"QL-Dynamic": 0.5441411088978528,
"QL-Static": 0.45389653180835604}
,
{ "x":  105,
"DP_05":  0.5247158269048395,
"DP_30":  0.5847053448167033,
"DP_60":  0.577219986436073,
"DP_95":  0.5013933274966125,
"QL-Dynamic": 0.5487513875703776,
"QL-Static": 0.4350075318937671}
,
{ "x":  110,
"DP_05":  0.5258559147280418,
"DP_30":  0.5836024311124222,
"DP_60":  0.5756629928833297,
"DP_95":  0.4980512777694288,
"QL-Dynamic": 0.5293716769397881,
"QL-Static": 0.42555384131978535}
,
{ "x":  115,
"DP_05":  0.5273968653056604,
"DP_30":  0.586253712621816,
"DP_60":  0.5793566624574212,
"DP_95":  0.5011622190186416,
"QL-Dynamic": 0.5481224711049155,
"QL-Static": 0.43616080526631856}
,
{ "x":  120,
"DP_05":  0.525755597803074,
"DP_30":  0.5854373377390432,
"DP_60":  0.578550141739363,
"DP_95":  0.5011930486379568,
"QL-Dynamic": 0.5493472246375269,
"QL-Static": 0.46550240312310487}
,
{ "x":  125,
"DP_05":  0.5246225842775154,
"DP_30":  0.5849424036823452,
"DP_60":  0.5783132294255743,
"DP_95":  0.5011946824068788,
"QL-Dynamic": 0.5480928778904821,
"QL-Static": 0.4608264382757051}
,
{ "x":  130,
"DP_05":  0.524570512587761,
"DP_30":  0.5859111131448863,
"DP_60":  0.578351558105239,
"DP_95":  0.5013184298336631,
"QL-Dynamic": 0.5486203303404431,
"QL-Static": 0.4580226948169206}
,
{ "x":  135,
"DP_05":  0.5244606355118453,
"DP_30":  0.5855252925346894,
"DP_60":  0.5772473240648923,
"DP_95":  0.5002205660927038,
"QL-Dynamic": 0.5486866207378893,
"QL-Static": 0.4596518764864085}
,
{ "x":  140,
"DP_05":  0.5226666777151385,
"DP_30":  0.5839472546704073,
"DP_60":  0.5761423068618721,
"DP_95":  0.4995831648900534,
"QL-Dynamic": 0.550955971356371,
"QL-Static": 0.4545414936139343}
,
{ "x":  145,
"DP_05":  0.5280126843382975,
"DP_30":  0.5849572751857758,
"DP_60":  0.5775821967144352,
"DP_95":  0.5012701840867587,
"QL-Dynamic": 0.5484764459702213,
"QL-Static": 0.4607698169395029}
,
{ "x":  150,
"DP_05":  0.5242399547425378,
"DP_30":  0.5824069532233779,
"DP_60":  0.5751506076636176,
"DP_95":  0.49910194124435703,
"QL-Dynamic": 0.5521249276056261,
"QL-Static": 0.4869500461489998}
,
{ "x":  155,
"DP_05":  0.5212945781499081,
"DP_30":  0.5831140908829464,
"DP_60":  0.5749155645578597,
"DP_95":  0.4994918170209664,
"QL-Dynamic": 0.5527239350473704,
"QL-Static": 0.4461421108317317}
,
{ "x":  160,
"DP_05":  0.5251580149647449,
"DP_30":  0.5842605683210826,
"DP_60":  0.5767408488063821,
"DP_95":  0.5002934201536798,
"QL-Dynamic": 0.5509582620629722,
"QL-Static": 0.4238680755769893}
,
{ "x":  165,
"DP_05":  0.5251119465584503,
"DP_30":  0.585110473117509,
"DP_60":  0.5775613768493059,
"DP_95":  0.5004053790248256,
"QL-Dynamic": 0.5516331938903274,
"QL-Static": 0.45196990829916883}
,
{ "x":  170,
"DP_05":  0.5224559287079409,
"DP_30":  0.584358282573138,
"DP_60":  0.5766565006464475,
"DP_95":  0.49944501008411885,
"QL-Dynamic": 0.5497339317099468,
"QL-Static": 0.4493739762070077}
,
{ "x":  175,
"DP_05":  0.5261473585526727,
"DP_30":  0.5838920804598712,
"DP_60":  0.5763630917819971,
"DP_95":  0.49978001227047647,
"QL-Dynamic": 0.5548666780005603,
"QL-Static": 0.4376038186538448}
,
{ "x":  180,
"DP_05":  0.5243873263391984,
"DP_30":  0.5833375515146618,
"DP_60":  0.5758385516669824,
"DP_95":  0.49982266562262223,
"QL-Dynamic": 0.5577616945949447,
"QL-Static": 0.43793812074480004}
,
{ "x":  185,
"DP_05":  0.5262853420904589,
"DP_30":  0.5836459626121318,
"DP_60":  0.5754865034203385,
"DP_95":  0.49906214442365426,
"QL-Dynamic": 0.553840337243633,
"QL-Static": 0.46458667706125034}
,
{ "x":  190,
"DP_05":  0.5289389087035573,
"DP_30":  0.5837163943966963,
"DP_60":  0.576721928442286,
"DP_95":  0.501266672430771,
"QL-Dynamic": 0.5525455862466945,
"QL-Static": 0.46596146947549566}
,
{ "x":  195,
"DP_05":  0.5247971907211789,
"DP_30":  0.5849890797000163,
"DP_60":  0.5778668628129153,
"DP_95":  0.5009676555743332,
"QL-Dynamic": 0.5489388588332149,
"QL-Static": 0.44677875400949824}
,
{ "x":  200,
"DP_05":  0.5245487441711274,