{ "x_label":"episode",
"y_label":"Federation Rate",
"results":[
{ "x":  5,
"DP_05":  0.47619203657508824,
"DP_30":  0.4174644012059908,
"DP_60":  0.4249681196545117,
"DP_95":  0.5028265583927861,
"QL-Dynamic": 0.4473841284742678,
"QL-Static": 0.47878668768743887}
,
{ "x":  10,
"DP_05":  0.4779192142813715,
"DP_30":  0.41797803904733455,
"DP_60":  0.42465492246296643,
"DP_95":  0.5017786640793537,
"QL-Dynamic": 0.4660768684160612,
"QL-Static": 0.3722125242904979}
,
{ "x":  15,
"DP_05":  0.4740371401564243,
"DP_30":  0.4133155106375692,
"DP_60":  0.4208087855910014,
"DP_95":  0.49854870650340394,
"QL-Dynamic": 0.3844597843943854,
"QL-Static": 0.38049859589932405}
,
{ "x":  20,
"DP_05":  0.47985201219343643,
"DP_30":  0.4187508125072317,
"DP_60":  0.4262504784515096,
"DP_95":  0.5012799273745646,
"QL-Dynamic": 0.32771168512923415,
"QL-Static": 0.349568814365159}
,
{ "x":  25,
"DP_05":  0.47248326190709955,
"DP_30":  0.4142445873325821,
"DP_60":  0.4217462130972763,
"DP_95":  0.4986427105336403,
"QL-Dynamic": 0.3353702404859267,
"QL-Static": 0.33594338839202287}
,
{ "x":  30,
"DP_05":  0.47532598166735673,
"DP_30":  0.417521845454144,
"DP_60":  0.42484856754469336,
"DP_95":  0.5009349751051567,
"QL-Dynamic": 0.3093468377453947,
"QL-Static": 0.2991216365068872}
,
{ "x":  35,
"DP_05":  0.477356823795499,
"DP_30":  0.4160433846773068,
"DP_60":  0.4229583287346991,
"DP_95":  0.500684882861174,
"QL-Dynamic": 0.31062812020013797,
"QL-Static": 0.3204147531893987}
,
{ "x":  40,
"DP_05":  0.479386942382462,
"DP_30":  0.4162134799003703,
"DP_60":  0.4240674156806893,
"DP_95":  0.4993384731553057,
"QL-Dynamic": 0.30642430041013563,
"QL-Static": 0.3612407365814219}
,
{ "x":  45,
"DP_05":  0.47360208404025855,
"DP_30":  0.41613003412485966,
"DP_60":  0.42391115230605153,
"DP_95":  0.5004978764936603,
"QL-Dynamic": 0.28497903586295964,
"QL-Static": 0.3192682633389454}
,
{ "x":  50,
"DP_05":  0.47452459219873594,
"DP_30":  0.41484532901103466,
"DP_60":  0.42256112001371265,
"DP_95":  0.49973329790023935,
"QL-Dynamic": 0.31167043297020763,
"QL-Static": 0.35464068630141055}
,
{ "x":  55,
"DP_05":  0.47695248343380753,
"DP_30":  0.4158400284720829,
"DP_60":  0.42401398268143564,
"DP_95":  0.5001745238748562,
"QL-Dynamic": 0.282519267463894,
"QL-Static": 0.3409377863958072}
,
{ "x":  60,
"DP_05":  0.4773597162078691,
"DP_30":  0.41570379123382656,
"DP_60":  0.4239613264761973,
"DP_95":  0.50018434936652,
"QL-Dynamic": 0.2619229053664848,
"QL-Static": 0.36299620718987974}
,
{ "x":  65,
"DP_05":  0.47099062721163854,
"DP_30":  0.41394248396111005,
"DP_60":  0.42090387243059263,
"DP_95":  0.49811863301509496,
"QL-Dynamic": 0.2617673697848559,
"QL-Static": 0.32343749557616014}
,
{ "x":  70,
"DP_05":  0.4766994412176014,
"DP_30":  0.4156965390609414,
"DP_60":  0.4227836714642764,
"DP_95":  0.4995862552715577,
"QL-Dynamic": 0.28693587161221557,
"QL-Static": 0.3192105209091344}
,
{ "x":  75,
"DP_05":  0.4775645407258788,
"DP_30":  0.4147855309368178,
"DP_60":  0.4222194519747211,
"DP_95":  0.4981265456378255,
"QL-Dynamic": 0.25967330799860167,
"QL-Static": 0.29243143459277454}
,
{ "x":  80,
"DP_05":  0.4730291056453244,
"DP_30":  0.41448819948790444,
"DP_60":  0.42216904097288155,
"DP_95":  0.49988079588220913,
"QL-Dynamic": 0.2682897082650822,
"QL-Static": 0.32652594783458644}
,
{ "x":  85,
"DP_05":  0.4713310348036925,
"DP_30":  0.41431785348388617,
"DP_60":  0.4225131612097932,
"DP_95":  0.49925499196840706,
"QL-Dynamic": 0.2678082962510712,
"QL-Static": 0.3087212848018949}
,
{ "x":  90,
"DP_05":  0.4792056280035759,
"DP_30":  0.4185863890963642,
"DP_60":  0.4255882852799532,
"DP_95":  0.5029168829818778,
"QL-Dynamic": 0.26719073447583974,
"QL-Static": 0.3406211937027722}
,
{ "x":  95,
"DP_05":  0.4763913768582949,
"DP_30":  0.41799391860986146,
"DP_60":  0.42488685319789765,
"DP_95":  0.501405162976843,
"QL-Dynamic": 0.2695146978832629,
"QL-Static": 0.2878619996090648}
,
{ "x":  100,
"DP_05":  0.4779976972699047,
"DP_30":  0.4169345368948482,
"DP_60":  0.42422235920061147,
"DP_95":  0.5009509168830322,
"QL-Dynamic": 0.2595596104683109,
"QL-Static": 0.2896743798583257}
]}
