{ "x_label":"episode",
"y_label":"Average Profit",
"results":[
{ "x":  5,
"DP_05":  217.17865675776366,
"DP_30":  254.7682454340051,
"DP_60":  255.79178365918972,
"DP_95":  258.9173478619776,
"QL-Dynamic": 144.1697420516172,
"QL-Static": 137.23817548563468}
,
{ "x":  10,
"DP_05":  217.02289777766362,
"DP_30":  254.59731406981243,
"DP_60":  255.63652472081685,
"DP_95":  258.56484230142166,
"QL-Dynamic": 155.59219573927575,
"QL-Static": 163.63058577086332}
,
{ "x":  15,
"DP_05":  217.84779858218386,
"DP_30":  255.36573727015934,
"DP_60":  256.4228367115734,
"DP_95":  259.50559956833365,
"QL-Dynamic": 183.0346052225034,
"QL-Static": 176.5695751806382}
,
{ "x":  20,
"DP_05":  218.03606585105845,
"DP_30":  255.18343863835952,
"DP_60":  256.3441688759891,
"DP_95":  259.4143414326058,
"QL-Dynamic": 185.7549075337772,
"QL-Static": 181.5008852328791}
,
{ "x":  25,
"DP_05":  218.2339199750738,
"DP_30":  254.55921803822224,
"DP_60":  255.61060066526807,
"DP_95":  258.52977477537803,
"QL-Dynamic": 208.9187360120863,
"QL-Static": 181.17018998294554}
,
{ "x":  30,
"DP_05":  219.75473613261718,
"DP_30":  255.54311403669735,
"DP_60":  256.74151155240247,
"DP_95":  259.7258217475631,
"QL-Dynamic": 212.57352172920324,
"QL-Static": 210.33393142889236}
,
{ "x":  35,
"DP_05":  219.88146559981828,
"DP_30":  254.8803062199383,
"DP_60":  256.0310827918627,
"DP_95":  259.2058387036065,
"QL-Dynamic": 211.7993688707248,
"QL-Static": 196.5194221078939}
,
{ "x":  40,
"DP_05":  218.1334078815996,
"DP_30":  255.54187608444184,
"DP_60":  256.4786911665298,
"DP_95":  259.44343534107065,
"QL-Dynamic": 230.2084931886827,
"QL-Static": 212.95840958738955}
,
{ "x":  45,
"DP_05":  220.98744267741966,
"DP_30":  256.7431582056438,
"DP_60":  257.77950002827623,
"DP_95":  261.1533042444137,
"QL-Dynamic": 226.94120653279577,
"QL-Static": 201.54398761568598}
,
{ "x":  50,
"DP_05":  215.55523153395174,
"DP_30":  254.1483334371759,
"DP_60":  255.24957309177273,
"DP_95":  258.0728487104672,
"QL-Dynamic": 232.4526048341514,
"QL-Static": 204.79994792939218}
,
{ "x":  55,
"DP_05":  220.44036920890548,
"DP_30":  257.0370484073223,
"DP_60":  257.9865965172767,
"DP_95":  261.18088819057704,
"QL-Dynamic": 233.29616645259412,
"QL-Static": 201.89574660890753}
,
{ "x":  60,
"DP_05":  216.97836453690186,
"DP_30":  255.29543228725453,
"DP_60":  256.2611532138329,
"DP_95":  259.31576977602754,
"QL-Dynamic": 235.0255758668511,
"QL-Static": 207.18154587130778}
,
{ "x":  65,
"DP_05":  218.26104396831434,
"DP_30":  255.11661261941745,
"DP_60":  255.92408158476724,
"DP_95":  259.02553646567617,
"QL-Dynamic": 241.0822589021567,
"QL-Static": 202.55743638005697}
,
{ "x":  70,
"DP_05":  220.11994586359793,
"DP_30":  255.84716964620804,
"DP_60":  256.9994596912106,
"DP_95":  260.1897258107004,
"QL-Dynamic": 240.43665671352844,
"QL-Static": 201.98560659911774}
,
{ "x":  75,
"DP_05":  218.13976349130186,
"DP_30":  255.20272019641874,
"DP_60":  256.2765492301926,
"DP_95":  259.60735669243985,
"QL-Dynamic": 245.90336820555018,
"QL-Static": 220.75164887578268}
,
{ "x":  80,
"DP_05":  218.81593136690233,
"DP_30":  255.48074720977343,
"DP_60":  256.52658094285914,
"DP_95":  259.6258494602604,
"QL-Dynamic": 244.51814754131163,
"QL-Static": 210.50649547490377}
,
{ "x":  85,
"DP_05":  218.00130950791913,
"DP_30":  254.9055907864166,
"DP_60":  255.85425683540788,
"DP_95":  259.0730916971427,
"QL-Dynamic": 247.16585102155452,
"QL-Static": 213.42907030331816}
,
{ "x":  90,
"DP_05":  218.89608435481267,
"DP_30":  255.38893017631094,
"DP_60":  256.56553533253526,
"DP_95":  259.6285270702979,
"QL-Dynamic": 247.14275353110844,
"QL-Static": 215.57949770841753}
,
{ "x":  95,
"DP_05":  218.8173009512297,
"DP_30":  255.65272472995207,
"DP_60":  256.4894471891872,
"DP_95":  259.73903931157207,
"QL-Dynamic": 247.45153718452764,
"QL-Static": 214.03007345289296}
,
{ "x":  100,
"DP_05":  217.0166830921044,
"DP_30":  254.55778001576243,
"DP_60":  255.51967185253383,
"DP_95":  258.64138616005874,
"QL-Dynamic": 246.42640766967466,
"QL-Static": 215.39935854388824}
,
{ "x":  105,
"DP_05":  219.52277369503545,
"DP_30":  255.8148421203757,
"DP_60":  256.9471915632886,
"DP_95":  260.1701905258706,
"QL-Dynamic": 248.57098465509682,
"QL-Static": 207.2613282913092}
,
{ "x":  110,
"DP_05":  218.53742112963903,
"DP_30":  254.64773518450497,
"DP_60":  255.54135462867063,
"DP_95":  258.5637467714239,
"QL-Dynamic": 244.09118172535068,
"QL-Static": 207.0386605964673}
,
{ "x":  115,
"DP_05":  219.7434062091244,
"DP_30":  256.2373338307245,
"DP_60":  257.28117155504077,
"DP_95":  260.0606187064877,
"QL-Dynamic": 249.2788470265618,
"QL-Static": 213.22067113138874}
,
{ "x":  120,
"DP_05":  219.3172160995815,
"DP_30":  255.98393389299318,
"DP_60":  257.02294257059873,
"DP_95":  260.0743803275868,
"QL-Dynamic": 249.39719255054223,
"QL-Static": 216.99943245217463}
,
{ "x":  125,
"DP_05":  218.64616237308695,
"DP_30":  255.75255973897373,
"DP_60":  257.01783841182606,
"DP_95":  260.0751746070811,
"QL-Dynamic": 249.2656721761174,
"QL-Static": 219.8986411446932}
,
{ "x":  130,
"DP_05":  218.31070804141496,
"DP_30":  255.88594034145925,
"DP_60":  256.8397120891226,
"DP_95":  260.1357798565119,
"QL-Dynamic": 249.19085772035177,
"QL-Static": 216.68013887755845}
,
{ "x":  135,
"DP_05":  218.53531696438353,
"DP_30":  255.59388446686057,
"DP_60":  256.6851973276895,
"DP_95":  259.6066172419841,
"QL-Dynamic": 248.8569565989392,
"QL-Static": 216.82458740281913}
,
{ "x":  140,
"DP_05":  218.62872171207437,
"DP_30":  255.55741717943653,
"DP_60":  256.3387599585702,
"DP_95":  259.3006038345241,
"QL-Dynamic": 249.141871945733,
"QL-Static": 219.67575729836014}
,
{ "x":  145,
"DP_05":  220.23516390963974,
"DP_30":  256.0257214820585,
"DP_60":  257.17876498115237,
"DP_95":  260.11201702335273,
"QL-Dynamic": 249.4745200301491,
"QL-Static": 220.23090001411217}
,
{ "x":  150,
"DP_05":  218.6232103159291,
"DP_30":  254.88620109247168,
"DP_60":  255.94428676369364,
"DP_95":  259.07075162566264,
"QL-Dynamic": 248.07007258041705,
"QL-Static": 227.46589666306872}
,
{ "x":  155,
"DP_05":  216.94083582569866,
"DP_30":  254.87363860553575,
"DP_60":  255.87299529075398,
"DP_95":  259.25773990897045,
"QL-Dynamic": 248.88097629677776,
"QL-Static": 210.89544837152746}
,
{ "x":  160,
"DP_05":  218.96707276144375,
"DP_30":  255.32538908345387,
"DP_60":  256.39777276158617,
"DP_95":  259.64278348982333,
"QL-Dynamic": 248.7739020787834,
"QL-Static": 204.9808938512667}
,
{ "x":  165,
"DP_05":  218.83490803144537,
"DP_30":  255.7244462278459,
"DP_60":  256.7904211037373,
"DP_95":  259.69771762055205,
"QL-Dynamic": 249.0145898492024,
"QL-Static": 216.568561125324}
,
{ "x":  170,
"DP_05":  217.75948846297254,
"DP_30":  255.23096748475407,
"DP_60":  256.1799288409856,
"DP_95":  259.23569763890555,
"QL-Dynamic": 248.89515183546925,
"QL-Static": 217.05268904521185}
,
{ "x":  175,
"DP_05":  218.92409016018973,
"DP_30":  255.34747490644216,
"DP_60":  256.3257059925297,
"DP_95":  259.3952782824093,
"QL-Dynamic": 248.75038659693237,
"QL-Static": 214.2999988455015}
,
{ "x":  180,
"DP_05":  218.75315256629247,
"DP_30":  255.24979140361225,
"DP_60":  256.23047196556223,
"DP_95":  259.41524378935594,
"QL-Dynamic": 249.00308584603397,
"QL-Static": 211.82641108049717}
,
{ "x":  185,
"DP_05":  219.28279238966127,
"DP_30":  255.01036162059737,
"DP_60":  255.97489835422147,
"DP_95":  259.0521583132062,
"QL-Dynamic": 249.17858966018738,
"QL-Static": 220.04785241052784}
,
{ "x":  190,
"DP_05":  220.87830595601824,
"DP_30":  255.89767474371726,
"DP_60":  256.80411599906427,
"DP_95":  260.1098067526338,
"QL-Dynamic": 248.7615619597017,
"QL-Static": 220.8911865298027}
,
{ "x":  195,
"DP_05":  218.99885125045046,
"DP_30":  255.75016409462793,
"DP_60":  256.849929439051,
"DP_95":  259.9665357659876,
"QL-Dynamic": 250.10936428901172,
"QL-Static": 213.87712451169668}
,
{ "x":  200,
"DP_05":  217.80503883724933,
"DP_30":  255.15964309905814,
"DP_60":  256.1778686509388,
"DP_95":  259.3307190328893,
"QL-Dynamic": 249.72320011494386,