{ "x_label":"episode",
"y_label":"Average Profit",
"results":[
{ "x":  5,
"DP_05":  217.9487161401056,
"DP_30":  254.38007730395225,
"DP_60":  255.20761181843187,
"DP_95":  258.1425619115863,
"QL-Dynamic": 133.55068938574559,
"QL-Static": 135.8929639277587}
,
{ "x":  10,
"DP_05":  217.31257169500938,
"DP_30":  254.62031412853128,
"DP_60":  255.57193609020348,
"DP_95":  258.6455483871229,
"QL-Dynamic": 153.27760256230772,
"QL-Static": 162.95990079188314}
,
{ "x":  15,
"DP_05":  219.27511903512473,
"DP_30":  255.99144811804797,
"DP_60":  257.0833851926992,
"DP_95":  260.1991633959873,
"QL-Dynamic": 183.62046642394228,
"QL-Static": 176.37624981884096}
,
{ "x":  20,
"DP_05":  216.90382130562313,
"DP_30":  254.46304429040737,
"DP_60":  255.5633583862176,
"DP_95":  258.88757898008095,
"QL-Dynamic": 181.7551513334851,
"QL-Static": 185.78841492972614}
,
{ "x":  25,
"DP_05":  219.8457466516296,
"DP_30":  256.18579992895025,
"DP_60":  257.11797792433305,
"DP_95":  260.15341217017556,
"QL-Dynamic": 210.64532524386496,
"QL-Static": 198.94341497325084}
,
{ "x":  30,
"DP_05":  218.5492581015651,
"DP_30":  255.02668349536188,
"DP_60":  255.95255070352803,
"DP_95":  259.05135482839296,
"QL-Dynamic": 217.6166872734671,
"QL-Static": 205.57209960948734}
,
{ "x":  35,
"DP_05":  217.5195790080744,
"DP_30":  254.9371816475871,
"DP_60":  256.0407593388699,
"DP_95":  259.1722022471297,
"QL-Dynamic": 221.00992898220045,
"QL-Static": 196.52109218747788}
,
{ "x":  40,
"DP_05":  217.16781757635675,
"DP_30":  255.44876169462867,
"DP_60":  256.560882962217,
"DP_95":  259.8197674348857,
"QL-Dynamic": 222.00291371864256,
"QL-Static": 192.30792277625525}
,
{ "x":  45,
"DP_05":  219.4767400505209,
"DP_30":  255.1001921318997,
"DP_60":  256.0405828760365,
"DP_95":  259.26161093165126,
"QL-Dynamic": 231.4465864764279,
"QL-Static": 204.17240701426462}
,
{ "x":  50,
"DP_05":  218.95907809149824,
"DP_30":  255.67259281771592,
"DP_60":  256.6461642612642,
"DP_95":  259.62937445476643,
"QL-Dynamic": 230.30200542059174,
"QL-Static": 189.1550226605783}
,
{ "x":  55,
"DP_05":  217.69194935117332,
"DP_30":  255.42880460029176,
"DP_60":  256.3284555717391,
"DP_95":  259.41659437643426,
"QL-Dynamic": 232.4300976804286,
"QL-Static": 195.29533271404273}
,
{ "x":  60,
"DP_05":  217.48601826562322,
"DP_30":  255.29215666396695,
"DP_60":  256.11884769981003,
"DP_95":  259.4129752503943,
"QL-Dynamic": 235.74309413626065,
"QL-Static": 204.8745459251495}
,
{ "x":  65,
"DP_05":  220.5452699902806,
"DP_30":  256.2557258215074,
"DP_60":  257.24874147952073,
"DP_95":  260.4049375197393,
"QL-Dynamic": 242.25085002857264,
"QL-Static": 206.8049833649288}
,
{ "x":  70,
"DP_05":  218.66920840241085,
"DP_30":  255.5392794459362,
"DP_60":  256.52740380766267,
"DP_95":  259.6995590669341,
"QL-Dynamic": 242.05612286400347,
"QL-Static": 221.39145366201137}
,
{ "x":  75,
"DP_05":  218.27149623179992,
"DP_30":  256.08278289574065,
"DP_60":  257.18288385216295,
"DP_95":  260.40276935326966,
"QL-Dynamic": 239.29040374266867,
"QL-Static": 206.24990461644208}
,
{ "x":  80,
"DP_05":  219.98520021974792,
"DP_30":  255.60907600219147,
"DP_60":  256.57456460169146,
"DP_95":  259.56000712910003,
"QL-Dynamic": 241.38239538762033,
"QL-Static": 208.7986672782938}
,
{ "x":  85,
"DP_05":  220.24053668626806,
"DP_30":  255.63854216347966,
"DP_60":  256.74196900326154,
"DP_95":  259.8588976436841,
"QL-Dynamic": 244.83955029730868,
"QL-Static": 217.6678667239785}
,
{ "x":  90,
"DP_05":  216.48663161820096,
"DP_30":  254.10230235731512,
"DP_60":  255.13071511880437,
"DP_95":  258.0975114801978,
"QL-Dynamic": 246.90254295978036,
"QL-Static": 211.4728560440978}
,
{ "x":  95,
"DP_05":  218.3079327133633,
"DP_30":  254.7909958996745,
"DP_60":  255.81095729154873,
"DP_95":  258.8262606391165,
"QL-Dynamic": 242.66327685431872,
"QL-Static": 214.28643278172058}
,
{ "x":  100,
"DP_05":  217.37635774579357,
"DP_30":  254.9966806492134,
"DP_60":  256.02829950184383,
"DP_95":  259.043148439801,
"QL-Dynamic": 247.68671229829107,
"QL-Static": 215.99433834158557}
]}
