{ "x_label":"episode",
"y_label":"Acceptance Rate",
 "results":[
{ "x":  10,
"greedy000":  0.0,
"greedy050":  0.0,
"greedy100":  0.6675668376991628,
"DP_05":  0.0,
"DP_30":  0.0,
"DP_60":  0.0,
"DP_95":  0.7774777207669458,
"QL_09":  0.7153659195247097,
"QL_05":  0.6729678638941399,
"RL":  0.7388603834728599}
,
{ "x":  40,
"greedy000":  0.0,
"greedy050":  0.0,
"greedy100":  0.6830761043108036,
"DP_05":  0.0,
"DP_30":  0.0,
"DP_60":  0.0,
"DP_95":  0.7857903139968068,
"QL_09":  0.6913251729643427,
"QL_05":  0.7264502394890899,
"RL":  0.775412453432677}
,
{ "x":  70,
"greedy000":  0.0,
"greedy050":  0.0,
"greedy100":  0.664873587950511,
"DP_05":  0.0,
"DP_30":  0.0,
"DP_60":  0.0,
"DP_95":  0.7824098977945132,
"QL_09":  0.6793975255513717,
"QL_05":  0.71624529316837,
"RL":  0.7751479289940828}
,
{ "x":  100,
"greedy000":  0.0,
"greedy050":  0.0,
"greedy100":  0.6946949602122016,
"DP_05":  0.0,
"DP_30":  0.0,
"DP_60":  0.0,
"DP_95":  0.7801061007957559,
"QL_09":  0.6827586206896552,
"QL_05":  0.7318302387267904,
"RL":  0.7771883289124668}
,
{ "x":  130,
"greedy000":  0.0,
"greedy050":  0.0,
"greedy100":  0.6670198675496689,
"DP_05":  0.0,
"DP_30":  0.0,
"DP_60":  0.0,
"DP_95":  0.7785430463576158,
"QL_09":  0.7464900662251656,
"QL_05":  0.7255629139072848,
"RL":  0.776158940397351}
,
{ "x":  160,
"greedy000":  0.0,
"greedy050":  0.0,
"greedy100":  0.7001569858712716,
"DP_05":  0.0,
"DP_30":  0.0,
"DP_60":  0.0,
"DP_95":  0.7817896389324961,
"QL_09":  0.6917844060701204,
"QL_05":  0.7482993197278912,
"RL":  0.7762951334379906}
,
{ "x":  190,
"greedy000":  0.0,
"greedy050":  0.0,
"greedy100":  0.6604285326823977,
"DP_05":  0.0,
"DP_30":  0.0,
"DP_60":  0.0,
"DP_95":  0.7773257390832655,
"QL_09":  0.7146731760238676,
"QL_05":  0.7320314618931381,
"RL":  0.7822077569839978}
,
{ "x":  220,
"greedy000":  0.0,
"greedy050":  0.0,
"greedy100":  0.6835978835978836,
"DP_05":  0.0,
"DP_30":  0.0,
"DP_60":  0.0,
"DP_95":  0.7727513227513227,
"QL_09":  0.6835978835978836,
"QL_05":  0.7457671957671957,
"RL":  0.7613756613756614}
,
{ "x":  250,
"greedy000":  0.0,
"greedy050":  0.0,
"greedy100":  0.6920451562089788,
"DP_05":  0.0,
"DP_30":  0.0,
"DP_60":  0.0,
"DP_95":  0.779207140981885,
"QL_09":  0.6988710947755317,
"QL_05":  0.7298503544237332,
"RL":  0.7739564190076136}
,
{ "x":  280,
"greedy000":  0.0,
"greedy050":  0.0,
"greedy100":  0.6649444587961767,
"DP_05":  0.0,
"DP_30":  0.0,
"DP_60":  0.0,
"DP_95":  0.7775768535262206,
"QL_09":  0.7168690260914492,
"QL_05":  0.7300439163006975,
"RL":  0.7757685352622061}
,
{ "x":  310,
"greedy000":  0.0,
"greedy050":  0.0,
"greedy100":  0.6707544654758731,
"DP_05":  0.0,
"DP_30":  0.0,
"DP_60":  0.0,
"DP_95":  0.7787256731538257,
"QL_09":  0.6776859504132231,
"QL_05":  0.7198080511863503,
"RL":  0.7752599306851506}
]}
