{ "x_label":"capacity",
"y_label":"Acceptance Rate",
 "results":[
{ "x":  30,
"greedy000":  0.08369097532720163,
"greedy050":  0.0901503637872134,
"greedy100":  0.09673883474386005,
"DP_05":  0.09673883474386005,
"DP_30":  0.13094292810199676,
"DP_60":  0.1338286458029995,
"DP_95":  0.1338286458029995,
"QL":  0.06372215194528628}
,
{ "x":  60,
"greedy000":  0.16533784953136862,
"greedy050":  0.17946788466671915,
"greedy100":  0.18772283468467224,
"DP_05":  0.18772283468467224,
"DP_30":  0.23315112487501244,
"DP_60":  0.25154305688196416,
"DP_95":  0.25900916672310326,
"QL":  0.16364352639592122}
,
{ "x":  90,
"greedy000":  0.23792717404719185,
"greedy050":  0.26004496284562884,
"greedy100":  0.2717112347051882,
"DP_05":  0.2717112347051882,
"DP_30":  0.32276909637113305,
"DP_60":  0.34468735848403426,
"DP_95":  0.3641515097298431,
"QL":  0.2149042515968814}
,
{ "x":  120,
"greedy000":  0.30506612190883525,
"greedy050":  0.33344978129800434,
"greedy100":  0.3483720161295992,
"DP_05":  0.3483720161295992,
"DP_30":  0.40317472799370824,
"DP_60":  0.4220563260332247,
"DP_95":  0.4402712053233988,
"QL":  0.24241108008356665}
,
{ "x":  150,
"greedy000":  0.3644891277923522,
"greedy050":  0.40716291248291625,
"greedy100":  0.4329651086716437,
"DP_05":  0.4329651086716437,
"DP_30":  0.48312259845142985,
"DP_60":  0.49127653349919653,
"DP_95":  0.48188394211030366,
"QL":  0.3159752344087861}
,
{ "x":  180,
"greedy000":  0.41177639552072637,
"greedy050":  0.4708672904432804,
"greedy100":  0.5026693530721952,
"DP_05":  0.5026693530721952,
"DP_30":  0.549003277403395,
"DP_60":  0.5498023072697442,
"DP_95":  0.5142817004406862,
"QL":  0.3092204820182366}
,
{ "x":  210,
"greedy000":  0.4505524282048475,
"greedy050":  0.5391822386737605,
"greedy100":  0.5777406637344846,
"DP_05":  0.5777406637344846,
"DP_30":  0.6164770968513588,
"DP_60":  0.6166490146638148,
"DP_95":  0.5845415918868245,
"QL":  0.31788083546461454}
,
{ "x":  240,
"greedy000":  0.4754499405220785,
"greedy050":  0.5957207671512522,
"greedy100":  0.6473239161254438,
"DP_05":  0.6473239161254438,
"DP_30":  0.6770253680535792,
"DP_60":  0.6787535154874792,
"DP_95":  0.647107370685106,
"QL":  0.30733362319763263}
,
{ "x":  270,
"greedy000":  0.492606895993603,
"greedy050":  0.646501318211185,
"greedy100":  0.7185072183375084,
"DP_05":  0.7185072183375084,
"DP_30":  0.7368396825658943,
"DP_60":  0.7426495064686225,
"DP_95":  0.7095780452993536,
"QL":  0.3244563406274408}
,
{ "x":  300,
"greedy000":  0.49607594589645254,
"greedy050":  0.6859007641723328,
"greedy100":  0.7768529839153541,
"DP_05":  0.7768529839153541,
"DP_30":  0.7879588586615595,
"DP_60":  0.796475249544301,
"DP_95":  0.7653839631376748,
"QL":  0.297342999112434}
,
{ "x":  330,
"greedy000":  0.49957457646002823,
"greedy050":  0.712698015678944,
"greedy100":  0.8301741475746901,
"DP_05":  0.8301741475746901,
"DP_30":  0.8337386592606372,
"DP_60":  0.842647255573502,
"DP_95":  0.8168457056814328,
"QL":  0.3152883403775543}
,
{ "x":  360,
"greedy000":  0.4995903296735008,
"greedy050":  0.7312626075198468,
"greedy100":  0.8785246277447566,
"DP_05":  0.8785246277447566,
"DP_30":  0.8788504035333891,
"DP_60":  0.8849594027787935,
"DP_95":  0.8615596044696779,
"QL":  0.3117415357384297}
,
{ "x":  390,
"greedy000":  0.49865107024005006,
"greedy050":  0.7415139137597158,
"greedy100":  0.9190969099449491,
"DP_05":  0.9190969099449491,
"DP_30":  0.9190902093284924,
"DP_60":  0.9219691391539401,
"DP_95":  0.9026288127859378,
"QL":  0.32002872212978384}
,
{ "x":  420,
"greedy000":  0.5016475692737943,
"greedy050":  0.7467299226245163,
"greedy100":  0.9522535666500282,
"DP_05":  0.9522535666500282,
"DP_30":  0.9522535666500282,
"DP_60":  0.9530171271421608,
"DP_95":  0.9391937739571212,
"QL":  0.2811528752941804}
,
{ "x":  450,
"greedy000":  0.5011338491929571,
"greedy050":  0.7507229340227961,
"greedy100":  0.9723747479529605,
"DP_05":  0.9723747479529605,
"DP_30":  0.9723747479529605,
"DP_60":  0.9718296344022894,
"DP_95":  0.9630469401334049,
"QL":  0.2918225559183251}
,
{ "x":  480,
"greedy000":  0.5007764106860879,
"greedy050":  0.7499301914808194,
"greedy100":  0.9868404518170758,
"DP_05":  0.9868404518170758,
"DP_30":  0.9868404518170758,
"DP_60":  0.9858413018182149,
"DP_95":  0.9805965075314045,
"QL":  0.30480088585462906}
,
{ "x":  510,
"greedy000":  0.49792541921531414,
"greedy050":  0.748444493865286,
"greedy100":  0.9933951631280886,
"DP_05":  0.9933951631280886,
"DP_30":  0.9933951631280886,
"DP_60":  0.9928273583374301,
"DP_95":  0.9909896198906051,
"QL":  0.3159373999766165}
,
{ "x":  540,
"greedy000":  0.502266250298397,
"greedy050":  0.7503902794254965,
"greedy100":  0.9967985474893665,
"DP_05":  0.9967985474893665,
"DP_30":  0.9967985474893665,
"DP_60":  0.9964401743320757,
"DP_95":  0.995561850295457,
"QL":  0.28536221645025706}
,
{ "x":  570,
"greedy000":  0.4986746879445792,
"greedy050":  0.749699100467813,
"greedy100":  0.9990347956581223,
"DP_05":  0.9990347956581223,
"DP_30":  0.9990347956581223,
"DP_60":  0.9989418009646809,
"DP_95":  0.9986838573964398,
"QL":  0.31224961206696744}
,
{ "x":  600,
"greedy000":  0.4986214403137077,
"greedy050":  0.7485930071512487,
"greedy100":  0.999698753541199,
"DP_05":  0.999698753541199,
"DP_30":  0.999698753541199,
"DP_60":  0.9996387494701061,
"DP_95":  0.99952545631627,
"QL":  0.2799757365770847}
]}
