{ "x_label":"capacity",
"y_label":"Federation Rate",
 "results":[
{ "x":  30,
"greedy000":  0.9163090246727983,
"greedy050":  0.9098496362127866,
"greedy100":  0.9032611652561402,
"DP_05":  0.9032611652561402,
"DP_30":  0.8690570718980034,
"DP_60":  0.8661713541970004,
"DP_95":  0.8661713541970004,
"QL":  0.3838764838157752}
,
{ "x":  60,
"greedy000":  0.8346621504686315,
"greedy050":  0.820532115333281,
"greedy100":  0.8122771653153278,
"DP_05":  0.8122771653153278,
"DP_30":  0.7668488751249877,
"DP_60":  0.7484569431180359,
"DP_95":  0.7409908332768966,
"QL":  0.4840920287053481}
,
{ "x":  90,
"greedy000":  0.7620728259528082,
"greedy050":  0.739955037154371,
"greedy100":  0.7282887652948118,
"DP_05":  0.7282887652948118,
"DP_30":  0.6772309036288672,
"DP_60":  0.6553126415159655,
"DP_95":  0.6358484902701569,
"QL":  0.45357941115797684}
,
{ "x":  120,
"greedy000":  0.6949338780911647,
"greedy050":  0.6665502187019957,
"greedy100":  0.6516279838704007,
"DP_05":  0.6516279838704007,
"DP_30":  0.5968252720062919,
"DP_60":  0.5779436739667754,
"DP_95":  0.5597287946766012,
"QL":  0.3552245950105123}
,
{ "x":  150,
"greedy000":  0.6355108722076479,
"greedy050":  0.5928370875170837,
"greedy100":  0.5670348913283563,
"DP_05":  0.5670348913283563,
"DP_30":  0.5168774015485702,
"DP_60":  0.5087234665008035,
"DP_95":  0.5181160578896964,
"QL":  0.3856878043691829}
,
{ "x":  180,
"greedy000":  0.5882236044792736,
"greedy050":  0.5291327095567196,
"greedy100":  0.4973306469278048,
"DP_05":  0.4973306469278048,
"DP_30":  0.4509967225966049,
"DP_60":  0.45019769273025567,
"DP_95":  0.48571829955931367,
"QL":  0.4122901258524737}
,
{ "x":  210,
"greedy000":  0.5494475717951525,
"greedy050":  0.46081776132623953,
"greedy100":  0.4222593362655155,
"DP_05":  0.4222593362655155,
"DP_30":  0.3835229031486412,
"DP_60":  0.38335098533618506,
"DP_95":  0.4154584081131752,
"QL":  0.35411369278966043}
,
{ "x":  240,
"greedy000":  0.5245500594779215,
"greedy050":  0.40427923284874767,
"greedy100":  0.3526760838745561,
"DP_05":  0.3526760838745561,
"DP_30":  0.32297463194642095,
"DP_60":  0.3212464845125208,
"DP_95":  0.3528926293148939,
"QL":  0.37087348562264355}
,
{ "x":  270,
"greedy000":  0.507393104006397,
"greedy050":  0.3534986817888152,
"greedy100":  0.2814927816624915,
"DP_05":  0.2814927816624915,
"DP_30":  0.2631603174341057,
"DP_60":  0.2573504935313776,
"DP_95":  0.29042195470064625,
"QL":  0.3333352859883049}
,
{ "x":  300,
"greedy000":  0.5039240541035475,
"greedy050":  0.3140992358276672,
"greedy100":  0.22314701608464596,
"DP_05":  0.22314701608464596,
"DP_30":  0.2120411413384406,
"DP_60":  0.2035247504556991,
"DP_95":  0.2346160368623253,
"QL":  0.4318493540641971}
,
{ "x":  330,
"greedy000":  0.5004254235399718,
"greedy050":  0.2873019843210559,
"greedy100":  0.16982585242531004,
"DP_05":  0.16982585242531004,
"DP_30":  0.16626134073936275,
"DP_60":  0.15735274442649788,
"DP_95":  0.1831542943185674,
"QL":  0.3422859478405642}
,
{ "x":  360,
"greedy000":  0.5004096703264993,
"greedy050":  0.2687373924801532,
"greedy100":  0.12147537225524352,
"DP_05":  0.12147537225524352,
"DP_30":  0.12114959646661112,
"DP_60":  0.11504059722120656,
"DP_95":  0.13844039553032203,
"QL":  0.3315903134470381}
,
{ "x":  390,
"greedy000":  0.5013489297599499,
"greedy050":  0.25848608624028435,
"greedy100":  0.08090309005505096,
"DP_05":  0.08090309005505096,
"DP_30":  0.08090979067150768,
"DP_60":  0.07803086084605991,
"DP_95":  0.09737118721406245,
"QL":  0.347780909963792}
,
{ "x":  420,
"greedy000":  0.49835243072620566,
"greedy050":  0.25327007737548374,
"greedy100":  0.04774643334997176,
"DP_05":  0.04774643334997176,
"DP_30":  0.04774643334997176,
"DP_60":  0.04698287285783936,
"DP_95":  0.060806226042878664,
"QL":  0.4196056658754566}
,
{ "x":  450,
"greedy000":  0.4988661508070429,
"greedy050":  0.24927706597720398,
"greedy100":  0.027625252047039417,
"DP_05":  0.027625252047039417,
"DP_30":  0.027625252047039417,
"DP_60":  0.02817036559771056,
"DP_95":  0.03695305986659491,
"QL":  0.47436911219281164}
,
{ "x":  480,
"greedy000":  0.4992235893139121,
"greedy050":  0.2500698085191805,
"greedy100":  0.013159548182924136,
"DP_05":  0.013159548182924136,
"DP_30":  0.013159548182924136,
"DP_60":  0.01415869818178515,
"DP_95":  0.019403492468595573,
"QL":  0.3578103571202359}
,
{ "x":  510,
"greedy000":  0.5020745807846858,
"greedy050":  0.25155550613471395,
"greedy100":  0.006604836871911492,
"DP_05":  0.006604836871911492,
"DP_30":  0.006604836871911492,
"DP_60":  0.007172641662569911,
"DP_95":  0.009010380109394894,
"QL":  0.3807014927146676}
,
{ "x":  540,
"greedy000":  0.4977337497016029,
"greedy050":  0.24960972057450354,
"greedy100":  0.0032014525106336734,
"DP_05":  0.0032014525106336734,
"DP_30":  0.0032014525106336734,
"DP_60":  0.003559825667924177,
"DP_95":  0.00443814970454301,
"QL":  0.35944307036602774}
,
{ "x":  570,
"greedy000":  0.5013253120554207,
"greedy050":  0.25030089953218726,
"greedy100":  0.0009652043418778884,
"DP_05":  0.0009652043418778884,
"DP_30":  0.0009652043418778884,
"DP_60":  0.0010581990353193923,
"DP_95":  0.0013161426035601773,
"QL":  0.34035199591536874}
,
{ "x":  600,
"greedy000":  0.5013785596862923,
"greedy050":  0.25140699284875156,
"greedy100":  0.00030124645880106726,
"DP_05":  0.00030124645880106726,
"DP_30":  0.00030124645880106726,
"DP_60":  0.0003612505298940161,
"DP_95":  0.00047454368373008325,
"QL":  0.3188074656727355}
]}
