{ "x_label":"capacity",
"y_label":"Average Profit",
 "results":[
{ "x":  30,
"greedy000":  25.360415862053518,
"greedy050":  25.673164584775982,
"greedy100":  25.99634498726983,
"DP_05":  25.99634498726983,
"DP_30":  28.24138288936183,
"DP_60":  28.403709223558643,
"DP_95":  28.403709223558643,
"QL":  12.782191198499023}
,
{ "x":  60,
"greedy000":  27.366121616896613,
"greedy050":  27.96413898574408,
"greedy100":  28.381882313952485,
"DP_05":  28.381882313952485,
"DP_30":  31.565096137844364,
"DP_60":  32.8687051141314,
"DP_95":  33.363846473071305,
"QL":  19.381253883197882}
,
{ "x":  90,
"greedy000":  28.923039949278035,
"greedy050":  29.793467289400052,
"greedy100":  30.328867127484035,
"DP_05":  30.328867127484035,
"DP_30":  34.034525357669345,
"DP_60":  35.818840018833974,
"DP_95":  37.58764961762019,
"QL":  20.27973524391668}
,
{ "x":  120,
"greedy000":  30.279464161929713,
"greedy050":  31.34358708971205,
"greedy100":  31.97465328714336,
"DP_05":  31.97465328714336,
"DP_30":  35.929470559743606,
"DP_60":  37.489612834290185,
"DP_95":  40.56895784014912,
"QL":  19.02607844357687}
,
{ "x":  150,
"greedy000":  31.455673164858222,
"greedy050":  32.9384227340458,
"greedy100":  33.93195673604828,
"DP_05":  33.93195673604828,
"DP_30":  37.69218289909149,
"DP_60":  38.435271212884814,
"DP_95":  42.287950896252646,
"QL":  22.65927575853995}
,
{ "x":  180,
"greedy000":  32.37960609658733,
"greedy050":  34.180357227565466,
"greedy100":  35.343575121193865,
"DP_05":  35.343575121193865,
"DP_30":  38.85716217273306,
"DP_60":  38.938671116980146,
"DP_95":  42.83130369349409,
"QL":  23.721518076529634}
,
{ "x":  210,
"greedy000":  33.08732284226157,
"greedy050":  35.57631722370193,
"greedy100":  36.889794824230094,
"DP_05":  36.889794824230094,
"DP_30":  40.03420164318063,
"DP_60":  40.05171689482053,
"DP_95":  43.17793810618288,
"QL":  22.46984293883435}
,
{ "x":  240,
"greedy000":  33.56495434984957,
"greedy050":  36.65693165701576,
"greedy100":  38.30733984847559,
"DP_05":  38.30733984847559,
"DP_30":  40.83371733516895,
"DP_60":  41.01753734967068,
"DP_95":  43.46925919407419,
"QL":  22.238394981012327}
,
{ "x":  270,
"greedy000":  33.85104417197779,
"greedy050":  37.60224316061978,
"greedy100":  39.735969451885204,
"DP_05":  39.735969451885204,
"DP_30":  41.356165529176714,
"DP_60":  41.99588630935744,
"DP_95":  43.72791083473632,
"QL":  22.142596513655285}
,
{ "x":  300,
"greedy000":  33.975078935973045,
"greedy050":  38.33285357796821,
"greedy100":  40.821616014106205,
"DP_05":  40.821616014106205,
"DP_30":  41.93383745287919,
"DP_60":  42.70128538310802,
"DP_95":  43.95095282907929,
"QL":  22.963927214947365}
,
{ "x":  330,
"greedy000":  34.0266158719053,
"greedy050":  38.80316326144806,
"greedy100":  41.873294584279705,
"DP_05":  41.873294584279705,
"DP_30":  42.22563308964812,
"DP_60":  43.29649190301981,
"DP_95":  44.165642902609605,
"QL":  21.518554360855063}
,
{ "x":  360,
"greedy000":  34.02161181348842,
"greedy050":  39.14650532682283,
"greedy100":  42.77289629557323,
"DP_05":  42.77289629557323,
"DP_30":  42.80007581673197,
"DP_60":  43.7747845594607,
"DP_95":  44.35024796316539,
"QL":  21.276905713489093}
,
{ "x":  390,
"greedy000":  33.972679282214465,
"greedy050":  39.32214039948053,
"greedy100":  43.50424452875427,
"DP_05":  43.50424452875427,
"DP_30":  43.504217726288445,
"DP_60":  44.1940232373813,
"DP_95":  44.558454439772575,
"QL":  22.48064636531584}
,
{ "x":  420,
"greedy000":  33.97420189603714,
"greedy050":  39.46071698965471,
"greedy100":  44.143368753621175,
"DP_05":  44.143368753621175,
"DP_30":  44.143368753621175,
"DP_60":  44.545144888835935,
"DP_95":  44.718772960765094,
"QL":  21.85231764757751}
,
{ "x":  450,
"greedy000":  34.02326866278783,
"greedy050":  39.532438097832646,
"greedy100":  44.50891281875546,
"DP_05":  44.50891281875546,
"DP_30":  44.50891281875546,
"DP_60":  44.73337290819753,
"DP_95":  44.82286669469054,
"QL":  23.63175157923396}
,
{ "x":  480,
"greedy000":  34.02116000284148,
"greedy050":  39.535668701385084,
"greedy100":  44.77102621002573,
"DP_05":  44.77102621002573,
"DP_30":  44.77102621002573,
"DP_60":  44.86975864159659,
"DP_95":  44.90968858242656,
"QL":  21.51809529909108}
,
{ "x":  510,
"greedy000":  33.91917189895268,
"greedy050":  39.472150441639336,
"greedy100":  44.88015635607542,
"DP_05":  44.88015635607542,
"DP_30":  44.88015635607542,
"DP_60":  44.93311801805889,
"DP_95":  44.94853228973456,
"QL":  23.440324533465304}
,
{ "x":  540,
"greedy000":  34.010631030615095,
"greedy050":  39.533913380205895,
"greedy100":  44.94107506627806,
"DP_05":  44.94107506627806,
"DP_30":  44.94107506627806,
"DP_60":  44.96194383358124,
"DP_95":  44.96970404560787,
"QL":  20.730854298156505}
,
{ "x":  570,
"greedy000":  33.97491741141043,
"greedy050":  39.48709632581239,
"greedy100":  44.998105309200085,
"DP_05":  44.998105309200085,
"DP_30":  44.998105309200085,
"DP_60":  45.00393941069807,
"DP_95":  45.00934886431971,
"QL":  21.396782880642643}
,
{ "x":  600,
"greedy000":  33.99373624969083,
"greedy050":  39.4354028835655,
"greedy100":  44.97764922867653,
"DP_05":  44.97764922867653,
"DP_30":  44.97764922867653,
"DP_60":  44.97957387799589,
"DP_95":  44.98008795517795,
"QL":  19.642363720450483}
]}
