{ "x_label":"episode",
"y_label":"Average Profit",
 "results":[
{ "x":  10,
"greedy000":  0.0,
"greedy050":  0.0,
"greedy100":  64.24420583051317,
"DP_05":  0.0,
"DP_30":  0.0,
"DP_60":  0.0,
"DP_95":  70.76984419539835,
"QL_09":  56.141372430070135,
"QL_05":  64.39223044288387,
"RL":  66.39071134568528}
,
{ "x":  35,
"greedy000":  0.0,
"greedy050":  0.0,
"greedy100":  64.92427056658298,
"DP_05":  0.0,
"DP_30":  0.0,
"DP_60":  0.0,
"DP_95":  71.47623022723211,
"QL_09":  62.269833173377954,
"QL_05":  67.61001033185913,
"RL":  69.1996220428176}
,
{ "x":  60,
"greedy000":  0.0,
"greedy050":  0.0,
"greedy100":  64.45526470665389,
"DP_05":  0.0,
"DP_30":  0.0,
"DP_60":  0.0,
"DP_95":  71.0656618604349,
"QL_09":  63.618450477273086,
"QL_05":  68.14875014250428,
"RL":  69.73955155271044}
,
{ "x":  85,
"greedy000":  0.0,
"greedy050":  0.0,
"greedy100":  64.48455656519637,
"DP_05":  0.0,
"DP_30":  0.0,
"DP_60":  0.0,
"DP_95":  71.02322925845631,
"QL_09":  64.41707686817041,
"QL_05":  68.42492184605594,
"RL":  69.88703763370195}
,
{ "x":  110,
"greedy000":  0.0,
"greedy050":  0.0,
"greedy100":  63.804247276887274,
"DP_05":  0.0,
"DP_30":  0.0,
"DP_60":  0.0,
"DP_95":  71.07252557232566,
"QL_09":  65.85643404068229,
"QL_05":  67.74432706298276,
"RL":  69.78082936446503}
,
{ "x":  135,
"greedy000":  0.0,
"greedy050":  0.0,
"greedy100":  64.93966264290349,
"DP_05":  0.0,
"DP_30":  0.0,
"DP_60":  0.0,
"DP_95":  71.61525645973374,
"QL_09":  66.70253174283934,
"QL_05":  68.88773147138635,
"RL":  70.93951778288717}
,
{ "x":  160,
"greedy000":  0.0,
"greedy050":  0.0,
"greedy100":  63.96000641082689,
"DP_05":  0.0,
"DP_30":  0.0,
"DP_60":  0.0,
"DP_95":  71.08977827077834,
"QL_09":  66.91536004271427,
"QL_05":  67.9020949736918,
"RL":  70.24725917929997}
,
{ "x":  185,
"greedy000":  0.0,
"greedy050":  0.0,
"greedy100":  65.00713583173076,
"DP_05":  0.0,
"DP_30":  0.0,
"DP_60":  0.0,
"DP_95":  71.53667009095615,
"QL_09":  67.799391636602,
"QL_05":  68.4602924494047,
"RL":  70.9644197615405}
,
{ "x":  210,
"greedy000":  0.0,
"greedy050":  0.0,
"greedy100":  64.63015115289225,
"DP_05":  0.0,
"DP_30":  0.0,
"DP_60":  0.0,
"DP_95":  71.07668063760502,
"QL_09":  68.0411758149652,
"QL_05":  68.5895786324568,
"RL":  70.38338025108136}
,
{ "x":  235,
"greedy000":  0.0,
"greedy050":  0.0,
"greedy100":  64.49830481748901,
"DP_05":  0.0,
"DP_30":  0.0,
"DP_60":  0.0,
"DP_95":  71.33852049662694,
"QL_09":  67.94430537905114,
"QL_05":  68.33298540597914,
"RL":  70.76052607400256}
,
{ "x":  260,
"greedy000":  0.0,
"greedy050":  0.0,
"greedy100":  63.86412929073384,
"DP_05":  0.0,
"DP_30":  0.0,
"DP_60":  0.0,
"DP_95":  70.6594195420988,
"QL_09":  67.77994950444227,
"QL_05":  67.62132425664205,
"RL":  70.02091300243333}
]}
