{ "x_label":"capacity",
"y_label":"Acceptance Rate",
 "results":[
{ "x":  20,
"greedy000":  0.06445662221467881,
"greedy050":  0.07190327773504734,
"greedy100":  0.0771046440214638,
"DP_05":  0.0771046440214638,
"DP_30":  0.0900738501172605,
"DP_60":  0.0900738501172605,
"DP_95":  0.0900738501172605,
"QL":  0.0771046440214638}
,
{ "x":  40,
"greedy000":  0.11283425821642738,
"greedy050":  0.1213428697722414,
"greedy100":  0.12513724169728657,
"DP_05":  0.12513724169728657,
"DP_30":  0.16983127102735762,
"DP_60":  0.17729250767483568,
"DP_95":  0.1779448010220249,
"QL":  0.12577163356895513}
,
{ "x":  60,
"greedy000":  0.16417585406812799,
"greedy050":  0.17776686337378617,
"greedy100":  0.18659654982516075,
"DP_05":  0.18659654982516075,
"DP_30":  0.23108071648670525,
"DP_60":  0.2528100332976691,
"DP_95":  0.25872690173233565,
"QL":  0.18804713146060376}
,
{ "x":  80,
"greedy000":  0.21544381717333727,
"greedy050":  0.23236421992500844,
"greedy100":  0.2424592236195206,
"DP_05":  0.2424592236195206,
"DP_30":  0.2934534566158912,
"DP_60":  0.31601588408293846,
"DP_95":  0.3317135841210868,
"QL":  0.23818285047187165}
,
{ "x":  100,
"greedy000":  0.2620164870490907,
"greedy050":  0.28535234937598386,
"greedy100":  0.298567825421343,
"DP_05":  0.298567825421343,
"DP_30":  0.35198005607732763,
"DP_60":  0.373289063206661,
"DP_95":  0.3934666211712651,
"QL":  0.2734223224842761}
,
{ "x":  120,
"greedy000":  0.30538819309475024,
"greedy050":  0.33387241709279053,
"greedy100":  0.351188431778118,
"DP_05":  0.351188431778118,
"DP_30":  0.40188912507242,
"DP_60":  0.42033391436132395,
"DP_95":  0.4409346754137446,
"QL":  0.3424077811772245}
,
{ "x":  140,
"greedy000":  0.34598491830759975,
"greedy050":  0.3833545233706832,
"greedy100":  0.4025513159767568,
"DP_05":  0.4025513159767568,
"DP_30":  0.4546207700848046,
"DP_60":  0.4677757116997032,
"DP_95":  0.47055525467956627,
"QL":  0.3852024946819332}
,
{ "x":  160,
"greedy000":  0.3834862791794379,
"greedy050":  0.4324665263094959,
"greedy100":  0.4578512183696651,
"DP_05":  0.4578512183696651,
"DP_30":  0.5054572966869075,
"DP_60":  0.5148839063673235,
"DP_95":  0.4897994758768408,
"QL":  0.44215675864566856}
,
{ "x":  180,
"greedy000":  0.41365421254435386,
"greedy050":  0.4778624366397451,
"greedy100":  0.5076179006403605,
"DP_05":  0.5076179006403605,
"DP_30":  0.5520210401128203,
"DP_60":  0.5536349126700253,
"DP_95":  0.5161907836815317,
"QL":  0.4852082000549379}
,
{ "x":  200,
"greedy000":  0.4392787180441241,
"greedy050":  0.5178886212434373,
"greedy100":  0.5539095491579518,
"DP_05":  0.5539095491579518,
"DP_30":  0.5938725638248911,
"DP_60":  0.5940613890104729,
"DP_95":  0.5601711200061636,
"QL":  0.5500349396627108}
,
{ "x":  220,
"greedy000":  0.46192718697082114,
"greedy050":  0.5562932622108404,
"greedy100":  0.6023928348046634,
"DP_05":  0.6023928348046634,
"DP_30":  0.6379007303785442,
"DP_60":  0.6383925672970097,
"DP_95":  0.6079684935152504,
"QL":  0.5500061860842995}
,
{ "x":  240,
"greedy000":  0.47780020214864977,
"greedy050":  0.5950932333918636,
"greedy100":  0.6502933032790179,
"DP_05":  0.6502933032790179,
"DP_30":  0.6807802146357842,
"DP_60":  0.6831176236739632,
"DP_95":  0.6495256856531701,
"QL":  0.620517662410961}
,
{ "x":  260,
"greedy000":  0.48612083341119866,
"greedy050":  0.629773319723611,
"greedy100":  0.6958924900180304,
"DP_05":  0.6958924900180304,
"DP_30":  0.717369011735775,
"DP_60":  0.7210814760224915,
"DP_95":  0.6871054751836072,
"QL":  0.5752754506134342}
,
{ "x":  280,
"greedy000":  0.4927785100502143,
"greedy050":  0.6572868309538539,
"greedy100":  0.7340434515335833,
"DP_05":  0.7340434515335833,
"DP_30":  0.7494756416970313,
"DP_60":  0.7561553850358155,
"DP_95":  0.7247623399049385,
"QL":  0.5735644084807986}
,
{ "x":  300,
"greedy000":  0.4965239623781607,
"greedy050":  0.6821758212660167,
"greedy100":  0.7755046611915395,
"DP_05":  0.7755046611915395,
"DP_30":  0.7882151087585438,
"DP_60":  0.7945828561459496,
"DP_95":  0.7643033834159545,
"QL":  0.6937613710317325}
,
{ "x":  320,
"greedy000":  0.49809233482608484,
"greedy050":  0.7033867637506991,
"greedy100":  0.8116569969489303,
"DP_05":  0.8116569969489303,
"DP_30":  0.819282485895123,
"DP_60":  0.8267546964598835,
"DP_95":  0.7970790020419406,
"QL":  0.7591317125157147}
,
{ "x":  340,
"greedy000":  0.4991534170147309,
"greedy050":  0.7204994889207537,
"greedy100":  0.8488818481716575,
"DP_05":  0.8488818481716575,
"DP_30":  0.8500074601783023,
"DP_60":  0.858436108110687,
"DP_95":  0.8332938293931145,
"QL":  0.711089315629028}
,
{ "x":  360,
"greedy000":  0.5001103657629363,
"greedy050":  0.73390551582069,
"greedy100":  0.8816443821616395,
"DP_05":  0.8816443821616395,
"DP_30":  0.8816181487139663,
"DP_60":  0.8881634877709603,
"DP_95":  0.8647841305857042,
"QL":  0.7058355312007774}
,
{ "x":  380,
"greedy000":  0.5025764952891603,
"greedy050":  0.7400434487113425,
"greedy100":  0.9051169288666066,
"DP_05":  0.9051169288666066,
"DP_30":  0.9051900306583557,
"DP_60":  0.9101250184189181,
"DP_95":  0.8884809819482624,
"QL":  0.7629137832785184}
,
{ "x":  400,
"greedy000":  0.5026173227375507,
"greedy050":  0.7435467610556064,
"greedy100":  0.929092406954951,
"DP_05":  0.929092406954951,
"DP_30":  0.9291124917625737,
"DP_60":  0.9311309545943219,
"DP_95":  0.914462833322168,
"QL":  0.8447959606260435}
,
{ "x":  420,
"greedy000":  0.5021515411627769,
"greedy050":  0.7473895607849224,
"greedy100":  0.9479963284800809,
"DP_05":  0.9479963284800809,
"DP_30":  0.9479963284800809,
"DP_60":  0.9489508774182489,
"DP_95":  0.9347609766329439,
"QL":  0.721410430792662}
,
{ "x":  440,
"greedy000":  0.5021939772283461,
"greedy050":  0.7477868635314325,
"greedy100":  0.9661369537103462,
"DP_05":  0.9661369537103462,
"DP_30":  0.9661369537103462,
"DP_60":  0.9656381736042686,
"DP_95":  0.9561190879961103,
"QL":  0.6545766079540531}
,
{ "x":  460,
"greedy000":  0.5006448098810111,
"greedy050":  0.7498783938470139,
"greedy100":  0.9772057394209559,
"DP_05":  0.9772057394209559,
"DP_30":  0.9772057394209559,
"DP_60":  0.976333800808451,
"DP_95":  0.9689620388357681,
"QL":  0.7753360651357204}
,
{ "x":  480,
"greedy000":  0.49956363525332614,
"greedy050":  0.7477884177006928,
"greedy100":  0.9844948571041474,
"DP_05":  0.9844948571041474,
"DP_30":  0.9844948571041474,
"DP_60":  0.983608549606835,
"DP_95":  0.977966646069462,
"QL":  0.7304310322227402}
,
{ "x":  500,
"greedy000":  0.49809688268422797,
"greedy050":  0.7522954546591275,
"greedy100":  0.991512702951162,
"DP_05":  0.991512702951162,
"DP_30":  0.991512702951162,
"DP_60":  0.9909485035624703,
"DP_95":  0.9879461509465719,
"QL":  0.7636096716965185}
,
{ "x":  520,
"greedy000":  0.49820701139476703,
"greedy050":  0.7504562958498024,
"greedy100":  0.9960810574468975,
"DP_05":  0.9960810574468975,
"DP_30":  0.9960810574468975,
"DP_60":  0.9955787778606064,
"DP_95":  0.9941323620101198,
"QL":  0.8528781013117529}
]}
