{ "x_label":"capacity",
"y_label":"Federation Rate",
 "results":[
{ "x":  20,
"greedy000":  0.935543377785321,
"greedy050":  0.928096722264953,
"greedy100":  0.9228953559785362,
"DP_05":  0.9228953559785362,
"DP_30":  0.9099261498827392,
"DP_60":  0.9099261498827392,
"DP_95":  0.9099261498827392,
"QL":  0.9228953559785362}
,
{ "x":  40,
"greedy000":  0.8871657417835725,
"greedy050":  0.8786571302277586,
"greedy100":  0.8748627583027133,
"DP_05":  0.8748627583027133,
"DP_30":  0.8301687289726422,
"DP_60":  0.8227074923251644,
"DP_95":  0.8220551989779752,
"QL":  0.8742283664310448}
,
{ "x":  60,
"greedy000":  0.8358241459318722,
"greedy050":  0.8222331366262138,
"greedy100":  0.8134034501748392,
"DP_05":  0.8134034501748392,
"DP_30":  0.7689192835132949,
"DP_60":  0.747189966702331,
"DP_95":  0.7412730982676644,
"QL":  0.8119528685393964}
,
{ "x":  80,
"greedy000":  0.7845561828266627,
"greedy050":  0.7676357800749916,
"greedy100":  0.7575407763804792,
"DP_05":  0.7575407763804792,
"DP_30":  0.7065465433841088,
"DP_60":  0.6839841159170614,
"DP_95":  0.6682864158789134,
"QL":  0.7617707734846675}
,
{ "x":  100,
"greedy000":  0.7379835129509094,
"greedy050":  0.7146476506240163,
"greedy100":  0.7014321745786568,
"DP_05":  0.7014321745786568,
"DP_30":  0.6480199439226724,
"DP_60":  0.6267109367933389,
"DP_95":  0.6065333788287349,
"QL":  0.7035387568113987}
,
{ "x":  120,
"greedy000":  0.6946118069052498,
"greedy050":  0.6661275829072095,
"greedy100":  0.648811568221882,
"DP_05":  0.648811568221882,
"DP_30":  0.59811087492758,
"DP_60":  0.579666085638676,
"DP_95":  0.5590653245862554,
"QL":  0.6360445484883125}
,
{ "x":  140,
"greedy000":  0.6540150816924001,
"greedy050":  0.6166454766293168,
"greedy100":  0.5974486840232431,
"DP_05":  0.5974486840232431,
"DP_30":  0.5453792299151955,
"DP_60":  0.5322242883002968,
"DP_95":  0.5294447453204336,
"QL":  0.6138054285646883}
,
{ "x":  160,
"greedy000":  0.6165137208205622,
"greedy050":  0.5675334736905041,
"greedy100":  0.5421487816303349,
"DP_05":  0.5421487816303349,
"DP_30":  0.4945427033130926,
"DP_60":  0.4851160936326765,
"DP_95":  0.5102005241231592,
"QL":  0.5567547348007749}
,
{ "x":  180,
"greedy000":  0.5863457874556463,
"greedy050":  0.522137563360255,
"greedy100":  0.49238209935963945,
"DP_05":  0.49238209935963945,
"DP_30":  0.4479789598871798,
"DP_60":  0.44636508732997476,
"DP_95":  0.4838092163184683,
"QL":  0.5089935834798175}
,
{ "x":  200,
"greedy000":  0.5607212819558758,
"greedy050":  0.48211137875656274,
"greedy100":  0.4460904508420482,
"DP_05":  0.4460904508420482,
"DP_30":  0.40612743617510894,
"DP_60":  0.40593861098952705,
"DP_95":  0.43982887999383646,
"QL":  0.4492431723830402}
,
{ "x":  220,
"greedy000":  0.538072813029179,
"greedy050":  0.44370673778915953,
"greedy100":  0.3976071651953367,
"DP_05":  0.3976071651953367,
"DP_30":  0.36209926962145583,
"DP_60":  0.36160743270299045,
"DP_95":  0.3920315064847494,
"QL":  0.4303852213273345}
,
{ "x":  240,
"greedy000":  0.5221997978513503,
"greedy050":  0.4049067666081365,
"greedy100":  0.3497066967209823,
"DP_05":  0.3497066967209823,
"DP_30":  0.3192197853642159,
"DP_60":  0.31688237632603683,
"DP_95":  0.35047431434682985,
"QL":  0.35454682499672774}
,
{ "x":  260,
"greedy000":  0.5138791665888013,
"greedy050":  0.370226680276389,
"greedy100":  0.30410750998196956,
"DP_05":  0.30410750998196956,
"DP_30":  0.2826309882642249,
"DP_60":  0.27891852397750855,
"DP_95":  0.31289452481639285,
"QL":  0.4051852727952223}
,
{ "x":  280,
"greedy000":  0.5072214899497858,
"greedy050":  0.342713169046146,
"greedy100":  0.26595654846641664,
"DP_05":  0.26595654846641664,
"DP_30":  0.2505243583029687,
"DP_60":  0.24384461496418447,
"DP_95":  0.27523766009506156,
"QL":  0.37757878228958025}
,
{ "x":  300,
"greedy000":  0.5034760376218392,
"greedy050":  0.3178241787339832,
"greedy100":  0.22449533880846043,
"DP_05":  0.22449533880846043,
"DP_30":  0.21178489124145616,
"DP_60":  0.20541714385405058,
"DP_95":  0.2356966165840455,
"QL":  0.2483059830346544}
,
{ "x":  320,
"greedy000":  0.5019076651739152,
"greedy050":  0.2966132362493009,
"greedy100":  0.18834300305106963,
"DP_05":  0.18834300305106963,
"DP_30":  0.1807175141048769,
"DP_60":  0.1732453035401163,
"DP_95":  0.20292099795805957,
"QL":  0.2348488497917553}
,
{ "x":  340,
"greedy000":  0.500846582985269,
"greedy050":  0.2795005110792465,
"greedy100":  0.15111815182834265,
"DP_05":  0.15111815182834265,
"DP_30":  0.1499925398216977,
"DP_60":  0.14156389188931304,
"DP_95":  0.16670617060688545,
"QL":  0.2375819403948464}
,
{ "x":  360,
"greedy000":  0.4998896342370637,
"greedy050":  0.26609448417931,
"greedy100":  0.11835561783836043,
"DP_05":  0.11835561783836043,
"DP_30":  0.11838185128603367,
"DP_60":  0.1118365122290397,
"DP_95":  0.13521586941429595,
"QL":  0.26257404757926717}
,
{ "x":  380,
"greedy000":  0.4974235047108396,
"greedy050":  0.25995655128865747,
"greedy100":  0.09488307113339359,
"DP_05":  0.09488307113339359,
"DP_30":  0.09480996934164419,
"DP_60":  0.0898749815810819,
"DP_95":  0.11151901805173743,
"QL":  0.1695503599580635}
,
{ "x":  400,
"greedy000":  0.49738267726244934,
"greedy050":  0.2564532389443936,
"greedy100":  0.07090759304504908,
"DP_05":  0.07090759304504908,
"DP_30":  0.07088750823742641,
"DP_60":  0.06886904540567798,
"DP_95":  0.08553716667783216,
"QL":  0.1521322869072537}
,
{ "x":  420,
"greedy000":  0.4978484588372232,
"greedy050":  0.2526104392150774,
"greedy100":  0.052003671519919116,
"DP_05":  0.052003671519919116,
"DP_30":  0.052003671519919116,
"DP_60":  0.05104912258175111,
"DP_95":  0.06523902336705632,
"QL":  0.25289477154232054}
,
{ "x":  440,
"greedy000":  0.497806022771654,
"greedy050":  0.25221313646856763,
"greedy100":  0.0338630462896537,
"DP_05":  0.0338630462896537,
"DP_30":  0.0338630462896537,
"DP_60":  0.03436182639573131,
"DP_95":  0.043880912003889855,
"QL":  0.3188002018290873}
,
{ "x":  460,
"greedy000":  0.4993551901189888,
"greedy050":  0.2501216061529861,
"greedy100":  0.02279426057904391,
"DP_05":  0.02279426057904391,
"DP_30":  0.02279426057904391,
"DP_60":  0.023666199191548894,
"DP_95":  0.0310379611642319,
"QL":  0.20126689379095525}
,
{ "x":  480,
"greedy000":  0.5004363647466739,
"greedy050":  0.252211582299307,
"greedy100":  0.015505142895852664,
"DP_05":  0.015505142895852664,
"DP_30":  0.015505142895852664,
"DP_60":  0.016391450393164995,
"DP_95":  0.022033353930538017,
"QL":  0.2439786682525787}
,
{ "x":  500,
"greedy000":  0.501903117315772,
"greedy050":  0.24770454534087252,
"greedy100":  0.008487297048837914,
"DP_05":  0.008487297048837914,
"DP_30":  0.008487297048837914,
"DP_60":  0.009051496437529536,
"DP_95":  0.012053849053428056,
"QL":  0.23366177630322243}
,
{ "x":  520,
"greedy000":  0.501792988605233,
"greedy050":  0.2495437041501976,
"greedy100":  0.003918942553102474,
"DP_05":  0.003918942553102474,
"DP_30":  0.003918942553102474,
"DP_60":  0.004421222139393674,
"DP_95":  0.005867637989880362,
"QL":  0.1435483057406302}
]}
