{ "x_label":"capacity",
"y_label":"Average Profit",
 "results":[
{ "x":  20,
"greedy000":  25.21503184643765,
"greedy050":  25.5923376646478,
"greedy100":  25.838277680780465,
"DP_05":  25.838277680780465,
"DP_30":  26.58517324564473,
"DP_60":  26.58517324564473,
"DP_95":  26.58517324564473,
"QL":  25.838277680780465}
,
{ "x":  40,
"greedy000":  26.039281731399605,
"greedy050":  26.379483491438076,
"greedy100":  26.566401453611256,
"DP_05":  26.566401453611256,
"DP_30":  29.580477592703506,
"DP_60":  30.03399620279431,
"DP_95":  30.079056062188506,
"QL":  26.613153646677045}
,
{ "x":  60,
"greedy000":  27.350954379145588,
"greedy050":  27.8827533898506,
"greedy100":  28.31990181730838,
"DP_05":  28.31990181730838,
"DP_30":  31.47601106567965,
"DP_60":  32.92389769285204,
"DP_95":  33.33671738303056,
"QL":  28.434438681460097}
,
{ "x":  80,
"greedy000":  28.462517698191174,
"greedy050":  29.11869554786751,
"greedy100":  29.592511220227113,
"DP_05":  29.592511220227113,
"DP_30":  33.241491921783975,
"DP_60":  34.974834301354626,
"DP_95":  36.26469441237526,
"QL":  29.642472730010848}
,
{ "x":  100,
"greedy000":  29.457528291589732,
"greedy050":  30.326522541276915,
"greedy100":  30.948921424151514,
"DP_05":  30.948921424151514,
"DP_30":  34.748255560054346,
"DP_60":  36.57345668878664,
"DP_95":  38.73538658558666,
"QL":  30.195611468501475}
,
{ "x":  120,
"greedy000":  30.27539145806798,
"greedy050":  31.30890416302167,
"greedy100":  32.09216147961591,
"DP_05":  32.09216147961591,
"DP_30":  35.90041130845577,
"DP_60":  37.43112090750969,
"DP_95":  40.60682356257588,
"QL":  32.049310168851534}
,
{ "x":  140,
"greedy000":  31.081820168762636,
"greedy050":  32.40510484880051,
"greedy100":  33.25021923176517,
"DP_05":  33.25021923176517,
"DP_30":  37.10189734413213,
"DP_60":  38.28011607104491,
"DP_95":  41.81156857217924,
"QL":  32.95510207302157}
,
{ "x":  160,
"greedy000":  31.819351979640413,
"greedy050":  33.42875763470985,
"greedy100":  34.40275925103272,
"DP_05":  34.40275925103272,
"DP_30":  38.09194110029121,
"DP_60":  38.97624858742607,
"DP_95":  42.572983042582685,
"QL":  34.29789714353431}
,
{ "x":  180,
"greedy000":  32.413100000115996,
"greedy050":  34.35451160280856,
"greedy100":  35.49867764957084,
"DP_05":  35.49867764957084,
"DP_30":  39.01549141841581,
"DP_60":  39.11899852628055,
"DP_95":  42.88820906394139,
"QL":  35.04566044133007}
,
{ "x":  200,
"greedy000":  32.91831377801807,
"greedy050":  35.10635884880581,
"greedy100":  36.43109790202057,
"DP_05":  36.43109790202057,
"DP_30":  39.69617762952372,
"DP_60":  39.70997756265518,
"DP_95":  43.054175554765564,
"QL":  36.593198502632454}
,
{ "x":  220,
"greedy000":  33.338498856902916,
"greedy050":  35.88677345764369,
"greedy100":  37.425203935617354,
"DP_05":  37.425203935617354,
"DP_30":  40.37505873388449,
"DP_60":  40.433722871599706,
"DP_95":  43.29759811586465,
"QL":  36.37113144382054}
,
{ "x":  240,
"greedy000":  33.6358766733585,
"greedy050":  36.57865321524904,
"greedy100":  38.37052910839775,
"DP_05":  38.37052910839775,
"DP_30":  40.9008158033409,
"DP_60":  41.12097347967652,
"DP_95":  43.48766500798,
"QL":  37.68846580856365}
,
{ "x":  260,
"greedy000":  33.700565158844014,
"greedy050":  37.2945587613577,
"greedy100":  39.30634655046219,
"DP_05":  39.30634655046219,
"DP_30":  41.27303007832279,
"DP_60":  41.68132723915607,
"DP_95":  43.64145316842782,
"QL":  36.73724451952754}
,
{ "x":  280,
"greedy000":  33.88260964410682,
"greedy050":  37.78865264981249,
"greedy100":  39.998763448694554,
"DP_05":  39.998763448694554,
"DP_30":  41.52657065536964,
"DP_60":  42.14550396078867,
"DP_95":  43.7833255904593,
"QL":  36.499971626699256}
,
{ "x":  300,
"greedy000":  33.92198027744311,
"greedy050":  38.248851586316356,
"greedy100":  40.80006401448939,
"DP_05":  40.80006401448939,
"DP_30":  41.973315426511405,
"DP_60":  42.69668207950674,
"DP_95":  43.96418148837736,
"QL":  38.39384448638327}
,
{ "x":  320,
"greedy000":  33.96216328713422,
"greedy050":  38.636829542800925,
"greedy100":  41.49616479995258,
"DP_05":  41.49616479995258,
"DP_30":  42.224115010800766,
"DP_60":  43.09765001360708,
"DP_95":  44.09314917400283,
"QL":  40.90864604391767}
,
{ "x":  340,
"greedy000":  33.94079806922527,
"greedy050":  38.98596059242156,
"greedy100":  42.20512361331215,
"DP_05":  42.20512361331215,
"DP_30":  42.328527838979866,
"DP_60":  43.44293319153527,
"DP_95":  44.25021626612524,
"QL":  39.6455035736865}
,
{ "x":  360,
"greedy000":  33.99488790947593,
"greedy050":  39.23077297888149,
"greedy100":  42.81967887967226,
"DP_05":  42.81967887967226,
"DP_30":  42.83970976997219,
"DP_60":  43.82676627078463,
"DP_95":  44.38796198154681,
"QL":  40.05932223313327}
,
{ "x":  380,
"greedy000":  34.074624595936626,
"greedy050":  39.31348110073699,
"greedy100":  43.25999829221829,
"DP_05":  43.25999829221829,
"DP_30":  43.26532576420268,
"DP_60":  44.06841132114194,
"DP_95":  44.48970124559416,
"QL":  40.098192500554525}
,
{ "x":  400,
"greedy000":  34.09228786413578,
"greedy050":  39.43383377718357,
"greedy100":  43.6919317410463,
"DP_05":  43.6919317410463,
"DP_30":  43.69321725482342,
"DP_60":  44.28696143191989,
"DP_95":  44.588721559971546,
"QL":  43.33955755293836}
,
{ "x":  420,
"greedy000":  34.03481327006494,
"greedy050":  39.45685253760167,
"greedy100":  44.085400078249805,
"DP_05":  44.085400078249805,
"DP_30":  44.085400078249805,
"DP_60":  44.519454962068636,
"DP_95":  44.7091954303764,
"QL":  40.144953740051115}
,
{ "x":  440,
"greedy000":  34.05450508142711,
"greedy050":  39.49400023150618,
"greedy100":  44.38098362013511,
"DP_05":  44.38098362013511,
"DP_30":  44.38098362013511,
"DP_60":  44.65793662471326,
"DP_95":  44.79049749796218,
"QL":  38.562141226597575}
,
{ "x":  460,
"greedy000":  33.99030940561184,
"greedy050":  39.50183997806045,
"greedy100":  44.60275878114949,
"DP_05":  44.60275878114949,
"DP_30":  44.60275878114949,
"DP_60":  44.786918079212356,
"DP_95":  44.870370668174715,
"QL":  41.3222538086216}
,
{ "x":  480,
"greedy000":  33.96373301733208,
"greedy050":  39.45969210803254,
"greedy100":  44.735100030497264,
"DP_05":  44.735100030497264,
"DP_30":  44.735100030497264,
"DP_60":  44.85545068166749,
"DP_95":  44.90021569579651,
"QL":  40.498212256323335}
,
{ "x":  500,
"greedy000":  33.99206886957537,
"greedy050":  39.588214673731095,
"greedy100":  44.83086032620359,
"DP_05":  44.83086032620359,
"DP_30":  44.83086032620359,
"DP_60":  44.903329043323964,
"DP_95":  44.92509276785723,
"QL":  41.36488808255827}
,
{ "x":  520,
"greedy000":  33.955718416331315,
"greedy050":  39.51552984370014,
"greedy100":  44.93528193967109,
"DP_05":  44.93528193967109,
"DP_30":  44.93528193967109,
"DP_60":  44.96239171449899,
"DP_95":  44.97200458392342,
"QL":  43.342413872101005}
]}
