{"(0.0, 0.0)": 37.412542368335544, "(0.0, 0.05)": 35.7170331978419, "(0.0, 0.1)": 27.075654724542076, "(0.0, 0.15)": 32.94446581361653, "(0.0, 0.2)": 34.10079745265004, "(0.0, 0.25)": 44.01771820630544, "(0.0, 0.3)": -57.89389994238097, "(0.0, 0.35)": 14.14533386661834, "(0.0, 0.4)": -72.79419413310126, "(0.0, 0.45)": -19.798013946880406, "(0.0, 0.5)": 54.94809173888197, "(0.0, 0.55)": -22.469742539196677, "(0.0, 0.6)": 9.43491445080434, "(0.0, 0.65)": 31.409041150384482, "(0.0, 0.7)": -27.198928593513305, "(0.0, 0.75)": -3.937787751784379, "(0.0, 0.8)": -30.38921797170333, "(0.0, 0.85)": 38.62416818370038, "(0.0, 0.9)": -2.4458559224540717, "(0.0, 0.95)": 52.56541404930758, "(0.0, 1.0)": 5.05515759537712, "(0.05, 0.0)": -6.92606332451001, "(0.05, 0.05)": 39.60519969149415, "(0.05, 0.1)": 27.709754239658317, "(0.05, 0.15)": -13.624399325189096, "(0.05, 0.2)": -36.02288527639628, "(0.05, 0.25)": 10.775186950895362, "(0.05, 0.3)": 48.1411253487734, "(0.05, 0.35)": 39.00547999985611, "(0.05, 0.4)": 20.589511269547888, "(0.05, 0.45)": -13.029308945656126, "(0.05, 0.5)": -3.638791934768529, "(0.05, 0.55)": 14.546765061833897, "(0.05, 0.6)": -13.683199779573691, "(0.05, 0.65)": -45.75764278186543, "(0.05, 0.7)": 31.540948627628392, "(0.05, 0.75)": -0.9383778504094682, "(0.05, 0.8)": -56.24949485302393, "(0.05, 0.85)": 61.07118175371167, "(0.05, 0.9)": -21.850366664564024, "(0.05, 0.95)": -22.271460508706852, "(0.05, 1.0)": 37.24260279647093, "(0.1, 0.0)": 62.04466497630425, "(0.1, 0.05)": 5.77236178311945, "(0.1, 0.1)": -37.08727612558986, "(0.1, 0.15)": -5.286536045205708, "(0.1, 0.2)": -14.172733443021363, "(0.1, 0.25)": 40.58125028875965, "(0.1, 0.3)": 10.616566373162142, "(0.1, 0.35)": -62.516190318136964, "(0.1, 0.4)": 3.819788145119364, "(0.1, 0.45)": 71.79907436102185, "(0.1, 0.5)": 82.72719472098424, "(0.1, 0.55)": -30.8868142109626, "(0.1, 0.6)": 46.759099027906444, "(0.1, 0.65)": -16.453119981438814, "(0.1, 0.7)": -3.427591817863554, "(0.1, 0.75)": -26.7032169812665, "(0.1, 0.8)": 62.768840077538584, "(0.1, 0.85)": -18.676673317696014, "(0.1, 0.9)": 38.896231348449646, "(0.1, 0.95)": -25.6162481832733, "(0.1, 1.0)": 66.11453350123587, "(0.15, 0.0)": -46.838495071624166, "(0.15, 0.05)": -25.157574874127643, "(0.15, 0.1)": 31.596766292062934, "(0.15, 0.15)": -0.17230018023324467, "(0.15, 0.2)": 63.56957928392055, "(0.15, 0.25)": 30.190070750008147, "(0.15, 0.3)": 30.137463776463125, "(0.15, 0.35)": -40.45940207508889, "(0.15, 0.4)": 62.33983941148966, "(0.15, 0.45)": 47.544864871049036, "(0.15, 0.5)": 19.47250731833353, "(0.15, 0.55)": 12.615101792196423, "(0.15, 0.6)": -34.07970168416532, "(0.15, 0.65)": -22.436394706030228, "(0.15, 0.7)": 11.17555152422396, "(0.15, 0.75)": 15.601088265981463, "(0.15, 0.8)": -12.397337649725785, "(0.15, 0.85)": -29.573308551705143, "(0.15, 0.9)": 17.197496589221327, "(0.15, 0.95)": 47.73803823213342, "(0.15, 1.0)": -20.271611972570483, "(0.2, 0.0)": 28.785421202180142, "(0.2, 0.05)": 18.766485582415072, "(0.2, 0.1)": 54.32655040979088, "(0.2, 0.15)": 23.018542536628317, "(0.2, 0.2)": 23.568016327279683, "(0.2, 0.25)": 51.69533137432423, "(0.2, 0.3)": 54.01566162802246, "(0.2, 0.35)": -9.54420234840353, "(0.2, 0.4)": 0.6025500507185555, "(0.2, 0.45)": 33.57266938869418, "(0.2, 0.5)": -10.514202236103252, "(0.2, 0.55)": 1.1953742105933092, "(0.2, 0.6)": -12.883575015299506, "(0.2, 0.65)": 7.1653554132761155, "(0.2, 0.7)": 10.183555115071943, "(0.2, 0.75)": 31.170326925571732, "(0.2, 0.8)": -22.253760437136823, "(0.2, 0.85)": 10.360055782650987, "(0.2, 0.9)": 11.37356513516221, "(0.2, 0.95)": -20.51819131423247, "(0.2, 1.0)": -0.381698715022182, "(0.25, 0.0)": 86.41569723332567, "(0.25, 0.05)": 103.9409372351341, "(0.25, 0.1)": 116.87677597501283, "(0.25, 0.15)": 29.059137431774374, "(0.25, 0.2)": 65.94402147005624, "(0.25, 0.25)": 78.90424585362557, "(0.25, 0.3)": 65.58968293574466, "(0.25, 0.35)": 29.187563404869014, "(0.25, 0.4)": 18.894593298501416, "(0.25, 0.45)": 73.1569726384098, "(0.25, 0.5)": 73.28549743403768, "(0.25, 0.55)": 52.63601899295688, "(0.25, 0.6)": 24.203410172708523, "(0.25, 0.65)": 93.21413776757048, "(0.25, 0.7)": 67.32531728523968, "(0.25, 0.75)": 96.71368083189574, "(0.25, 0.8)": 90.48023963919835, "(0.25, 0.85)": 108.12949986420746, "(0.25, 0.9)": 83.36387114312721, "(0.25, 0.95)": 155.06610131684135, "(0.25, 1.0)": 105.49619520370067, "(0.3, 0.0)": 115.74749520503387, "(0.3, 0.05)": 149.0689954252019, "(0.3, 0.1)": 100.41134160816698, "(0.3, 0.15)": 133.22741723576308, "(0.3, 0.2)": 142.07977355524113, "(0.3, 0.25)": 106.36886952550927, "(0.3, 0.3)": 121.1766453519702, "(0.3, 0.35)": 78.50767782662986, "(0.3, 0.4)": 90.84723926870859, "(0.3, 0.45)": 140.02169619529, "(0.3, 0.5)": 101.22417599581722, "(0.3, 0.55)": 167.41457679984399, "(0.3, 0.6)": 110.39804067831886, "(0.3, 0.65)": 128.2900464831315, "(0.3, 0.7)": 119.81751484057597, "(0.3, 0.75)": 103.11779269439, "(0.3, 0.8)": 122.40803336265769, "(0.3, 0.85)": 155.85187822930644, "(0.3, 0.9)": 158.03350551897918, "(0.3, 0.95)": 109.5691997566881, "(0.3, 1.0)": 96.5301982844233, "(0.35, 0.0)": 182.6186443359859, "(0.35, 0.05)": 173.01010786296587, "(0.35, 0.1)": 172.9339245426953, "(0.35, 0.15)": 182.851405975298, "(0.35, 0.2)": 193.62864855594984, "(0.35, 0.25)": 167.5763977910099, "(0.35, 0.3)": 177.9097177248413, "(0.35, 0.35)": 135.0729827793981, "(0.35, 0.4)": 162.41680769671754, "(0.35, 0.45)": 153.7390978264766, "(0.35, 0.5)": 170.67314556591157, "(0.35, 0.55)": 176.2763544923726, "(0.35, 0.6)": 127.4054160750143, "(0.35, 0.65)": 185.6248261363719, "(0.35, 0.7)": 171.2763200957302, "(0.35, 0.75)": 176.31670949307855, "(0.35, 0.8)": 140.42946770940551, "(0.35, 0.85)": 147.7991503376924, "(0.35, 0.9)": 182.4713574569402, "(0.35, 0.95)": 187.27407021299825, "(0.35, 1.0)": 203.9830557613641, "(0.4, 0.0)": 170.48125040902903, "(0.4, 0.05)": 145.41150456886714, "(0.4, 0.1)": 176.22712570689342, "(0.4, 0.15)": 178.96515848403556, "(0.4, 0.2)": 170.42852545011783, "(0.4, 0.25)": 181.2109873130291, "(0.4, 0.3)": 166.80052626170468, "(0.4, 0.35)": 173.50642523906865, "(0.4, 0.4)": 180.26988426797942, "(0.4, 0.45)": 179.90882977346135, "(0.4, 0.5)": 188.23324185394927, "(0.4, 0.55)": 198.46561997117388, "(0.4, 0.6)": 160.8774406145547, "(0.4, 0.65)": 177.9505309826925, "(0.4, 0.7)": 147.88523748229355, "(0.4, 0.75)": 121.90146148087766, "(0.4, 0.8)": 180.80084420645673, "(0.4, 0.85)": 166.66658191448028, "(0.4, 0.9)": 151.25596870563885, "(0.4, 0.95)": 239.610172664345, "(0.4, 1.0)": 142.35331038616837, "(0.45, 0.0)": 184.61897845636125, "(0.45, 0.05)": 185.10482672568577, "(0.45, 0.1)": 222.46737377810655, "(0.45, 0.15)": 167.39988730633442, "(0.45, 0.2)": 163.72432855123782, "(0.45, 0.25)": 148.7823816974115, "(0.45, 0.3)": 139.65516965761609, "(0.45, 0.35)": 130.0335289259714, "(0.45, 0.4)": 175.86016932921996, "(0.45, 0.45)": 158.9640376309577, "(0.45, 0.5)": 185.39154146812604, "(0.45, 0.55)": 201.39545136127302, "(0.45, 0.6)": 119.9221047926051, "(0.45, 0.65)": 163.36236392270683, "(0.45, 0.7)": 188.7544278541681, "(0.45, 0.75)": 179.10017942383158, "(0.45, 0.8)": 127.58195816102736, "(0.45, 0.85)": 173.84893014994333, "(0.45, 0.9)": 127.36847766661643, "(0.45, 0.95)": 190.6993491371015, "(0.45, 1.0)": 194.21853025456815, "(0.5, 0.0)": 191.85511436430417, "(0.5, 0.05)": 114.99920599095199, "(0.5, 0.1)": 154.96481268691903, "(0.5, 0.15)": 149.70434301135927, "(0.5, 0.2)": 136.48679046212064, "(0.5, 0.25)": 184.54107685522357, "(0.5, 0.3)": 195.43570652962356, "(0.5, 0.35)": 193.62512944681512, "(0.5, 0.4)": 116.23467243300861, "(0.5, 0.45)": 140.86013942926274, "(0.5, 0.5)": 145.73341544291307, "(0.5, 0.55)": 155.18074719333742, "(0.5, 0.6)": 206.98447381520086, "(0.5, 0.65)": 194.7186038449723, "(0.5, 0.7)": 208.98842937254642, "(0.5, 0.75)": 141.77567509560237, "(0.5, 0.8)": 156.04427854129963, "(0.5, 0.85)": 159.29800507517584, "(0.5, 0.9)": 179.45457644137892, "(0.5, 0.95)": 188.0341852912896, "(0.5, 1.0)": 208.85749392938308,