{ "x_label":"episode",
"y_label":"Acceptance Rate",
"results":[
{ "x":  5,
"DP_05":  0.5548940045392797,
"DP_30":  0.6089274050762017,
"DP_60":  0.6272325767198335,
"DP_95":  0.5916079757949222,
"QL-Dynamic": 0.29274576731345864,
"QL-Static": 0.3303152811558592}
,
{ "x":  25,
"DP_05":  0.556527377864634,
"DP_30":  0.6111684145915786,
"DP_60":  0.6295898431637433,
"DP_95":  0.5927090261074643,
"QL-Dynamic": 0.4685250009266104,
"QL-Static": 0.4821796390085307}
,
{ "x":  45,
"DP_05":  0.5539411831181242,
"DP_30":  0.6103475671845067,
"DP_60":  0.6282785458569242,
"DP_95":  0.5916034969378375,
"QL-Dynamic": 0.5311077882004073,
"QL-Static": 0.4825615777739099}
,
{ "x":  65,
"DP_05":  0.5577322272970938,
"DP_30":  0.61345879531737,
"DP_60":  0.6309821846900633,
"DP_95":  0.5931299962390517,
"QL-Dynamic": 0.5615069278094508,
"QL-Static": 0.5330569930561426}
,
{ "x":  85,
"DP_05":  0.5558929313707188,
"DP_30":  0.6116843175232061,
"DP_60":  0.6282424919402984,
"DP_95":  0.5927599375372028,
"QL-Dynamic": 0.5711834397606155,
"QL-Static": 0.5521870616279816}
,
{ "x":  105,
"DP_05":  0.5561811814407381,
"DP_30":  0.610754556088662,
"DP_60":  0.6293550049064838,
"DP_95":  0.5931431602947664,
"QL-Dynamic": 0.5795781730578614,
"QL-Static": 0.5461299210556328}
,
{ "x":  125,
"DP_05":  0.5529451286733765,
"DP_30":  0.6076826411462264,
"DP_60":  0.626078463639871,
"DP_95":  0.5911320775618912,
"QL-Dynamic": 0.5863764578061808,
"QL-Static": 0.5569191489038323}
,
{ "x":  145,
"DP_05":  0.5544644453917094,
"DP_30":  0.6100270205633873,
"DP_60":  0.6273910783798267,
"DP_95":  0.592642533261743,
"QL-Dynamic": 0.5916266360636215,
"QL-Static": 0.5642992725867538}
,
{ "x":  165,
"DP_05":  0.5573893000094756,
"DP_30":  0.6130726057448564,
"DP_60":  0.6297141157253969,
"DP_95":  0.5925533521910378,
"QL-Dynamic": 0.5901015326887693,
"QL-Static": 0.568041861636391}
,
{ "x":  185,
"DP_05":  0.5553612302188637,
"DP_30":  0.6102731955214085,
"DP_60":  0.6290342080873186,
"DP_95":  0.5924426587112596,
"QL-Dynamic": 0.600115536848409,
"QL-Static": 0.5718438532733019}
]}
