{ "x_label":"episode",
"y_label":"Federation Rate",
"results":[
{ "x":  5,
"DP_05":  0.44510599546072027,
"DP_30":  0.39107259492379837,
"DP_60":  0.37276742328016665,
"DP_95":  0.40839202420507775,
"QL-Dynamic": 0.6022836349519187,
"QL-Static": 0.5655361935866272}
,
{ "x":  25,
"DP_05":  0.4434726221353659,
"DP_30":  0.38883158540842144,
"DP_60":  0.3704101568362567,
"DP_95":  0.40729097389253593,
"QL-Dynamic": 0.47886938906495774,
"QL-Static": 0.4343881298227938}
,
{ "x":  45,
"DP_05":  0.4460588168818759,
"DP_30":  0.38965243281549333,
"DP_60":  0.37172145414307584,
"DP_95":  0.40839650306216246,
"QL-Dynamic": 0.4320912235507778,
"QL-Static": 0.4597837704943368}
,
{ "x":  65,
"DP_05":  0.4422677727029063,
"DP_30":  0.38654120468263,
"DP_60":  0.3690178153099367,
"DP_95":  0.40687000376094834,
"QL-Dynamic": 0.39699536324168233,
"QL-Static": 0.40510652963779537}
,
{ "x":  85,
"DP_05":  0.4441070686292813,
"DP_30":  0.388315682476794,
"DP_60":  0.37175750805970176,
"DP_95":  0.40724006246279726,
"QL-Dynamic": 0.4035049231425756,
"QL-Static": 0.4117684818618429}
,
{ "x":  105,
"DP_05":  0.44381881855926186,
"DP_30":  0.3892454439113381,
"DP_60":  0.3706449950935163,
"DP_95":  0.4068568397052335,
"QL-Dynamic": 0.3881883397347663,
"QL-Static": 0.4095210767429861}
,
{ "x":  125,
"DP_05":  0.44705487132662347,
"DP_30":  0.39231735885377356,
"DP_60":  0.3739215363601289,
"DP_95":  0.408867922438109,
"QL-Dynamic": 0.3955968216919813,
"QL-Static": 0.3956188628109838}
,
{ "x":  145,
"DP_05":  0.4455355546082907,
"DP_30":  0.3899729794366127,
"DP_60":  0.37260892162017345,
"DP_95":  0.407357466738257,
"QL-Dynamic": 0.38105322821450893,
"QL-Static": 0.40101781233933026}
,
{ "x":  165,
"DP_05":  0.4426106999905242,
"DP_30":  0.3869273942551437,
"DP_60":  0.37028588427460296,
"DP_95":  0.4074466478089622,
"QL-Dynamic": 0.39327640501246014,
"QL-Static": 0.3986237369194666}
,
{ "x":  185,
"DP_05":  0.4446387697811362,
"DP_30":  0.3897268044785916,
"DP_60":  0.37096579191268136,
"DP_95":  0.4075573412887402,
"QL-Dynamic": 0.3731949025847297,
"QL-Static": 0.4013030052944533}
]}
