{ "x_label":"episode",
"y_label":"Average Profit",
"results":[
{ "x":  5,
"DP_05":  60.45599092688161,
"DP_30":  67.06713988897043,
"DP_60":  70.04735270734,
"DP_95":  72.81767346238432,
"QL-Dynamic": 43.726170853555544,
"QL-Static": 44.862250335996386}
,
{ "x":  25,
"DP_05":  60.584450133513016,
"DP_30":  67.17583863536889,
"DP_60":  70.1321186362862,
"DP_95":  72.80898171976457,
"QL-Dynamic": 56.46702897244985,
"QL-Static": 54.22477807732164}
,
{ "x":  45,
"DP_05":  60.436805001976566,
"DP_30":  67.10007372086767,
"DP_60":  70.06659989375584,
"DP_95":  72.82027102793606,
"QL-Dynamic": 61.33494542436773,
"QL-Static": 57.309090917374476}
,
{ "x":  65,
"DP_05":  60.604119744803256,
"DP_30":  67.25423525458754,
"DP_60":  70.2077586739615,
"DP_95":  72.89805153525624,
"QL-Dynamic": 63.58831735170607,
"QL-Static": 60.90574006694237}
,
{ "x":  85,
"DP_05":  60.61585467506834,
"DP_30":  67.19056002737827,
"DP_60":  70.13548269063577,
"DP_95":  72.87133921106272,
"QL-Dynamic": 66.02091959802439,
"QL-Static": 63.51953388859662}
,
{ "x":  105,
"DP_05":  60.445508270456955,
"DP_30":  67.09237936793984,
"DP_60":  70.11248079693088,
"DP_95":  72.83411061931461,
"QL-Dynamic": 66.47060769140435,
"QL-Static": 63.728769237717685}
,
{ "x":  125,
"DP_05":  60.47752777943399,
"DP_30":  67.04780430443367,
"DP_60":  70.0036028528344,
"DP_95":  72.72957713661789,
"QL-Dynamic": 67.93233547528574,
"QL-Static": 64.36265299662662}
,
{ "x":  145,
"DP_05":  60.42442070304615,
"DP_30":  67.05823379659157,
"DP_60":  70.03219640325553,
"DP_95":  72.85186910232291,
"QL-Dynamic": 68.01354606368304,
"QL-Static": 65.34438169619457}
,
{ "x":  165,
"DP_05":  60.6429165251609,
"DP_30":  67.2232557192493,
"DP_60":  70.15995868386298,
"DP_95":  72.80318853094796,
"QL-Dynamic": 68.6300421255092,
"QL-Static": 65.89547409106476}
,
{ "x":  185,
"DP_05":  60.476035876670494,
"DP_30":  67.15295392523447,
"DP_60":  70.15013258352815,
"DP_95":  72.81887775794256,
"QL-Dynamic": 68.26009244181044,
"QL-Static": 66.73617517972875}
]}
