{"(0.0, 0.0)": -49.18934327612391, "(0.0, 0.05)": 72.73071913757792, "(0.0, 0.1)": -23.87542389093024, "(0.0, 0.15)": 6.49586813966785, "(0.0, 0.2)": 49.191173146405305, "(0.0, 0.25)": 16.84107953313697, "(0.0, 0.3)": 15.534923310823643, "(0.0, 0.35)": 6.672408705032112, "(0.0, 0.4)": 50.38260084537879, "(0.0, 0.45)": 48.246741325666804, "(0.0, 0.5)": -9.817651379686566, "(0.0, 0.55)": -14.175427169904525, "(0.0, 0.6)": -19.253939113295637, "(0.0, 0.65)": 27.886653257143152, "(0.0, 0.7)": 27.12119360262292, "(0.0, 0.75)": -17.40051144956909, "(0.0, 0.8)": -16.345130119006626, "(0.0, 0.85)": -39.83584887875688, "(0.0, 0.9)": -27.220019778922456, "(0.0, 0.95)": -3.9151951190337626, "(0.0, 1.0)": -6.152937585377575, "(0.05, 0.0)": 37.072308075695574, "(0.05, 0.05)": -38.85411076843046, "(0.05, 0.1)": 5.481517950555071, "(0.05, 0.15)": 19.57835448535119, "(0.05, 0.2)": -10.527229348514147, "(0.05, 0.25)": 61.068605810405195, "(0.05, 0.3)": 2.8430882820103895, "(0.05, 0.35)": 42.25590343151383, "(0.05, 0.4)": -60.99312117818293, "(0.05, 0.45)": -2.775155159221544, "(0.05, 0.5)": 37.63914849691549, "(0.05, 0.55)": 3.3784181156227757, "(0.05, 0.6)": -0.5765779331805079, "(0.05, 0.65)": -24.477975413221607, "(0.05, 0.7)": 29.367293614159877, "(0.05, 0.75)": 2.476120431251691, "(0.05, 0.8)": 7.548717277012239, "(0.05, 0.85)": -8.524639102501851, "(0.05, 0.9)": -9.552293862706831, "(0.05, 0.95)": 16.733255939285318, "(0.05, 1.0)": 0.46145963421810876, "(0.1, 0.0)": 23.869091929787572, "(0.1, 0.05)": -61.65710997050799, "(0.1, 0.1)": -47.92793665501004, "(0.1, 0.15)": 22.346753919949368, "(0.1, 0.2)": -23.954658509847956, "(0.1, 0.25)": -14.188063538582966, "(0.1, 0.3)": -25.994218802015276, "(0.1, 0.35)": 78.57696229311543, "(0.1, 0.4)": -30.096563388988805, "(0.1, 0.45)": -18.766846374133443, "(0.1, 0.5)": -15.943698336872597, "(0.1, 0.55)": 1.813443694150077, "(0.1, 0.6)": 21.878417143858293, "(0.1, 0.65)": 3.076015153170846, "(0.1, 0.7)": -24.50557296626596, "(0.1, 0.75)": 46.8249044518201, "(0.1, 0.8)": -32.92490043936276, "(0.1, 0.85)": -104.44759175018591, "(0.1, 0.9)": -16.04794347957656, "(0.1, 0.95)": -25.078157239810857, "(0.1, 1.0)": -4.8352406968034405, "(0.15, 0.0)": 78.85794033439869, "(0.15, 0.05)": 102.0257428489062, "(0.15, 0.1)": 97.04854205189261, "(0.15, 0.15)": 86.38691787958348, "(0.15, 0.2)": 100.77486131316529, "(0.15, 0.25)": 94.22563418817634, "(0.15, 0.3)": 94.71753619877455, "(0.15, 0.35)": 91.91816945100904, "(0.15, 0.4)": 113.43178443390806, "(0.15, 0.45)": 65.3483964943694, "(0.15, 0.5)": 98.01153773209369, "(0.15, 0.55)": 92.0686804002577, "(0.15, 0.6)": 122.36394354972542, "(0.15, 0.65)": 92.99337324225469, "(0.15, 0.7)": 60.97557490091383, "(0.15, 0.75)": 108.28291696047543, "(0.15, 0.8)": 95.96341464278315, "(0.15, 0.85)": 93.30794100934285, "(0.15, 0.9)": 78.89695261285806, "(0.15, 0.95)": 62.476208886348545, "(0.15, 1.0)": 97.3965477467864, "(0.2, 0.0)": 148.91656478858016, "(0.2, 0.05)": 89.76196614307077, "(0.2, 0.1)": 89.43489147144955, "(0.2, 0.15)": 106.53135330112158, "(0.2, 0.2)": 33.38604869832615, "(0.2, 0.25)": 87.83556239360897, "(0.2, 0.3)": 48.97812797493241, "(0.2, 0.35)": 91.79159947922311, "(0.2, 0.4)": 77.47708974183386, "(0.2, 0.45)": 89.68594022230221, "(0.2, 0.5)": 79.55634164876201, "(0.2, 0.55)": 73.26142888034892, "(0.2, 0.6)": 107.34237050381977, "(0.2, 0.65)": 76.97917741142564, "(0.2, 0.7)": 115.22984739151694, "(0.2, 0.75)": 45.65653824146587, "(0.2, 0.8)": 113.09301492789817, "(0.2, 0.85)": 142.68596880323054, "(0.2, 0.9)": 75.07483472976816, "(0.2, 0.95)": 110.37903622087596, "(0.2, 1.0)": 115.23537978556028, "(0.25, 0.0)": 265.5225186736083, "(0.25, 0.05)": 269.64649707319904, "(0.25, 0.1)": 271.2448862968185, "(0.25, 0.15)": 259.28590715971956, "(0.25, 0.2)": 255.11676447189407, "(0.25, 0.25)": 254.6393519584989, "(0.25, 0.3)": 261.71478210335215, "(0.25, 0.35)": 254.27678293824493, "(0.25, 0.4)": 277.05051322015225, "(0.25, 0.45)": 279.78829664154915, "(0.25, 0.5)": 239.706237999551, "(0.25, 0.55)": 277.85742215914564, "(0.25, 0.6)": 282.22282821209154, "(0.25, 0.65)": 259.7269675289742, "(0.25, 0.7)": 293.55358916146616, "(0.25, 0.75)": 279.24521444836597, "(0.25, 0.8)": 267.1771372803634, "(0.25, 0.85)": 258.54742399265103, "(0.25, 0.9)": 213.70399166133134, "(0.25, 0.95)": 258.2327403591442, "(0.25, 1.0)": 269.8490702396824, "(0.3, 0.0)": 335.89921722614866, "(0.3, 0.05)": 300.6974722238023, "(0.3, 0.1)": 308.48474038928185, "(0.3, 0.15)": 324.50015754672773, "(0.3, 0.2)": 272.9012516302238, "(0.3, 0.25)": 315.88030643935844, "(0.3, 0.3)": 313.9427868986818, "(0.3, 0.35)": 320.3044956743056, "(0.3, 0.4)": 317.8182596008734, "(0.3, 0.45)": 322.30959200751806, "(0.3, 0.5)": 318.0110866612263, "(0.3, 0.55)": 318.23821680305406, "(0.3, 0.6)": 318.0742146606823, "(0.3, 0.65)": 321.6138555749122, "(0.3, 0.7)": 318.4158498385425, "(0.3, 0.75)": 315.1108163612851, "(0.3, 0.8)": 320.07356712054957, "(0.3, 0.85)": 325.3358858442326, "(0.3, 0.9)": 305.8831497299899, "(0.3, 0.95)": 320.0759932064623, "(0.3, 1.0)": 327.64893454230895, "(0.35, 0.0)": 337.09003434072275, "(0.35, 0.05)": 337.09003434072275, "(0.35, 0.1)": 337.09003434072275, "(0.35, 0.15)": 337.09003434072275, "(0.35, 0.2)": 337.09003434072275, "(0.35, 0.25)": 337.09003434072275, "(0.35, 0.3)": 337.09003434072275, "(0.35, 0.35)": 337.09003434072275, "(0.35, 0.4)": 337.09003434072275, "(0.35, 0.45)": 337.09003434072275, "(0.35, 0.5)": 337.09003434072275, "(0.35, 0.55)": 337.09003434072275, "(0.35, 0.6)": 337.09003434072275, "(0.35, 0.65)": 337.09003434072275, "(0.35, 0.7)": 334.67439408494243, "(0.35, 0.75)": 337.09003434072275, "(0.35, 0.8)": 337.09003434072275, "(0.35, 0.85)": 337.09003434072275, "(0.35, 0.9)": 337.09003434072275, "(0.35, 0.95)": 337.09003434072275, "(0.35, 1.0)": 337.09003434072275, "(0.4, 0.0)": 337.09003434072275, "(0.4, 0.05)": 337.09003434072275, "(0.4, 0.1)": 337.09003434072275, "(0.4, 0.15)": 337.09003434072275, "(0.4, 0.2)": 337.09003434072275, "(0.4, 0.25)": 337.09003434072275, "(0.4, 0.3)": 337.09003434072275, "(0.4, 0.35)": 337.09003434072275, "(0.4, 0.4)": 337.09003434072275, "(0.4, 0.45)": 337.09003434072275, "(0.4, 0.5)": 337.09003434072275, "(0.4, 0.55)": 337.09003434072275, "(0.4, 0.6)": 337.09003434072275, "(0.4, 0.65)": 337.09003434072275, "(0.4, 0.7)": 334.67439408494243, "(0.4, 0.75)": 337.09003434072275, "(0.4, 0.8)": 337.09003434072275, "(0.4, 0.85)": 337.09003434072275, "(0.4, 0.9)": 337.09003434072275, "(0.4, 0.95)": 337.09003434072275, "(0.4, 1.0)": 337.09003434072275, "(0.45, 0.0)": 337.09003434072275, "(0.45, 0.05)": 337.09003434072275, "(0.45, 0.1)": 337.09003434072275, "(0.45, 0.15)": 337.09003434072275, "(0.45, 0.2)": 337.09003434072275, "(0.45, 0.25)": 337.09003434072275, "(0.45, 0.3)": 337.09003434072275, "(0.45, 0.35)": 337.09003434072275, "(0.45, 0.4)": 337.09003434072275, "(0.45, 0.45)": 337.09003434072275, "(0.45, 0.5)": 337.09003434072275, "(0.45, 0.55)": 337.09003434072275, "(0.45, 0.6)": 337.09003434072275, "(0.45, 0.65)": 337.09003434072275, "(0.45, 0.7)": 337.09003434072275, "(0.45, 0.75)": 337.09003434072275, "(0.45, 0.8)": 337.09003434072275, "(0.45, 0.85)": 334.67439408494243, "(0.45, 0.9)": 334.67439408494243, "(0.45, 0.95)": 334.67439408494243, "(0.45, 1.0)": 337.09003434072275, "(0.5, 0.0)": 337.09003434072275, "(0.5, 0.05)": 337.09003434072275, "(0.5, 0.1)": 337.09003434072275, "(0.5, 0.15)": 337.09003434072275, "(0.5, 0.2)": 337.09003434072275, "(0.5, 0.25)": 337.09003434072275, "(0.5, 0.3)": 337.09003434072275, "(0.5, 0.35)": 334.67439408494243, "(0.5, 0.4)": 337.09003434072275, "(0.5, 0.45)": 337.09003434072275, "(0.5, 0.5)": 337.09003434072275, "(0.5, 0.55)": 337.09003434072275, "(0.5, 0.6)": 334.67439408494243, "(0.5, 0.65)": 334.67439408494243, "(0.5, 0.7)": 337.09003434072275, "(0.5, 0.75)": 337.09003434072275, "(0.5, 0.8)": 337.09003434072275, "(0.5, 0.85)": 334.67439408494243, "(0.5, 0.9)": 334.67439408494243, "(0.5, 0.95)": 337.09003434072275,