{"1": {"greedy_fed": 440.6917325750721, "greedy_no_fed": 399.7579430055715, "q-learning": 568.7270021156052}, "2": {"greedy_fed": 440.6917325750721, "greedy_no_fed": 399.7579430055715, "q-learning": 568.3272653810643}, "4": {"greedy_fed": 490.74241329889963, "greedy_no_fed": 399.7579430055715, "q-learning": 425.58198973016044}, "Infinity": {"greedy_fed": 603.9550034022423, "greedy_no_fed": 399.7579430055715, "q-learning": 599.4336470051167}}