{ "x_label":"Acceptance Rate",
"y_label":"episode",
"results":[
{ "x":  5,
"DP_05":  0.5467742455448039,
"DP_30":  0.6036139085683494,
"DP_60":  0.620560140007315,
"DP_95":  0.5866275546653474,
"QL-Dynamic": 0.24155241055395,
"QL-Static": 0.270793305174491}
,
{ "x":  10,
"DP_05":  0.5572661953856517,
"DP_30":  0.6128368328365961,
"DP_60":  0.62950236843313,
"DP_95":  0.5932652108097937,
"QL-Dynamic": 0.2618288507525367,
"QL-Static": 0.33730878742498105}
,
{ "x":  15,
"DP_05":  0.5509389569986841,
"DP_30":  0.6073389715684189,
"DP_60":  0.6239858953149905,
"DP_95":  0.590242898321653,
"QL-Dynamic": 0.33778522793625,
"QL-Static": 0.3929220428382484}
,
{ "x":  20,
"DP_05":  0.5507472503281793,
"DP_30":  0.607114443609956,
"DP_60":  0.6297467204490117,
"DP_95":  0.5957097435270384,
"QL-Dynamic": 0.39937749545071843,
"QL-Static": 0.4260245644152076}
,
{ "x":  25,
"DP_05":  0.553009807956864,
"DP_30":  0.6085461879129387,
"DP_60":  0.6268634362359432,
"DP_95":  0.5937726943969046,
"QL-Dynamic": 0.4298233929976548,
"QL-Static": 0.41798494139825876}
,
{ "x":  30,
"DP_05":  0.561128453949403,
"DP_30":  0.6139041319008022,
"DP_60":  0.6298737981126183,
"DP_95":  0.5939659309925212,
"QL-Dynamic": 0.47913226465026026,
"QL-Static": 0.4470929994344665}
,
{ "x":  35,
"DP_05":  0.5545222330627164,
"DP_30":  0.6085323444678066,
"DP_60":  0.6286330871398972,
"DP_95":  0.5886887788021073,
"QL-Dynamic": 0.5007793268903343,
"QL-Static": 0.4084846713673452}
,
{ "x":  40,
"DP_05":  0.5590310810425847,
"DP_30":  0.6127078398359942,
"DP_60":  0.6313917334358423,
"DP_95":  0.5945688200347969,
"QL-Dynamic": 0.4930563823494728,
"QL-Static": 0.4566577323385757}
]}
