{ "x_label":"episode",
"y_label":"Federation Rate",
"results":[
{ "x":  5,
"DP_05":  0.45322575445519603,
"DP_30":  0.39638609143165066,
"DP_60":  0.37943985999268504,
"DP_95":  0.41337244533465256,
"QL-Dynamic": 0.5237299464883476,
"QL-Static": 0.5842650183557907}
,
{ "x":  10,
"DP_05":  0.44273380461434825,
"DP_30":  0.387163167163404,
"DP_60":  0.37049763156687,
"DP_95":  0.40673478919020634,
"QL-Dynamic": 0.5173045369751774,
"QL-Static": 0.5239596178579291}
,
{ "x":  15,
"DP_05":  0.4490610430013159,
"DP_30":  0.3926610284315812,
"DP_60":  0.37601410468500934,
"DP_95":  0.4097571016783471,
"QL-Dynamic": 0.5297812157533206,
"QL-Static": 0.4658816753960545}
,
{ "x":  20,
"DP_05":  0.4492527496718207,
"DP_30":  0.39288555639004397,
"DP_60":  0.37025327955098836,
"DP_95":  0.4042902564729616,
"QL-Dynamic": 0.5174507108399181,
"QL-Static": 0.46048853493052455}
,
{ "x":  25,
"DP_05":  0.44699019204313595,
"DP_30":  0.3914538120870613,
"DP_60":  0.3731365637640568,
"DP_95":  0.40622730560309533,
"QL-Dynamic": 0.49870941492236887,
"QL-Static": 0.4585355365641747}
,
{ "x":  30,
"DP_05":  0.438871546050597,
"DP_30":  0.3860958680991978,
"DP_60":  0.37012620188738166,
"DP_95":  0.40603406900747885,
"QL-Dynamic": 0.47900711805741364,
"QL-Static": 0.4600527077206696}
,
{ "x":  35,
"DP_05":  0.44547776693728364,
"DP_30":  0.3914676555321933,
"DP_60":  0.37136691286010276,
"DP_95":  0.4113112211978927,
"QL-Dynamic": 0.4268967615138871,
"QL-Static": 0.5171907902390627}
,
{ "x":  40,
"DP_05":  0.4409689189574153,
"DP_30":  0.3872921601640058,
"DP_60":  0.3686082665641576,
"DP_95":  0.40543117996520317,
"QL-Dynamic": 0.43314643866579977,
"QL-Static": 0.4933208752683139}
]}
