{ "x_label":"l",
"y_label":"Federation Rate",
 "results":[
{ "x":  0.3,
"greedy000":  0.0,
"greedy050":  0.0,
"greedy100":  0.0,
"DP_05":  0.0,
"DP_30":  0.0,
"DP_60":  0.0,
"DP_95":  0.0,
"QL_09":  0.17271181407730474,
"QL_05":  0.11637743182140621,
"RL":  0.09200455624919883}
,
{ "x":  0.6,
"greedy000":  0.0,
"greedy050":  0.0,
"greedy100":  0.005451674618345265,
"DP_05":  0.0,
"DP_30":  0.0,
"DP_60":  0.0,
"DP_95":  0.00678429226920067,
"QL_09":  0.20890881310787476,
"QL_05":  0.11253394205230964,
"RL":  0.08662078401570066}
,
{ "x":  0.8999999999999999,
"greedy000":  0.0,
"greedy050":  0.0,
"greedy100":  0.047246141909139235,
"DP_05":  0.0,
"DP_30":  0.0,
"DP_60":  0.0,
"DP_95":  0.044890838050471886,
"QL_09":  0.22385861010825742,
"QL_05":  0.124778082342726,
"RL":  0.08424611840744792}
,
{ "x":  1.2,
"greedy000":  0.0,
"greedy050":  0.0,
"greedy100":  0.11607034605546271,
"DP_05":  0.0,
"DP_30":  0.0,
"DP_60":  0.0,
"DP_95":  0.08910219847554221,
"QL_09":  0.24138300585097178,
"QL_05":  0.13048936831162,
"RL":  0.09835471872203061}
,
{ "x":  1.5,
"greedy000":  0.0,
"greedy050":  0.0,
"greedy100":  0.15550746335901897,
"DP_05":  0.0,
"DP_30":  0.0,
"DP_60":  0.0,
"DP_95":  0.09495621323724154,
"QL_09":  0.2254391166332947,
"QL_05":  0.13460005879896642,
"RL":  0.11032197802648078}
,
{ "x":  1.8,
"greedy000":  0.0,
"greedy050":  0.0,
"greedy100":  0.1750902288463944,
"DP_05":  0.0,
"DP_30":  0.0,
"DP_60":  0.0,
"DP_95":  0.0912657523227686,
"QL_09":  0.2074734721698897,
"QL_05":  0.1341005171837581,
"RL":  0.1067715003742008}
,
{ "x":  2.0999999999999996,
"greedy000":  0.0,
"greedy050":  0.0,
"greedy100":  0.1811068311594677,
"DP_05":  0.0,
"DP_30":  0.0,
"DP_60":  0.0,
"DP_95":  0.07909639229687139,
"QL_09":  0.1994322131025475,
"QL_05":  0.13803260582432816,
"RL":  0.10394499309833567}
,
{ "x":  2.4,
"greedy000":  0.0,
"greedy050":  0.0,
"greedy100":  0.1842860248661736,
"DP_05":  0.0,
"DP_30":  0.0,
"DP_60":  0.0,
"DP_95":  0.07629431606200746,
"QL_09":  0.1888593146490486,
"QL_05":  0.13837090285961745,
"RL":  0.10100077263858971}
,
{ "x":  2.6999999999999997,
"greedy000":  0.0,
"greedy050":  0.0,
"greedy100":  0.16507582068133636,
"DP_05":  0.0,
"DP_30":  0.0,
"DP_60":  0.0,
"DP_95":  0.06815660519627348,
"QL_09":  0.19497651096780094,
"QL_05":  0.1400938472250861,
"RL":  0.09848227655249894}
,
{ "x":  2.9999999999999996,
"greedy000":  0.0,
"greedy050":  0.0,
"greedy100":  0.1678439950285719,
"DP_05":  0.0,
"DP_30":  0.0,
"DP_60":  0.0,
"DP_95":  0.06695010405284897,
"QL_09":  0.18699506682396866,
"QL_05":  0.13829996484540819,
"RL":  0.08449323615994583}
,
{ "x":  3.3,
"greedy000":  0.0,
"greedy050":  0.0,
"greedy100":  0.16140210973384644,
"DP_05":  0.0,
"DP_30":  0.0,
"DP_60":  0.0,
"DP_95":  0.06120512619935818,
"QL_09":  0.17268098623564335,
"QL_05":  0.1376092138116787,
"RL":  0.08650486156579132}
]}
