{"(0.0, 0.0)": -2.4169632135184203, "(0.0, 0.05)": -24.139455965809354, "(0.0, 0.1)": -22.013012044664677, "(0.0, 0.15)": 25.21172878960706, "(0.0, 0.2)": 23.39938255707343, "(0.0, 0.25)": -43.537232322507165, "(0.0, 0.3)": -16.57654706096861, "(0.0, 0.35)": 42.17330447773945, "(0.0, 0.4)": 9.301343307982076, "(0.0, 0.45)": -7.880508956848319, "(0.0, 0.5)": -3.0330477278123835, "(0.0, 0.55)": 23.54824742840926, "(0.0, 0.6)": -33.56428869600501, "(0.0, 0.65)": -78.32264795384448, "(0.0, 0.7)": 0.04211636126753682, "(0.0, 0.75)": -20.668778887665127, "(0.0, 0.8)": -48.975283798050015, "(0.0, 0.85)": -4.1023790920959105, "(0.0, 0.9)": 7.329302218305813, "(0.0, 0.95)": -71.15933018800563, "(0.0, 1.0)": -69.12460322542269, "(0.05, 0.0)": 32.47271774047411, "(0.05, 0.05)": -26.964855410158552, "(0.05, 0.1)": -35.71202470701594, "(0.05, 0.15)": -7.619546306364201, "(0.05, 0.2)": 67.41621963861336, "(0.05, 0.25)": 21.364155454050746, "(0.05, 0.3)": 26.997515873256432, "(0.05, 0.35)": -98.79559376492766, "(0.05, 0.4)": -46.855486745949094, "(0.05, 0.45)": 5.622728988742367, "(0.05, 0.5)": 59.24873148716211, "(0.05, 0.55)": -20.436242078983295, "(0.05, 0.6)": -91.26404367362133, "(0.05, 0.65)": 24.46845552673172, "(0.05, 0.7)": -81.15867507077793, "(0.05, 0.75)": 46.74156397617057, "(0.05, 0.8)": 49.5543692017753, "(0.05, 0.85)": -11.54773895404558, "(0.05, 0.9)": -59.23164269802842, "(0.05, 0.95)": 2.597837310492213, "(0.05, 1.0)": 43.16231359652106, "(0.1, 0.0)": -81.0216526366989, "(0.1, 0.05)": -27.6195308310371, "(0.1, 0.1)": -78.28991234804306, "(0.1, 0.15)": 11.97317413490258, "(0.1, 0.2)": -53.256559741147015, "(0.1, 0.25)": 5.018732867536055, "(0.1, 0.3)": 54.22805187845597, "(0.1, 0.35)": 77.210618134508, "(0.1, 0.4)": -18.798310342742177, "(0.1, 0.45)": -37.89916987944423, "(0.1, 0.5)": -2.8213854198088666, "(0.1, 0.55)": 60.04865721293073, "(0.1, 0.6)": 51.48672020148943, "(0.1, 0.65)": -13.046679104587025, "(0.1, 0.7)": 11.852318431182168, "(0.1, 0.75)": -33.59293800030525, "(0.1, 0.8)": 28.73042631449899, "(0.1, 0.85)": -74.10265919635208, "(0.1, 0.9)": 8.293064447118626, "(0.1, 0.95)": 9.312990116802574, "(0.1, 1.0)": -36.94873405932529, "(0.15, 0.0)": 56.71027366802787, "(0.15, 0.05)": -6.959371867658158, "(0.15, 0.1)": 24.422932594142498, "(0.15, 0.15)": -37.322004381180946, "(0.15, 0.2)": -36.06699733609581, "(0.15, 0.25)": -14.282632928236794, "(0.15, 0.3)": -76.42527884230782, "(0.15, 0.35)": 32.02111085363473, "(0.15, 0.4)": -33.32530335948658, "(0.15, 0.45)": -20.9873892426559, "(0.15, 0.5)": -54.6045507388135, "(0.15, 0.55)": 3.464483449501811, "(0.15, 0.6)": 6.844230472943366, "(0.15, 0.65)": 21.087275464542728, "(0.15, 0.7)": -1.0449587726432532, "(0.15, 0.75)": 19.223012971339173, "(0.15, 0.8)": -42.600886244232754, "(0.15, 0.85)": -22.76693496017695, "(0.15, 0.9)": 26.88404644704847, "(0.15, 0.95)": 6.745341124426594, "(0.15, 1.0)": -27.87938724869191, "(0.2, 0.0)": 33.470459546853775, "(0.2, 0.05)": 2.755130894240653, "(0.2, 0.1)": -44.81722117374248, "(0.2, 0.15)": 9.076387014470415, "(0.2, 0.2)": -5.844007416580462, "(0.2, 0.25)": -0.6441818336490384, "(0.2, 0.3)": -12.210135191446376, "(0.2, 0.35)": -22.226095975567976, "(0.2, 0.4)": 40.12048500334981, "(0.2, 0.45)": -14.649214917339055, "(0.2, 0.5)": 7.248696206559529, "(0.2, 0.55)": 21.83999596948168, "(0.2, 0.6)": 24.161746553344585, "(0.2, 0.65)": 25.239145237133943, "(0.2, 0.7)": 70.0477661248711, "(0.2, 0.75)": 29.764900354468814, "(0.2, 0.8)": 29.644159753261906, "(0.2, 0.85)": -20.4103442329236, "(0.2, 0.9)": -77.90449631591389, "(0.2, 0.95)": 12.727830798491192, "(0.2, 1.0)": -79.74647085566284, "(0.25, 0.0)": 61.52172512557539, "(0.25, 0.05)": 97.19335305690298, "(0.25, 0.1)": 0.2523752605905569, "(0.25, 0.15)": 75.92046251425396, "(0.25, 0.2)": 70.11090202811089, "(0.25, 0.25)": 86.46516304394042, "(0.25, 0.3)": 73.86282751453788, "(0.25, 0.35)": 41.36985059896958, "(0.25, 0.4)": 113.20151673881021, "(0.25, 0.45)": 112.44946704867719, "(0.25, 0.5)": 77.59700370098007, "(0.25, 0.55)": 70.72275397296912, "(0.25, 0.6)": 53.238702275065975, "(0.25, 0.65)": 85.15047928270637, "(0.25, 0.7)": 100.07166378541463, "(0.25, 0.75)": 60.65026838577299, "(0.25, 0.8)": 94.70950133724769, "(0.25, 0.85)": 76.58417847210924, "(0.25, 0.9)": 122.4788556070468, "(0.25, 0.95)": 45.63985788187908, "(0.25, 1.0)": 52.76415561070489, "(0.3, 0.0)": 44.09043101960598, "(0.3, 0.05)": 73.78640359588763, "(0.3, 0.1)": 155.33438504260442, "(0.3, 0.15)": 120.3980013055573, "(0.3, 0.2)": 115.96739191131006, "(0.3, 0.25)": 115.71565820222631, "(0.3, 0.3)": 128.94901081182263, "(0.3, 0.35)": 70.16871374644992, "(0.3, 0.4)": 99.0659410907884, "(0.3, 0.45)": 139.7824586954515, "(0.3, 0.5)": 92.87308838221072, "(0.3, 0.55)": 174.70603294278402, "(0.3, 0.6)": 100.06955706248476, "(0.3, 0.65)": 99.63313008338939, "(0.3, 0.7)": 88.13296163200083, "(0.3, 0.75)": 151.28589700657665, "(0.3, 0.8)": 138.1593183575472, "(0.3, 0.85)": 116.22137659202339, "(0.3, 0.9)": 110.8713423327821, "(0.3, 0.95)": 139.91241065704327, "(0.3, 1.0)": 148.5035532255607, "(0.35, 0.0)": 157.51275996386426, "(0.35, 0.05)": 131.7984085949183, "(0.35, 0.1)": 231.34786179831858, "(0.35, 0.15)": 204.887098819844, "(0.35, 0.2)": 124.73645721610475, "(0.35, 0.25)": 153.04923823041742, "(0.35, 0.3)": 121.34847152707471, "(0.35, 0.35)": 73.24969003187019, "(0.35, 0.4)": 68.86046988572092, "(0.35, 0.45)": 141.61973979752102, "(0.35, 0.5)": 148.12179973282397, "(0.35, 0.55)": 150.31786941434515, "(0.35, 0.6)": 125.21168408690303, "(0.35, 0.65)": 175.83889670700492, "(0.35, 0.7)": 99.25347929813837, "(0.35, 0.75)": 160.98915860649322, "(0.35, 0.8)": 135.17264370346544, "(0.35, 0.85)": 185.52087287940546, "(0.35, 0.9)": 177.80991464783997, "(0.35, 0.95)": 258.48137209562617, "(0.35, 1.0)": 209.6270607702114, "(0.4, 0.0)": 155.15603660625857, "(0.4, 0.05)": 203.03574278104736, "(0.4, 0.1)": 140.36519429859925, "(0.4, 0.15)": 138.07160223087007, "(0.4, 0.2)": 116.91371555212568, "(0.4, 0.25)": 198.53418601815977, "(0.4, 0.3)": 199.05111689593252, "(0.4, 0.35)": 191.85342107834848, "(0.4, 0.4)": 162.45369019859632, "(0.4, 0.45)": 187.60734480818675, "(0.4, 0.5)": 229.54079157665262, "(0.4, 0.55)": 161.60679802155295, "(0.4, 0.6)": 214.04019689433446, "(0.4, 0.65)": 192.2951955139841, "(0.4, 0.7)": 205.58189794747418, "(0.4, 0.75)": 242.5867333995538, "(0.4, 0.8)": 242.82455587087068, "(0.4, 0.85)": 192.46773715645656, "(0.4, 0.9)": 183.7160235445992, "(0.4, 0.95)": 159.30835938442377, "(0.4, 1.0)": 182.29957975939814, "(0.45, 0.0)": 139.93697756670267, "(0.45, 0.05)": 139.3423421831915, "(0.45, 0.1)": 139.15131344273195, "(0.45, 0.15)": 150.63298583042905, "(0.45, 0.2)": 222.90151846831716, "(0.45, 0.25)": 141.05723221932814, "(0.45, 0.3)": 206.19446832206097, "(0.45, 0.35)": 167.8289969637676, "(0.45, 0.4)": 159.48426709465429, "(0.45, 0.45)": 210.1291246815224, "(0.45, 0.5)": 220.71146574352323, "(0.45, 0.55)": 198.4146529328237, "(0.45, 0.6)": 163.15127314350303, "(0.45, 0.65)": 180.14232789046793, "(0.45, 0.7)": 154.54319904038383, "(0.45, 0.75)": 173.47086912848786, "(0.45, 0.8)": 194.37843495654766, "(0.45, 0.85)": 229.08823426492134, "(0.45, 0.9)": 163.70130263400486, "(0.45, 0.95)": 190.23415284338301, "(0.45, 1.0)": 215.2605956081147, "(0.5, 0.0)": 95.08666841795073, "(0.5, 0.05)": 157.4757854712986, "(0.5, 0.1)": 94.01531129208117, "(0.5, 0.15)": 165.94683885406923, "(0.5, 0.2)": 202.5342529451805, "(0.5, 0.25)": 197.09606349070467, "(0.5, 0.3)": 152.528229471753, "(0.5, 0.35)": 244.10546997761827, "(0.5, 0.4)": 222.76687468553283, "(0.5, 0.45)": 185.94639943467016, "(0.5, 0.5)": 182.51094326536509, "(0.5, 0.55)": 174.66147633620125, "(0.5, 0.6)": 165.01674339971157, "(0.5, 0.65)": 199.50578558954976, "(0.5, 0.7)": 111.5029071241339, "(0.5, 0.75)": 160.29045875493892, "(0.5, 0.8)": 195.95618872641415, "(0.5, 0.85)": 216.3310697952446, "(0.5, 0.9)": 216.60011924974452, "(0.5, 0.95)": 212.01039169327328, "(0.5, 1.0)": 197.05352067771292,