{ "x_label":"Capacity",
"y_label":"Acceptance Rate",
 "results":[
{ "x":  20,
"greedy000":  0.0712789985650955,
"greedy050":  0.07596525496416442,
"greedy100":  0.07918202563201601,
"DP_05":  0.07918202563201601,
"DP_30":  0.09137346604896464,
"DP_60":  0.09137346604896464,
"DP_95":  0.09137346604896464,
"QL":  0.0}
,
{ "x":  40,
"greedy000":  0.11603458003725305,
"greedy050":  0.1232447542200773,
"greedy100":  0.1313948941855822,
"DP_05":  0.1313948941855822,
"DP_30":  0.16774214383439073,
"DP_60":  0.17717029350494848,
"DP_95":  0.17737289256764105,
"QL":  0.0}
,
{ "x":  60,
"greedy000":  0.17894892755523142,
"greedy050":  0.18658654041760908,
"greedy100":  0.2001856220161602,
"DP_05":  0.2001856220161602,
"DP_30":  0.2428061367047843,
"DP_60":  0.26012417581345726,
"DP_95":  0.2711558239410584,
"QL":  0.0}
,
{ "x":  80,
"greedy000":  0.22142687680817402,
"greedy050":  0.2406710623920139,
"greedy100":  0.24883043626017437,
"DP_05":  0.24883043626017437,
"DP_30":  0.3055974443520591,
"DP_60":  0.32346974300710585,
"DP_95":  0.33721663758690545,
"QL":  0.0}
,
{ "x":  100,
"greedy000":  0.2757984601892207,
"greedy050":  0.2985674295760588,
"greedy100":  0.3162590468245065,
"DP_05":  0.3162590468245065,
"DP_30":  0.3647628130657162,
"DP_60":  0.3868369285716386,
"DP_95":  0.4020162626869278,
"QL":  0.0}
,
{ "x":  120,
"greedy000":  0.31434203029680363,
"greedy050":  0.340287146655524,
"greedy100":  0.3574866019620837,
"DP_05":  0.3574866019620837,
"DP_30":  0.412927888819229,
"DP_60":  0.4282083643406354,
"DP_95":  0.44208589387423236,
"QL":  0.0}
,
{ "x":  140,
"greedy000":  0.354056587443571,
"greedy050":  0.3995713135999276,
"greedy100":  0.4235029097480262,
"DP_05":  0.4235029097480262,
"DP_30":  0.4631347561480873,
"DP_60":  0.4747951402049738,
"DP_95":  0.472268872731983,
"QL":  0.0}
,
{ "x":  160,
"greedy000":  0.38860783953844824,
"greedy050":  0.43890797382782465,
"greedy100":  0.47927125176150626,
"DP_05":  0.47927125176150626,
"DP_30":  0.5190780286128682,
"DP_60":  0.5296990008850984,
"DP_95":  0.4904502106230961,
"QL":  0.0}
,
{ "x":  180,
"greedy000":  0.4170884586103124,
"greedy050":  0.4881499021259136,
"greedy100":  0.5177308654869566,
"DP_05":  0.5177308654869566,
"DP_30":  0.5578535802067628,
"DP_60":  0.5597058775717556,
"DP_95":  0.51723459362832,
"QL":  0.0}
,
{ "x":  200,
"greedy000":  0.43745436328860077,
"greedy050":  0.5213494541295443,
"greedy100":  0.57278234284901,
"DP_05":  0.57278234284901,
"DP_30":  0.6006717222581516,
"DP_60":  0.6007563133513206,
"DP_95":  0.5683686401146903,
"QL":  0.0}
,
{ "x":  220,
"greedy000":  0.4642095499807491,
"greedy050":  0.5787951158680499,
"greedy100":  0.623252538287707,
"DP_05":  0.623252538287707,
"DP_30":  0.6556825757946448,
"DP_60":  0.6558834105311373,
"DP_95":  0.6117972653930445,
"QL":  0.0}
,
{ "x":  240,
"greedy000":  0.4779274235085332,
"greedy050":  0.5942149082411224,
"greedy100":  0.6652755591496041,
"DP_05":  0.6652755591496041,
"DP_30":  0.688750626735262,
"DP_60":  0.6898355244504124,
"DP_95":  0.6569246163818192,
"QL":  0.0}
,
{ "x":  260,
"greedy000":  0.4862786636870312,
"greedy050":  0.6475407359564247,
"greedy100":  0.7121066009160728,
"DP_05":  0.7121066009160728,
"DP_30":  0.7316336857876998,
"DP_60":  0.7390396185088998,
"DP_95":  0.7012854608516957,
"QL":  0.0}
,
{ "x":  280,
"greedy000":  0.4993206842097556,
"greedy050":  0.6689536428671633,
"greedy100":  0.7571063660227904,
"DP_05":  0.7571063660227904,
"DP_30":  0.770343037512853,
"DP_60":  0.7764239498146323,
"DP_95":  0.742357838203234,
"QL":  0.0}
,
{ "x":  300,
"greedy000":  0.5041796737290133,
"greedy050":  0.6946270009648147,
"greedy100":  0.7962835275938942,
"DP_05":  0.7962835275938942,
"DP_30":  0.8039793147170734,
"DP_60":  0.8122332045831993,
"DP_95":  0.7769057139297265,
"QL":  0.0}
,
{ "x":  320,
"greedy000":  0.4891781409831098,
"greedy050":  0.7114882421835045,
"greedy100":  0.8318025559514158,
"DP_05":  0.8318025559514158,
"DP_30":  0.8371903434013429,
"DP_60":  0.8433118531052468,
"DP_95":  0.8128084840220057,
"QL":  0.0}
,
{ "x":  340,
"greedy000":  0.5030378933624611,
"greedy050":  0.7217302637968461,
"greedy100":  0.8661260286924606,
"DP_05":  0.8661260286924606,
"DP_30":  0.8660037288335845,
"DP_60":  0.8724476700917805,
"DP_95":  0.8479773079537816,
"QL":  0.0}
,
{ "x":  360,
"greedy000":  0.4988184764098163,
"greedy050":  0.7309603929019197,
"greedy100":  0.8816459316054763,
"DP_05":  0.8816459316054763,
"DP_30":  0.8816459316054763,
"DP_60":  0.8891742230665383,
"DP_95":  0.8679247966724839,
"QL":  0.0}
,
{ "x":  380,
"greedy000":  0.498951297611828,
"greedy050":  0.743476761754158,
"greedy100":  0.9219254101367614,
"DP_05":  0.9219254101367614,
"DP_30":  0.9224304606418119,
"DP_60":  0.9259642125620058,
"DP_95":  0.9057109823089899,
"QL":  0.0}
,
{ "x":  400,
"greedy000":  0.49863943812838685,
"greedy050":  0.7433682612977826,
"greedy100":  0.944223362126112,
"DP_05":  0.944223362126112,
"DP_30":  0.944328404142919,
"DP_60":  0.9445548684890859,
"DP_95":  0.9314183120026447,
"QL":  0.0}
,
{ "x":  420,
"greedy000":  0.5009460242901123,
"greedy050":  0.7451284946736698,
"greedy100":  0.9627379551251563,
"DP_05":  0.9627379551251563,
"DP_30":  0.9627379551251563,
"DP_60":  0.9637865663913407,
"DP_95":  0.9516243804756878,
"QL":  0.0}
,
{ "x":  440,
"greedy000":  0.4980521048389862,
"greedy050":  0.7494781723775951,
"greedy100":  0.9712658073852133,
"DP_05":  0.9712658073852133,
"DP_30":  0.9712658073852133,
"DP_60":  0.9713519013852648,
"DP_95":  0.9632380443557697,
"QL":  0.0}
,
{ "x":  460,
"greedy000":  0.5083088541879632,
"greedy050":  0.7558356920982434,
"greedy100":  0.9830116926467634,
"DP_05":  0.9830116926467634,
"DP_30":  0.9830116926467634,
"DP_60":  0.9820443980731032,
"DP_95":  0.9761687921678568,
"QL":  0.0}
,
{ "x":  480,
"greedy000":  0.4979903788100585,
"greedy050":  0.7438821704893159,
"greedy100":  0.9862499762307989,
"DP_05":  0.9862499762307989,
"DP_30":  0.9862499762307989,
"DP_60":  0.986882469927244,
"DP_95":  0.9804106373358346,
"QL":  0.0}
,
{ "x":  500,
"greedy000":  0.5029457056852458,
"greedy050":  0.7469702055616003,
"greedy100":  0.9923357587683798,
"DP_05":  0.9923357587683798,
"DP_30":  0.9923357587683798,
"DP_60":  0.9915402875342336,
"DP_95":  0.9885714965042605,
"QL":  0.0}
,
{ "x":  520,
"greedy000":  0.5030839824392922,
"greedy050":  0.7532653656209524,
"greedy100":  0.9977636948246088,
"DP_05":  0.9977636948246088,
"DP_30":  0.9977636948246088,
"DP_60":  0.9974648706401992,
"DP_95":  0.996098674143088,
"QL":  0.0}
]}
