{ "x_label":"capacity",
"y_label":"Acceptance Rate",
 "results":[
{ "x":  30,
"greedy000":  0.0834120039624261,
"greedy050":  0.09199342715905015,
"greedy100":  0.09699270029125207,
"DP_05":  0.09699270029125207,
"DP_30":  0.13081116645566762,
"DP_60":  0.1327494363235803,
"DP_95":  0.1327494363235803,
"QL":  0.13059101644982749}
,
{ "x":  60,
"greedy000":  0.1687061662142187,
"greedy050":  0.18196203396959038,
"greedy100":  0.18852951472895083,
"DP_05":  0.18852951472895083,
"DP_30":  0.23360163245412396,
"DP_60":  0.2522340195208324,
"DP_95":  0.2586792747343707,
"QL":  0.2564732435665909}
,
{ "x":  90,
"greedy000":  0.24081070779928143,
"greedy050":  0.2566085282472939,
"greedy100":  0.2724515341635076,
"DP_05":  0.2724515341635076,
"DP_30":  0.3231659461998369,
"DP_60":  0.3472125476987442,
"DP_95":  0.36805679135296365,
"QL":  0.36796699793999826}
,
{ "x":  120,
"greedy000":  0.3063505855038101,
"greedy050":  0.33419606978628486,
"greedy100":  0.3521500117233718,
"DP_05":  0.3521500117233718,
"DP_30":  0.4053722624299991,
"DP_60":  0.424998218723878,
"DP_95":  0.4424980734713525,
"QL":  0.419534453808368}
,
{ "x":  150,
"greedy000":  0.3623574786416773,
"greedy050":  0.40607739285094074,
"greedy100":  0.42785825426256663,
"DP_05":  0.42785825426256663,
"DP_30":  0.4777676118281545,
"DP_60":  0.48786191833567455,
"DP_95":  0.4807015845254372,
"QL":  0.47621347233312006}
,
{ "x":  180,
"greedy000":  0.41288806929942456,
"greedy050":  0.472906838217755,
"greedy100":  0.5056012189180367,
"DP_05":  0.5056012189180367,
"DP_30":  0.549919183037432,
"DP_60":  0.5502768850211458,
"DP_95":  0.5140858000455923,
"QL":  0.535424324000833}
,
{ "x":  210,
"greedy000":  0.45124191873667174,
"greedy050":  0.5407781018838836,
"greedy100":  0.5803169210587805,
"DP_05":  0.5803169210587805,
"DP_30":  0.6191127207509617,
"DP_60":  0.6194685718919214,
"DP_95":  0.5876708163815035,
"QL":  0.5920932775737033}
,
{ "x":  240,
"greedy000":  0.47856954228718546,
"greedy050":  0.5971450728055538,
"greedy100":  0.6491256822605053,
"DP_05":  0.6491256822605053,
"DP_30":  0.6758747906351823,
"DP_60":  0.679257797049291,
"DP_95":  0.6470000423148676,
"QL":  0.642881456848823}
,
{ "x":  270,
"greedy000":  0.489364999938746,
"greedy050":  0.6435628684696513,
"greedy100":  0.7156754235403563,
"DP_05":  0.7156754235403563,
"DP_30":  0.7345592534511786,
"DP_60":  0.7406763850102098,
"DP_95":  0.7054318001643878,
"QL":  0.6449758590377144}
,
{ "x":  300,
"greedy000":  0.49655017382894284,
"greedy050":  0.6860947916723475,
"greedy100":  0.7793153260727339,
"DP_05":  0.7793153260727339,
"DP_30":  0.788813747900787,
"DP_60":  0.7962254627639883,
"DP_95":  0.7654391142451148,
"QL":  0.644310033000048}
,
{ "x":  330,
"greedy000":  0.5003986671953202,
"greedy050":  0.71370479696476,
"greedy100":  0.8322804879302502,
"DP_05":  0.8322804879302502,
"DP_30":  0.8364622416871249,
"DP_60":  0.8447724419814948,
"DP_95":  0.8201970060613952,
"QL":  0.6410648117526693}
,
{ "x":  360,
"greedy000":  0.5002291273541105,
"greedy050":  0.7331438383920998,
"greedy100":  0.8853760903548501,
"DP_05":  0.8853760903548501,
"DP_30":  0.8858654522644208,
"DP_60":  0.8921877852857358,
"DP_95":  0.8685867742052642,
"QL":  0.6468108339227904}
,
{ "x":  390,
"greedy000":  0.5001719922906444,
"greedy050":  0.7413577590561008,
"greedy100":  0.924121506443895,
"DP_05":  0.924121506443895,
"DP_30":  0.9241516753899932,
"DP_60":  0.9259725026651189,
"DP_95":  0.9058937006460553,
"QL":  0.6423916528967492}
,
{ "x":  420,
"greedy000":  0.5024486121755676,
"greedy050":  0.7450380088056029,
"greedy100":  0.9517021342554941,
"DP_05":  0.9517021342554941,
"DP_30":  0.9517021342554941,
"DP_60":  0.9517136972556794,
"DP_95":  0.9383658488989045,
"QL":  0.6415029676710196}
,
{ "x":  450,
"greedy000":  0.5001273422711332,
"greedy050":  0.7478737791102705,
"greedy100":  0.9716788732699035,
"DP_05":  0.9716788732699035,
"DP_30":  0.9716788732699035,
"DP_60":  0.9710421802342377,
"DP_95":  0.961937649402097,
"QL":  0.6368779810102144}
,
{ "x":  480,
"greedy000":  0.49794570225465884,
"greedy050":  0.7500501003140622,
"greedy100":  0.9870373581397024,
"DP_05":  0.9870373581397024,
"DP_30":  0.9870373581397024,
"DP_60":  0.9863790973559968,
"DP_95":  0.9811647934342485,
"QL":  0.6505729951454278}
,
{ "x":  510,
"greedy000":  0.5010802805591801,
"greedy050":  0.7511570305665987,
"greedy100":  0.9928403306330861,
"DP_05":  0.9928403306330861,
"DP_30":  0.9928403306330861,
"DP_60":  0.9924779996581492,
"DP_95":  0.9903843225067286,
"QL":  0.6455328008470117}
]}
