{ "x_label":"capacity",
"y_label":"Federation Rate",
 "results":[
{ "x":  30,
"greedy000":  0.916587996037574,
"greedy050":  0.9080065728409499,
"greedy100":  0.9030072997087484,
"DP_05":  0.9030072997087484,
"DP_30":  0.8691888335443322,
"DP_60":  0.8672505636764198,
"DP_95":  0.8672505636764198,
"QL":  0.8694089835501726}
,
{ "x":  60,
"greedy000":  0.8312938337857814,
"greedy050":  0.8180379660304098,
"greedy100":  0.8114704852710493,
"DP_05":  0.8114704852710493,
"DP_30":  0.7663983675458762,
"DP_60":  0.7477659804791675,
"DP_95":  0.7413207252656293,
"QL":  0.7435267564334092}
,
{ "x":  90,
"greedy000":  0.7591892922007184,
"greedy050":  0.7433914717527061,
"greedy100":  0.7275484658364924,
"DP_05":  0.7275484658364924,
"DP_30":  0.6768340538001631,
"DP_60":  0.6527874523012558,
"DP_95":  0.6319432086470363,
"QL":  0.6320330020600017}
,
{ "x":  120,
"greedy000":  0.6936494144961898,
"greedy050":  0.6658039302137151,
"greedy100":  0.6478499882766281,
"DP_05":  0.6478499882766281,
"DP_30":  0.5946277375700008,
"DP_60":  0.5750017812761219,
"DP_95":  0.5575019265286474,
"QL":  0.5789721396046007}
,
{ "x":  150,
"greedy000":  0.6376425213583228,
"greedy050":  0.5939226071490593,
"greedy100":  0.5721417457374333,
"DP_05":  0.5721417457374333,
"DP_30":  0.5222323881718455,
"DP_60":  0.5121380816643255,
"DP_95":  0.5192984154745627,
"QL":  0.5218806573791643}
,
{ "x":  180,
"greedy000":  0.5871119307005754,
"greedy050":  0.527093161782245,
"greedy100":  0.49439878108196333,
"DP_05":  0.49439878108196333,
"DP_30":  0.4500808169625679,
"DP_60":  0.44972311497885425,
"DP_95":  0.48591419995440754,
"QL":  0.46234611472911047}
,
{ "x":  210,
"greedy000":  0.5487580812633283,
"greedy050":  0.45922189811611636,
"greedy100":  0.41968307894121937,
"DP_05":  0.41968307894121937,
"DP_30":  0.38088727924903815,
"DP_60":  0.38053142810807855,
"DP_95":  0.41232918361849646,
"QL":  0.4062349661449554}
,
{ "x":  240,
"greedy000":  0.5214304577128146,
"greedy050":  0.40285492719444616,
"greedy100":  0.3508743177394946,
"DP_05":  0.3508743177394946,
"DP_30":  0.3241252093648177,
"DP_60":  0.32074220295070915,
"DP_95":  0.3529999576851325,
"QL":  0.3526165945242819}
,
{ "x":  270,
"greedy000":  0.5106350000612541,
"greedy050":  0.3564371315303488,
"greedy100":  0.28432457645964376,
"DP_05":  0.28432457645964376,
"DP_30":  0.2654407465488215,
"DP_60":  0.25932361498979006,
"DP_95":  0.29456819983561233,
"QL":  0.352273587422682}
,
{ "x":  300,
"greedy000":  0.5034498261710572,
"greedy050":  0.3139052083276525,
"greedy100":  0.22068467392726632,
"DP_05":  0.22068467392726632,
"DP_30":  0.21118625209921316,
"DP_60":  0.20377453723601185,
"DP_95":  0.23456088575488523,
"QL":  0.34887525455837887}
,
{ "x":  330,
"greedy000":  0.4996013328046797,
"greedy050":  0.28629520303524014,
"greedy100":  0.16771951206974997,
"DP_05":  0.16771951206974997,
"DP_30":  0.16353775831287515,
"DP_60":  0.15522755801850535,
"DP_95":  0.17980299393860477,
"QL":  0.35403582226228153}
,
{ "x":  360,
"greedy000":  0.4997708726458896,
"greedy050":  0.2668561616079004,
"greedy100":  0.1146239096451499,
"DP_05":  0.1146239096451499,
"DP_30":  0.11413454773557938,
"DP_60":  0.10781221471426417,
"DP_95":  0.1314132257947357,
"QL":  0.3453874509947068}
,
{ "x":  390,
"greedy000":  0.4998280077093556,
"greedy050":  0.2586422409438992,
"greedy100":  0.07587849355610504,
"DP_05":  0.07587849355610504,
"DP_30":  0.0758483246100069,
"DP_60":  0.07402749733488098,
"DP_95":  0.09410629935394464,
"QL":  0.3542531960440686}
,
{ "x":  420,
"greedy000":  0.49755138782443237,
"greedy050":  0.2549619911943971,
"greedy100":  0.04829786574450593,
"DP_05":  0.04829786574450593,
"DP_30":  0.04829786574450593,
"DP_60":  0.048286302744320664,
"DP_95":  0.06163415110109569,
"QL":  0.3521792708098864}
,
{ "x":  450,
"greedy000":  0.49987265772886663,
"greedy050":  0.25212622088972936,
"greedy100":  0.02832112673009644,
"DP_05":  0.02832112673009644,
"DP_30":  0.02832112673009644,
"DP_60":  0.028957819765762415,
"DP_95":  0.03806235059790286,
"QL":  0.35540044574194685}
,
{ "x":  480,
"greedy000":  0.5020542977453412,
"greedy050":  0.24994989968593787,
"greedy100":  0.012962641860297764,
"DP_05":  0.012962641860297764,
"DP_30":  0.012962641860297764,
"DP_60":  0.013620902644003171,
"DP_95":  0.01883520656575146,
"QL":  0.34369046926089436}
,
{ "x":  510,
"greedy000":  0.49891971944082,
"greedy050":  0.24884296943340134,
"greedy100":  0.007159669366913979,
"DP_05":  0.007159669366913979,
"DP_30":  0.007159669366913979,
"DP_60":  0.0075220003418509235,
"DP_95":  0.009615677493271385,
"QL":  0.3505941098217432}
]}
