{ "x_label":"episode",
"y_label":"Acceptance Rate",
 "results":[
{ "x":  20,
"greedy000":  0.0,
"greedy050":  0.0,
"greedy100":  0.44001999999999997,
"DP_05":  0.0,
"DP_30":  0.0,
"DP_60":  0.0,
"DP_95":  0.6131399999999999,
"QL_09":  0.32402000000000003,
"QL_05":  0.32974000000000003,
"RL":  0.35144000000000003}
,
{ "x":  60,
"greedy000":  0.0,
"greedy050":  0.0,
"greedy100":  0.442,
"DP_05":  0.0,
"DP_30":  0.0,
"DP_60":  0.0,
"DP_95":  0.61298,
"QL_09":  0.4039,
"QL_05":  0.41178,
"RL":  0.4476800000000001}
,
{ "x":  100,
"greedy000":  0.0,
"greedy050":  0.0,
"greedy100":  0.44173999999999997,
"DP_05":  0.0,
"DP_30":  0.0,
"DP_60":  0.0,
"DP_95":  0.61336,
"QL_09":  0.42492,
"QL_05":  0.4351,
"RL":  0.45506000000000013}
,
{ "x":  140,
"greedy000":  0.0,
"greedy050":  0.0,
"greedy100":  0.4483,
"DP_05":  0.0,
"DP_30":  0.0,
"DP_60":  0.0,
"DP_95":  0.6130199999999999,
"QL_09":  0.43818,
"QL_05":  0.44573999999999997,
"RL":  0.45665999999999995}
,
{ "x":  180,
"greedy000":  0.0,
"greedy050":  0.0,
"greedy100":  0.44837999999999995,
"DP_05":  0.0,
"DP_30":  0.0,
"DP_60":  0.0,
"DP_95":  0.6231599999999999,
"QL_09":  0.43986000000000003,
"QL_05":  0.45077999999999996,
"RL":  0.47096}
,
{ "x":  220,
"greedy000":  0.0,
"greedy050":  0.0,
"greedy100":  0.44244000000000006,
"DP_05":  0.0,
"DP_30":  0.0,
"DP_60":  0.0,
"DP_95":  0.61514,
"QL_09":  0.4487400000000001,
"QL_05":  0.4485799999999999,
"RL":  0.46364}
,
{ "x":  260,
"greedy000":  0.0,
"greedy050":  0.0,
"greedy100":  0.45244,
"DP_05":  0.0,
"DP_30":  0.0,
"DP_60":  0.0,
"DP_95":  0.6234,
"QL_09":  0.45468000000000003,
"QL_05":  0.46007999999999993,
"RL":  0.48466}
,
{ "x":  300,
"greedy000":  0.0,
"greedy050":  0.0,
"greedy100":  0.44417999999999996,
"DP_05":  0.0,
"DP_30":  0.0,
"DP_60":  0.0,
"DP_95":  0.6206799999999999,
"QL_09":  0.45434,
"QL_05":  0.45526,
"RL":  0.4904}
,
{ "x":  340,
"greedy000":  0.0,
"greedy050":  0.0,
"greedy100":  0.43728,
"DP_05":  0.0,
"DP_30":  0.0,
"DP_60":  0.0,
"DP_95":  0.6185799999999999,
"QL_09":  0.45028000000000007,
"QL_05":  0.45355999999999996,
"RL":  0.47684000000000004}
,
{ "x":  380,
"greedy000":  0.0,
"greedy050":  0.0,
"greedy100":  0.44444,
"DP_05":  0.0,
"DP_30":  0.0,
"DP_60":  0.0,
"DP_95":  0.618,
"QL_09":  0.4556,
"QL_05":  0.45302,
"RL":  0.5023000000000001}
,
{ "x":  420,
"greedy000":  0.0,
"greedy050":  0.0,
"greedy100":  0.44272,
"DP_05":  0.0,
"DP_30":  0.0,
"DP_60":  0.0,
"DP_95":  0.6171,
"QL_09":  0.45424,
"QL_05":  0.4531600000000001,
"RL":  0.49872000000000005}
]}
