{ "x_label":"PC",
"y_label":"AP",
 "results":[
{ "x":  0.0,
"greedy000":  0.0,
"greedy050":  0.0,
"greedy100":  36.830124999999995,
"DP_05":  0.0,
"DP_30":  0.0,
"DP_60":  0.0,
"DP_99":  47.863625,
"QL_95":  42.459250000000004,
"QL_55":  36.880125,
"QL_20":  36.884875,
"RL":  42.71124999999999}
,
{ "x": 0.2,
"greedy000":  0.0,
"greedy050":  0.0,
"greedy100":  38.087,
"DP_05":  0.0,
"DP_30":  0.0,
"DP_60":  0.0,
"DP_99":  49.323625,
"QL_95":  42.89149999999999,
"QL_55":  39.305625000000006,
"QL_20":  38.34625,
"RL":  45.933125}
,
{ "x":  0.4,
"greedy000":  0.0,
"greedy050":  0.0,
"greedy100":  39.709500000000006,
"DP_05":  0.0,
"DP_30":  0.0,
"DP_60":  0.0,
"DP_99":  51.421875,
"QL_95":  43.841625,
"QL_55":  41.312125,
"QL_20":  40.4555,
"RL":  48.156375}
,
{ "x":  0.6,
"greedy000":  0.0,
"greedy050":  0.0,
"greedy100":  40.08725,
"DP_05":  0.0,
"DP_30":  0.0,
"DP_60":  0.0,
"DP_99":  52.246125000000006,
"QL_95":  43.657875000000004,
"QL_55":  42.334875,
"QL_20":  40.998625000000004,
"RL":  48.6525}
,
{ "x":  0.8,
"greedy000":  0.0,
"greedy050":  0.0,
"greedy100":  42.19525,
"DP_05":  0.0,
"DP_30":  0.0,
"DP_60":  0.0,
"DP_99":  54.35975,
"QL_95":  44.077999999999996,
"QL_55":  44.774874999999994,
"QL_20":  43.3025,
"RL":  50.48350000000001}
,
{ "x":  1.0,
"greedy000":  0.0,
"greedy050":  0.0,
"greedy100":  43.556124999999994,
"DP_05":  0.0,
"DP_30":  0.0,
"DP_60":  0.0,
"DP_99":  55.96925,
"QL_95":  43.711,
"QL_55":  46.200125,
"QL_20":  44.22175,
"RL":  51.525875000000006}
,
{ "x":  1.2,
"greedy000":  0.0,
"greedy050":  0.0,
"greedy100":  44.267999999999994,
"DP_05":  0.0,
"DP_30":  0.0,
"DP_60":  0.0,
"DP_99":  57.365625,
"QL_95":  43.425625000000004,
"QL_55":  47.09037499999999,
"QL_20":  45.43975,
"RL":  52.653125}
,
{ "x":  1.4,
"greedy000":  0.0,
"greedy050":  0.0,
"greedy100":  45.269375000000004,
"DP_05":  0.0,
"DP_30":  0.0,
"DP_60":  0.0,
"DP_99":  58.65724999999999,
"QL_95":  43.266375000000004,
"QL_55":  47.4485,
"QL_20":  46.3355,
"RL":  53.400375}
,
{ "x":  1.6,
"greedy000":  0.0,
"greedy050":  0.0,
"greedy100":  46.421375,
"DP_05":  0.0,
"DP_30":  0.0,
"DP_60":  0.0,
"DP_99":  59.89762499999999,
"QL_95":  43.840875,
"QL_55":  47.658625,
"QL_20":  47.578375,
"RL":  54.073}
]}
