{ "x_label":"zeta",
"y_label":"Acceptance Rate",
 "results":[
{ "x":  0.0,
"greedy000":  0.47568754582399275,
"greedy050":  0.5857230426315766,
"greedy100":  0.6499896965877536,
"DP_05":  0.0,
"DP_30":  0.029829524730525647,
"DP_60":  0.0,
"DP_95":  0.03316904796925443,
"QL":  0.15325716336496736}
,
{ "x":  0.25,
"greedy000":  0.477803922694481,
"greedy050":  0.5840611688141678,
"greedy100":  0.6429067939140716,
"DP_05":  0.6429067939140716,
"DP_30":  0.6429067939140716,
"DP_60":  0.6429067939140716,
"DP_95":  0.7634987061852487,
"QL":  0.2283907877295981}
,
{ "x":  0.5,
"greedy000":  0.4810610565284456,
"greedy050":  0.5893682755761167,
"greedy100":  0.649100874388714,
"DP_05":  0.649100874388714,
"DP_30":  0.649100874388714,
"DP_60":  0.649100874388714,
"DP_95":  0.7671113574732523,
"QL":  0.41407489324676305}
,
{ "x":  0.75,
"greedy000":  0.4749064174253035,
"greedy050":  0.582280429214742,
"greedy100":  0.6405740547777048,
"DP_05":  0.6405740547777048,
"DP_30":  0.6405740547777048,
"DP_60":  0.6405740547777048,
"DP_95":  0.7621786518263234,
"QL":  0.656912951661722}
,
{ "x":  1.0,
"greedy000":  0.47456429474610395,
"greedy050":  0.5847704628035723,
"greedy100":  0.642838938859858,
"DP_05":  0.642838938859858,
"DP_30":  0.642838938859858,
"DP_60":  0.642838938859858,
"DP_95":  0.7651419284120708,
"QL":  0.6656548078102137}
,
{ "x":  1.25,
"greedy000":  0.4749433450367143,
"greedy050":  0.5880510015947539,
"greedy100":  0.649546451627029,
"DP_05":  0.649546451627029,
"DP_30":  0.649546451627029,
"DP_60":  0.649546451627029,
"DP_95":  0.7679097344595516,
"QL":  0.7063454350873231}
,
{ "x":  1.5,
"greedy000":  0.47705700685181923,
"greedy050":  0.5906888229879821,
"greedy100":  0.6474654151310342,
"DP_05":  0.6474654151310342,
"DP_30":  0.6474654151310342,
"DP_60":  0.6474654151310342,
"DP_95":  0.7669446176205842,
"QL":  0.7125417450837896}
,
{ "x":  1.75,
"greedy000":  0.4785867210482663,
"greedy050":  0.5874823371963979,
"greedy100":  0.6472467131756477,
"DP_05":  0.6472467131756477,
"DP_30":  0.6472467131756477,
"DP_60":  0.6472467131756477,
"DP_95":  0.7661857803916372,
"QL":  0.7124241073895483}
,
{ "x":  2.0,
"greedy000":  0.4773944756011204,
"greedy050":  0.5874062166280413,
"greedy100":  0.6444060766686267,
"DP_05":  0.6444060766686267,
"DP_30":  0.6444060766686267,
"DP_60":  0.6444060766686267,
"DP_95":  0.7657522437846757,
"QL":  0.7287109856070382}
,
{ "x":  2.25,
"greedy000":  0.47642376694310185,
"greedy050":  0.5820537303407456,
"greedy100":  0.6481996460694204,
"DP_05":  0.6481996460694204,
"DP_30":  0.6481996460694204,
"DP_60":  0.6481996460694204,
"DP_95":  0.7655422307109838,
"QL":  0.7298457545218145}
,
{ "x":  2.5,
"greedy000":  0.476364817433769,
"greedy050":  0.5872025671326682,
"greedy100":  0.6474041673295974,
"DP_05":  0.6474041673295974,
"DP_30":  0.6474041673295974,
"DP_60":  0.6474041673295974,
"DP_95":  0.7668411239442412,
"QL":  0.7356424003264913}
,
{ "x":  2.75,
"greedy000":  0.4765486899434784,
"greedy050":  0.5822625805544697,
"greedy100":  0.6453115042854953,
"DP_05":  0.6453115042854953,
"DP_30":  0.6453115042854953,
"DP_60":  0.6453115042854953,
"DP_95":  0.7646089934190379,
"QL":  0.7284202659092551}
,
{ "x":  3.0,
"greedy000":  0.4779193182762514,
"greedy050":  0.585539554130406,
"greedy100":  0.6485053068323314,
"DP_05":  0.6485053068323314,
"DP_30":  0.6485053068323314,
"DP_60":  0.6485053068323314,
"DP_95":  0.7656468419718936,
"QL":  0.7283064774168186}
,
{ "x":  3.25,
"greedy000":  0.47333117733121455,
"greedy050":  0.581043296962518,
"greedy100":  0.6437252653019527,
"DP_05":  0.6437252653019527,
"DP_30":  0.6437252653019527,
"DP_60":  0.6437252653019527,
"DP_95":  0.7652785837516992,
"QL":  0.7273653176705364}
,
{ "x":  3.5,
"greedy000":  0.4754955157265921,
"greedy050":  0.5859376291762104,
"greedy100":  0.6479740873837488,
"DP_05":  0.6479740873837488,
"DP_30":  0.6479740873837488,
"DP_60":  0.6479740873837488,
"DP_95":  0.7662368111564315,
"QL":  0.7351753582750793}
,
{ "x":  3.75,
"greedy000":  0.477175596320352,
"greedy050":  0.5870784472458936,
"greedy100":  0.6447067563425366,
"DP_05":  0.6447067563425366,
"DP_30":  0.6447067563425366,
"DP_60":  0.6447067563425366,
"DP_95":  0.7644888478167716,
"QL":  0.7344541210852615}
,
{ "x":  4.0,
"greedy000":  0.478055143389107,
"greedy050":  0.5871520473229891,
"greedy100":  0.649230367834671,
"DP_05":  0.649230367834671,
"DP_30":  0.649230367834671,
"DP_60":  0.649230367834671,
"DP_95":  0.7670752574606926,
"QL":  0.7375106982549721}
]}
