{ "x_label":"zeta",
"y_label":"Federation Rate",
 "results":[
{ "x":  0.0,
"greedy000":  0.5243124541760071,
"greedy050":  0.4142769573684233,
"greedy100":  0.3500103034122463,
"DP_05":  1.0,
"DP_30":  0.9701704752694742,
"DP_60":  1.0,
"DP_95":  0.9668309520307454,
"QL":  0.7043561930457429}
,
{ "x":  0.25,
"greedy000":  0.522196077305519,
"greedy050":  0.4159388311858324,
"greedy100":  0.35709320608592837,
"DP_05":  0.35709320608592837,
"DP_30":  0.35709320608592837,
"DP_60":  0.35709320608592837,
"DP_95":  0.23650129381475132,
"QL":  0.6903764588790565}
,
{ "x":  0.5,
"greedy000":  0.5189389434715543,
"greedy050":  0.41063172442388307,
"greedy100":  0.3508991256112862,
"DP_05":  0.3508991256112862,
"DP_30":  0.3508991256112862,
"DP_60":  0.3508991256112862,
"DP_95":  0.23288864252674793,
"QL":  0.5321877140861143}
,
{ "x":  0.75,
"greedy000":  0.5250935825746966,
"greedy050":  0.41771957078525795,
"greedy100":  0.35942594522229515,
"DP_05":  0.35942594522229515,
"DP_30":  0.35942594522229515,
"DP_60":  0.35942594522229515,
"DP_95":  0.23782134817367653,
"QL":  0.31569757617166244}
,
{ "x":  1.0,
"greedy000":  0.525435705253896,
"greedy050":  0.4152295371964277,
"greedy100":  0.357161061140142,
"DP_05":  0.357161061140142,
"DP_30":  0.357161061140142,
"DP_60":  0.357161061140142,
"DP_95":  0.2348580715879293,
"QL":  0.2859116200532215}
,
{ "x":  1.25,
"greedy000":  0.5250566549632857,
"greedy050":  0.4119489984052461,
"greedy100":  0.35045354837297094,
"DP_05":  0.35045354837297094,
"DP_30":  0.35045354837297094,
"DP_60":  0.35045354837297094,
"DP_95":  0.23209026554044843,
"QL":  0.2333957737886218}
,
{ "x":  1.5,
"greedy000":  0.5229429931481808,
"greedy050":  0.40931117701201797,
"greedy100":  0.3525345848689658,
"DP_05":  0.3525345848689658,
"DP_30":  0.3525345848689658,
"DP_60":  0.3525345848689658,
"DP_95":  0.23305538237941587,
"QL":  0.21392850264038557}
,
{ "x":  1.75,
"greedy000":  0.5214132789517336,
"greedy050":  0.412517662803602,
"greedy100":  0.35275328682435203,
"DP_05":  0.35275328682435203,
"DP_30":  0.35275328682435203,
"DP_60":  0.35275328682435203,
"DP_95":  0.2338142196083628,
"QL":  0.23236360189929975}
,
{ "x":  2.0,
"greedy000":  0.5226055243988796,
"greedy050":  0.4125937833719588,
"greedy100":  0.35559392333137346,
"DP_05":  0.35559392333137346,
"DP_30":  0.35559392333137346,
"DP_60":  0.35559392333137346,
"DP_95":  0.23424775621532445,
"QL":  0.17866601271335503}
,
{ "x":  2.25,
"greedy000":  0.5235762330568983,
"greedy050":  0.4179462696592545,
"greedy100":  0.35180035393057946,
"DP_05":  0.35180035393057946,
"DP_30":  0.35180035393057946,
"DP_60":  0.35180035393057946,
"DP_95":  0.23445776928901624,
"QL":  0.13899609984702238}
,
{ "x":  2.5,
"greedy000":  0.523635182566231,
"greedy050":  0.4127974328673318,
"greedy100":  0.35259583267040273,
"DP_05":  0.0,
"DP_30":  0.0,
"DP_60":  0.0,
"DP_95":  0.0,
"QL":  0.13437978321533423}
,
{ "x":  2.75,
"greedy000":  0.5234513100565218,
"greedy050":  0.4177374194455304,
"greedy100":  0.3546884957145045,
"DP_05":  0.0,
"DP_30":  0.0,
"DP_60":  0.0,
"DP_95":  0.0,
"QL":  0.1266666596583506}
,
{ "x":  3.0,
"greedy000":  0.5220806817237487,
"greedy050":  0.414460445869594,
"greedy100":  0.3514946931676685,
"DP_05":  0.0,
"DP_30":  0.0,
"DP_60":  0.0,
"DP_95":  0.0,
"QL":  0.10645702024167418}
,
{ "x":  3.25,
"greedy000":  0.5266688226687855,
"greedy050":  0.418956703037482,
"greedy100":  0.35627473469804727,
"DP_05":  0.0,
"DP_30":  0.0,
"DP_60":  0.0,
"DP_95":  0.0,
"QL":  0.07571109848477645}
,
{ "x":  3.5,
"greedy000":  0.5245044842734079,
"greedy050":  0.41406237082378955,
"greedy100":  0.35202591261625116,
"DP_05":  0.0,
"DP_30":  0.0,
"DP_60":  0.0,
"DP_95":  0.0,
"QL":  0.07496062764567595}
,
{ "x":  3.75,
"greedy000":  0.522824403679648,
"greedy050":  0.41292155275410625,
"greedy100":  0.35529324365746334,
"DP_05":  0.0,
"DP_30":  0.0,
"DP_60":  0.0,
"DP_95":  0.0,
"QL":  0.050114824831419616}
,
{ "x":  4.0,
"greedy000":  0.521944856610893,
"greedy050":  0.4128479526770109,
"greedy100":  0.350769632165329,
"DP_05":  0.0,
"DP_30":  0.0,
"DP_60":  0.0,
"DP_95":  0.0,
"QL":  0.03780358447045345}
]}
