{ "x_label":"zeta",
"y_label":"Average Profit",
 "results":[
{ "x":  0.0,
"greedy000":  75.0217019353849,
"greedy050":  75.0217019353849,
"greedy100":  75.0217019353849,
"DP_05":  75.0217019353849,
"DP_30":  75.0217019353849,
"DP_60":  75.0217019353849,
"DP_95":  75.0217019353849,
"QL":  65.95004051588714}
,
{ "x":  0.25,
"greedy000":  71.05020438628934,
"greedy050":  71.92749603620305,
"greedy100":  72.46837716938748,
"DP_05":  72.46837716938748,
"DP_30":  72.46837716938748,
"DP_60":  72.46837716938748,
"DP_95":  73.75331107001826,
"QL":  65.28866740729822}
,
{ "x":  0.5,
"greedy000":  67.22764389397712,
"greedy050":  69.01589895486768,
"greedy100":  70.10779091755924,
"DP_05":  70.10779091755924,
"DP_30":  70.10779091755924,
"DP_60":  70.10779091755924,
"DP_95":  72.62789401872227,
"QL":  64.75347497565853}
,
{ "x":  0.75,
"greedy000":  63.18331725087214,
"greedy050":  65.85771208506264,
"greedy100":  67.46539278419519,
"DP_05":  67.46539278419519,
"DP_30":  67.46539278419519,
"DP_60":  67.46539278419519,
"DP_95":  71.34239514260692,
"QL":  67.67935531778869}
,
{ "x":  1.0,
"greedy000":  59.26350818727311,
"greedy050":  62.906637035569894,
"greedy100":  65.0442629341218,
"DP_05":  65.0442629341218,
"DP_30":  65.0442629341218,
"DP_60":  65.0442629341218,
"DP_95":  70.2194741417443,
"QL":  65.22940772554156}
,
{ "x":  1.25,
"greedy000":  55.42040691226906,
"greedy050":  60.096226340446925,
"greedy100":  62.88783695320327,
"DP_05":  62.88783695320327,
"DP_30":  62.88783695320327,
"DP_60":  62.88783695320327,
"DP_95":  69.1860896038146,
"QL":  64.99699363259994}
,
{ "x":  1.5,
"greedy000":  51.58582190014315,
"greedy050":  57.20869691872423,
"greedy100":  60.37597041882431,
"DP_05":  60.37597041882431,
"DP_30":  60.37597041882431,
"DP_60":  60.37597041882431,
"DP_95":  67.98525443126721,
"QL":  63.765963765697734}
,
{ "x":  1.75,
"greedy000":  47.74213798528618,
"greedy050":  54.027327639095894,
"greedy100":  57.8458201066109,
"DP_05":  57.8458201066109,
"DP_30":  57.8458201066109,
"DP_60":  57.8458201066109,
"DP_95":  66.70830482875262,
"QL":  62.775847952469995}
,
{ "x":  2.0,
"greedy000":  43.77976652376928,
"greedy050":  51.05303214164525,
"greedy100":  55.29082453523139,
"DP_05":  55.29082453523139,
"DP_30":  55.29082453523139,
"DP_60":  55.29082453523139,
"DP_95":  65.58618138632623,
"QL":  62.1121283158875}
,
{ "x":  2.25,
"greedy000":  39.80037427447802,
"greedy050":  47.588414312290496,
"greedy100":  53.014307930425424,
"DP_05":  53.014307930425424,
"DP_30":  53.014307930425424,
"DP_60":  53.014307930425424,
"DP_95":  64.29575588604446,
"QL":  60.918870201911275}
,
{ "x":  2.5,
"greedy000":  35.87000057325566,
"greedy050":  44.98909144641765,
"greedy100":  50.53189662452682,
"DP_05":  50.53189662452682,
"DP_30":  50.53189662452682,
"DP_60":  50.53189662452682,
"DP_95":  63.2525048088137,
"QL":  60.69050361581033}
,
{ "x":  2.75,
"greedy000":  31.982503435884393,
"greedy050":  41.57253415650369,
"greedy100":  47.92189549677621,
"DP_05":  50.38644169660619,
"DP_30":  50.38644169660619,
"DP_60":  50.38644169660619,
"DP_95":  63.133976914028814,
"QL":  59.55064104546517}
,
{ "x":  3.0,
"greedy000":  28.177761346817295,
"greedy050":  38.763616507360105,
"greedy100":  45.78171261365206,
"DP_05":  50.646836739948654,
"DP_30":  50.646836739948654,
"DP_60":  50.646836739948654,
"DP_95":  63.11019333952763,
"QL":  58.730783029565465}
,
{ "x":  3.25,
"greedy000":  23.83657773601453,
"greedy050":  35.39750803358829,
"greedy100":  42.80756109262539,
"DP_05":  50.2403068782922,
"DP_30":  50.2403068782922,
"DP_60":  50.2403068782922,
"DP_95":  63.133093378691385,
"QL":  58.75136183285806}
,
{ "x":  3.5,
"greedy000":  20.112000615155317,
"greedy050":  32.876003656670974,
"greedy100":  40.783965438944314,
"DP_05":  50.55797483849376,
"DP_30":  50.55797483849376,
"DP_60":  50.55797483849376,
"DP_95":  63.17396272591609,
"QL":  58.984909487378424}
,
{ "x":  3.75,
"greedy000":  16.348595098737697,
"greedy050":  29.909620696858582,
"greedy100":  37.87890593289859,
"DP_05":  50.23309953480086,
"DP_30":  50.23309953480086,
"DP_60":  50.23309953480086,
"DP_95":  63.0207433855097,
"QL":  59.06171376901575}
,
{ "x":  4.0,
"greedy000":  12.619994195071031,
"greedy050":  27.034051246043713,
"greedy100":  36.08732057402059,
"DP_05":  50.70418663124931,
"DP_30":  50.70418663124931,
"DP_60":  50.70418663124931,
"DP_95":  63.299420968386244,
"QL":  59.458634708550605}
]}
