{ "x_label":"eta",
"y_label":"Acceptance Rate",
 "results":[
{ "x":  0.15,
"greedy000":  0.3875063882264442,
"greedy050":  0.5148616472783294,
"greedy100":  0.6342351415401523,
"DP_05":  0.6342351415401523,
"DP_30":  0.6342351415401523,
"DP_60":  0.6342351415401523,
"DP_95":  0.662791835605684,
"QL":  0.14917662484588798}
,
{ "x":  0.2,
"greedy000":  0.3910398453142065,
"greedy050":  0.5018017187079152,
"greedy100":  0.5894074570179646,
"DP_05":  0.5894074570179646,
"DP_30":  0.5894074570179646,
"DP_60":  0.5894074570179646,
"DP_95":  0.6276569049017265,
"QL":  0.18013003100826608}
,
{ "x":  0.25,
"greedy000":  0.36477552941376123,
"greedy050":  0.45433010539728536,
"greedy100":  0.5269102469783952,
"DP_05":  0.5269102469783952,
"DP_30":  0.5269102469783952,
"DP_60":  0.5269102469783952,
"DP_95":  0.614726194657247,
"QL":  0.16446270040252053}
,
{ "x":  0.30000000000000004,
"greedy000":  0.3516325110850954,
"greedy050":  0.4330419365306497,
"greedy100":  0.4915428015837201,
"DP_05":  0.4915428015837201,
"DP_30":  0.4915428015837201,
"DP_60":  0.4915428015837201,
"DP_95":  0.5529609887052837,
"QL":  0.17967372453449867}
,
{ "x":  0.35,
"greedy000":  0.33754554401564174,
"greedy050":  0.41736790491362885,
"greedy100":  0.484082172330668,
"DP_05":  0.484082172330668,
"DP_30":  0.484082172330668,
"DP_60":  0.484082172330668,
"DP_95":  0.5410010298542429,
"QL":  0.16622181954123913}
,
{ "x":  0.4,
"greedy000":  0.33954359467217904,
"greedy050":  0.40884456189351226,
"greedy100":  0.4548591194943311,
"DP_05":  0.4548591194943311,
"DP_30":  0.4548591194943311,
"DP_60":  0.4548591194943311,
"DP_95":  0.49110199564788803,
"QL":  0.1560981846413158}
,
{ "x":  0.45000000000000007,
"greedy000":  0.3171813829514544,
"greedy050":  0.3763001550210813,
"greedy100":  0.41530290732769287,
"DP_05":  0.41530290732769287,
"DP_30":  0.41530290732769287,
"DP_60":  0.41530290732769287,
"DP_95":  0.4742632807328354,
"QL":  0.15086830122212477}
,
{ "x":  0.5,
"greedy000":  0.29323813540768484,
"greedy050":  0.34706480436645903,
"greedy100":  0.3846338240762718,
"DP_05":  0.3846338240762718,
"DP_30":  0.3846338240762718,
"DP_60":  0.3846338240762718,
"DP_95":  0.44547449036136977,
"QL":  0.1270245504673402}
,
{ "x":  0.55,
"greedy000":  0.29920345497513595,
"greedy050":  0.34713628664819046,
"greedy100":  0.37617312890913757,
"DP_05":  0.37617312890913757,
"DP_30":  0.37617312890913757,
"DP_60":  0.37617312890913757,
"DP_95":  0.3916010207289996,
"QL":  0.09121354967659048}
,
{ "x":  0.6,
"greedy000":  0.2780897998774746,
"greedy050":  0.32058389912504637,
"greedy100":  0.3464969381896949,
"DP_05":  0.3464969381896949,
"DP_30":  0.3464969381896949,
"DP_60":  0.3464969381896949,
"DP_95":  0.38428547419039644,
"QL":  0.0910906556009328}
,
{ "x":  0.65,
"greedy000":  0.2677951289140813,
"greedy050":  0.3022168940196446,
"greedy100":  0.3200645437437564,
"DP_05":  0.3200645437437564,
"DP_30":  0.3200645437437564,
"DP_60":  0.3200645437437564,
"DP_95":  0.3385767615708243,
"QL":  0.10695113718899577}
,
{ "x":  0.7000000000000001,
"greedy000":  0.27349567374923395,
"greedy050":  0.3106591615995035,
"greedy100":  0.33400158107413835,
"DP_05":  0.33400158107413835,
"DP_30":  0.33400158107413835,
"DP_60":  0.33400158107413835,
"DP_95":  0.35182363276023737,
"QL":  0.09629397321088363}
,
{ "x":  0.7500000000000001,
"greedy000":  0.2758649093138285,
"greedy050":  0.3120221643256362,
"greedy100":  0.33263367766203555,
"DP_05":  0.33263367766203555,
"DP_30":  0.33263367766203555,
"DP_60":  0.33263367766203555,
"DP_95":  0.33263367766203555,
"QL":  0.07860452511921634}
,
{ "x":  0.8,
"greedy000":  0.2547773383509783,
"greedy050":  0.29470334869262726,
"greedy100":  0.31783692098286576,
"DP_05":  0.31783692098286576,
"DP_30":  0.31783692098286576,
"DP_60":  0.31783692098286576,
"DP_95":  0.3293654624426129,
"QL":  0.05592371555419984}
,
{ "x":  0.8500000000000001,
"greedy000":  0.2076539472633264,
"greedy050":  0.22979611153675855,
"greedy100":  0.24083576499174408,
"DP_05":  0.24083576499174408,
"DP_30":  0.24083576499174408,
"DP_60":  0.24083576499174408,
"DP_95":  0.24083576499174408,
"QL":  0.05606996652251911}
,
{ "x":  0.9,
"greedy000":  0.21075630100954473,
"greedy050":  0.23069497913076936,
"greedy100":  0.24401626899532416,
"DP_05":  0.24401626899532416,
"DP_30":  0.24401626899532416,
"DP_60":  0.24401626899532416,
"DP_95":  0.24401626899532416,
"QL":  0.070651070454867}
]}
