{ "x_label":"eta",
"y_label":"Federation Rate",
 "results":[
{ "x":  0.15,
"greedy000":  0.6124936117735558,
"greedy050":  0.4851383527216706,
"greedy100":  0.3657648584598478,
"DP_05":  0.03793373672787696,
"DP_30":  0.03793373672787696,
"DP_60":  0.03793373672787696,
"DP_95":  0.006542133075237035,
"QL":  0.4283878580771101}
,
{ "x":  0.2,
"greedy000":  0.6089601546857936,
"greedy050":  0.49819828129208477,
"greedy100":  0.41059254298203535,
"DP_05":  0.07255005256995953,
"DP_30":  0.07255005256995953,
"DP_60":  0.07255005256995953,
"DP_95":  0.02343612197218892,
"QL":  0.4189760115947667}
,
{ "x":  0.25,
"greedy000":  0.6352244705862388,
"greedy050":  0.5456698946027148,
"greedy100":  0.47308975302160483,
"DP_05":  0.13261540643280365,
"DP_30":  0.13261540643280365,
"DP_60":  0.13261540643280365,
"DP_95":  0.021136495035915824,
"QL":  0.5559807377600691}
,
{ "x":  0.30000000000000004,
"greedy000":  0.6483674889149046,
"greedy050":  0.5669580634693503,
"greedy100":  0.5084571984162799,
"DP_05":  0.15505099745438,
"DP_30":  0.15505099745438,
"DP_60":  0.15505099745438,
"DP_95":  0.075966482782898,
"QL":  0.5030245192139617}
,
{ "x":  0.35,
"greedy000":  0.6624544559843583,
"greedy050":  0.5826320950863711,
"greedy100":  0.515917827669332,
"DP_05":  0.515917827669332,
"DP_30":  0.515917827669332,
"DP_60":  0.515917827669332,
"DP_95":  0.45899897014575697,
"QL":  0.4213775307060129}
,
{ "x":  0.4,
"greedy000":  0.660456405327821,
"greedy050":  0.5911554381064879,
"greedy100":  0.545140880505669,
"DP_05":  0.545140880505669,
"DP_30":  0.545140880505669,
"DP_60":  0.545140880505669,
"DP_95":  0.508898004352112,
"QL":  0.409716807390348}
,
{ "x":  0.45000000000000007,
"greedy000":  0.6828186170485454,
"greedy050":  0.6236998449789187,
"greedy100":  0.584697092672307,
"DP_05":  0.584697092672307,
"DP_30":  0.584697092672307,
"DP_60":  0.584697092672307,
"DP_95":  0.5257367192671646,
"QL":  0.4304996502066765}
,
{ "x":  0.5,
"greedy000":  0.7067618645923154,
"greedy050":  0.6529351956335411,
"greedy100":  0.6153661759237281,
"DP_05":  0.6153661759237281,
"DP_30":  0.6153661759237281,
"DP_60":  0.6153661759237281,
"DP_95":  0.5545255096386302,
"QL":  0.48126727453018703}
,
{ "x":  0.55,
"greedy000":  0.7007965450248641,
"greedy050":  0.6528637133518094,
"greedy100":  0.6238268710908623,
"DP_05":  0.6238268710908623,
"DP_30":  0.6238268710908623,
"DP_60":  0.6238268710908623,
"DP_95":  0.6083989792710006,
"QL":  0.45194939218265}
,
{ "x":  0.6,
"greedy000":  0.7219102001225255,
"greedy050":  0.6794161008749537,
"greedy100":  0.6535030618103048,
"DP_05":  0.6535030618103048,
"DP_30":  0.6535030618103048,
"DP_60":  0.6535030618103048,
"DP_95":  0.6157145258096036,
"QL":  0.44043439164024695}
,
{ "x":  0.65,
"greedy000":  0.7322048710859188,
"greedy050":  0.6977831059803555,
"greedy100":  0.6799354562562435,
"DP_05":  0.6799354562562435,
"DP_30":  0.6799354562562435,
"DP_60":  0.6799354562562435,
"DP_95":  0.6614232384291757,
"QL":  0.37230028673945753}
,
{ "x":  0.7000000000000001,
"greedy000":  0.7265043262507659,
"greedy050":  0.6893408384004965,
"greedy100":  0.6659984189258615,
"DP_05":  0.6659984189258615,
"DP_30":  0.6659984189258615,
"DP_60":  0.6659984189258615,
"DP_95":  0.6481763672397626,
"QL":  0.47534686680506094}
,
{ "x":  0.7500000000000001,
"greedy000":  0.7241350906861715,
"greedy050":  0.6879778356743638,
"greedy100":  0.6673663223379644,
"DP_05":  0.6673663223379644,
"DP_30":  0.6673663223379644,
"DP_60":  0.6673663223379644,
"DP_95":  0.6673663223379644,
"QL":  0.49566969229369234}
,
{ "x":  0.8,
"greedy000":  0.7452226616490216,
"greedy050":  0.7052966513073728,
"greedy100":  0.6821630790171342,
"DP_05":  0.6821630790171342,
"DP_30":  0.6821630790171342,
"DP_60":  0.6821630790171342,
"DP_95":  0.670634537557387,
"QL":  0.37285022992016786}
,
{ "x":  0.8500000000000001,
"greedy000":  0.7923460527366735,
"greedy050":  0.7702038884632414,
"greedy100":  0.7591642350082558,
"DP_05":  0.7591642350082558,
"DP_30":  0.7591642350082558,
"DP_60":  0.7591642350082558,
"DP_95":  0.7591642350082558,
"QL":  0.5620806354470768}
,
{ "x":  0.9,
"greedy000":  0.7892436989904553,
"greedy050":  0.7693050208692305,
"greedy100":  0.755983731004676,
"DP_05":  0.755983731004676,
"DP_30":  0.755983731004676,
"DP_60":  0.755983731004676,
"DP_95":  0.755983731004676,
"QL":  0.46694208233504175}
]}
