{ "x_label":"eta",
"y_label":"Average Profit",
 "results":[
{ "x":  0.15,
"greedy000":  32.341709805832565,
"greedy050":  34.19170969876335,
"greedy100":  35.55516776347248,
"DP_05":  52.274554971803,
"DP_30":  52.274554971803,
"DP_60":  52.274554971803,
"DP_95":  52.545947364522775,
"QL":  18.5043121363179}
,
{ "x":  0.2,
"greedy000":  39.55201780683162,
"greedy050":  41.147747954694765,
"greedy100":  42.210819705058555,
"DP_05":  52.352094417420844,
"DP_30":  52.352094417420844,
"DP_60":  52.352094417420844,
"DP_95":  52.625944069118376,
"QL":  24.410635856481665}
,
{ "x":  0.25,
"greedy000":  45.45266720579427,
"greedy050":  46.64161062255945,
"greedy100":  47.49878553129096,
"DP_05":  52.605900730123,
"DP_30":  52.605900730123,
"DP_60":  52.605900730123,
"DP_95":  53.129115751140965,
"QL":  25.028789691555225}
,
{ "x":  0.30000000000000004,
"greedy000":  50.10951846045764,
"greedy050":  51.14360541644497,
"greedy100":  51.769071733118516,
"DP_05":  52.82929033600421,
"DP_30":  52.82929033600421,
"DP_60":  52.82929033600421,
"DP_95":  53.09014565622148,
"QL":  35.62750473572079}
,
{ "x":  0.35,
"greedy000":  54.42101291281798,
"greedy050":  55.35070781316521,
"greedy100":  56.0450964187127,
"DP_05":  56.0450964187127,
"DP_30":  56.0450964187127,
"DP_60":  56.0450964187127,
"DP_95":  56.28705036238561,
"QL":  29.406406509000572}
,
{ "x":  0.4,
"greedy000":  57.87619941877786,
"greedy050":  58.69983133238564,
"greedy100":  59.22094429170445,
"DP_05":  59.22094429170445,
"DP_30":  59.22094429170445,
"DP_60":  59.22094429170445,
"DP_95":  59.27784182792973,
"QL":  32.285038898323016}
,
{ "x":  0.45000000000000007,
"greedy000":  61.146184356041736,
"greedy050":  61.85055867015427,
"greedy100":  62.26113599103513,
"DP_05":  62.26113599103513,
"DP_30":  62.26113599103513,
"DP_60":  62.26113599103513,
"DP_95":  62.395165108632455,
"QL":  35.664829870154314}
,
{ "x":  0.5,
"greedy000":  64.01474842539932,
"greedy050":  64.60426196638382,
"greedy100":  64.98760788973622,
"DP_05":  64.98760788973622,
"DP_30":  64.98760788973622,
"DP_60":  64.98760788973622,
"DP_95":  65.16799579176102,
"QL":  36.38972420137942}
,
{ "x":  0.55,
"greedy000":  67.46747073947937,
"greedy050":  68.01995869435629,
"greedy100":  68.33511360832728,
"DP_05":  68.33511360832728,
"DP_30":  68.33511360832728,
"DP_60":  68.33511360832728,
"DP_95":  68.3826120694605,
"QL":  38.16793691650762}
,
{ "x":  0.6,
"greedy000":  70.5562409123291,
"greedy050":  71.03838363212893,
"greedy100":  71.310605029715,
"DP_05":  71.310605029715,
"DP_30":  71.310605029715,
"DP_60":  71.310605029715,
"DP_95":  71.43672252538992,
"QL":  35.84032760498978}
,
{ "x":  0.65,
"greedy000":  73.28507447734111,
"greedy050":  73.70701936189747,
"greedy100":  73.91069728730265,
"DP_05":  73.91069728730265,
"DP_30":  73.91069728730265,
"DP_60":  73.91069728730265,
"DP_95":  73.94707537178476,
"QL":  35.28497282825222}
,
{ "x":  0.7000000000000001,
"greedy000":  76.18177523108142,
"greedy050":  76.59239849253102,
"greedy100":  76.84481614440931,
"DP_05":  76.84481614440931,
"DP_30":  76.84481614440931,
"DP_60":  76.84481614440931,
"DP_95":  76.88200806665769,
"QL":  43.25927836997594}
,
{ "x":  0.7500000000000001,
"greedy000":  79.15519568492488,
"greedy050":  79.55808792428104,
"greedy100":  79.782262242256,
"DP_05":  79.782262242256,
"DP_30":  79.782262242256,
"DP_60":  79.782262242256,
"DP_95":  79.782262242256,
"QL":  44.29926371664759}
,
{ "x":  0.8,
"greedy000":  81.73331080482737,
"greedy050":  82.14708458505207,
"greedy100":  82.3793715255923,
"DP_05":  82.3793715255923,
"DP_30":  82.3793715255923,
"DP_60":  82.3793715255923,
"DP_95":  82.45525838135717,
"QL":  34.1508959969284}
,
{ "x":  0.8500000000000001,
"greedy000":  84.17917028832025,
"greedy050":  84.41168810997948,
"greedy100":  84.52767114029854,
"DP_05":  84.52767114029854,
"DP_30":  84.52767114029854,
"DP_60":  84.52767114029854,
"DP_95":  84.52767114029854,
"QL":  51.10631256358947}
,
{ "x":  0.9,
"greedy000":  86.67560517849873,
"greedy050":  86.88596804745819,
"greedy100":  87.02630827058559,
"DP_05":  87.02630827058559,
"DP_30":  87.02630827058559,
"DP_60":  87.02630827058559,
"DP_95":  87.02630827058559,
"QL":  45.7844950033738}
]}
