{ "x_label":"episode",
"y_label":"Acceptance Rate",
 "results":[
{ "x":  50,
"greedy000":  0.0,
"greedy050":  0.0,
"greedy100":  0.3654,
"DP_05":  0.0,
"DP_30":  0.0,
"DP_60":  0.0,
"DP_95":  0.33540000000000003,
"QL_09":  0.28069999999999995,
"QL_05":  0.28153333333333336,
"RL":  0.2762666666666666}
,
{ "x":  250,
"greedy000":  0.0,
"greedy050":  0.0,
"greedy100":  0.35689999999999994,
"DP_05":  0.0,
"DP_30":  0.0,
"DP_60":  0.0,
"DP_95":  0.3357,
"QL_09":  0.3095,
"QL_05":  0.3226333333333334,
"RL":  0.3325666666666667}
,
{ "x":  450,
"greedy000":  0.0,
"greedy050":  0.0,
"greedy100":  0.3605333333333333,
"DP_05":  0.0,
"DP_30":  0.0,
"DP_60":  0.0,
"DP_95":  0.3343000000000001,
"QL_09":  0.3254,
"QL_05":  0.33236666666666664,
"RL":  0.3396}
,
{ "x":  650,
"greedy000":  0.0,
"greedy050":  0.0,
"greedy100":  0.36213333333333336,
"DP_05":  0.0,
"DP_30":  0.0,
"DP_60":  0.0,
"DP_95":  0.3395666666666667,
"QL_09":  0.33230000000000004,
"QL_05":  0.3402,
"RL":  0.3399}
,
{ "x":  850,
"greedy000":  0.0,
"greedy050":  0.0,
"greedy100":  0.3573,
"DP_05":  0.0,
"DP_30":  0.0,
"DP_60":  0.0,
"DP_95":  0.3344333333333333,
"QL_09":  0.33353333333333335,
"QL_05":  0.33886666666666665,
"RL":  0.3280666666666667}
,
{ "x":  1050,
"greedy000":  0.0,
"greedy050":  0.0,
"greedy100":  0.36196666666666666,
"DP_05":  0.0,
"DP_30":  0.0,
"DP_60":  0.0,
"DP_95":  0.3356333333333333,
"QL_09":  0.33659999999999995,
"QL_05":  0.34706666666666663,
"RL":  0.3309}
,
{ "x":  1250,
"greedy000":  0.0,
"greedy050":  0.0,
"greedy100":  0.3497,
"DP_05":  0.0,
"DP_30":  0.0,
"DP_60":  0.0,
"DP_95":  0.32816666666666666,
"QL_09":  0.33419999999999994,
"QL_05":  0.3366666666666666,
"RL":  0.3208333333333333}
,
{ "x":  1450,
"greedy000":  0.0,
"greedy050":  0.0,
"greedy100":  0.35683333333333334,
"DP_05":  0.0,
"DP_30":  0.0,
"DP_60":  0.0,
"DP_95":  0.33253333333333324,
"QL_09":  0.33520000000000005,
"QL_05":  0.33819999999999995,
"RL":  0.3231}
,
{ "x":  1650,
"greedy000":  0.0,
"greedy050":  0.0,
"greedy100":  0.35563333333333336,
"DP_05":  0.0,
"DP_30":  0.0,
"DP_60":  0.0,
"DP_95":  0.33303333333333335,
"QL_09":  0.3357,
"QL_05":  0.3391333333333334,
"RL":  0.3237999999999999}
,
{ "x":  1850,
"greedy000":  0.0,
"greedy050":  0.0,
"greedy100":  0.3653333333333333,
"DP_05":  0.0,
"DP_30":  0.0,
"DP_60":  0.0,
"DP_95":  0.34153333333333336,
"QL_09":  0.34640000000000004,
"QL_05":  0.3568,
"RL":  0.3351666666666667}
,
{ "x":  2050,
"greedy000":  0.0,
"greedy050":  0.0,
"greedy100":  0.3607666666666666,
"DP_05":  0.0,
"DP_30":  0.0,
"DP_60":  0.0,
"DP_95":  0.33666666666666667,
"QL_09":  0.34153333333333336,
"QL_05":  0.3520333333333333,
"RL":  0.3305}
]}
