{ "x_label":"episode",
"y_label":"Federation Rate",
 "results":[
{ "x":  50,
"greedy000":  0.0,
"greedy050":  0.0,
"greedy100":  0.3347666666666666,
"DP_05":  0.0,
"DP_30":  0.0,
"DP_60":  0.0,
"DP_95":  0.302,
"QL_09":  0.27969999999999995,
"QL_05":  0.2821,
"RL":  0.2720333333333334}
,
{ "x":  250,
"greedy000":  0.0,
"greedy050":  0.0,
"greedy100":  0.3361,
"DP_05":  0.0,
"DP_30":  0.0,
"DP_60":  0.0,
"DP_95":  0.30093333333333333,
"QL_09":  0.3077,
"QL_05":  0.31433333333333335,
"RL":  0.2955}
,
{ "x":  450,
"greedy000":  0.0,
"greedy050":  0.0,
"greedy100":  0.3311666666666666,
"DP_05":  0.0,
"DP_30":  0.0,
"DP_60":  0.0,
"DP_95":  0.3018333333333333,
"QL_09":  0.30923333333333336,
"QL_05":  0.32209999999999994,
"RL":  0.3031333333333333}
,
{ "x":  650,
"greedy000":  0.0,
"greedy050":  0.0,
"greedy100":  0.34006666666666663,
"DP_05":  0.0,
"DP_30":  0.0,
"DP_60":  0.0,
"DP_95":  0.2959333333333334,
"QL_09":  0.32,
"QL_05":  0.3318,
"RL":  0.31283333333333335}
,
{ "x":  850,
"greedy000":  0.0,
"greedy050":  0.0,
"greedy100":  0.3378333333333333,
"DP_05":  0.0,
"DP_30":  0.0,
"DP_60":  0.0,
"DP_95":  0.30000000000000004,
"QL_09":  0.3204666666666666,
"QL_05":  0.33133333333333337,
"RL":  0.31766666666666665}
,
{ "x":  1050,
"greedy000":  0.0,
"greedy050":  0.0,
"greedy100":  0.33569999999999994,
"DP_05":  0.0,
"DP_30":  0.0,
"DP_60":  0.0,
"DP_95":  0.2996333333333333,
"QL_09":  0.3243666666666666,
"QL_05":  0.3343333333333333,
"RL":  0.3156333333333333}
,
{ "x":  1250,
"greedy000":  0.0,
"greedy050":  0.0,
"greedy100":  0.3289000000000001,
"DP_05":  0.0,
"DP_30":  0.0,
"DP_60":  0.0,
"DP_95":  0.2974333333333333,
"QL_09":  0.31553333333333333,
"QL_05":  0.3291666666666667,
"RL":  0.308}
,
{ "x":  1450,
"greedy000":  0.0,
"greedy050":  0.0,
"greedy100":  0.3328666666666667,
"DP_05":  0.0,
"DP_30":  0.0,
"DP_60":  0.0,
"DP_95":  0.3015,
"QL_09":  0.32613333333333333,
"QL_05":  0.33553333333333335,
"RL":  0.31246666666666667}
,
{ "x":  1650,
"greedy000":  0.0,
"greedy050":  0.0,
"greedy100":  0.32996666666666663,
"DP_05":  0.0,
"DP_30":  0.0,
"DP_60":  0.0,
"DP_95":  0.29586666666666667,
"QL_09":  0.3246,
"QL_05":  0.33116666666666666,
"RL":  0.3102666666666667}
,
{ "x":  1850,
"greedy000":  0.0,
"greedy050":  0.0,
"greedy100":  0.3342333333333333,
"DP_05":  0.0,
"DP_30":  0.0,
"DP_60":  0.0,
"DP_95":  0.2992666666666667,
"QL_09":  0.32920000000000005,
"QL_05":  0.33296666666666663,
"RL":  0.3107333333333333}
,
{ "x":  2050,
"greedy000":  0.0,
"greedy050":  0.0,
"greedy100":  0.3307,
"DP_05":  0.0,
"DP_30":  0.0,
"DP_60":  0.0,
"DP_95":  0.2937666666666667,
"QL_09":  0.3281666666666666,
"QL_05":  0.32916666666666666,
"RL":  0.3086333333333333}
]}
