{ "x_label":"episode",
"y_label":"Average Profit",
 "results":[
{ "x":  50,
"greedy000":  0.0,
"greedy050":  0.0,
"greedy100":  47.78741666666666,
"DP_05":  0.0,
"DP_30":  0.0,
"DP_60":  0.0,
"DP_95":  52.483999999999995,
"QL_09":  37.49808333333333,
"QL_05":  37.437333333333335,
"RL":  37.64341666666667}
,
{ "x":  250,
"greedy000":  0.0,
"greedy050":  0.0,
"greedy100":  46.856416666666654,
"DP_05":  0.0,
"DP_30":  0.0,
"DP_60":  0.0,
"DP_95":  52.29683333333334,
"QL_09":  41.212833333333336,
"QL_05":  42.89716666666667,
"RL":  46.172000000000004}
,
{ "x":  450,
"greedy000":  0.0,
"greedy050":  0.0,
"greedy100":  46.79941666666666,
"DP_05":  0.0,
"DP_30":  0.0,
"DP_60":  0.0,
"DP_95":  52.04391666666667,
"QL_09":  43.028583333333344,
"QL_05":  43.99908333333333,
"RL":  47.64858333333334}
,
{ "x":  650,
"greedy000":  0.0,
"greedy050":  0.0,
"greedy100":  47.173750000000005,
"DP_05":  0.0,
"DP_30":  0.0,
"DP_60":  0.0,
"DP_95":  52.44416666666666,
"QL_09":  44.051,
"QL_05":  45.11783333333334,
"RL":  48.702583333333344}
,
{ "x":  850,
"greedy000":  0.0,
"greedy050":  0.0,
"greedy100":  46.75375000000001,
"DP_05":  0.0,
"DP_30":  0.0,
"DP_60":  0.0,
"DP_95":  51.934416666666664,
"QL_09":  44.77825,
"QL_05":  45.19266666666667,
"RL":  48.115666666666655}
,
{ "x":  1050,
"greedy000":  0.0,
"greedy050":  0.0,
"greedy100":  47.328500000000005,
"DP_05":  0.0,
"DP_30":  0.0,
"DP_60":  0.0,
"DP_95":  52.09666666666667,
"QL_09":  45.432249999999996,
"QL_05":  46.4245,
"RL":  48.972500000000004}
,
{ "x":  1250,
"greedy000":  0.0,
"greedy050":  0.0,
"greedy100":  45.75016666666667,
"DP_05":  0.0,
"DP_30":  0.0,
"DP_60":  0.0,
"DP_95":  51.146,
"QL_09":  44.92108333333333,
"QL_05":  45.095083333333335,
"RL":  47.51966666666666}
,
{ "x":  1450,
"greedy000":  0.0,
"greedy050":  0.0,
"greedy100":  46.53941666666667,
"DP_05":  0.0,
"DP_30":  0.0,
"DP_60":  0.0,
"DP_95":  51.833000000000006,
"QL_09":  45.458000000000006,
"QL_05":  45.304,
"RL":  47.94725}
,
{ "x":  1650,
"greedy000":  0.0,
"greedy050":  0.0,
"greedy100":  46.59375,
"DP_05":  0.0,
"DP_30":  0.0,
"DP_60":  0.0,
"DP_95":  51.71791666666667,
"QL_09":  45.73775,
"QL_05":  45.61316666666666,
"RL":  48.13183333333333}
,
{ "x":  1850,
"greedy000":  0.0,
"greedy050":  0.0,
"greedy100":  47.572916666666664,
"DP_05":  0.0,
"DP_30":  0.0,
"DP_60":  0.0,
"DP_95":  52.99183333333333,
"QL_09":  47.20941666666667,
"QL_05":  47.31866666666666,
"RL":  49.40316666666667}
,
{ "x":  2050,
"greedy000":  0.0,
"greedy050":  0.0,
"greedy100":  46.833416666666665,
"DP_05":  0.0,
"DP_30":  0.0,
"DP_60":  0.0,
"DP_95":  52.01675,
"QL_09":  46.54375,
"QL_05":  46.5015,
"RL":  48.67166666666667}
]}
