{ "x_label":"LC",
"y_label":"Average Profit",
 "results":[
{ "x":  0,
"greedy000":  0.0,
"greedy050":  0.0,
"greedy100":  30.139617020619927,
"DP_05":  0.0,
"DP_30":  0.0,
"DP_60":  0.0,
"DP_95":  46.75661049430497,
"QL_09":  46.031271839354574,
"QL_05":  41.10810953206508,
"RL":  45.59786340126446}
,
{ "x":  8,
"greedy000":  0.0,
"greedy050":  0.0,
"greedy100":  45.07673741893727,
"DP_05":  0.0,
"DP_30":  0.0,
"DP_60":  0.0,
"DP_95":  65.1762816886691,
"QL_09":  62.09213474627351,
"QL_05":  58.03600897190262,
"RL":  63.86557570823686}
,
{ "x":  16,
"greedy000":  0.0,
"greedy050":  0.0,
"greedy100":  53.25093032777765,
"DP_05":  0.0,
"DP_30":  0.0,
"DP_60":  0.0,
"DP_95":  68.46448223791272,
"QL_09":  63.4408424300428,
"QL_05":  61.77683450213719,
"RL":  67.17264527627529}
,
{ "x":  24,
"greedy000":  0.0,
"greedy050":  0.0,
"greedy100":  60.05027443537318,
"DP_05":  0.0,
"DP_30":  0.0,
"DP_60":  0.0,
"DP_95":  70.04096614533623,
"QL_09":  65.17668718376623,
"QL_05":  66.23969388384725,
"RL":  68.99957058372317}
,
{ "x":  32,
"greedy000":  0.0,
"greedy050":  0.0,
"greedy100":  64.54223502697349,
"DP_05":  0.0,
"DP_30":  0.0,
"DP_60":  0.0,
"DP_95":  71.05921115085796,
"QL_09":  65.9820891482959,
"QL_05":  68.40719366515933,
"RL":  70.26791529763189}
,
{ "x":  40,
"greedy000":  0.0,
"greedy050":  0.0,
"greedy100":  68.0011297996119,
"DP_05":  0.0,
"DP_30":  0.0,
"DP_60":  0.0,
"DP_95":  71.56198697630376,
"QL_09":  65.77796082297252,
"QL_05":  69.81537891334023,
"RL":  70.82928777392245}
,
{ "x":  48,
"greedy000":  0.0,
"greedy050":  0.0,
"greedy100":  70.55258446150887,
"DP_05":  0.0,
"DP_30":  0.0,
"DP_60":  0.0,
"DP_95":  72.3571393593667,
"QL_09":  66.17869342265865,
"QL_05":  70.75814413624703,
"RL":  71.58300682713536}
,
{ "x":  56,
"greedy000":  0.0,
"greedy050":  0.0,
"greedy100":  72.5905683706729,
"DP_05":  0.0,
"DP_30":  0.0,
"DP_60":  0.0,
"DP_95":  73.35120481508122,
"QL_09":  66.38100012094293,
"QL_05":  71.59545439877002,
"RL":  72.46219871179656}
,
{ "x":  64,
"greedy000":  0.0,
"greedy050":  0.0,
"greedy100":  72.54519806664054,
"DP_05":  0.0,
"DP_30":  0.0,
"DP_60":  0.0,
"DP_95":  72.92851949898605,
"QL_09":  66.16251968899319,
"QL_05":  70.84011424597203,
"RL":  71.87017252733351}
,
{ "x":  72,
"greedy000":  0.0,
"greedy050":  0.0,
"greedy100":  73.10984959281319,
"DP_05":  0.0,
"DP_30":  0.0,
"DP_60":  0.0,
"DP_95":  73.21545457073172,
"QL_09":  65.93168727825996,
"QL_05":  70.91015283295803,
"RL":  72.12366542000674}
,
{ "x":  80,
"greedy000":  0.0,
"greedy050":  0.0,
"greedy100":  73.50887188196658,
"DP_05":  0.0,
"DP_30":  0.0,
"DP_60":  0.0,
"DP_95":  73.53931847655738,
"QL_09":  66.51869581430189,
"QL_05":  71.30859314809808,
"RL":  72.43876446643387}
]}
