{ "x_label":"l",
"y_label":"Acceptance Rate",
 "results":[
{ "x":  0.2,
"greedy000":  0.0,
"greedy050":  0.0,
"greedy100":  0.9982834672986524,
"DP_05":  0.0,
"DP_30":  0.0,
"DP_60":  0.0,
"DP_95":  0.9978883832825435,
"QL_09":  0.9915402928132281,
"QL_05":  0.9873198100217376,
"RL":  0.9300478365669832}
,
{ "x":  0.4,
"greedy000":  0.0,
"greedy050":  0.0,
"greedy100":  0.9545421249448106,
"DP_05":  0.0,
"DP_30":  0.0,
"DP_60":  0.0,
"DP_95":  0.9530264962100512,
"QL_09":  0.9469098246830132,
"QL_05":  0.9481161215176179,
"RL":  0.9054638927955002}
,
{ "x":  0.6000000000000001,
"greedy000":  0.0,
"greedy050":  0.0,
"greedy100":  0.8578668604325944,
"DP_05":  0.0,
"DP_30":  0.0,
"DP_60":  0.0,
"DP_95":  0.8778704734993232,
"QL_09":  0.8530593917369986,
"QL_05":  0.854884969562421,
"RL":  0.8575352874162135}
,
{ "x":  0.8,
"greedy000":  0.0,
"greedy050":  0.0,
"greedy100":  0.7684368507591328,
"DP_05":  0.0,
"DP_30":  0.0,
"DP_60":  0.0,
"DP_95":  0.8219527029692717,
"QL_09":  0.7663289004253337,
"QL_05":  0.7653545304511875,
"RL":  0.8078173514321982}
]}
