{ "x_label":"l",
"y_label":"Federation Rate",
 "results":[
{ "x":  0.2,
"greedy000":  0.0,
"greedy050":  0.0,
"greedy100":  0.001716532701347654,
"DP_05":  0.0,
"DP_30":  0.0,
"DP_60":  0.0,
"DP_95":  0.0021116167174565275,
"QL_09":  0.005834390852747352,
"QL_05":  0.008725376878228119,
"RL":  0.06507305264817831}
,
{ "x":  0.4,
"greedy000":  0.0,
"greedy050":  0.0,
"greedy100":  0.04417369482477786,
"DP_05":  0.0,
"DP_30":  0.0,
"DP_60":  0.0,
"DP_95":  0.045608765865014146,
"QL_09":  0.04606728029812231,
"QL_05":  0.044695292813833026,
"RL":  0.08253307803238899}
,
{ "x":  0.6000000000000001,
"greedy000":  0.0,
"greedy050":  0.0,
"greedy100":  0.13084428369067114,
"DP_05":  0.0,
"DP_30":  0.0,
"DP_60":  0.0,
"DP_95":  0.1088004695297778,
"QL_09":  0.13108304295881862,
"QL_05":  0.12951232285544606,
"RL":  0.12081501153763949}
,
{ "x":  0.8,
"greedy000":  0.0,
"greedy050":  0.0,
"greedy100":  0.18908846276759228,
"DP_05":  0.0,
"DP_30":  0.0,
"DP_60":  0.0,
"DP_95":  0.13354944698350596,
"QL_09":  0.18905258701650143,
"QL_05":  0.18978782423040838,
"RL":  0.14356935537683663}
]}
