{ "x_label":"l",
"y_label":"Average Profit",
 "results":[
{ "x":  0.2,
"greedy000":  0.0,
"greedy050":  0.0,
"greedy100":  73.42000215349412,
"DP_05":  0.0,
"DP_30":  0.0,
"DP_60":  0.0,
"DP_95":  73.42446845018709,
"QL_09":  73.15446056747666,
"QL_05":  72.97174181870365,
"RL":  72.86402573719985}
,
{ "x":  0.4,
"greedy000":  0.0,
"greedy050":  0.0,
"greedy100":  72.33914392758126,
"DP_05":  0.0,
"DP_30":  0.0,
"DP_60":  0.0,
"DP_95":  72.80457237260501,
"QL_09":  71.92746264795875,
"QL_05":  71.95491604974798,
"RL":  72.17705300428977}
,
{ "x":  0.6000000000000001,
"greedy000":  0.0,
"greedy050":  0.0,
"greedy100":  70.60699478107104,
"DP_05":  0.0,
"DP_30":  0.0,
"DP_60":  0.0,
"DP_95":  72.58733623063613,
"QL_09":  70.2944517491351,
"QL_05":  70.37059391721077,
"RL":  71.85972210121824}
,
{ "x":  0.8,
"greedy000":  0.0,
"greedy050":  0.0,
"greedy100":  67.59742638288228,
"DP_05":  0.0,
"DP_30":  0.0,
"DP_60":  0.0,
"DP_95":  71.53015677524505,
"QL_09":  67.45808851004209,
"QL_05":  67.41034720305281,
"RL":  70.74538827814756}
]}
