{ "x_label":"episode",
"y_label":"Acceptance Rate",
"results":[
{ "x":  5,
"DP_05":  0.5497188620695551,
"DP_30":  0.6048616111746251,
"DP_60":  0.6239614390853142,
"DP_95":  0.5899191135930447,
"QL-Dynamic": 0.3029267489904748,
"QL-Static": 0.21020937911456272}
,
{ "x":  25,
"DP_05":  0.5558893489634019,
"DP_30":  0.6129786701877166,
"DP_60":  0.6288137704184178,
"DP_95":  0.5927456808780243,
"QL-Dynamic": 0.4566679098901635,
"QL-Static": 0.40404967717652707}
,
{ "x":  45,
"DP_05":  0.5567398956427342,
"DP_30":  0.6146307836029161,
"DP_60":  0.6297904366241809,
"DP_95":  0.5941136737389148,
"QL-Dynamic": 0.5121801145840899,
"QL-Static": 0.46654853257693035}
,
{ "x":  65,
"DP_05":  0.5531007564364883,
"DP_30":  0.6089709455228125,
"DP_60":  0.6265347357860478,
"DP_95":  0.5912830946445748,
"QL-Dynamic": 0.515133925926705,
"QL-Static": 0.48835183674461147}
,
{ "x":  85,
"DP_05":  0.5547291315825582,
"DP_30":  0.609531225358582,
"DP_60":  0.627538692325032,
"DP_95":  0.5918792203584793,
"QL-Dynamic": 0.5406933330625545,
"QL-Static": 0.5010817613263681}
,
{ "x":  105,
"DP_05":  0.5552334518851486,
"DP_30":  0.608490500606459,
"DP_60":  0.6264163742393231,
"DP_95":  0.5911755707586522,
"QL-Dynamic": 0.5480426675263995,
"QL-Static": 0.5081424881031886}
,
{ "x":  125,
"DP_05":  0.555290256683444,
"DP_30":  0.6110002151686473,
"DP_60":  0.6258012402610554,
"DP_95":  0.5889829108699219,
"QL-Dynamic": 0.5594546814942518,
"QL-Static": 0.5191493273198204}
,
{ "x":  145,
"DP_05":  0.5533921745966909,
"DP_30":  0.6092183537229945,
"DP_60":  0.6266954081184688,
"DP_95":  0.5915601853721979,
"QL-Dynamic": 0.5482824017050808,
"QL-Static": 0.5193757452309649}
,
{ "x":  165,
"DP_05":  0.5524337281203475,
"DP_30":  0.6091952531199593,
"DP_60":  0.6274151808751907,
"DP_95":  0.5908982597969963,
"QL-Dynamic": 0.565568558437783,
"QL-Static": 0.5267489092882458}
,
{ "x":  185,
"DP_05":  0.5562225427417088,
"DP_30":  0.6123849479763256,
"DP_60":  0.6291822221901464,
"DP_95":  0.5910103090831649,
"QL-Dynamic": 0.545001646152736,
"QL-Static": 0.5099629251591795}
,
{ "x":  205,
"DP_05":  0.5525587091517357,
"DP_30":  0.6068752872069607,
"DP_60":  0.6250914507340182,
"DP_95":  0.5898027940734225,
"QL-Dynamic": 0.5167425136582715,
"QL-Static": 0.521477524532374}
,
{ "x":  225,
"DP_05":  0.5572104377461843,
"DP_30":  0.6148979455869925,
"DP_60":  0.6307788849730896,
"DP_95":  0.5933890383654102,
"QL-Dynamic": 0.5308053593949206,
"QL-Static": 0.5338542749340743}
,
{ "x":  245,
"DP_05":  0.5534197466705003,
"DP_30":  0.6101679465544919,
"DP_60":  0.6266580278588323,
"DP_95":  0.5912141180025665,
"QL-Dynamic": 0.5115211611628503,
"QL-Static": 0.5325781960419992}
]}
