{ "x_label":"episode",
"y_label":"Federation Rate",
"results":[
{ "x":  5,
"DP_05":  0.4461485377228308,
"DP_30":  0.38906965341011407,
"DP_60":  0.37261982926051096,
"DP_95":  0.4095464359410787,
"QL-Dynamic": 0.5923791910253928,
"QL-Static": 0.3944492862317618}
,
{ "x":  25,
"DP_05":  0.44572570937385614,
"DP_30":  0.39027039101656474,
"DP_60":  0.37167948483776575,
"DP_95":  0.40850851337168353,
"QL-Dynamic": 0.4856376990077996,
"QL-Static": 0.3937669117794872}
,
{ "x":  45,
"DP_05":  0.4443824905177505,
"DP_30":  0.3889593418451002,
"DP_60":  0.3739317961057401,
"DP_95":  0.40883367811203647,
"QL-Dynamic": 0.41955613747459025,
"QL-Static": 0.3784110155589334}
,
{ "x":  65,
"DP_05":  0.4452890245250085,
"DP_30":  0.38988371826172596,
"DP_60":  0.37170521380641974,
"DP_95":  0.40792267901743634,
"QL-Dynamic": 0.40428397052568477,
"QL-Static": 0.37659525899543056}
,
{ "x":  85,
"DP_05":  0.4458450272289012,
"DP_30":  0.390071288606987,
"DP_60":  0.3726011472461149,
"DP_95":  0.4094509888983026,
"QL-Dynamic": 0.4088262475918655,
"QL-Static": 0.3801917305173022}
,
{ "x":  105,
"DP_05":  0.4466413485219978,
"DP_30":  0.39085530443870053,
"DP_60":  0.373399840804649,
"DP_95":  0.40905576546910705,
"QL-Dynamic": 0.40794234795471834,
"QL-Static": 0.3827853565493423}
,
{ "x":  125,
"DP_05":  0.4474674896327949,
"DP_30":  0.39071787371170125,
"DP_60":  0.3719510390383228,
"DP_95":  0.4075093305687078,
"QL-Dynamic": 0.40059101108591283,
"QL-Static": 0.3851535310494064}
,
{ "x":  145,
"DP_05":  0.4479155536675353,
"DP_30":  0.39224772539158065,
"DP_60":  0.3730261905297068,
"DP_95":  0.4098006881642088,
"QL-Dynamic": 0.3905293736755379,
"QL-Static": 0.3855092406122183}
,
{ "x":  165,
"DP_05":  0.4481365766893731,
"DP_30":  0.391580283409413,
"DP_60":  0.37404403402107345,
"DP_95":  0.4081243895036765,
"QL-Dynamic": 0.40787528445708965,
"QL-Static": 0.38281885342332433}
,
{ "x":  185,
"DP_05":  0.4431714319394957,
"DP_30":  0.3889118431135915,
"DP_60":  0.37272743198284974,
"DP_95":  0.4091459646040235,
"QL-Dynamic": 0.3996431378178671,
"QL-Static": 0.38516089457390756}
,
{ "x":  205,
"DP_05":  0.4432702740130906,
"DP_30":  0.3870532783017203,
"DP_60":  0.3679157849723003,
"DP_95":  0.4067654894229052,
"QL-Dynamic": 0.39132141128661246,
"QL-Static": 0.385630679417924}
]}
