{ "x_label":"episode",
"y_label":"Federation Rate",
"results":[
{ "x":  5,
"DP_05":  0.4502811379304449,
"DP_30":  0.3951383888253749,
"DP_60":  0.3760385609146858,
"DP_95":  0.41008088640695534,
"QL-Dynamic": 0.5318000356914783,
"QL-Static": 0.5662728233353336}
,
{ "x":  25,
"DP_05":  0.4441106510365981,
"DP_30":  0.3870213298122834,
"DP_60":  0.3711862295815821,
"DP_95":  0.4072543191219757,
"QL-Dynamic": 0.43726123326792504,
"QL-Static": 0.479707158080668}
,
{ "x":  45,
"DP_05":  0.44326010435726576,
"DP_30":  0.385369216397084,
"DP_60":  0.3702095633758191,
"DP_95":  0.40588632626108534,
"QL-Dynamic": 0.43606490209915805,
"QL-Static": 0.41036248058583913}
,
{ "x":  65,
"DP_05":  0.44689924356351174,
"DP_30":  0.3910290544771874,
"DP_60":  0.3734652642139524,
"DP_95":  0.4087169053554252,
"QL-Dynamic": 0.44435274329295094,
"QL-Static": 0.4222708552713687}
,
{ "x":  85,
"DP_05":  0.4452708684174419,
"DP_30":  0.3904687746414179,
"DP_60":  0.37246130767496805,
"DP_95":  0.40812077964152066,
"QL-Dynamic": 0.4121522823424558,
"QL-Static": 0.41970800482987325}
,
{ "x":  105,
"DP_05":  0.4447665481148514,
"DP_30":  0.39150949939354107,
"DP_60":  0.37358362576067705,
"DP_95":  0.40882442924134776,
"QL-Dynamic": 0.4007852766548458,
"QL-Static": 0.4350448618122882}
,
{ "x":  125,
"DP_05":  0.444709743316556,
"DP_30":  0.38899978483135284,
"DP_60":  0.37419875973894445,
"DP_95":  0.41101708913007806,
"QL-Dynamic": 0.38875306850682995,
"QL-Static": 0.40605601381644946}
,
{ "x":  145,
"DP_05":  0.4466078254033092,
"DP_30":  0.39078164627700557,
"DP_60":  0.3733045918815312,
"DP_95":  0.408439814627802,
"QL-Dynamic": 0.42372746886833107,
"QL-Static": 0.40069298275729254}
,
{ "x":  165,
"DP_05":  0.44756627187965253,
"DP_30":  0.39080474688004063,
"DP_60":  0.37258481912480923,
"DP_95":  0.40910174020300377,
"QL-Dynamic": 0.38648076238862933,
"QL-Static": 0.4044813827678621}
,
{ "x":  185,
"DP_05":  0.4437774572582912,
"DP_30":  0.3876150520236744,
"DP_60":  0.3708177778098537,
"DP_95":  0.40898969091683507,
"QL-Dynamic": 0.4167603284559139,
"QL-Static": 0.42097574052725717}
,
{ "x":  205,
"DP_05":  0.4474412908482643,
"DP_30":  0.3931247127930393,
"DP_60":  0.3749085492659818,
"DP_95":  0.4101972059265776,
"QL-Dynamic": 0.39933338638158944,
"QL-Static": 0.4112979435538885}
,
{ "x":  225,
"DP_05":  0.4427895622538157,
"DP_30":  0.38510205441300743,
"DP_60":  0.36922111502691046,
"DP_95":  0.4066109616345897,
"QL-Dynamic": 0.4037511437756674,
"QL-Static": 0.3934389318878558}
,
{ "x":  245,
"DP_05":  0.4465802533294996,
"DP_30":  0.38983205344550814,
"DP_60":  0.3733419721411676,
"DP_95":  0.40878588199743343,
"QL-Dynamic": 0.4174838978413791,
"QL-Static": 0.39857802183248736}
]}
