{ "x_label":"episode",
"y_label":"Average Profit",
"results":[
{ "x":  5,
"DP_05":  60.215594458416454,
"DP_30":  66.89129166279301,
"DP_60":  69.90717810692394,
"DP_95":  72.71521705435232,
"QL-Dynamic": 42.312943908952384,
"QL-Static": 34.55729070674766}
,
{ "x":  25,
"DP_05":  60.51508295355693,
"DP_30":  67.2622484101051,
"DP_60":  70.12630494854395,
"DP_95":  72.84419303126725,
"QL-Dynamic": 53.251306570914366,
"QL-Static": 49.080460058417394}
,
{ "x":  45,
"DP_05":  60.54601053789978,
"DP_30":  67.25391694349707,
"DP_60":  70.12733785298728,
"DP_95":  72.86484875289693,
"QL-Dynamic": 59.47643875892478,
"QL-Static": 53.090384780398495}
,
{ "x":  65,
"DP_05":  60.42347952700156,
"DP_30":  67.07683058704681,
"DP_60":  70.04610558439164,
"DP_95":  72.80614101304671,
"QL-Dynamic": 61.19035720418991,
"QL-Static": 56.34753180842698}
,
{ "x":  85,
"DP_05":  60.432858077765744,
"DP_30":  67.0820472033693,
"DP_60":  70.0331565262039,
"DP_95":  72.78677270361649,
"QL-Dynamic": 62.538555379834314,
"QL-Static": 57.36956669468193}
,
{ "x":  105,
"DP_05":  60.563371630417954,
"DP_30":  67.14837987660084,
"DP_60":  70.1133306882177,
"DP_95":  72.83002700465644,
"QL-Dynamic": 64.19709291459984,
"QL-Static": 57.96417938178256}
,
{ "x":  125,
"DP_05":  60.49628176776754,
"DP_30":  67.10224980972417,
"DP_60":  69.92706600148126,
"DP_95":  72.66493591649116,
"QL-Dynamic": 64.81675189013463,
"QL-Static": 59.108384838695656}
,
{ "x":  145,
"DP_05":  60.40053030341254,
"DP_30":  67.0963819687886,
"DP_60":  70.0349827466427,
"DP_95":  72.79522687266453,
"QL-Dynamic": 64.89732475250108,
"QL-Static": 60.25086754713145}
,
{ "x":  165,
"DP_05":  60.35132831263072,
"DP_30":  67.15939697572904,
"DP_60":  70.11314820059724,
"DP_95":  72.75689303633375,
"QL-Dynamic": 65.44403665862052,
"QL-Static": 60.309360201542994}
,
{ "x":  185,
"DP_05":  60.58498556273147,
"DP_30":  67.22098070352467,
"DP_60":  70.12969515156547,
"DP_95":  72.77496259946085,
"QL-Dynamic": 64.54452150423495,
"QL-Static": 60.06072245764089}
,
{ "x":  205,
"DP_05":  60.42768315062416,
"DP_30":  67.04204972938342,
"DP_60":  70.06340602078225,
"DP_95":  72.75391871787174,
"QL-Dynamic": 61.41358917883501,
"QL-Static": 61.28078800578329}
,
{ "x":  225,
"DP_05":  60.64598377958534,
"DP_30":  67.45053800921177,
"DP_60":  70.3213635924977,
"DP_95":  72.90046095259173,
"QL-Dynamic": 63.025061479185254,
"QL-Static": 61.24859337195778}
,
{ "x":  245,
"DP_05":  60.433028287278674,
"DP_30":  67.0911681252021,
"DP_60":  70.03103705189126,
"DP_95":  72.82332198692566,
"QL-Dynamic": 61.397366569836244,
"QL-Static": 61.87789738878259}
]}
