{ "x_label":"episode",
"y_label":"Average Profit",
"results":[
{ "x":  5,
"DP_05":  60.42417977563737,
"DP_30":  67.20772242567922,
"DP_60":  70.06594532381422,
"DP_95":  72.76406005652494,
"QL-Dynamic": 39.81647599987604,
"QL-Static": 65.37446759095799}
,
{ "x":  25,
"DP_05":  60.512572637599376,
"DP_30":  67.10744979496248,
"DP_60":  70.14339686326369,
"DP_95":  72.8227687383171,
"QL-Dynamic": 53.28924505250942,
"QL-Static": 66.16636222901568}
,
{ "x":  45,
"DP_05":  60.51306629613846,
"DP_30":  67.17180557911252,
"DP_60":  70.01472488070674,
"DP_95":  72.78266318802827,
"QL-Dynamic": 57.8551200971624,
"QL-Static": 67.28242332395705}
,
{ "x":  65,
"DP_05":  60.36632675790273,
"DP_30":  67.11397509936997,
"DP_60":  70.12191834285699,
"DP_95":  72.7967827522242,
"QL-Dynamic": 62.01526079530986,
"QL-Static": 67.8946631939894}
,
{ "x":  85,
"DP_05":  60.430293676830175,
"DP_30":  67.1623531609044,
"DP_60":  70.09624946482765,
"DP_95":  72.78030569452716,
"QL-Dynamic": 63.42664301788112,
"QL-Static": 66.90240857373666}
,
{ "x":  105,
"DP_05":  60.52759917607278,
"DP_30":  67.08742753831203,
"DP_60":  70.05021663642152,
"DP_95":  72.76520678235086,
"QL-Dynamic": 64.19092935851793,
"QL-Static": 66.79229160090561}
,
{ "x":  125,
"DP_05":  60.24917274965385,
"DP_30":  67.004781430042,
"DP_60":  70.04576358636483,
"DP_95":  72.84013715524475,
"QL-Dynamic": 64.1103783804503,
"QL-Static": 67.71817708248912}
,
{ "x":  145,
"DP_05":  60.38132744630216,
"DP_30":  66.99000448110112,
"DP_60":  70.0782114658725,
"DP_95":  72.73574453250355,
"QL-Dynamic": 64.67446813190448,
"QL-Static": 67.3479859849466}
,
{ "x":  165,
"DP_05":  60.34662908121216,
"DP_30":  67.03350080902655,
"DP_60":  69.96856509094475,
"DP_95":  72.7997558129912,
"QL-Dynamic": 64.70066913259117,
"QL-Static": 67.52046944962055}
,
{ "x":  185,
"DP_05":  60.53533231841245,
"DP_30":  67.0942003917813,
"DP_60":  70.00811591036958,
"DP_95":  72.73295537934781,
"QL-Dynamic": 64.19696368153976,
"QL-Static": 67.98262924627929}
,
{ "x":  205,
"DP_05":  60.50971269672099,
"DP_30":  67.23056852838565,
"DP_60":  70.2556157008926,
"DP_95":  72.85436494489569,
"QL-Dynamic": 63.255500523446834,
"QL-Static": 67.14813953167717}
]}
