{ "x_label":"episode",
"y_label":"Federation Rate",
 "results":[
{ "x":  20,
"greedy000":  0.0,
"greedy050":  0.0,
"greedy100":  0.15511999999999998,
"DP_05":  0.0,
"DP_30":  0.0,
"DP_60":  0.0,
"DP_95":  0.12546,
"QL_09":  0.14764000000000002,
"QL_05":  0.14958,
"RL":  0.13667999999999997}
,
{ "x":  60,
"greedy000":  0.0,
"greedy050":  0.0,
"greedy100":  0.15546,
"DP_05":  0.0,
"DP_30":  0.0,
"DP_60":  0.0,
"DP_95":  0.12611999999999998,
"QL_09":  0.15951999999999997,
"QL_05":  0.16641999999999998,
"RL":  0.14924}
,
{ "x":  100,
"greedy000":  0.0,
"greedy050":  0.0,
"greedy100":  0.15658,
"DP_05":  0.0,
"DP_30":  0.0,
"DP_60":  0.0,
"DP_95":  0.12667999999999996,
"QL_09":  0.16099999999999998,
"QL_05":  0.16384,
"RL":  0.15114}
,
{ "x":  140,
"greedy000":  0.0,
"greedy050":  0.0,
"greedy100":  0.15802,
"DP_05":  0.0,
"DP_30":  0.0,
"DP_60":  0.0,
"DP_95":  0.1262,
"QL_09":  0.1648,
"QL_05":  0.16628,
"RL":  0.16072}
,
{ "x":  180,
"greedy000":  0.0,
"greedy050":  0.0,
"greedy100":  0.15786,
"DP_05":  0.0,
"DP_30":  0.0,
"DP_60":  0.0,
"DP_95":  0.11964000000000001,
"QL_09":  0.16555999999999998,
"QL_05":  0.16346,
"RL":  0.15866}
,
{ "x":  220,
"greedy000":  0.0,
"greedy050":  0.0,
"greedy100":  0.15438000000000002,
"DP_05":  0.0,
"DP_30":  0.0,
"DP_60":  0.0,
"DP_95":  0.12283999999999999,
"QL_09":  0.15810000000000002,
"QL_05":  0.15294000000000002,
"RL":  0.15942}
,
{ "x":  260,
"greedy000":  0.0,
"greedy050":  0.0,
"greedy100":  0.1635,
"DP_05":  0.0,
"DP_30":  0.0,
"DP_60":  0.0,
"DP_95":  0.12601999999999997,
"QL_09":  0.16304000000000002,
"QL_05":  0.16218000000000002,
"RL":  0.1635}
,
{ "x":  300,
"greedy000":  0.0,
"greedy050":  0.0,
"greedy100":  0.15992,
"DP_05":  0.0,
"DP_30":  0.0,
"DP_60":  0.0,
"DP_95":  0.12284000000000002,
"QL_09":  0.16348,
"QL_05":  0.15864000000000003,
"RL":  0.15546}
,
{ "x":  340,
"greedy000":  0.0,
"greedy050":  0.0,
"greedy100":  0.15916,
"DP_05":  0.0,
"DP_30":  0.0,
"DP_60":  0.0,
"DP_95":  0.12220000000000002,
"QL_09":  0.1613,
"QL_05":  0.15204,
"RL":  0.1675}
,
{ "x":  380,
"greedy000":  0.0,
"greedy050":  0.0,
"greedy100":  0.15338,
"DP_05":  0.0,
"DP_30":  0.0,
"DP_60":  0.0,
"DP_95":  0.12191999999999999,
"QL_09":  0.15466,
"QL_05":  0.15059999999999998,
"RL":  0.15584}
,
{ "x":  420,
"greedy000":  0.0,
"greedy050":  0.0,
"greedy100":  0.15916000000000002,
"DP_05":  0.0,
"DP_30":  0.0,
"DP_60":  0.0,
"DP_95":  0.12490000000000001,
"QL_09":  0.15798,
"QL_05":  0.15362,
"RL":  0.15874}
]}
