{ "x_label":"l",
"y_label":"Average Profit",
 "results":[
{ "x":  0.8999999999999999,
"greedy000":  0.0,
"greedy050":  0.0,
"greedy100":  72.03339285714286,
"DP_05":  0.0,
"DP_30":  0.0,
"DP_60":  0.0,
"DP_95":  73.08964285714285,
"QL_09":  65.76535714285714,
"QL_05":  71.18482142857142,
"RL":  72.26964285714287}
,
{ "x":  1.2,
"greedy000":  0.0,
"greedy050":  0.0,
"greedy100":  68.78642857142857,
"DP_05":  0.0,
"DP_30":  0.0,
"DP_60":  0.0,
"DP_95":  71.7175,
"QL_09":  64.43821428571428,
"QL_05":  69.8130357142857,
"RL":  70.4094642857143}
,
{ "x":  1.5,
"greedy000":  0.0,
"greedy050":  0.0,
"greedy100":  66.29071428571429,
"DP_05":  0.0,
"DP_30":  0.0,
"DP_60":  0.0,
"DP_95":  71.90160714285715,
"QL_09":  63.91196428571429,
"QL_05":  68.99196428571429,
"RL":  70.05160714285714}
,
{ "x":  1.8,
"greedy000":  0.0,
"greedy050":  0.0,
"greedy100":  62.703571428571436,
"DP_05":  0.0,
"DP_30":  0.0,
"DP_60":  0.0,
"DP_95":  71.02017857142857,
"QL_09":  62.98232142857143,
"QL_05":  67.45107142857142,
"RL":  68.98946428571428}
,
{ "x":  2.0999999999999996,
"greedy000":  0.0,
"greedy050":  0.0,
"greedy100":  59.224821428571424,
"DP_05":  0.0,
"DP_30":  0.0,
"DP_60":  0.0,
"DP_95":  70.77892857142857,
"QL_09":  63.10285714285715,
"QL_05":  65.94357142857143,
"RL":  68.24553571428571}
,
{ "x":  2.4,
"greedy000":  0.0,
"greedy050":  0.0,
"greedy100":  55.943392857142854,
"DP_05":  0.0,
"DP_30":  0.0,
"DP_60":  0.0,
"DP_95":  69.82142857142857,
"QL_09":  61.203392857142866,
"QL_05":  63.50571428571429,
"RL":  67.14946428571429}
,
{ "x":  2.6999999999999997,
"greedy000":  0.0,
"greedy050":  0.0,
"greedy100":  53.03339285714286,
"DP_05":  0.0,
"DP_30":  0.0,
"DP_60":  0.0,
"DP_95":  69.44196428571429,
"QL_09":  60.10214285714285,
"QL_05":  61.50017857142858,
"RL":  65.96696428571428}
,
{ "x":  2.9999999999999996,
"greedy000":  0.0,
"greedy050":  0.0,
"greedy100":  51.839999999999996,
"DP_05":  0.0,
"DP_30":  0.0,
"DP_60":  0.0,
"DP_95":  69.29053571428571,
"QL_09":  59.60892857142858,
"QL_05":  60.91357142857142,
"RL":  65.9042857142857}
,
{ "x":  3.3,
"greedy000":  0.0,
"greedy050":  0.0,
"greedy100":  49.262678571428566,
"DP_05":  0.0,
"DP_30":  0.0,
"DP_60":  0.0,
"DP_95":  69.54089285714286,
"QL_09":  59.256071428571424,
"QL_05":  60.074999999999996,
"RL":  65.44142857142857}
]}
