{ "x_label":"FC",
"y_label":"AR",
 "results":[
{ "x":  0,
"greedy000":  0.0,
"greedy050":  0.0,
"greedy100":  0.4593,
"DP_05":  0.0,
"DP_30":  0.0,
"DP_60":  0.0,
"DP_99":  0.44781249999999995,
"QL_95":  0.3823999999999999,
"QL_55":  0.44414999999999993,
"QL_20":  0.4354,
"RL":  0.46449999999999997}
,
{ "x": 0.15,
"greedy000":  0.0,
"greedy050":  0.0,
"greedy100":  0.4538125,
"DP_05":  0.0,
"DP_30":  0.0,
"DP_60":  0.0,
"DP_99":  0.5188875,
"QL_95":  0.39779999999999993,
"QL_55":  0.45344999999999996,
"QL_20":  0.45188750000000005,
"RL":  0.48942499999999994}
,
{ "x":  0.3,
"greedy000":  0.0,
"greedy050":  0.0,
"greedy100":  0.46003750000000004,
"DP_05":  0.0,
"DP_30":  0.0,
"DP_60":  0.0,
"DP_99":  0.53045,
"QL_95":  0.4119499999999999,
"QL_55":  0.46421250000000003,
"QL_20":  0.4595625000000001,
"RL":  0.5016375}
,
{ "x":  0.45,
"greedy000":  0.0,
"greedy050":  0.0,
"greedy100":  0.4585375,
"DP_05":  0.0,
"DP_30":  0.0,
"DP_60":  0.0,
"DP_99":  0.5329875000000001,
"QL_95":  0.4261125,
"QL_55":  0.46645000000000003,
"QL_20":  0.464975,
"RL":  0.5043625}
,
{ "x":  0.6,
"greedy000":  0.0,
"greedy050":  0.0,
"greedy100":  0.45741249999999994,
"DP_05":  0.0,
"DP_30":  0.0,
"DP_60":  0.0,
"DP_99":  0.5322875,
"QL_95":  0.43588750000000004,
"QL_55":  0.46986250000000007,
"QL_20":  0.467675,
"RL":  0.5073624999999999}
,
{ "x":  0.75,
"greedy000":  0.0,
"greedy050":  0.0,
"greedy100":  0.45945,
"DP_05":  0.0,
"DP_30":  0.0,
"DP_60":  0.0,
"DP_99":  0.5320874999999999,
"QL_95":  0.4469,
"QL_55":  0.4727625,
"QL_20":  0.46687500000000004,
"RL":  0.5111749999999999}
,
{ "x":  0.9,
"greedy000":  0.0,
"greedy050":  0.0,
"greedy100":  0.4544250000000001,
"DP_05":  0.0,
"DP_30":  0.0,
"DP_60":  0.0,
"DP_99":  0.5283625000000001,
"QL_95":  0.44686250000000005,
"QL_55":  0.4681624999999999,
"QL_20":  0.46236250000000007,
"RL":  0.5104249999999999}
,
{ "x": 1.05,
"greedy000": 0.0,
"greedy050":  0.0,
"greedy100":  0.45783749999999995,
"DP_05":  0.0,
"DP_30":  0.0,
"DP_60":  0.0,
"DP_99":  0.5297875000000001,
"QL_95":  0.4496875,
"QL_55":  0.47528750000000003,
"QL_20":  0.4615875,
"RL":  0.51625}
,
{ "x":  1.2,
"greedy000":  0.0,
"greedy050":  0.0,
"greedy100":  0.454725,
"DP_05":  0.0,
"DP_30":  0.0,
"DP_60":  0.0,
"DP_99":  0.53105,
"QL_95":  0.45417500000000005,
"QL_55":  0.47329999999999994,
"QL_20":  0.45917499999999994,
"RL":  0.5164500000000001}
,
{ "x":  1.35,
"greedy000":  0.0,
"greedy050":  0.0,
"greedy100":  0.455275,
"DP_05":  0.0,
"DP_30":  0.0,
"DP_60":  0.0,
"DP_99":  0.5284500000000001,
"QL_95":  0.457925,
"QL_55":  0.4779750000000001,
"QL_20":  0.454125,
"RL":  0.5194624999999998}
,
{ "x":  1.5,
"greedy000":  0.0,
"greedy050":  0.0,
"greedy100":  0.45404999999999995,
"DP_05":  0.0,
"DP_30":  0.0,
"DP_60":  0.0,
"DP_99":  0.5290000000000001,
"QL_95":  0.4574374999999999,
"QL_55":  0.477175,
"QL_20":  0.45535,
"RL":  0.51895}
]}
