{ "x_label":"Omega",
"y_label":"AR",
 "results":[
{ "x":  1.0,
"greedy000":  0.0,
"greedy050":  0.0,
"greedy100":  0.45504999999999995,
"DP_05":  0.0,
"DP_30":  0.0,
"DP_60":  0.0,
"DP_99":  0.531525,
"QL_95":  0.4277375,
"QL_55":  0.46723749999999986,
"QL_20":  0.46343750000000006,
"RL":  0.5065249999999999}
,
{ "x":  1.1,
"greedy000":  0.0,
"greedy050":  0.0,
"greedy100":  0.45656249999999987,
"DP_05":  0.0,
"DP_30":  0.0,
"DP_60":  0.0,
"DP_99":  0.527425,
"QL_95":  0.42933750000000004,
"QL_55":  0.4645125,
"QL_20":  0.4615875000000001,
"RL":  0.504675}
,
{ "x":  1.2,
"greedy000":  0.0,
"greedy050":  0.0,
"greedy100":  0.45376249999999996,
"DP_05":  0.0,
"DP_30":  0.0,
"DP_60":  0.0,
"DP_99":  0.527675,
"QL_95":  0.4327374999999999,
"QL_55":  0.46565,
"QL_20":  0.463275,
"RL":  0.50195}
,
{ "x":  1.3,
"greedy000":  0.0,
"greedy050":  0.0,
"greedy100":  0.45276250000000007,
"DP_05":  0.0,
"DP_30":  0.0,
"DP_60":  0.0,
"DP_99":  0.530375,
"QL_95":  0.43839999999999996,
"QL_55":  0.46941249999999995,
"QL_20":  0.46736249999999996,
"RL":  0.5073000000000001}
,
{ "x": 1.4,
"greedy000":  0.0,
"greedy050":  0.0,
"greedy100":  0.4583375,
"DP_05":  0.0,
"DP_30":  0.0,
"DP_60":  0.0,
"DP_99":  0.5316,
"QL_95":  0.44255000000000005,
"QL_55":  0.46972499999999995,
"QL_20":  0.46959999999999996,
"RL":  0.511}
,
{ "x":  1.5,
"greedy000":  0.0,
"greedy050":  0.0,
"greedy100":  0.4586999999999999,
"DP_05":  0.0,
"DP_30":  0.0,
"DP_60":  0.0,
"DP_99":  0.5301124999999999,
"QL_95":  0.44357500000000005,
"QL_55":  0.477125,
"QL_20":  0.47133749999999985,
"RL":  0.514875}
,
{ "x":  1.6,
"greedy000":  0.0,
"greedy050":  0.0,
"greedy100":  0.4586125,
"DP_05":  0.0,
"DP_30":  0.0,
"DP_60":  0.0,
"DP_99":  0.530375,
"QL_95":  0.443225,
"QL_55":  0.47240000000000004,
"QL_20":  0.465275,
"RL":  0.510275}
,
{ "x":  1.7,
"greedy000":  0.0,
"greedy050":  0.0,
"greedy100":  0.46141250000000006,
"DP_05":  0.0,
"DP_30":  0.0,
"DP_60":  0.0,
"DP_99":  0.534675,
"QL_95":  0.44976249999999995,
"QL_55":  0.475425,
"QL_20":  0.46945,
"RL":  0.5160750000000001}
,
{ "x":  1.8,
"greedy000":  0.0,
"greedy050":  0.0,
"greedy100":  0.4551125,
"DP_05":  0.0,
"DP_30":  0.0,
"DP_60":  0.0,
"DP_99":  0.528475,
"QL_95":  0.4461375,
"QL_55":  0.4710749999999999,
"QL_20":  0.4621625,
"RL":  0.5110750000000001}
,
{ "x":  1.9,
"greedy000":  0.0,
"greedy050":  0.0,
"greedy100":  0.4523125,
"DP_05":  0.0,
"DP_30":  0.0,
"DP_60":  0.0,
"DP_99":  0.5307125,
"QL_95":  0.44948750000000004,
"QL_55":  0.47182500000000005,
"QL_20":  0.46167500000000006,
"RL":  0.5131}
,
{ "x":  2.0,
"greedy000":  0.0,
"greedy050":  0.0,
"greedy100":  0.454225,
"DP_05":  0.0,
"DP_30":  0.0,
"DP_60":  0.0,
"DP_99":  0.5322625000000001,
"QL_95":  0.4486125,
"QL_55":  0.47474999999999995,
"QL_20":  0.4629500000000001,
"RL":  0.516675}
]}
