{ "x_label":"capacity",
"y_label":"Acceptance Rate",
 "results":[
{ "x":  10,
"greedy000":  0.08332059467099134,
"greedy050":  0.09301531708580865,
"greedy100":  0.09262406200394668,
"DP_05":  0.09262406200394668,
"DP_30":  0.09262406200394668,
"DP_60":  0.09262406200394668,
"DP_95":  0.09262406200394668,
"QL":  0.09262406200394668}
,
{ "x":  30,
"greedy000":  0.16074132017871443,
"greedy050":  0.1772423137463348,
"greedy100":  0.19902970885984242,
"DP_05":  0.19902970885984242,
"DP_30":  0.20924028747743467,
"DP_60":  0.2538042598264189,
"DP_95":  0.2596745095630053,
"QL":  0.19902970885984242}
,
{ "x":  50,
"greedy000":  0.21603604035648463,
"greedy050":  0.24352872141794824,
"greedy100":  0.2753222000734864,
"DP_05":  0.2753222000734864,
"DP_30":  0.2753222000734864,
"DP_60":  0.361916339022352,
"DP_95":  0.3943430915116209,
"QL":  0.27531893399256785}
,
{ "x":  70,
"greedy000":  0.27247359909182806,
"greedy050":  0.32080291093640295,
"greedy100":  0.3517877062631145,
"DP_05":  0.3517877062631145,
"DP_30":  0.3517877062631145,
"DP_60":  0.44450508111578335,
"DP_95":  0.47541853879253704,
"QL":  0.3582639756385255}
,
{ "x":  90,
"greedy000":  0.31639963293518464,
"greedy050":  0.3722936361088416,
"greedy100":  0.4225726624027565,
"DP_05":  0.4225726624027565,
"DP_30":  0.4232522740532419,
"DP_60":  0.49859168244644064,
"DP_95":  0.4948877262785308,
"QL":  0.42234385530983365}
,
{ "x":  110,
"greedy000":  0.35723742165983713,
"greedy050":  0.4260126029283362,
"greedy100":  0.4723035681649236,
"DP_05":  0.4723035681649236,
"DP_30":  0.4723035681649236,
"DP_60":  0.5486112027658057,
"DP_95":  0.4970352770055797,
"QL":  0.44281444523471614}
,
{ "x":  130,
"greedy000":  0.39436236290634535,
"greedy050":  0.47809721389815196,
"greedy100":  0.5440283983430139,
"DP_05":  0.5440283983430139,
"DP_30":  0.5440283983430139,
"DP_60":  0.6037380826616474,
"DP_95":  0.49971044286294564,
"QL":  0.5422834514989444}
,
{ "x":  150,
"greedy000":  0.4247331196811094,
"greedy050":  0.5222377471322015,
"greedy100":  0.5908151206844513,
"DP_05":  0.5908151206844513,
"DP_30":  0.5917506716200023,
"DP_60":  0.6492344656918434,
"DP_95":  0.5198876871766311,
"QL":  0.5879686374368396}
,
{ "x":  170,
"greedy000":  0.44796157796033287,
"greedy050":  0.5661069437203183,
"greedy100":  0.6336994916269711,
"DP_05":  0.6336994916269711,
"DP_30":  0.6336994916269711,
"DP_60":  0.691267343656272,
"DP_95":  0.5720440116045431,
"QL":  0.6298654041056835}
,
{ "x":  190,
"greedy000":  0.46865039362001387,
"greedy050":  0.5971628459275198,
"greedy100":  0.689238870185436,
"DP_05":  0.689238870185436,
"DP_30":  0.689238870185436,
"DP_60":  0.7266702707996275,
"DP_95":  0.6038850794700596,
"QL":  0.680218737358592}
,
{ "x":  210,
"greedy000":  0.47975457714976394,
"greedy050":  0.6332757293131893,
"greedy100":  0.71867665625422,
"DP_05":  0.71867665625422,
"DP_30":  0.71867665625422,
"DP_60":  0.7568092157103303,
"DP_95":  0.6244789164508844,
"QL":  0.7047847920612044}
,
{ "x":  230,
"greedy000":  0.48934495779540416,
"greedy050":  0.6697197634775581,
"greedy100":  0.7777548470889324,
"DP_05":  0.7777548470889324,
"DP_30":  0.7777548470889324,
"DP_60":  0.8011986735311044,
"DP_95":  0.6691455304097182,
"QL":  0.7532589947062848}
,
{ "x":  250,
"greedy000":  0.5061973267371023,
"greedy050":  0.6915686907025392,
"greedy100":  0.8135460062875912,
"DP_05":  0.8135460062875912,
"DP_30":  0.8135460062875912,
"DP_60":  0.835483915058399,
"DP_95":  0.7014419049512557,
"QL":  0.7932237869365568}
,
{ "x":  270,
"greedy000":  0.49701395564201817,
"greedy050":  0.7099561560739467,
"greedy100":  0.8577479980454935,
"DP_05":  0.8577479980454935,
"DP_30":  0.8577479980454935,
"DP_60":  0.8700137015536635,
"DP_95":  0.7384001133386375,
"QL":  0.8286796050341605}
,
{ "x":  290,
"greedy000":  0.5035418493405646,
"greedy050":  0.726674190240914,
"greedy100":  0.8832528011416564,
"DP_05":  0.8832528011416564,
"DP_30":  0.8832528011416564,
"DP_60":  0.8939307037339302,
"DP_95":  0.7712723200057654,
"QL":  0.8609436313457692}
,
{ "x":  310,
"greedy000":  0.4945108732580298,
"greedy050":  0.7336335905212424,
"greedy100":  0.9223804469098352,
"DP_05":  0.9223804469098352,
"DP_30":  0.9223804469098352,
"DP_60":  0.9271596534108678,
"DP_95":  0.8165792124450526,
"QL":  0.8641033745810465}
]}
