{ "x_label":"capacity",
"y_label":"Federation Rate",
 "results":[
{ "x":  10,
"greedy000":  0.9166794053290085,
"greedy050":  0.9069846829141914,
"greedy100":  0.9073759379960531,
"DP_05":  0.9073759379960531,
"DP_30":  0.9073759379960531,
"DP_60":  0.9073759379960531,
"DP_95":  0.9073759379960531,
"QL":  0.9073759379960531}
,
{ "x":  30,
"greedy000":  0.8392586798212855,
"greedy050":  0.8227576862536651,
"greedy100":  0.8009702911401574,
"DP_05":  0.8009702911401574,
"DP_30":  0.7907597125225652,
"DP_60":  0.7461957401735809,
"DP_95":  0.7403254904369946,
"QL":  0.8009702911401574}
,
{ "x":  50,
"greedy000":  0.7839639596435154,
"greedy050":  0.7564712785820518,
"greedy100":  0.7246777999265135,
"DP_05":  0.7246777999265135,
"DP_30":  0.7246777999265135,
"DP_60":  0.6380836609776479,
"DP_95":  0.6056569084883793,
"QL":  0.7192436634471312}
,
{ "x":  70,
"greedy000":  0.7275264009081719,
"greedy050":  0.6791970890635971,
"greedy100":  0.6482122937368855,
"DP_05":  0.6482122937368855,
"DP_30":  0.6482122937368855,
"DP_60":  0.5554949188842166,
"DP_95":  0.5245814612074629,
"QL":  0.6300258654795853}
,
{ "x":  90,
"greedy000":  0.6836003670648155,
"greedy050":  0.6277063638911586,
"greedy100":  0.5774273375972436,
"DP_05":  0.5774273375972436,
"DP_30":  0.5767477259467582,
"DP_60":  0.5014083175535592,
"DP_95":  0.5051122737214693,
"QL":  0.5637614704265744}
,
{ "x":  110,
"greedy000":  0.6427625783401629,
"greedy050":  0.5739873970716637,
"greedy100":  0.5276964318350764,
"DP_05":  0.5276964318350764,
"DP_30":  0.5276964318350764,
"DP_60":  0.45138879723419445,
"DP_95":  0.5029647229944203,
"QL":  0.5003695912049161}
,
{ "x":  130,
"greedy000":  0.6056376370936546,
"greedy050":  0.521902786101848,
"greedy100":  0.4559716016569862,
"DP_05":  0.4559716016569862,
"DP_30":  0.4559716016569862,
"DP_60":  0.3962619173383525,
"DP_95":  0.5002895571370544,
"QL":  0.4512723781055331}
,
{ "x":  150,
"greedy000":  0.5752668803188905,
"greedy050":  0.4777622528677985,
"greedy100":  0.4091848793155486,
"DP_05":  0.4091848793155486,
"DP_30":  0.40824932837999767,
"DP_60":  0.3507655343081567,
"DP_95":  0.4801123128233689,
"QL":  0.39745180412723546}
,
{ "x":  170,
"greedy000":  0.552038422039667,
"greedy050":  0.4338930562796818,
"greedy100":  0.36630050837302885,
"DP_05":  0.36630050837302885,
"DP_30":  0.36630050837302885,
"DP_60":  0.3087326563437284,
"DP_95":  0.4279559883954568,
"QL":  0.3597061445504943}
,
{ "x":  190,
"greedy000":  0.5313496063799861,
"greedy050":  0.4028371540724803,
"greedy100":  0.3107611298145641,
"DP_05":  0.3107611298145641,
"DP_30":  0.3107611298145641,
"DP_60":  0.2733297292003726,
"DP_95":  0.39611492052994013,
"QL":  0.3049522289678646}
,
{ "x":  210,
"greedy000":  0.520245422850236,
"greedy050":  0.3667242706868106,
"greedy100":  0.28132334374577994,
"DP_05":  0.28132334374577994,
"DP_30":  0.28132334374577994,
"DP_60":  0.24319078428966973,
"DP_95":  0.3755210835491155,
"QL":  0.28263901486373255}
,
{ "x":  230,
"greedy000":  0.5106550422045959,
"greedy050":  0.3302802365224418,
"greedy100":  0.2222451529110676,
"DP_05":  0.2222451529110676,
"DP_30":  0.2222451529110676,
"DP_60":  0.1988013264688955,
"DP_95":  0.3308544695902818,
"QL":  0.2335805222503115}
,
{ "x":  250,
"greedy000":  0.4938026732628975,
"greedy050":  0.3084313092974608,
"greedy100":  0.18645399371240873,
"DP_05":  0.18645399371240873,
"DP_30":  0.18645399371240873,
"DP_60":  0.16451608494160103,
"DP_95":  0.29855809504874425,
"QL":  0.2002182814338878}
,
{ "x":  270,
"greedy000":  0.5029860443579819,
"greedy050":  0.2900438439260535,
"greedy100":  0.14225200195450624,
"DP_05":  0.14225200195450624,
"DP_30":  0.14225200195450624,
"DP_60":  0.1299862984463366,
"DP_95":  0.26159988666136236,
"QL":  0.14876829676777273}
,
{ "x":  290,
"greedy000":  0.4964581506594352,
"greedy050":  0.27332580975908605,
"greedy100":  0.1167471988583437,
"DP_05":  0.1167471988583437,
"DP_30":  0.1167471988583437,
"DP_60":  0.10606929626606953,
"DP_95":  0.2287276799942346,
"QL":  0.12127396973177702}
,
{ "x":  310,
"greedy000":  0.5054891267419702,
"greedy050":  0.2663664094787576,
"greedy100":  0.0776195530901647,
"DP_05":  0.0776195530901647,
"DP_30":  0.0776195530901647,
"DP_60":  0.0728403465891324,
"DP_95":  0.1834207875549474,
"QL":  0.12495525878752882}
]}
