{ "x_label":"capacity",
"y_label":"Average Profit",
 "results":[
{ "x":  10,
"greedy000":  6.748669877051691,
"greedy050":  7.18493238571847,
"greedy100":  7.16732590703468,
"DP_05":  7.16732590703468,
"DP_30":  7.16732590703468,
"DP_60":  7.16732590703468,
"DP_95":  7.16732590703468,
"QL":  7.16732590703468}
,
{ "x":  30,
"greedy000":  9.247290799495268,
"greedy050":  10.123552322139039,
"greedy100":  11.184658114272185,
"DP_05":  11.184658114272185,
"DP_30":  11.754843181123828,
"DP_60":  14.35149430072058,
"DP_95":  14.706519184844137,
"QL":  11.184658114272185}
,
{ "x":  50,
"greedy000":  10.667716359131612,
"greedy050":  11.930464161419607,
"greedy100":  13.449610267034819,
"DP_05":  13.449610267034819,
"DP_30":  13.449610267034819,
"DP_60":  18.637533262045107,
"DP_95":  20.72170629850833,
"QL":  13.534396643141514}
,
{ "x":  70,
"greedy000":  12.062824593028214,
"greedy050":  14.375464534403642,
"greedy100":  15.878212209117407,
"DP_05":  15.878212209117407,
"DP_30":  15.878212209117407,
"DP_60":  21.446113182854337,
"DP_95":  24.40511221866677,
"QL":  16.308953420099673}
,
{ "x":  90,
"greedy000":  12.940654959326205,
"greedy050":  15.47850512298018,
"greedy100":  17.928902769280352,
"DP_05":  17.928902769280352,
"DP_30":  17.962980439183262,
"DP_60":  22.745666200964518,
"DP_95":  25.25785903013011,
"QL":  18.026985495284073}
,
{ "x":  110,
"greedy000":  13.861151915304285,
"greedy050":  16.884468785471782,
"greedy100":  19.034991636971696,
"DP_05":  19.034991636971696,
"DP_30":  19.034991636971696,
"DP_60":  23.64293481662611,
"DP_95":  25.355103105108615,
"QL":  18.214498350775962}
,
{ "x":  130,
"greedy000":  14.505588981197207,
"greedy050":  17.69465058750763,
"greedy100":  20.83650639258111,
"DP_05":  20.83650639258111,
"DP_30":  20.83650639258111,
"DP_60":  24.8000859000792,
"DP_95":  25.29445831581357,
"QL":  21.020142943277385}
,
{ "x":  150,
"greedy000":  14.97041453604887,
"greedy050":  18.726548305534443,
"greedy100":  21.758504487757456,
"DP_05":  21.758504487757456,
"DP_30":  21.81557309482606,
"DP_60":  25.516181822064112,
"DP_95":  25.31985705755346,
"QL":  21.913675143287588}
,
{ "x":  170,
"greedy000":  15.585546259237043,
"greedy050":  19.913459140089717,
"greedy100":  22.937502293890716,
"DP_05":  22.937502293890716,
"DP_30":  22.937502293890716,
"DP_60":  26.45037006843462,
"DP_95":  26.344569534529036,
"QL":  22.997645115464355}
,
{ "x":  190,
"greedy000":  15.996411007418619,
"greedy050":  20.634203671872477,
"greedy100":  24.290842645161025,
"DP_05":  24.290842645161025,
"DP_30":  24.290842645161025,
"DP_60":  27.143925781928488,
"DP_95":  26.6470772801262,
"QL":  24.200442306792336}
,
{ "x":  210,
"greedy000":  15.690978964933231,
"greedy050":  20.9934644445407,
"greedy100":  24.34126254978495,
"DP_05":  24.34126254978495,
"DP_30":  24.34126254978495,
"DP_60":  26.83778969715908,
"DP_95":  26.213699795974264,
"QL":  24.135988151484764}
,
{ "x":  230,
"greedy000":  16.374628064123193,
"greedy050":  21.908238692245984,
"greedy100":  25.95638146136311,
"DP_05":  25.95638146136311,
"DP_30":  25.95638146136311,
"DP_60":  27.858614428061486,
"DP_95":  27.06457430770551,
"QL":  25.5068798737505}
,
{ "x":  250,
"greedy000":  16.90290645047769,
"greedy050":  22.36673473557669,
"greedy100":  26.762945746528864,
"DP_05":  26.762945746528864,
"DP_30":  26.762945746528864,
"DP_60":  28.49515668004878,
"DP_95":  27.51761719900646,
"QL":  26.129283397886688}
,
{ "x":  270,
"greedy000":  16.336518603217645,
"greedy050":  22.330111416724392,
"greedy100":  27.115999905860896,
"DP_05":  27.115999905860896,
"DP_30":  27.115999905860896,
"DP_60":  28.376574819157582,
"DP_95":  27.304683581558947,
"QL":  26.723256817578523}
,
{ "x":  290,
"greedy000":  16.591570273205583,
"greedy050":  22.68335064191051,
"greedy100":  27.881244838456222,
"DP_05":  27.881244838456222,
"DP_30":  27.881244838456222,
"DP_60":  28.90400108837187,
"DP_95":  27.937936302065815,
"QL":  27.650430431233918}
,
{ "x":  310,
"greedy000":  16.707055794168454,
"greedy050":  23.176521772135,
"greedy100":  28.97694944038027,
"DP_05":  28.97694944038027,
"DP_30":  28.97694944038027,
"DP_60":  29.65489040917124,
"DP_95":  28.770499759402338,
"QL":  27.421802280070686}
]}
