{ "x_label":"PC",
"y_label":"Acceptance Rate",
 "results":[
{ "x":  0,
"greedy000":  0.0,
"greedy050":  0.0,
"greedy100":  0.5141881921264387,
"DP_05":  0.0,
"DP_30":  0.0,
"DP_60":  0.0,
"DP_95":  0.6916700188107674,
"QL_09":  0.7037945473998384,
"QL_05":  0.6524994854844198,
"RL":  0.708614763617027}
,
{ "x":  8,
"greedy000":  0.0,
"greedy050":  0.0,
"greedy100":  0.5206972452475628,
"DP_05":  0.0,
"DP_30":  0.0,
"DP_60":  0.0,
"DP_95":  0.7054717701326079,
"QL_09":  0.6843036977022596,
"QL_05":  0.6252661117016514,
"RL":  0.7103529789809977}
,
{ "x":  16,
"greedy000":  0.0,
"greedy050":  0.0,
"greedy100":  0.5116296495709769,
"DP_05":  0.0,
"DP_30":  0.0,
"DP_60":  0.0,
"DP_95":  0.7055362587864604,
"QL_09":  0.6373744841927077,
"QL_05":  0.6194117997408407,
"RL":  0.7058786302324892}
,
{ "x":  24,
"greedy000":  0.0,
"greedy050":  0.0,
"greedy100":  0.5312917741466177,
"DP_05":  0.0,
"DP_30":  0.0,
"DP_60":  0.0,
"DP_95":  0.7073740812255396,
"QL_09":  0.6226727504789127,
"QL_05":  0.6338710940117194,
"RL":  0.705035842681722}
,
{ "x":  32,
"greedy000":  0.0,
"greedy050":  0.0,
"greedy100":  0.5348256575900995,
"DP_05":  0.0,
"DP_30":  0.0,
"DP_60":  0.0,
"DP_95":  0.7070764626032694,
"QL_09":  0.6186989478588983,
"QL_05":  0.6207850167044401,
"RL":  0.698916961430619}
,
{ "x":  40,
"greedy000":  0.0,
"greedy050":  0.0,
"greedy100":  0.5207454936594701,
"DP_05":  0.0,
"DP_30":  0.0,
"DP_60":  0.0,
"DP_95":  0.7022327800906403,
"QL_09":  0.6144461751375456,
"QL_05":  0.5991636005702062,
"RL":  0.6916599227739739}
,
{ "x":  48,
"greedy000":  0.0,
"greedy050":  0.0,
"greedy100":  0.5361599084189105,
"DP_05":  0.0,
"DP_30":  0.0,
"DP_60":  0.0,
"DP_95":  0.6979622177958003,
"QL_09":  0.6181979113773988,
"QL_05":  0.5968752401928047,
"RL":  0.679728536539322}
,
{ "x":  56,
"greedy000":  0.0,
"greedy050":  0.0,
"greedy100":  0.5253400800978183,
"DP_05":  0.0,
"DP_30":  0.0,
"DP_60":  0.0,
"DP_95":  0.694727196238993,
"QL_09":  0.6225332842564063,
"QL_05":  0.5970152369147184,
"RL":  0.6814722985829091}
,
{ "x":  64,
"greedy000":  0.0,
"greedy050":  0.0,
"greedy100":  0.5213925455666459,
"DP_05":  0.0,
"DP_30":  0.0,
"DP_60":  0.0,
"DP_95":  0.6965244406143893,
"QL_09":  0.6169019541129531,
"QL_05":  0.5946158964065933,
"RL":  0.6819634432949007}
]}
