{ "x_label":"zeta",
"y_label":"Average Profit",
 "results":[
{ "x":  0.0,
"greedy000":  75.01369692285444,
"greedy050":  75.01369692285444,
"greedy100":  75.01369692285444,
"DP_05":  75.01369692285444,
"DP_30":  75.01369692285444,
"DP_60":  75.01369692285444,
"DP_95":  75.01369692285444,
"QL":  74.95773602576983}
,
{ "x":  0.25,
"greedy000":  71.05096957619041,
"greedy050":  71.93667921126902,
"greedy100":  72.50061829369369,
"DP_05":  72.50061829369369,
"DP_30":  72.50061829369369,
"DP_60":  72.50061829369369,
"DP_95":  73.77094193423973,
"QL":  71.87912818470704}
,
{ "x":  0.5,
"greedy000":  67.24233983103241,
"greedy050":  69.06777456944253,
"greedy100":  70.18912832013602,
"DP_05":  70.18912832013602,
"DP_30":  70.18912832013602,
"DP_60":  70.18912832013602,
"DP_95":  72.67451509223815,
"QL":  71.02467905677975}
,
{ "x":  0.75,
"greedy000":  63.32444876251701,
"greedy050":  65.97012281319738,
"greedy100":  67.67127052036378,
"DP_05":  67.67127052036378,
"DP_30":  67.67127052036378,
"DP_60":  67.67127052036378,
"DP_95":  71.43937494461593,
"QL":  69.71763631821898}
,
{ "x":  1.0,
"greedy000":  59.385784292436426,
"greedy050":  62.94584119753548,
"greedy100":  65.13897733542728,
"DP_05":  65.13897733542728,
"DP_30":  65.13897733542728,
"DP_60":  65.13897733542728,
"DP_95":  70.23289102303772,
"QL":  68.25497993793384}
,
{ "x":  1.25,
"greedy000":  55.37357916498327,
"greedy050":  59.81738371589133,
"greedy100":  62.57225545412225,
"DP_05":  62.57225545412225,
"DP_30":  62.57225545412225,
"DP_60":  62.57225545412225,
"DP_95":  68.93406347406986,
"QL":  66.81827510404847}
,
{ "x":  1.5,
"greedy000":  51.586983601112436,
"greedy050":  57.09888567869399,
"greedy100":  60.49769173013489,
"DP_05":  60.49769173013489,
"DP_30":  60.49769173013489,
"DP_60":  60.49769173013489,
"DP_95":  67.99969714922112,
"QL":  65.69132363549343}
,
{ "x":  1.75,
"greedy000":  47.63641044012314,
"greedy050":  54.00541410411174,
"greedy100":  57.8647492368432,
"DP_05":  57.8647492368432,
"DP_30":  57.8647492368432,
"DP_60":  57.8647492368432,
"DP_95":  66.67625249663367,
"QL":  64.67107146483708}
,
{ "x":  2.0,
"greedy000":  43.68743031044064,
"greedy050":  50.62710667701662,
"greedy100":  55.32106763920541,
"DP_05":  55.32106763920541,
"DP_30":  55.32106763920541,
"DP_60":  55.32106763920541,
"DP_95":  65.5159399623252,
"QL":  63.23813058607742}
,
{ "x":  2.25,
"greedy000":  39.93673549326458,
"greedy050":  47.961031874899724,
"greedy100":  52.66150479354614,
"DP_05":  52.66150479354614,
"DP_30":  52.66150479354614,
"DP_60":  52.66150479354614,
"DP_95":  64.28212048999872,
"QL":  61.94102002880553}
,
{ "x":  2.5,
"greedy000":  35.9994646143816,
"greedy050":  45.00219947895951,
"greedy100":  50.769278065867155,
"DP_05":  50.769278065867155,
"DP_30":  50.769278065867155,
"DP_60":  50.769278065867155,
"DP_95":  63.355903024099305,
"QL":  61.10284251036969}
,
{ "x":  2.75,
"greedy000":  32.25954484311249,
"greedy050":  42.209910248602014,
"greedy100":  48.31995739240115,
"DP_05":  50.75129081387111,
"DP_30":  50.75129081387111,
"DP_60":  50.75129081387111,
"DP_95":  63.32197125226979,
"QL":  60.5748777852207}
,
{ "x":  3.0,
"greedy000":  28.021781976702947,
"greedy050":  39.091724738677755,
"greedy100":  45.64330889175522,
"DP_05":  50.54289189131288,
"DP_30":  50.54289189131288,
"DP_60":  50.54289189131288,
"DP_95":  63.23776618223184,
"QL":  60.84931021198172}
,
{ "x":  3.25,
"greedy000":  24.16060606311586,
"greedy050":  35.832455386252214,
"greedy100":  43.09597112005558,
"DP_05":  50.476733163341784,
"DP_30":  50.476733163341784,
"DP_60":  50.476733163341784,
"DP_95":  63.20904385116561,
"QL":  60.32734920275732}
,
{ "x":  3.5,
"greedy000":  20.10458848063441,
"greedy050":  33.11717381810133,
"greedy100":  40.48004140609888,
"DP_05":  50.337824198188144,
"DP_30":  50.337824198188144,
"DP_60":  50.337824198188144,
"DP_95":  63.180363218271495,
"QL":  60.97170568595607}
,
{ "x":  3.75,
"greedy000":  16.491242386843158,
"greedy050":  30.069266628613924,
"greedy100":  38.9109325476741,
"DP_05":  50.94945967982876,
"DP_30":  50.94945967982876,
"DP_60":  50.94945967982876,
"DP_95":  63.31989686254856,
"QL":  61.13915266725006}
,
{ "x":  4.0,
"greedy000":  12.579555317139473,
"greedy050":  27.081284695307097,
"greedy100":  35.69409339592807,
"DP_05":  50.42585103793408,
"DP_30":  50.42585103793408,
"DP_60":  50.42585103793408,
"DP_95":  63.08990485245694,
"QL":  61.12552962934808}
,
{ "x":  4.25,
"greedy000":  8.699030684279336,
"greedy050":  23.756251813721402,
"greedy100":  33.139193116523586,
"DP_05":  50.37328428127953,
"DP_30":  50.37328428127953,
"DP_60":  50.37328428127953,
"DP_95":  63.162609222896585,
"QL":  60.89161656485345}
,
{ "x":  4.5,
"greedy000":  4.414491510020037,
"greedy050":  20.183439166933972,
"greedy100":  30.160519982584322,
"DP_05":  50.04847195701056,
"DP_30":  50.04847195701056,
"DP_60":  50.04847195701056,
"DP_95":  62.83912804246546,
"QL":  60.80009530805275}
,
{ "x":  4.75,
"greedy000":  0.5719088927087098,
"greedy050":  17.812687773746724,
"greedy100":  28.3120825005929,
"DP_05":  50.4452311684568,
"DP_30":  50.4452311684568,
"DP_60":  50.4452311684568,
"DP_95":  63.2605965380658,
"QL":  60.79209781227595}
,
{ "x":  5.0,
"greedy000":  -3.708763917709156,
"greedy050":  14.645584390527432,
"greedy100":  25.392716893154173,
"DP_05":  50.18843069376839,
"DP_30":  50.18843069376839,
"DP_60":  50.18843069376839,
"DP_95":  63.11561348140932,
"QL":  61.035123375371185}
]}
