{ "x_label":"capacity",
"y_label":"Federation Rate",
 "results":[
{ "x":  20,
"greedy000":  0.0,
"greedy050":  0.0,
"greedy100":  0.8599546959814216,
"DP_05":  0.0,
"DP_30":  0.0,
"DP_60":  0.0,
"DP_95":  0.7276965111440868,
"QL":  0.7276965111440868,
"RL":  0.6835371593547552}
,
{ "x":  60,
"greedy000":  0.0,
"greedy050":  0.0,
"greedy100":  0.6716377988621508,
"DP_05":  0.0,
"DP_30":  0.0,
"DP_60":  0.0,
"DP_95":  0.5205618988490304,
"QL":  0.5238609727963672,
"RL":  0.5189080525556102}
,
{ "x":  100,
"greedy000":  0.0,
"greedy050":  0.0,
"greedy100":  0.45503418830445846,
"DP_05":  0.0,
"DP_30":  0.0,
"DP_60":  0.0,
"DP_95":  0.4132414819595195,
"QL":  0.38756654464375007,
"RL":  0.3735134645389474}
,
{ "x":  140,
"greedy000":  0.0,
"greedy050":  0.0,
"greedy100":  0.2997798861252357,
"DP_05":  0.0,
"DP_30":  0.0,
"DP_60":  0.0,
"DP_95":  0.2989857753347331,
"QL":  0.26596922380578614,
"RL":  0.25436743576450593}
,
{ "x":  180,
"greedy000":  0.0,
"greedy050":  0.0,
"greedy100":  0.16984527474336286,
"DP_05":  0.0,
"DP_30":  0.0,
"DP_60":  0.0,
"DP_95":  0.1769111193808363,
"QL":  0.1976873654428451,
"RL":  0.15037889828696602}
,
{ "x":  220,
"greedy000":  0.0,
"greedy050":  0.0,
"greedy100":  0.082391797611817,
"DP_05":  0.0,
"DP_30":  0.0,
"DP_60":  0.0,
"DP_95":  0.09472821323223055,
"QL":  0.17938832968319726,
"RL":  0.07260584113112577}
]}
