{ "x_label":"capacity",
"y_label":"Average Profit",
 "results":[
{ "x":  20,
"greedy000":  0.0,
"greedy050":  0.0,
"greedy100":  27.397605560137578,
"DP_05":  0.0,
"DP_30":  0.0,
"DP_60":  0.0,
"DP_95":  33.836633105396764,
"QL":  33.836633105396764,
"RL":  33.39503958750345}
,
{ "x":  60,
"greedy000":  0.0,
"greedy050":  0.0,
"greedy100":  31.23939946330638,
"DP_05":  0.0,
"DP_30":  0.0,
"DP_60":  0.0,
"DP_95":  42.307629529632116,
"QL":  38.60575110443835,
"RL":  39.15687704243055}
,
{ "x":  100,
"greedy000":  0.0,
"greedy050":  0.0,
"greedy100":  36.25954035339048,
"DP_05":  0.0,
"DP_30":  0.0,
"DP_60":  0.0,
"DP_95":  43.21762479750946,
"QL":  40.57299947814365,
"RL":  41.45619723040152}
,
{ "x":  140,
"greedy000":  0.0,
"greedy050":  0.0,
"greedy100":  39.625413259138114,
"DP_05":  0.0,
"DP_30":  0.0,
"DP_60":  0.0,
"DP_95":  43.663251524264936,
"QL":  41.705552613972365,
"RL":  42.555808879157645}
,
{ "x":  180,
"greedy000":  0.0,
"greedy050":  0.0,
"greedy100":  41.90050357749007,
"DP_05":  0.0,
"DP_30":  0.0,
"DP_60":  0.0,
"DP_95":  44.22932325299145,
"QL":  42.889304649694964,
"RL":  43.35592512073666}
,
{ "x":  220,
"greedy000":  0.0,
"greedy050":  0.0,
"greedy100":  43.557827211610665,
"DP_05":  0.0,
"DP_30":  0.0,
"DP_60":  0.0,
"DP_95":  44.57127034531569,
"QL":  43.18454959651514,
"RL":  43.064270720622346}
]}
