big,small,arrival_time,cpu,mem,disk,lifetime,profit
0,1,0.02817490866491515,1,3,21,1.8132438889309554,4.8089963988575555
1,1,0.7304247278596884,4,2,19,3.007139372442881,3.2998834188329678
