{ "x_label":"episode",
"y_label":"Acceptance Rate",
 "results":[
{ "x":  10,
"greedy000":  0.0,
"greedy050":  0.0,
"greedy100":  0.70194097314544,
"DP_05":  0.0,
"DP_30":  0.0,
"DP_60":  0.0,
"DP_95":  0.7950013294336613,
"QL_09":  0.5293804839138527,
"QL_05":  0.680138261100771,
"RL":  0.74581228396703}
,
{ "x":  30,
"greedy000":  0.0,
"greedy050":  0.0,
"greedy100":  0.6795387503352105,
"DP_05":  0.0,
"DP_30":  0.0,
"DP_60":  0.0,
"DP_95":  0.7830517565030839,
"QL_09":  0.5360686511128989,
"QL_05":  0.7186913381603647,
"RL":  0.7484580316438724}
,
{ "x":  50,
"greedy000":  0.0,
"greedy050":  0.0,
"greedy100":  0.6930066079295154,
"DP_05":  0.0,
"DP_30":  0.0,
"DP_60":  0.0,
"DP_95":  0.7767070484581498,
"QL_09":  0.5591960352422908,
"QL_05":  0.7340308370044053,
"RL":  0.7615638766519823}
,
{ "x":  70,
"greedy000":  0.0,
"greedy050":  0.0,
"greedy100":  0.6706135629709364,
"DP_05":  0.0,
"DP_30":  0.0,
"DP_60":  0.0,
"DP_95":  0.7831001076426265,
"QL_09":  0.6232508073196986,
"QL_05":  0.740043057050592,
"RL":  0.7707212055974165}
,
{ "x":  90,
"greedy000":  0.0,
"greedy050":  0.0,
"greedy100":  0.6749668874172186,
"DP_05":  0.0,
"DP_30":  0.0,
"DP_60":  0.0,
"DP_95":  0.7782781456953642,
"QL_09":  0.6680794701986755,
"QL_05":  0.729271523178808,
"RL":  0.7732450331125827}
,
{ "x":  110,
"greedy000":  0.0,
"greedy050":  0.0,
"greedy100":  0.695474372955289,
"DP_05":  0.0,
"DP_30":  0.0,
"DP_60":  0.0,
"DP_95":  0.7963467829880043,
"QL_09":  0.6316793893129771,
"QL_05":  0.7420937840785169,
"RL":  0.7854416575790621}
,
{ "x":  130,
"greedy000":  0.0,
"greedy050":  0.0,
"greedy100":  0.6616862326574173,
"DP_05":  0.0,
"DP_30":  0.0,
"DP_60":  0.0,
"DP_95":  0.7833511205976521,
"QL_09":  0.7139807897545357,
"QL_05":  0.7524012806830309,
"RL":  0.7716115261472786}
,
{ "x":  150,
"greedy000":  0.0,
"greedy050":  0.0,
"greedy100":  0.675682913765399,
"DP_05":  0.0,
"DP_30":  0.0,
"DP_60":  0.0,
"DP_95":  0.7787895018746652,
"QL_09":  0.7062131762185324,
"QL_05":  0.7423674343867167,
"RL":  0.7809319764327799}
,
{ "x":  170,
"greedy000":  0.0,
"greedy050":  0.0,
"greedy100":  0.7116548276769271,
"DP_05":  0.0,
"DP_30":  0.0,
"DP_60":  0.0,
"DP_95":  0.7995264404104183,
"QL_09":  0.7061299657984741,
"QL_05":  0.7540121020784004,
"RL":  0.7816364114706656}
,
{ "x":  190,
"greedy000":  0.0,
"greedy050":  0.0,
"greedy100":  0.6928920238741183,
"DP_05":  0.0,
"DP_30":  0.0,
"DP_60":  0.0,
"DP_95":  0.7900162778079218,
"QL_09":  0.6983179598480738,
"QL_05":  0.7561041779707,
"RL":  0.7927292457948997}
,
{ "x":  210,
"greedy000":  0.0,
"greedy050":  0.0,
"greedy100":  0.685928303905832,
"DP_05":  0.0,
"DP_30":  0.0,
"DP_60":  0.0,
"DP_95":  0.7846441947565543,
"QL_09":  0.7169609416800428,
"QL_05":  0.7418405564472981,
"RL":  0.7723381487426432}
]}
