{ "x_label":"episode",
"y_label":"Federation Rate",
 "results":[
{ "x":  10,
"greedy000":  0.0,
"greedy050":  0.0,
"greedy100":  0.2184715095868215,
"DP_05":  0.0,
"DP_30":  0.0,
"DP_60":  0.0,
"DP_95":  0.13367539832568187,
"QL_09":  0.17310288954901432,
"QL_05":  0.22414258709154739,
"RL":  0.1477180664326222}
,
{ "x":  40,
"greedy000":  0.0,
"greedy050":  0.0,
"greedy100":  0.21261309207025014,
"DP_05":  0.0,
"DP_30":  0.0,
"DP_60":  0.0,
"DP_95":  0.1271953166577967,
"QL_09":  0.20409792442788718,
"QL_05":  0.1772219265566791,
"RL":  0.13171899946780202}
,
{ "x":  70,
"greedy000":  0.0,
"greedy050":  0.0,
"greedy100":  0.22323830016137708,
"DP_05":  0.0,
"DP_30":  0.0,
"DP_60":  0.0,
"DP_95":  0.12237762237762238,
"QL_09":  0.22646584185045723,
"QL_05":  0.18074233458848843,
"RL":  0.13259817105970953}
,
{ "x":  100,
"greedy000":  0.0,
"greedy050":  0.0,
"greedy100":  0.206631299734748,
"DP_05":  0.0,
"DP_30":  0.0,
"DP_60":  0.0,
"DP_95":  0.13474801061007957,
"QL_09":  0.23050397877984086,
"QL_05":  0.18037135278514588,
"RL":  0.14058355437665782}
,
{ "x":  130,
"greedy000":  0.0,
"greedy050":  0.0,
"greedy100":  0.2280794701986755,
"DP_05":  0.0,
"DP_30":  0.0,
"DP_60":  0.0,
"DP_95":  0.12874172185430463,
"QL_09":  0.1623841059602649,
"QL_05":  0.18384105960264902,
"RL":  0.136158940397351}
,
{ "x":  160,
"greedy000":  0.0,
"greedy050":  0.0,
"greedy100":  0.21323914181057038,
"DP_05":  0.0,
"DP_30":  0.0,
"DP_60":  0.0,
"DP_95":  0.13422291993720564,
"QL_09":  0.21821036106750394,
"QL_05":  0.16771323914181058,
"RL":  0.1425954997383569}
,
{ "x":  190,
"greedy000":  0.0,
"greedy050":  0.0,
"greedy100":  0.2454570111201519,
"DP_05":  0.0,
"DP_30":  0.0,
"DP_60":  0.0,
"DP_95":  0.13913751017087062,
"QL_09":  0.20070518036343912,
"QL_05":  0.1844317873609981,
"RL":  0.13751017087062653}
,
{ "x":  220,
"greedy000":  0.0,
"greedy050":  0.0,
"greedy100":  0.22063492063492063,
"DP_05":  0.0,
"DP_30":  0.0,
"DP_60":  0.0,
"DP_95":  0.1365079365079365,
"QL_09":  0.21746031746031746,
"QL_05":  0.16825396825396827,
"RL":  0.1455026455026455}
,
{ "x":  250,
"greedy000":  0.0,
"greedy050":  0.0,
"greedy100":  0.20635337358886846,
"DP_05":  0.0,
"DP_30":  0.0,
"DP_60":  0.0,
"DP_95":  0.12759254397479652,
"QL_09":  0.2060908374901549,
"QL_05":  0.1816749803097926,
"RL":  0.13441848254134944}
,
{ "x":  280,
"greedy000":  0.0,
"greedy050":  0.0,
"greedy100":  0.2206148282097649,
"DP_05":  0.0,
"DP_30":  0.0,
"DP_60":  0.0,
"DP_95":  0.12890725910617412,
"QL_09":  0.1720485662619478,
"QL_05":  0.17928183931800568,
"RL":  0.13174890209248255}
,
{ "x":  310,
"greedy000":  0.0,
"greedy050":  0.0,
"greedy100":  0.22074113569714743,
"DP_05":  0.0,
"DP_30":  0.0,
"DP_60":  0.0,
"DP_95":  0.1234337509997334,
"QL_09":  0.2295387896560917,
"QL_05":  0.18235137296720874,
"RL":  0.13329778725673153}
]}
