{ "x_label":"episode",
"y_label":"Federation Rate",
 "results":[
{ "x":  10,
"greedy000":  0.0,
"greedy050":  0.0,
"greedy100":  0.20553044403084286,
"DP_05":  0.0,
"DP_30":  0.0,
"DP_60":  0.0,
"DP_95":  0.12922095187450147,
"QL_09":  0.3105557032704068,
"QL_05":  0.21563413985642116,
"RL":  0.12815740494549321}
,
{ "x":  30,
"greedy000":  0.0,
"greedy050":  0.0,
"greedy100":  0.21024403325288282,
"DP_05":  0.0,
"DP_30":  0.0,
"DP_60":  0.0,
"DP_95":  0.12523464735854117,
"QL_09":  0.3024939662107804,
"QL_05":  0.1710914454277286,
"RL":  0.15097881469562885}
,
{ "x":  50,
"greedy000":  0.0,
"greedy050":  0.0,
"greedy100":  0.21338105726872247,
"DP_05":  0.0,
"DP_30":  0.0,
"DP_60":  0.0,
"DP_95":  0.13656387665198239,
"QL_09":  0.3130506607929515,
"QL_05":  0.17455947136563876,
"RL":  0.15143171806167402}
,
{ "x":  70,
"greedy000":  0.0,
"greedy050":  0.0,
"greedy100":  0.22497308934337998,
"DP_05":  0.0,
"DP_30":  0.0,
"DP_60":  0.0,
"DP_95":  0.1267491926803014,
"QL_09":  0.26264800861141013,
"QL_05":  0.1668460710441335,
"RL":  0.13966630785791173}
,
{ "x":  90,
"greedy000":  0.0,
"greedy050":  0.0,
"greedy100":  0.2256953642384106,
"DP_05":  0.0,
"DP_30":  0.0,
"DP_60":  0.0,
"DP_95":  0.1300662251655629,
"QL_09":  0.2243708609271523,
"QL_05":  0.17589403973509934,
"RL":  0.13695364238410596}
,
{ "x":  110,
"greedy000":  0.0,
"greedy050":  0.0,
"greedy100":  0.2167393675027263,
"DP_05":  0.0,
"DP_30":  0.0,
"DP_60":  0.0,
"DP_95":  0.12486368593238822,
"QL_09":  0.2584514721919302,
"QL_05":  0.1766630316248637,
"RL":  0.13685932388222466}
,
{ "x":  130,
"greedy000":  0.0,
"greedy050":  0.0,
"greedy100":  0.2390608324439701,
"DP_05":  0.0,
"DP_30":  0.0,
"DP_60":  0.0,
"DP_95":  0.12459978655282818,
"QL_09":  0.18062966915688367,
"QL_05":  0.15661686232657418,
"RL":  0.14327641408751335}
,
{ "x":  150,
"greedy000":  0.0,
"greedy050":  0.0,
"greedy100":  0.22790573111944296,
"DP_05":  0.0,
"DP_30":  0.0,
"DP_60":  0.0,
"DP_95":  0.1368505623995715,
"QL_09":  0.19603642206748795,
"QL_05":  0.16229244777718266,
"RL":  0.13524370648098555}
,
{ "x":  170,
"greedy000":  0.0,
"greedy050":  0.0,
"greedy100":  0.19836885030255197,
"DP_05":  0.0,
"DP_30":  0.0,
"DP_60":  0.0,
"DP_95":  0.122336227308603,
"QL_09":  0.20599842146803474,
"QL_05":  0.15890555117074454,
"RL":  0.13575374901341752}
,
{ "x":  190,
"greedy000":  0.0,
"greedy050":  0.0,
"greedy100":  0.22219207813347802,
"DP_05":  0.0,
"DP_30":  0.0,
"DP_60":  0.0,
"DP_95":  0.12642430819316333,
"QL_09":  0.20944112859468259,
"QL_05":  0.15979381443298968,
"RL":  0.12099837221920781}
,
{ "x":  210,
"greedy000":  0.0,
"greedy050":  0.0,
"greedy100":  0.20973782771535582,
"DP_05":  0.0,
"DP_30":  0.0,
"DP_60":  0.0,
"DP_95":  0.128143392188336,
"QL_09":  0.18673087212413056,
"QL_05":  0.16265382557517388,
"RL":  0.13830925628678437}
]}
