{ "x_label":"episode",
"y_label":"Average Profit",
 "results":[
{ "x":  10,
"greedy000":  0.0,
"greedy050":  0.0,
"greedy100":  64.68359478862004,
"DP_05":  0.0,
"DP_30":  0.0,
"DP_60":  0.0,
"DP_95":  71.43711778782239,
"QL_09":  58.86067535229992,
"QL_05":  66.2124434990694,
"RL":  68.06567402286626}
,
{ "x":  30,
"greedy000":  0.0,
"greedy050":  0.0,
"greedy100":  63.38160364709037,
"DP_05":  0.0,
"DP_30":  0.0,
"DP_60":  0.0,
"DP_95":  70.64628586752481,
"QL_09":  59.426119603110756,
"QL_05":  66.9133816036471,
"RL":  68.35612764816305}
,
{ "x":  50,
"greedy000":  0.0,
"greedy050":  0.0,
"greedy100":  63.04102422907489,
"DP_05":  0.0,
"DP_30":  0.0,
"DP_60":  0.0,
"DP_95":  69.33370044052863,
"QL_09":  60.023403083700444,
"QL_05":  65.77367841409692,
"RL":  68.22549559471365}
,
{ "x":  70,
"greedy000":  0.0,
"greedy050":  0.0,
"greedy100":  63.28444564047363,
"DP_05":  0.0,
"DP_30":  0.0,
"DP_60":  0.0,
"DP_95":  70.92841765339074,
"QL_09":  63.818622174381055,
"QL_05":  68.0059203444564,
"RL":  69.67976318622175}
,
{ "x":  90,
"greedy000":  0.0,
"greedy050":  0.0,
"greedy100":  63.65562913907285,
"DP_05":  0.0,
"DP_30":  0.0,
"DP_60":  0.0,
"DP_95":  70.50331125827815,
"QL_09":  65.02384105960265,
"QL_05":  67.2251655629139,
"RL":  69.78013245033112}
,
{ "x":  110,
"greedy000":  0.0,
"greedy050":  0.0,
"greedy100":  65.07224645583425,
"DP_05":  0.0,
"DP_30":  0.0,
"DP_60":  0.0,
"DP_95":  71.74345692475464,
"QL_09":  63.906761177753545,
"QL_05":  68.03844056706652,
"RL":  71.0114503816794}
,
{ "x":  130,
"greedy000":  0.0,
"greedy050":  0.0,
"greedy100":  63.36446104589114,
"DP_05":  0.0,
"DP_30":  0.0,
"DP_60":  0.0,
"DP_95":  70.77508004268944,
"QL_09":  66.83564567769477,
"QL_05":  67.61872998932765,
"RL":  69.8679295624333}
,
{ "x":  150,
"greedy000":  0.0,
"greedy050":  0.0,
"greedy100":  63.73192287091591,
"DP_05":  0.0,
"DP_30":  0.0,
"DP_60":  0.0,
"DP_95":  70.6065881092662,
"QL_09":  66.48634172469202,
"QL_05":  66.61355115158007,
"RL":  70.15666845206214}
,
{ "x":  170,
"greedy000":  0.0,
"greedy050":  0.0,
"greedy100":  65.53670086819258,
"DP_05":  0.0,
"DP_30":  0.0,
"DP_60":  0.0,
"DP_95":  71.79426466719285,
"QL_09":  68.15969481715338,
"QL_05":  67.62562483556958,
"RL":  71.07208629308077}
,
{ "x":  190,
"greedy000":  0.0,
"greedy050":  0.0,
"greedy100":  65.38252848616386,
"DP_05":  0.0,
"DP_30":  0.0,
"DP_60":  0.0,
"DP_95":  71.54774823657081,
"QL_09":  67.34671730873576,
"QL_05":  68.53092783505154,
"RL":  71.08247422680412}
,
{ "x":  210,
"greedy000":  0.0,
"greedy050":  0.0,
"greedy100":  63.93659711075441,
"DP_05":  0.0,
"DP_30":  0.0,
"DP_60":  0.0,
"DP_95":  71.39379347244515,
"QL_09":  67.9975922953451,
"QL_05":  67.41305510968432,
"RL":  70.50695559122525}
]}
