{ "x_label":"episode",
"y_label":"Average Profit",
 "results":[
{ "x":  10,
"greedy000":  0.0,
"greedy050":  0.0,
"greedy100":  61.960572508776664,
"DP_05":  0.0,
"DP_30":  0.0,
"DP_60":  0.0,
"DP_95":  70.13637591142317,
"QL_09":  65.10937078044829,
"QL_05":  63.613286524439644,
"RL":  66.94436943019174}
,
{ "x":  40,
"greedy000":  0.0,
"greedy050":  0.0,
"greedy100":  63.93161255987227,
"DP_05":  0.0,
"DP_30":  0.0,
"DP_60":  0.0,
"DP_95":  71.2812666311868,
"QL_09":  66.18547099521022,
"QL_05":  66.36508781266632,
"RL":  69.88823842469398}
,
{ "x":  70,
"greedy000":  0.0,
"greedy050":  0.0,
"greedy100":  61.92442173211404,
"DP_05":  0.0,
"DP_30":  0.0,
"DP_60":  0.0,
"DP_95":  69.82114039806348,
"QL_09":  65.50295857988165,
"QL_05":  64.53738569123185,
"RL":  69.24018289402905}
,
{ "x":  100,
"greedy000":  0.0,
"greedy050":  0.0,
"greedy100":  63.38461538461539,
"DP_05":  0.0,
"DP_30":  0.0,
"DP_60":  0.0,
"DP_95":  70.09681697612731,
"QL_09":  65.39655172413794,
"QL_05":  65.9973474801061,
"RL":  68.84482758620689}
,
{ "x":  130,
"greedy000":  0.0,
"greedy050":  0.0,
"greedy100":  62.904635761589404,
"DP_05":  0.0,
"DP_30":  0.0,
"DP_60":  0.0,
"DP_95":  70.26754966887417,
"QL_09":  68.00794701986754,
"QL_05":  66.21456953642384,
"RL":  69.79602649006623}
,
{ "x":  160,
"greedy000":  0.0,
"greedy050":  0.0,
"greedy100":  64.92543171114599,
"DP_05":  0.0,
"DP_30":  0.0,
"DP_60":  0.0,
"DP_95":  70.75876504447933,
"QL_09":  66.46912611198326,
"QL_05":  67.10884353741497,
"RL":  70.23809523809524}
,
{ "x":  190,
"greedy000":  0.0,
"greedy050":  0.0,
"greedy100":  62.952264713859506,
"DP_05":  0.0,
"DP_30":  0.0,
"DP_60":  0.0,
"DP_95":  70.51125576349335,
"QL_09":  67.12774613506916,
"QL_05":  66.72904800650936,
"RL":  70.08679142934635}
,
{ "x":  220,
"greedy000":  0.0,
"greedy050":  0.0,
"greedy100":  63.033068783068785,
"DP_05":  0.0,
"DP_30":  0.0,
"DP_60":  0.0,
"DP_95":  69.45238095238095,
"QL_09":  65.43783068783068,
"QL_05":  66.28306878306879,
"RL":  68.60185185185185}
,
{ "x":  250,
"greedy000":  0.0,
"greedy050":  0.0,
"greedy100":  64.207140981885,
"DP_05":  0.0,
"DP_30":  0.0,
"DP_60":  0.0,
"DP_95":  70.81254922551851,
"QL_09":  65.93725387240745,
"QL_05":  66.92045156208978,
"RL":  70.26253609871357}
,
{ "x":  280,
"greedy000":  0.0,
"greedy050":  0.0,
"greedy100":  63.1890984241798,
"DP_05":  0.0,
"DP_30":  0.0,
"DP_60":  0.0,
"DP_95":  70.97907517437355,
"QL_09":  67.76931025574787,
"QL_05":  67.2758977008525,
"RL":  70.63678636011366}
,
{ "x":  310,
"greedy000":  0.0,
"greedy050":  0.0,
"greedy100":  62.63263129832045,
"DP_05":  0.0,
"DP_30":  0.0,
"DP_60":  0.0,
"DP_95":  69.94534790722474,
"QL_09":  65.55718475073314,
"QL_05":  65.63583044521461,
"RL":  69.60143961610237}
]}
