{ "x_label":"capacity",
"y_label":"Acceptance Rate",
 "results":[
{ "x":  20,
"greedy000":  0.21273436055003705,
"greedy050":  0.26784694820448013,
"greedy100":  0.29959846254860556,
"DP_05":  0.29959846254860556,
"DP_30":  0.29959846254860556,
"DP_60":  0.29959846254860556,
"DP_95":  0.29959846254860556,
"QL":  0.2591086462075729}
,
{ "x":  40,
"greedy000":  0.20004676077405734,
"greedy050":  0.25386196883687573,
"greedy100":  0.3212206248444919,
"DP_05":  0.3212206248444919,
"DP_30":  0.4203098403483924,
"DP_60":  0.46485095758265527,
"DP_95":  0.46485095758265527,
"QL":  0.4610568401324115}
,
{ "x":  60,
"greedy000":  0.26299703847376843,
"greedy050":  0.36591410044159467,
"greedy100":  0.4489734799974842,
"DP_05":  0.4489734799974842,
"DP_30":  0.4705149774045266,
"DP_60":  0.4818161767903681,
"DP_95":  0.501216571767563,
"QL":  0.4588009385309698}
,
{ "x":  80,
"greedy000":  0.30432429375702236,
"greedy050":  0.38257644475396596,
"greedy100":  0.4456531321298544,
"DP_05":  0.4456531321298544,
"DP_30":  0.4900404142476983,
"DP_60":  0.52016348592832,
"DP_95":  0.5005585382405875,
"QL":  0.517856548055156}
,
{ "x":  100,
"greedy000":  0.311916916182764,
"greedy050":  0.3996982032250809,
"greedy100":  0.4935345770153251,
"DP_05":  0.4935345770153251,
"DP_30":  0.550332047194179,
"DP_60":  0.566007402344322,
"DP_95":  0.543456103998851,
"QL":  0.5127066429282576}
,
{ "x":  120,
"greedy000":  0.3519938939314151,
"greedy050":  0.466681090188066,
"greedy100":  0.5581248552337496,
"DP_05":  0.5581248552337496,
"DP_30":  0.5782001083893403,
"DP_60":  0.5884287601445027,
"DP_95":  0.5850601048239816,
"QL":  0.5515345811252468}
,
{ "x":  140,
"greedy000":  0.38297393748078506,
"greedy050":  0.488919690424731,
"greedy100":  0.5737190243827109,
"DP_05":  0.5737190243827109,
"DP_30":  0.610390900545068,
"DP_60":  0.6258140666211618,
"DP_95":  0.6152969497668066,
"QL":  0.6029579067132969}
,
{ "x":  160,
"greedy000":  0.39743656516773007,
"greedy050":  0.5118846783488022,
"greedy100":  0.6193408717776641,
"DP_05":  0.6193408717776641,
"DP_30":  0.6512618814547172,
"DP_60":  0.6587462674086628,
"DP_95":  0.635603891875382,
"QL":  0.592956985763786}
,
{ "x":  180,
"greedy000":  0.42214872975321416,
"greedy050":  0.5553484242059541,
"greedy100":  0.6599562139704396,
"DP_05":  0.6599562139704396,
"DP_30":  0.6756249171672094,
"DP_60":  0.6821642412160289,
"DP_95":  0.6707156171133996,
"QL":  0.6315801973011456}
,
{ "x":  200,
"greedy000":  0.44327989038451066,
"greedy050":  0.578689671924215,
"greedy100":  0.6810918302433613,
"DP_05":  0.6810918302433613,
"DP_30":  0.7088726658870488,
"DP_60":  0.7160158840210282,
"DP_95":  0.7048595768594007,
"QL":  0.6702487668079637}
,
{ "x":  220,
"greedy000":  0.45345878268121237,
"greedy050":  0.5987873488865969,
"greedy100":  0.7204227337095757,
"DP_05":  0.7204227337095757,
"DP_30":  0.7405111788279287,
"DP_60":  0.7434160726825167,
"DP_95":  0.7223548033605469,
"QL":  0.6765151289361025}
,
{ "x":  240,
"greedy000":  0.46979767686753765,
"greedy050":  0.634062503820778,
"greedy100":  0.7540972927406696,
"DP_05":  0.7540972927406696,
"DP_30":  0.7665676776936506,
"DP_60":  0.7688215440518384,
"DP_95":  0.7575840783241675,
"QL":  0.698218980068177}
,
{ "x":  260,
"greedy000":  0.4793449443339076,
"greedy050":  0.6506337325385813,
"greedy100":  0.7776160833647491,
"DP_05":  0.7776160833647491,
"DP_30":  0.7922129530391191,
"DP_60":  0.7946656115603153,
"DP_95":  0.7878914516140265,
"QL":  0.7031544286121945}
,
{ "x":  280,
"greedy000":  0.485276730747337,
"greedy050":  0.6685994660790192,
"greedy100":  0.811098533273455,
"DP_05":  0.811098533273455,
"DP_30":  0.8222802697772293,
"DP_60":  0.8228321193070268,
"DP_95":  0.8075110536184855,
"QL":  0.6537988238741533}
,
{ "x":  300,
"greedy000":  0.490693635609506,
"greedy050":  0.6869588157617482,
"greedy100":  0.8363317345901222,
"DP_05":  0.8363317345901222,
"DP_30":  0.843446857770888,
"DP_60":  0.8423305727848076,
"DP_95":  0.8317084887816492,
"QL":  0.7319882571828409}
,
{ "x":  320,
"greedy000":  0.4938760524476839,
"greedy050":  0.7009506947888355,
"greedy100":  0.8561841966566549,
"DP_05":  0.8561841966566549,
"DP_30":  0.8641197525799805,
"DP_60":  0.8649097883151189,
"DP_95":  0.8573697066917084,
"QL":  0.7398745152831302}
,
{ "x":  340,
"greedy000":  0.49612400889500546,
"greedy050":  0.7143969582966279,
"greedy100":  0.8810719273385821,
"DP_05":  0.8810719273385821,
"DP_30":  0.8857905455843949,
"DP_60":  0.8858960816138207,
"DP_95":  0.876777931352923,
"QL":  0.736108156307328}
,
{ "x":  360,
"greedy000":  0.4985142833440309,
"greedy050":  0.7213710143927223,
"greedy100":  0.9014421416957408,
"DP_05":  0.9014421416957408,
"DP_30":  0.9040251266162359,
"DP_60":  0.9040251266162359,
"DP_95":  0.8952027709205941,
"QL":  0.7571686013983787}
,
{ "x":  380,
"greedy000":  0.49916388544650764,
"greedy050":  0.7302841797987722,
"greedy100":  0.9144670431403444,
"DP_05":  0.9144670431403444,
"DP_30":  0.9177979348892663,
"DP_60":  0.9173315302196482,
"DP_95":  0.9137523697520308,
"QL":  0.749158453743763}
,
{ "x":  400,
"greedy000":  0.4992114172028582,
"greedy050":  0.7351286424628471,
"greedy100":  0.9347456623966913,
"DP_05":  0.9347456623966913,
"DP_30":  0.937015327391487,
"DP_60":  0.93686684032948,
"DP_95":  0.9324172931888499,
"QL":  0.6827277134919136}
]}
