{ "x_label":"capacity",
"y_label":"Acceptance Rate",
 "results":[
{ "x":  30,
"greedy000":  0.08310575526270156,
"greedy050":  0.08997635903002385,
"greedy100":  0.09810014938232733,
"DP_05":  0.09810014938232733,
"DP_30":  0.13253220972122964,
"DP_60":  0.13435672844105623,
"DP_95":  0.13435672844105623,
"QL":  0.12381628417942987}
,
{ "x":  130,
"greedy000":  0.3256844077855264,
"greedy050":  0.36318219360731824,
"greedy100":  0.381963413805346,
"DP_05":  0.381963413805346,
"DP_30":  0.4345143225582313,
"DP_60":  0.4499823950062023,
"DP_95":  0.45957697413985166,
"QL":  0.43399543430333515}
,
{ "x":  230,
"greedy000":  0.47100778105473096,
"greedy050":  0.5805263044494426,
"greedy100":  0.6308273639687235,
"DP_05":  0.6308273639687235,
"DP_30":  0.6634341392022801,
"DP_60":  0.6633594372215758,
"DP_95":  0.6297016533227605,
"QL":  0.6410871506983052}
,
{ "x":  330,
"greedy000":  0.5013143872334208,
"greedy050":  0.7137912002709028,
"greedy100":  0.8315698533662255,
"DP_05":  0.8315698533662255,
"DP_30":  0.8349330297768492,
"DP_60":  0.843391056130204,
"DP_95":  0.8176426816707822,
"QL":  0.7058219217601646}
]}
