{ "x_label":"capacity",
"y_label":"Federation Rate",
 "results":[
{ "x":  20,
"greedy000":  0.7872656394499631,
"greedy050":  0.73215305179552,
"greedy100":  0.7004015374513946,
"DP_05":  0.7004015374513946,
"DP_30":  0.7004015374513946,
"DP_60":  0.7004015374513946,
"DP_95":  0.7004015374513946,
"QL":  0.6688988003789429}
,
{ "x":  40,
"greedy000":  0.7999532392259427,
"greedy050":  0.7461380311631242,
"greedy100":  0.6787793751555082,
"DP_05":  0.6787793751555082,
"DP_30":  0.5796901596516078,
"DP_60":  0.5351490424173446,
"DP_95":  0.5351490424173446,
"QL":  0.403758412039933}
,
{ "x":  60,
"greedy000":  0.7370029615262315,
"greedy050":  0.6340858995584056,
"greedy100":  0.5510265200025157,
"DP_05":  0.5510265200025157,
"DP_30":  0.5294850225954735,
"DP_60":  0.518183823209632,
"DP_95":  0.49878342823243693,
"QL":  0.42042299831134794}
,
{ "x":  80,
"greedy000":  0.6956757062429777,
"greedy050":  0.6174235552460342,
"greedy100":  0.5543468678701455,
"DP_05":  0.5543468678701455,
"DP_30":  0.5099595857523018,
"DP_60":  0.47983651407167993,
"DP_95":  0.4994414617594125,
"QL":  0.37149901754311576}
,
{ "x":  100,
"greedy000":  0.6880830838172359,
"greedy050":  0.6003017967749191,
"greedy100":  0.5064654229846749,
"DP_05":  0.5064654229846749,
"DP_30":  0.4496679528058209,
"DP_60":  0.43399259765567794,
"DP_95":  0.45654389600114903,
"QL":  0.3553085216400043}
,
{ "x":  120,
"greedy000":  0.6480061060685849,
"greedy050":  0.5333189098119341,
"greedy100":  0.4418751447662504,
"DP_05":  0.4418751447662504,
"DP_30":  0.4217998916106597,
"DP_60":  0.41157123985549726,
"DP_95":  0.4149398951760184,
"QL":  0.349210726683628}
,
{ "x":  140,
"greedy000":  0.617026062519215,
"greedy050":  0.511080309575269,
"greedy100":  0.42628097561728906,
"DP_05":  0.42628097561728906,
"DP_30":  0.38960909945493183,
"DP_60":  0.37418593337883826,
"DP_95":  0.3847030502331934,
"QL":  0.3018261528548916}
,
{ "x":  160,
"greedy000":  0.6025634348322699,
"greedy050":  0.48811532165119775,
"greedy100":  0.38065912822233594,
"DP_05":  0.38065912822233594,
"DP_30":  0.34873811854528286,
"DP_60":  0.34125373259133707,
"DP_95":  0.3643961081246179,
"QL":  0.32463611962317984}
,
{ "x":  180,
"greedy000":  0.5778512702467858,
"greedy050":  0.44465157579404585,
"greedy100":  0.3400437860295604,
"DP_05":  0.3400437860295604,
"DP_30":  0.3243750828327906,
"DP_60":  0.3178357587839711,
"DP_95":  0.3292843828866004,
"QL":  0.27620346601191753}
,
{ "x":  200,
"greedy000":  0.5567201096154893,
"greedy050":  0.42131032807578483,
"greedy100":  0.3189081697566388,
"DP_05":  0.3189081697566388,
"DP_30":  0.2911273341129513,
"DP_60":  0.28398411597897183,
"DP_95":  0.29514042314059946,
"QL":  0.25085813831984927}
,
{ "x":  220,
"greedy000":  0.5465412173187876,
"greedy050":  0.4012126511134032,
"greedy100":  0.2795772662904243,
"DP_05":  0.2795772662904243,
"DP_30":  0.2594888211720712,
"DP_60":  0.25658392731748314,
"DP_95":  0.27764519663945303,
"QL":  0.2448528228454517}
,
{ "x":  240,
"greedy000":  0.5302023231324624,
"greedy050":  0.365937496179222,
"greedy100":  0.24590270725933044,
"DP_05":  0.24590270725933044,
"DP_30":  0.23343232230634942,
"DP_60":  0.2311784559481615,
"DP_95":  0.2424159216758325,
"QL":  0.23085589627730013}
,
{ "x":  260,
"greedy000":  0.5206550556660925,
"greedy050":  0.34936626746141874,
"greedy100":  0.2223839166352511,
"DP_05":  0.2223839166352511,
"DP_30":  0.20778704696088096,
"DP_60":  0.2053343884396845,
"DP_95":  0.2121085483859734,
"QL":  0.22775044055654767}
,
{ "x":  280,
"greedy000":  0.5147232692526629,
"greedy050":  0.3314005339209807,
"greedy100":  0.18890146672654498,
"DP_05":  0.18890146672654498,
"DP_30":  0.17771973022277066,
"DP_60":  0.17716788069297315,
"DP_95":  0.19248894638151434,
"QL":  0.26430025547407976}
,
{ "x":  300,
"greedy000":  0.509306364390494,
"greedy050":  0.3130411842382517,
"greedy100":  0.1636682654098778,
"DP_05":  0.1636682654098778,
"DP_30":  0.15655314222911193,
"DP_60":  0.15766942721519245,
"DP_95":  0.16829151121835106,
"QL":  0.20325437584269662}
,
{ "x":  320,
"greedy000":  0.5061239475523163,
"greedy050":  0.29904930521116435,
"greedy100":  0.14381580334334515,
"DP_05":  0.14381580334334515,
"DP_30":  0.1358802474200194,
"DP_60":  0.13509021168488095,
"DP_95":  0.14263029330829172,
"QL":  0.19586653937528942}
,
{ "x":  340,
"greedy000":  0.5038759911049946,
"greedy050":  0.28560304170337203,
"greedy100":  0.11892807266141774,
"DP_05":  0.11892807266141774,
"DP_30":  0.1142094544156053,
"DP_60":  0.11410391838617928,
"DP_95":  0.12322206864707685,
"QL":  0.2069763563017401}
,
{ "x":  360,
"greedy000":  0.501485716655969,
"greedy050":  0.2786289856072776,
"greedy100":  0.09855785830425916,
"DP_05":  0.09855785830425916,
"DP_30":  0.09597487338376406,
"DP_60":  0.09597487338376406,
"DP_95":  0.10479722907940585,
"QL":  0.18799481443521562}
,
{ "x":  380,
"greedy000":  0.5008361145534923,
"greedy050":  0.26971582020122775,
"greedy100":  0.0855329568596556,
"DP_05":  0.0855329568596556,
"DP_30":  0.08220206511073366,
"DP_60":  0.08266846978035194,
"DP_95":  0.08624763024796911,
"QL":  0.20313893883854214}
,
{ "x":  400,
"greedy000":  0.5007885827971418,
"greedy050":  0.2648713575371529,
"greedy100":  0.06525433760330863,
"DP_05":  0.06525433760330863,
"DP_30":  0.06298467260851308,
"DP_60":  0.06313315967051998,
"DP_95":  0.06758270681115008,
"QL":  0.22001640562105126}
]}
