{ "x_label":"capacity",
"y_label":"Federation Rate",
 "results":[
{ "x":  30,
"greedy000":  0.9168942447372984,
"greedy050":  0.9100236409699759,
"greedy100":  0.9018998506176725,
"DP_05":  0.9018998506176725,
"DP_30":  0.8674677902787703,
"DP_60":  0.8656432715589439,
"DP_95":  0.8656432715589439,
"QL":  0.8336385938745121}
,
{ "x":  130,
"greedy000":  0.6743155922144736,
"greedy050":  0.6368178063926815,
"greedy100":  0.618036586194654,
"DP_05":  0.618036586194654,
"DP_30":  0.5654856774417686,
"DP_60":  0.5500176049937977,
"DP_95":  0.5404230258601482,
"QL":  0.5441799332603258}
,
{ "x":  230,
"greedy000":  0.5289922189452692,
"greedy050":  0.4194736955505573,
"greedy100":  0.36917263603127626,
"DP_05":  0.36917263603127626,
"DP_30":  0.33656586079771983,
"DP_60":  0.3366405627784243,
"DP_95":  0.3702983466772394,
"QL":  0.34928255669511066}
,
{ "x":  330,
"greedy000":  0.49868561276657913,
"greedy050":  0.2862087997290972,
"greedy100":  0.16843014663377448,
"DP_05":  0.16843014663377448,
"DP_30":  0.1650669702231506,
"DP_60":  0.15660894386979582,
"DP_95":  0.18235731832921778,
"QL":  0.2853572885752894}
]}
