{ "x_label":"capacity",
"y_label":"Average Profit",
 "results":[
{ "x":  30,
"greedy000":  25.3426168996465,
"greedy050":  25.54586598620668,
"greedy100":  25.99196560495369,
"DP_05":  25.99196560495369,
"DP_30":  28.21571973715791,
"DP_60":  28.362196777170226,
"DP_95":  28.362196777170226,
"QL":  24.34078045463165}
,
{ "x":  130,
"greedy000":  30.74990304647664,
"greedy050":  31.985228951133035,
"greedy100":  32.77210434118974,
"DP_05":  32.77210434118974,
"DP_30":  36.60147233002549,
"DP_60":  37.77127237405387,
"DP_95":  41.30388601634784,
"QL":  38.53987761465252}
]}
