{ "x_label":"capacity",
"y_label":"Average Profit",
 "results":[
{ "x":  30,
"greedy000":  25.16608303500561,
"greedy050":  25.510004594219645,
"greedy100":  25.94446199404864,
"DP_05":  25.94446199404864,
"DP_30":  28.157346028202262,
"DP_60":  28.280283871126432,
"DP_95":  28.280283871126432,
"QL":  27.404540381097718}
,
{ "x":  130,
"greedy000":  30.6720070489503,
"greedy050":  32.04747655824731,
"greedy100":  32.823428036182875,
"DP_05":  32.823428036182875,
"DP_30":  36.71314988405926,
"DP_60":  37.89503869714586,
"DP_95":  41.39286257399839,
"QL":  38.97766147907691}
,
{ "x":  230,
"greedy000":  33.42384400416212,
"greedy050":  36.321589163399594,
"greedy100":  37.967289259409476,
"DP_05":  37.967289259409476,
"DP_30":  40.7750888840201,
"DP_60":  40.80770507681872,
"DP_95":  43.37453698907278,
"QL":  40.95358425847216}
,
{ "x":  330,
"greedy000":  34.031884551389,
"greedy050":  38.82340849229021,
"greedy100":  41.89449409946039,
"DP_05":  41.89449409946039,
"DP_30":  42.209869166785275,
"DP_60":  43.30717110966656,
"DP_95":  44.189203982931566,
"QL":  41.50977950607292}
]}
