{ "x_label":"capacity",
"y_label":"Average Profit",
 "results":[
{ "x":  20,
"greedy000":  17.513635899762562,
"greedy050":  19.71813940594028,
"greedy100":  20.988199979705296,
"DP_05":  20.988199979705296,
"DP_30":  20.988199979705296,
"DP_60":  20.988199979705296,
"DP_95":  20.988199979705296,
"QL":  18.792666898756117}
,
{ "x":  40,
"greedy000":  15.598091462528354,
"greedy050":  17.854986089637393,
"greedy100":  20.7876533548855,
"DP_05":  20.7876533548855,
"DP_30":  25.429391169815535,
"DP_60":  27.593524611381447,
"DP_95":  27.593524611381447,
"QL":  26.34708058803808}
,
{ "x":  60,
"greedy000":  17.62214718835981,
"greedy050":  21.84245798663905,
"greedy100":  25.210758521293496,
"DP_05":  25.210758521293496,
"DP_30":  26.2671661361717,
"DP_60":  26.923128166816735,
"DP_95":  29.05457534384509,
"QL":  25.76384339017435}
,
{ "x":  80,
"greedy000":  18.125969824725097,
"greedy050":  21.151614738883204,
"greedy100":  23.727249862981328,
"DP_05":  23.727249862981328,
"DP_30":  25.945903976184745,
"DP_60":  27.62471233490097,
"DP_95":  29.023537933654097,
"QL":  27.30683770319404}
,
{ "x":  100,
"greedy000":  17.368287466288578,
"greedy050":  20.833919422534933,
"greedy100":  24.72563166946876,
"DP_05":  24.72563166946876,
"DP_30":  27.483777494852358,
"DP_60":  28.37823966099456,
"DP_95":  29.0159964721954,
"QL":  25.666901891017652}
,
{ "x":  120,
"greedy000":  18.474743731189278,
"greedy050":  22.790031797357656,
"greedy100":  26.343864057632203,
"DP_05":  26.343864057632203,
"DP_30":  27.450270785449135,
"DP_60":  28.13519366106838,
"DP_95":  29.115903031481377,
"QL":  26.62508518867844}
,
{ "x":  140,
"greedy000":  18.706872434224444,
"greedy050":  22.381120436041147,
"greedy100":  25.671457077478852,
"DP_05":  25.671457077478852,
"DP_30":  27.66327248411393,
"DP_60":  28.645326711807297,
"DP_95":  29.19777918865811,
"QL":  27.585806275436436}
,
{ "x":  160,
"greedy000":  18.52850833227372,
"greedy050":  22.570888148802588,
"greedy100":  26.71091811722161,
"DP_05":  26.71091811722161,
"DP_30":  28.39787630625479,
"DP_60":  28.894074316519557,
"DP_95":  29.266145613176786,
"QL":  26.674143769464262}
,
{ "x":  180,
"greedy000":  18.975394093584985,
"greedy050":  23.438292876481263,
"greedy100":  27.261955842553554,
"DP_05":  27.261955842553554,
"DP_30":  28.18839462191997,
"DP_60":  28.735931298407206,
"DP_95":  29.22844098429318,
"QL":  27.342003031659736}
,
{ "x":  200,
"greedy000":  19.175732446627457,
"greedy050":  23.317559810937375,
"greedy100":  27.053085316053597,
"DP_05":  27.053085316053597,
"DP_30":  28.59364903127336,
"DP_60":  29.108919161020474,
"DP_95":  29.42062429752992,
"QL":  27.89491541207595}
,
{ "x":  220,
"greedy000":  19.08968176303798,
"greedy050":  23.471558115700137,
"greedy100":  27.749440430041904,
"DP_05":  27.749440430041904,
"DP_30":  28.874167843878535,
"DP_60":  29.19141547340727,
"DP_95":  29.384466218808292,
"QL":  27.859357049457213}
,
{ "x":  240,
"greedy000":  19.406302729850225,
"greedy050":  24.11228588273274,
"greedy100":  28.162717823801394,
"DP_05":  28.162717823801394,
"DP_30":  28.9188414885078,
"DP_60":  29.272381786828795,
"DP_95":  29.5441944720663,
"QL":  28.097904707009377}
,
{ "x":  260,
"greedy000":  19.34255017162057,
"greedy050":  23.928302232841098,
"greedy100":  28.013700104182988,
"DP_05":  28.013700104182988,
"DP_30":  28.991493426810912,
"DP_60":  29.319389399690806,
"DP_95":  29.500673299401104,
"QL":  27.887186380999122}
,
{ "x":  280,
"greedy000":  19.445667288913615,
"greedy050":  24.21559266904023,
"greedy100":  28.709639073679107,
"DP_05":  28.709639073679107,
"DP_30":  29.39488916527505,
"DP_60":  29.470050859640473,
"DP_95":  29.688888558623347,
"QL":  26.2675753815197}
,
{ "x":  300,
"greedy000":  19.48402003023068,
"greedy050":  24.363312099223627,
"greedy100":  28.870014339637112,
"DP_05":  28.870014339637112,
"DP_30":  29.39416412751816,
"DP_60":  29.601396062594723,
"DP_95":  29.71762975230765,
"QL":  28.259987726237995}
,
{ "x":  320,
"greedy000":  19.47284758548961,
"greedy050":  24.419527211277185,
"greedy100":  28.8535364484835,
"DP_05":  28.8535364484835,
"DP_30":  29.463281819737112,
"DP_60":  29.646691933108023,
"DP_95":  29.72015647106506,
"QL":  28.316275802603407}
,
{ "x":  340,
"greedy000":  19.41487204347613,
"greedy050":  24.49636173659362,
"greedy100":  29.130931555814062,
"DP_05":  29.130931555814062,
"DP_30":  29.524314764397747,
"DP_60":  29.5603071292457,
"DP_95":  29.6800782459127,
"QL":  28.270709609062266}
,
{ "x":  360,
"greedy000":  19.485771329507184,
"greedy050":  24.527334686842572,
"greedy100":  29.31215940574188,
"DP_05":  29.31215940574188,
"DP_30":  29.60604793363486,
"DP_60":  29.60604793363486,
"DP_95":  29.763998669616097,
"QL":  28.405568983997448}
,
{ "x":  380,
"greedy000":  19.470320071838238,
"greedy050":  24.548249809357014,
"greedy100":  29.27912481182226,
"DP_05":  29.27912481182226,
"DP_30":  29.633226725767123,
"DP_60":  29.71711121043443,
"DP_95":  29.762759531902827,
"QL":  28.409065225764845}
,
{ "x":  400,
"greedy000":  19.514143951971995,
"greedy050":  24.64904670215271,
"greedy100":  29.59930769548972,
"DP_05":  29.59930769548972,
"DP_30":  29.816731358548502,
"DP_60":  29.831684604818253,
"DP_95":  29.88135006985748,
"QL":  26.046855953156914}
]}
