{ "x_label":"episode",
"y_label":"Acceptance Rate",
 "results":[
{ "x":  20,
"greedy000":  0.0,
"greedy050":  0.0,
"greedy100":  0.6862999999999999,
"DP_05":  0.0,
"DP_30":  0.0,
"DP_60":  0.0,
"DP_95":  0.7213799999999999,
"QL_09":  0.34828000000000003,
"QL_05":  0.35819999999999996,
"RL":  0.35966}
,
{ "x":  70,
"greedy000":  0.0,
"greedy050":  0.0,
"greedy100":  0.6860999999999999,
"DP_05":  0.0,
"DP_30":  0.0,
"DP_60":  0.0,
"DP_95":  0.72026,
"QL_09":  0.43010000000000004,
"QL_05":  0.45291999999999993,
"RL":  0.5135799999999999}
,
{ "x":  120,
"greedy000":  0.0,
"greedy050":  0.0,
"greedy100":  0.6851200000000001,
"DP_05":  0.0,
"DP_30":  0.0,
"DP_60":  0.0,
"DP_95":  0.72214,
"QL_09":  0.46038000000000007,
"QL_05":  0.48954000000000003,
"RL":  0.55618}
,
{ "x":  170,
"greedy000":  0.0,
"greedy050":  0.0,
"greedy100":  0.68454,
"DP_05":  0.0,
"DP_30":  0.0,
"DP_60":  0.0,
"DP_95":  0.71948,
"QL_09":  0.47413999999999995,
"QL_05":  0.50534,
"RL":  0.57456}
,
{ "x":  220,
"greedy000":  0.0,
"greedy050":  0.0,
"greedy100":  0.68614,
"DP_05":  0.0,
"DP_30":  0.0,
"DP_60":  0.0,
"DP_95":  0.72042,
"QL_09":  0.48152,
"QL_05":  0.51844,
"RL":  0.58848}
,
{ "x":  270,
"greedy000":  0.0,
"greedy050":  0.0,
"greedy100":  0.67504,
"DP_05":  0.0,
"DP_30":  0.0,
"DP_60":  0.0,
"DP_95":  0.71434,
"QL_09":  0.4838800000000001,
"QL_05":  0.52916,
"RL":  0.59158}
,
{ "x":  320,
"greedy000":  0.0,
"greedy050":  0.0,
"greedy100":  0.6822999999999999,
"DP_05":  0.0,
"DP_30":  0.0,
"DP_60":  0.0,
"DP_95":  0.7198,
"QL_09":  0.49386,
"QL_05":  0.53682,
"RL":  0.6036399999999998}
,
{ "x":  370,
"greedy000":  0.0,
"greedy050":  0.0,
"greedy100":  0.68372,
"DP_05":  0.0,
"DP_30":  0.0,
"DP_60":  0.0,
"DP_95":  0.7158,
"QL_09":  0.49762000000000006,
"QL_05":  0.5461799999999999,
"RL":  0.61272}
,
{ "x":  420,
"greedy000":  0.0,
"greedy050":  0.0,
"greedy100":  0.6823599999999999,
"DP_05":  0.0,
"DP_30":  0.0,
"DP_60":  0.0,
"DP_95":  0.71768,
"QL_09":  0.49926000000000004,
"QL_05":  0.55094,
"RL":  0.61174}
,
{ "x":  470,
"greedy000":  0.0,
"greedy050":  0.0,
"greedy100":  0.6723999999999999,
"DP_05":  0.0,
"DP_30":  0.0,
"DP_60":  0.0,
"DP_95":  0.7139,
"QL_09":  0.49556000000000006,
"QL_05":  0.5575400000000001,
"RL":  0.61488}
,
{ "x":  520,
"greedy000":  0.0,
"greedy050":  0.0,
"greedy100":  0.6800000000000002,
"DP_05":  0.0,
"DP_30":  0.0,
"DP_60":  0.0,
"DP_95":  0.7152,
"QL_09":  0.50454,
"QL_05":  0.5609999999999999,
"RL":  0.6169}
]}
