{ "x_label":"episode",
"y_label":"Average Profit",
 "results":[
{ "x":  20,
"greedy000":  0.0,
"greedy050":  0.0,
"greedy100":  10.43344,
"DP_05":  0.0,
"DP_30":  0.0,
"DP_60":  0.0,
"DP_95":  10.84226,
"QL_09":  6.81288,
"QL_05":  6.9386600000000005,
"RL":  6.99362}
,
{ "x":  70,
"greedy000":  0.0,
"greedy050":  0.0,
"greedy100":  10.471320000000002,
"DP_05":  0.0,
"DP_30":  0.0,
"DP_60":  0.0,
"DP_95":  10.90346,
"QL_09":  8.18852,
"QL_05":  8.506899999999998,
"RL":  9.4063}
,
{ "x":  120,
"greedy000":  0.0,
"greedy050":  0.0,
"greedy100":  10.38204,
"DP_05":  0.0,
"DP_30":  0.0,
"DP_60":  0.0,
"DP_95":  10.8325,
"QL_09":  8.674760000000001,
"QL_05":  8.963940000000001,
"RL":  9.9072}
,
{ "x":  170,
"greedy000":  0.0,
"greedy050":  0.0,
"greedy100":  10.40176,
"DP_05":  0.0,
"DP_30":  0.0,
"DP_60":  0.0,
"DP_95":  10.847660000000001,
"QL_09":  8.97716,
"QL_05":  9.24862,
"RL":  10.110999999999999}
,
{ "x":  220,
"greedy000":  0.0,
"greedy050":  0.0,
"greedy100":  10.366259999999999,
"DP_05":  0.0,
"DP_30":  0.0,
"DP_60":  0.0,
"DP_95":  10.80472,
"QL_09":  9.055339999999998,
"QL_05":  9.36434,
"RL":  10.21714}
,
{ "x":  270,
"greedy000":  0.0,
"greedy050":  0.0,
"greedy100":  10.291640000000001,
"DP_05":  0.0,
"DP_30":  0.0,
"DP_60":  0.0,
"DP_95":  10.78438,
"QL_09":  9.130419999999999,
"QL_05":  9.45118,
"RL":  10.225040000000002}
,
{ "x":  320,
"greedy000":  0.0,
"greedy050":  0.0,
"greedy100":  10.363159999999999,
"DP_05":  0.0,
"DP_30":  0.0,
"DP_60":  0.0,
"DP_95":  10.831039999999998,
"QL_09":  9.309619999999999,
"QL_05":  9.56952,
"RL":  10.382380000000001}
,
{ "x":  370,
"greedy000":  0.0,
"greedy050":  0.0,
"greedy100":  10.38982,
"DP_05":  0.0,
"DP_30":  0.0,
"DP_60":  0.0,
"DP_95":  10.81152,
"QL_09":  9.39478,
"QL_05":  9.66246,
"RL":  10.4302}
,
{ "x":  420,
"greedy000":  0.0,
"greedy050":  0.0,
"greedy100":  10.34248,
"DP_05":  0.0,
"DP_30":  0.0,
"DP_60":  0.0,
"DP_95":  10.80186,
"QL_09":  9.38858,
"QL_05":  9.6748,
"RL":  10.413300000000001}
,
{ "x":  470,
"greedy000":  0.0,
"greedy050":  0.0,
"greedy100":  10.2219,
"DP_05":  0.0,
"DP_30":  0.0,
"DP_60":  0.0,
"DP_95":  10.720359999999998,
"QL_09":  9.3402,
"QL_05":  9.705079999999999,
"RL":  10.37438}
,
{ "x":  520,
"greedy000":  0.0,
"greedy050":  0.0,
"greedy100":  10.34042,
"DP_05":  0.0,
"DP_30":  0.0,
"DP_60":  0.0,
"DP_95":  10.8044,
"QL_09":  9.52154,
"QL_05":  9.798580000000001,
"RL":  10.48914}
]}
