{ "x_label":"episode",
"y_label":"Acceptance Rate",
"results":[
{ "x":  5,
"DP_05":  0.5227282033383145,
"DP_30":  0.5837099771519486,
"DP_60":  0.5761481528013781,
"DP_95":  0.4991163886533543,
"QL-Dynamic": 0.25572670586207646,
"QL-Static": 0.552027544270859}
,
{ "x":  25,
"DP_05":  0.519909202046973,
"DP_30":  0.5834246632336049,
"DP_60":  0.5757706858033331,
"DP_95":  0.49916558360868263,
"QL-Dynamic": 0.39211193851960824,
"QL-Static": 0.5554578067393247}
,
{ "x":  45,
"DP_05":  0.5269856769915404,
"DP_30":  0.5826629739072338,
"DP_60":  0.5752721338166095,
"DP_95":  0.49894784351984767,
"QL-Dynamic": 0.4137798088044029,
"QL-Static": 0.5604345073533191}
,
{ "x":  65,
"DP_05":  0.5211563898911007,
"DP_30":  0.5834490207208446,
"DP_60":  0.5763896903560864,
"DP_95":  0.49889825835777885,
"QL-Dynamic": 0.46862629753484475,
"QL-Static": 0.5577045755710727}
,
{ "x":  85,
"DP_05":  0.5212235603624494,
"DP_30":  0.5829606594811696,
"DP_60":  0.5755783850527547,
"DP_95":  0.49897335898975215,
"QL-Dynamic": 0.4283768064704597,
"QL-Static": 0.5624373361384227}
,
{ "x":  105,
"DP_05":  0.5242415674520875,
"DP_30":  0.583945256832164,
"DP_60":  0.5767038072751038,
"DP_95":  0.5017223988112627,
"QL-Dynamic": 0.4164439704276674,
"QL-Static": 0.5563398006261417}
,
{ "x":  125,
"DP_05":  0.5259944001794298,
"DP_30":  0.5844384888327355,
"DP_60":  0.5764492078537533,
"DP_95":  0.5006056797296564,
"QL-Dynamic": 0.4354466602463507,
"QL-Static": 0.5557315653989096}
,
{ "x":  145,
"DP_05":  0.5260211143018654,
"DP_30":  0.5833405929975508,
"DP_60":  0.5761650002492995,
"DP_95":  0.4998205272527498,
"QL-Dynamic": 0.46130403182316015,
"QL-Static": 0.5613156333104596}
,
{ "x":  165,
"DP_05":  0.5260282249054375,
"DP_30":  0.5836291746657882,
"DP_60":  0.5767396643002188,
"DP_95":  0.4998519581017877,
"QL-Dynamic": 0.43756585154893385,
"QL-Static": 0.555686808081391}
,
{ "x":  185,
"DP_05":  0.5242127326826729,
"DP_30":  0.5840523915091584,
"DP_60":  0.5771476827379866,
"DP_95":  0.5001839688818226,
"QL-Dynamic": 0.45068390332415403,
"QL-Static": 0.565957855481615}
,
{ "x":  205,
"DP_05":  0.5259588252834685,
"DP_30":  0.5857601452181946,
"DP_60":  0.5775300433251324,
"DP_95":  0.5006458762699453,
"QL-Dynamic": 0.41548211379802585,
"QL-Static": 0.5658890654368861}
]}
