{ "x_label":"episode",
"y_label":"Acceptance Rate",
"results":[
{ "x":  5,
"DP_05":  0.5224964544511687,
"DP_30":  0.5829533416671187,
"DP_60":  0.5750940712525305,
"DP_95":  0.4993414942336784,
"QL-Dynamic": 0.27465179941598195,
"QL-Static": 0.23565201058302734}
,
{ "x":  25,
"DP_05":  0.5275679271277408,
"DP_30":  0.5854113425411236,
"DP_60":  0.5780078741186284,
"DP_95":  0.5019193536462982,
"QL-Dynamic": 0.36169468149305506,
"QL-Static": 0.3425821780830464}
,
{ "x":  45,
"DP_05":  0.5231207539367896,
"DP_30":  0.5859057304199919,
"DP_60":  0.5776090555061889,
"DP_95":  0.49988000434700797,
"QL-Dynamic": 0.3781501460140175,
"QL-Static": 0.3856721888947935}
,
{ "x":  65,
"DP_05":  0.5247375601384122,
"DP_30":  0.5820984006106458,
"DP_60":  0.5747126726346564,
"DP_95":  0.5004293077735436,
"QL-Dynamic": 0.42571768453931547,
"QL-Static": 0.36912026278478716}
,
{ "x":  85,
"DP_05":  0.5240150487729796,
"DP_30":  0.5834426792852652,
"DP_60":  0.5761537727713911,
"DP_95":  0.49863933059213605,
"QL-Dynamic": 0.43968910402189176,
"QL-Static": 0.4264276843392631}
,
{ "x":  105,
"DP_05":  0.5218487689263986,
"DP_30":  0.5852554253106147,
"DP_60":  0.5784317145817667,
"DP_95":  0.5011250706507321,
"QL-Dynamic": 0.45112920822511154,
"QL-Static": 0.4192936869953119}
,
{ "x":  125,
"DP_05":  0.527171780524179,
"DP_30":  0.5854273679607985,
"DP_60":  0.577586425746507,
"DP_95":  0.5003913178422817,
"QL-Dynamic": 0.46038925943524034,
"QL-Static": 0.371785790367565}
,
{ "x":  145,
"DP_05":  0.5228378764767121,
"DP_30":  0.5826423764101996,
"DP_60":  0.5758627126178313,
"DP_95":  0.49940980093042403,
"QL-Dynamic": 0.42894794629542027,
"QL-Static": 0.4623457759038295}
,
{ "x":  165,
"DP_05":  0.521738621682454,
"DP_30":  0.5839024503783238,
"DP_60":  0.5764034995778339,
"DP_95":  0.49915352602869467,
"QL-Dynamic": 0.4466297797707569,
"QL-Static": 0.40706063839395445}
,
{ "x":  185,
"DP_05":  0.5248346338370155,
"DP_30":  0.5855603986776581,
"DP_60":  0.5783735126542545,
"DP_95":  0.5011449028996281,
"QL-Dynamic": 0.4177893893435495,
"QL-Static": 0.3943056425113021}
,
{ "x":  205,
"DP_05":  0.5258731857055701,
"DP_30":  0.5866283952067876,
"DP_60":  0.5789211012937456,
"DP_95":  0.502961265828447,
"QL-Dynamic": 0.45216634035948805,
"QL-Static": 0.4148871258174088}
]}
