{ "x_label":"episode",
"y_label":"Federation Rate",
"results":[
{ "x":  5,
"DP_05":  0.4775035455488314,
"DP_30":  0.41704665833288124,
"DP_60":  0.42490592874746935,
"DP_95":  0.5006585057663215,
"QL-Dynamic": 0.4434378155880484,
"QL-Static": 0.4427195505965542}
,
{ "x":  25,
"DP_05":  0.4724320728722592,
"DP_30":  0.41458865745887635,
"DP_60":  0.4219921258813716,
"DP_95":  0.49808064635370175,
"QL-Dynamic": 0.3700738788603804,
"QL-Static": 0.3745850425028256}
,
{ "x":  45,
"DP_05":  0.4768792460632104,
"DP_30":  0.41409426958000806,
"DP_60":  0.42239094449381104,
"DP_95":  0.500119995652992,
"QL-Dynamic": 0.38243559405031513,
"QL-Static": 0.3548198066443824}
,
{ "x":  65,
"DP_05":  0.4752624398615879,
"DP_30":  0.4179015993893542,
"DP_60":  0.4252873273653435,
"DP_95":  0.49957069222645645,
"QL-Dynamic": 0.36451815275245963,
"QL-Static": 0.3526787472638693}
,
{ "x":  85,
"DP_05":  0.47598495122702045,
"DP_30":  0.4165573207147348,
"DP_60":  0.4238462272286088,
"DP_95":  0.501360669407864,
"QL-Dynamic": 0.3226383490418198,
"QL-Static": 0.309898907877894}
,
{ "x":  105,
"DP_05":  0.47815123107360136,
"DP_30":  0.4147445746893852,
"DP_60":  0.42156828541823343,
"DP_95":  0.49887492934926797,
"QL-Dynamic": 0.3050171536095851,
"QL-Static": 0.3055345676820017}
,
{ "x":  125,
"DP_05":  0.472828219475821,
"DP_30":  0.4145726320392013,
"DP_60":  0.4224135742534928,
"DP_95":  0.4996086821577181,
"QL-Dynamic": 0.28949258447469584,
"QL-Static": 0.3378445784766474}
,
{ "x":  145,
"DP_05":  0.4771621235232879,
"DP_30":  0.4173576235898006,
"DP_60":  0.42413728738216855,
"DP_95":  0.5005901990695759,
"QL-Dynamic": 0.2910822160819382,
"QL-Static": 0.2942180961557651}
,
{ "x":  165,
"DP_05":  0.47826137831754595,
"DP_30":  0.41609754962167605,
"DP_60":  0.4235965004221661,
"DP_95":  0.5008464739713052,
"QL-Dynamic": 0.3167466262740053,
"QL-Static": 0.31219740259267037}
,
{ "x":  185,
"DP_05":  0.4751653661629846,
"DP_30":  0.4144396013223418,
"DP_60":  0.42162648734574554,
"DP_95":  0.4988550971003719,
"QL-Dynamic": 0.30932321069116553,
"QL-Static": 0.3495706308976026}
,
{ "x":  205,
"DP_05":  0.47412681429442993,
"DP_30":  0.4133716047932125,
"DP_60":  0.4210788987062544,
"DP_95":  0.49703873417155314,
"QL-Dynamic": 0.30106782410655625,
"QL-Static": 0.34045122462779376}
]}
