{ "x_label":"episode",
"y_label":"Federation Rate",
"results":[
{ "x":  5,
"DP_05":  0.47727179666168545,
"DP_30":  0.4162900228480514,
"DP_60":  0.4238518471986218,
"DP_95":  0.5008836113466457,
"QL-Dynamic": 0.4313963227075997,
"QL-Static": 0.26910131532954334}
,
{ "x":  25,
"DP_05":  0.48009079795302695,
"DP_30":  0.4165753367663951,
"DP_60":  0.42422931419666676,
"DP_95":  0.5008344163913173,
"QL-Dynamic": 0.3741652639601405,
"QL-Static": 0.28453439881528525}
,
{ "x":  45,
"DP_05":  0.4730143230084597,
"DP_30":  0.41733702609276613,
"DP_60":  0.42472786618339037,
"DP_95":  0.5010521564801524,
"QL-Dynamic": 0.3740838366420426,
"QL-Static": 0.2566353035057006}
,
{ "x":  65,
"DP_05":  0.47884361010889925,
"DP_30":  0.41655097927915546,
"DP_60":  0.4236103096439134,
"DP_95":  0.5011017416422212,
"QL-Dynamic": 0.27402834767983875,
"QL-Static": 0.2678078646667393}
,
{ "x":  85,
"DP_05":  0.4787764396375504,
"DP_30":  0.4170393405188304,
"DP_60":  0.4244216149472453,
"DP_95":  0.501026641010248,
"QL-Dynamic": 0.31901690613914313,
"QL-Static": 0.27296864697601375}
,
{ "x":  105,
"DP_05":  0.47575843254791245,
"DP_30":  0.4160547431678359,
"DP_60":  0.42329619272489616,
"DP_95":  0.4982776011887375,
"QL-Dynamic": 0.3705774377977611,
"QL-Static": 0.2701103167883064}
,
{ "x":  125,
"DP_05":  0.47400559982057017,
"DP_30":  0.4155615111672645,
"DP_60":  0.42355079214624675,
"DP_95":  0.4993943202703436,
"QL-Dynamic": 0.31508857461478385,
"QL-Static": 0.28976812735181817}
,
{ "x":  145,
"DP_05":  0.47397888569813473,
"DP_30":  0.4166594070024491,
"DP_60":  0.4238349997507004,
"DP_95":  0.5001794727472504,
"QL-Dynamic": 0.3212420119594143,
"QL-Static": 0.27015703980185596}
,
{ "x":  165,
"DP_05":  0.4739717750945625,
"DP_30":  0.41637082533421177,
"DP_60":  0.42326033569978116,
"DP_95":  0.5001480418982124,
"QL-Dynamic": 0.3223691596829555,
"QL-Static": 0.2723096168382884}
,
{ "x":  185,
"DP_05":  0.475787267317327,
"DP_30":  0.41594760849084156,
"DP_60":  0.42285231726201333,
"DP_95":  0.4998160311181774,
"QL-Dynamic": 0.319780902381931,
"QL-Static": 0.2833259683329873}
,
{ "x":  205,
"DP_05":  0.47404117471653145,
"DP_30":  0.41423985478180536,
"DP_60":  0.42246995667486764,
"DP_95":  0.4993541237300547,
"QL-Dynamic": 0.30433685616185213,
"QL-Static": 0.26648561369442303}
]}
