{ "x_label":"episode",
"y_label":"Federation Rate",
"results":[
{ "x":  5,
"DP_05":  0.4704522598290074,
"DP_30":  0.41437443990779355,
"DP_60":  0.4213598126225229,
"DP_95":  0.49881659653378385,
"QL-Dynamic": 0.42451372165440915,
"QL-Static": 0.37702862328380443}
,
{ "x":  25,
"DP_05":  0.4770391140022405,
"DP_30":  0.41570757767500566,
"DP_60":  0.42211526322420945,
"DP_95":  0.5004679295427666,
"QL-Dynamic": 0.37897680581643095,
"QL-Static": 0.3463793722531199}
,
{ "x":  45,
"DP_05":  0.47782097392896644,
"DP_30":  0.4171130568822117,
"DP_60":  0.4234627158970973,
"DP_95":  0.5002181612779996,
"QL-Dynamic": 0.40207650956279395,
"QL-Static": 0.3028738639480499}
,
{ "x":  65,
"DP_05":  0.472679676061453,
"DP_30":  0.4166228297096808,
"DP_60":  0.42320399272400705,
"DP_95":  0.5006685515654002,
"QL-Dynamic": 0.40332998927445834,
"QL-Static": 0.37051306626783564}
,
{ "x":  85,
"DP_05":  0.472282063309512,
"DP_30":  0.4149715161462941,
"DP_60":  0.42278489881479003,
"DP_95":  0.49946064338741025,
"QL-Dynamic": 0.3969618227181276,
"QL-Static": 0.29119448748523097}
]}
