{ "x_label":"episode",
"y_label":"Average Profit",
"results":[
{ "x":  5,
"DP_05":  217.70325786021542,
"DP_30":  254.8124136221348,
"DP_60":  255.833761900842,
"DP_95":  259.18592247501664,
"QL-Dynamic": 129.1115085749399,
"QL-Static": 121.16108060064023}
,
{ "x":  25,
"DP_05":  219.7923708295644,
"DP_30":  256.18287305649034,
"DP_60":  257.16294673177833,
"DP_95":  260.4269542305278,
"QL-Dynamic": 174.04977315571745,
"QL-Static": 162.32004132516133}
,
{ "x":  45,
"DP_05":  217.7093567314227,
"DP_30":  255.69006046054346,
"DP_60":  256.5090020987658,
"DP_95":  259.4433676205052,
"QL-Dynamic": 183.21852159336402,
"QL-Static": 174.89155922071754}
,
{ "x":  65,
"DP_05":  219.31111459609176,
"DP_30":  255.302165412381,
"DP_60":  256.38827014282685,
"DP_95":  259.70757908935116,
"QL-Dynamic": 197.43035783661003,
"QL-Static": 172.91250295314222}
,
{ "x":  85,
"DP_05":  217.8234585137956,
"DP_30":  254.74368008387336,
"DP_60":  255.72112417394456,
"DP_95":  258.84878737259305,
"QL-Dynamic": 200.00666368798565,
"QL-Static": 196.691251987727}
,
{ "x":  105,
"DP_05":  218.05723266276712,
"DP_30":  255.9510741444254,
"DP_60":  256.9390172202735,
"DP_95":  260.042759893161,
"QL-Dynamic": 208.65227403346387,
"QL-Static": 193.03440984031792}
,
{ "x":  125,
"DP_05":  220.14188286467964,
"DP_30":  255.82596695733957,
"DP_60":  256.76858418537404,
"DP_95":  259.6887637021976,
"QL-Dynamic": 211.08872865791392,
"QL-Static": 175.77670213144546}
,
{ "x":  145,
"DP_05":  218.0118391272648,
"DP_30":  255.21880203604408,
"DP_60":  256.20069871580404,
"DP_95":  259.21664159128403,
"QL-Dynamic": 197.49235541445833,
"QL-Static": 210.50609503751505}
,
{ "x":  165,
"DP_05":  217.2713472021613,
"DP_30":  254.88349126024764,
"DP_60":  255.9217784574713,
"DP_95":  259.09446408455483,
"QL-Dynamic": 202.6233288605584,
"QL-Static": 186.92335318916085}
,
{ "x":  185,
"DP_05":  218.79237578026877,
"DP_30":  255.93815470020033,
"DP_60":  256.9551697090391,
"DP_95":  260.05286299951445,
"QL-Dynamic": 191.0835374095972,
"QL-Static": 184.03180797042958}
,
{ "x":  205,
"DP_05":  219.64718364126153,
"DP_30":  256.92611728197573,
"DP_60":  257.77524958200155,
"DP_95":  260.92592806706045,
"QL-Dynamic": 211.80944677058386,
"QL-Static": 192.13744368249786}
]}
