{ "x_label":"episode",
"y_label":"Average Profit",
"results":[
{ "x":  5,
"DP_05":  220.49636370428848,
"DP_30":  255.79646015888403,
"DP_60":  256.8875768924916,
"DP_95":  260.0730155420376,
"QL-Dynamic": 141.93574902306693,
"QL-Static": 126.06603409224397}
,
{ "x":  25,
"DP_05":  217.9660945375903,
"DP_30":  255.41259671746286,
"DP_60":  256.52118433179106,
"DP_95":  259.2782051467631,
"QL-Dynamic": 176.90174747137908,
"QL-Static": 178.85501490074358}
,
{ "x":  45,
"DP_05":  218.20544216648474,
"DP_30":  255.1392015256366,
"DP_60":  256.21397036460576,
"DP_95":  259.3950644252823,
"QL-Dynamic": 158.26956535615128,
"QL-Static": 178.12371858714891}
,
{ "x":  65,
"DP_05":  219.4058325837128,
"DP_30":  254.92461611157287,
"DP_60":  256.18856702013824,
"DP_95":  259.17952948805686,
"QL-Dynamic": 162.68236974150383,
"QL-Static": 160.00063921802143}
,
{ "x":  85,
"DP_05":  219.7315646448237,
"DP_30":  255.67092544386023,
"DP_60":  256.65991428388213,
"DP_95":  259.7599824897697,
"QL-Dynamic": 151.89290026750993,
"QL-Static": 182.6587764157748}
]}
