{ "x_label":"episode",
"y_label":"Average Profit",
"results":[
{ "x":  5,
"DP_05":  218.49733245667738,
"DP_30":  255.09177364292012,
"DP_60":  256.0522313351859,
"DP_95":  259.07770405176143,
"QL-Dynamic": 127.69730211818595,
"QL-Static": 243.23420550290174}
,
{ "x":  25,
"DP_05":  216.5113766089402,
"DP_30":  255.10039235909298,
"DP_60":  256.0177868105105,
"DP_95":  259.0991701573433,
"QL-Dynamic": 183.7257416920094,
"QL-Static": 245.50882733377347}
,
{ "x":  45,
"DP_05":  219.86460148480236,
"DP_30":  254.72253869310788,
"DP_60":  255.6764745276705,
"DP_95":  258.99444007679665,
"QL-Dynamic": 193.5215735015427,
"QL-Static": 248.88394410354277}
,
{ "x":  65,
"DP_05":  216.94697738501483,
"DP_30":  254.98239904397485,
"DP_60":  255.8768033897756,
"DP_95":  258.97061086474116,
"QL-Dynamic": 214.35795461658026,
"QL-Static": 246.57827535808647}
,
{ "x":  85,
"DP_05":  216.97859177286864,
"DP_30":  254.90480513848522,
"DP_60":  255.75775213365722,
"DP_95":  259.007778257398,
"QL-Dynamic": 197.44434966553064,
"QL-Static": 250.1278683530971}
,
{ "x":  105,
"DP_05":  219.2653076330537,
"DP_30":  256.093104176172,
"DP_60":  257.1455697156547,
"DP_95":  260.330634046938,
"QL-Dynamic": 200.5056249820959,
"QL-Static": 246.26271201082997}
,
{ "x":  125,
"DP_05":  219.4472512245515,
"DP_30":  255.61727948395492,
"DP_60":  256.6661856566805,
"DP_95":  259.79399428712554,
"QL-Dynamic": 203.40373059244587,
"QL-Static": 246.68854390515446}
,
{ "x":  145,
"DP_05":  219.11521897378228,
"DP_30":  255.26653894407715,
"DP_60":  256.30169510888555,
"DP_95":  259.41797828398734,
"QL-Dynamic": 214.38143917780997,
"QL-Static": 248.31537311201362}
,
{ "x":  165,
"DP_05":  219.03128203656328,
"DP_30":  255.32731439961609,
"DP_60":  256.49627520176574,
"DP_95":  259.43038179474934,
"QL-Dynamic": 202.87238514194252,
"QL-Static": 246.65077382663574}
,
{ "x":  185,
"DP_05":  218.47668872464172,
"DP_30":  255.54190111945357,
"DP_60":  256.5813138161136,
"DP_95":  259.59064840468835,
"QL-Dynamic": 209.1917602911774,
"QL-Static": 250.23483464863574}
,
{ "x":  205,
"DP_05":  219.38497108006027,
"DP_30":  255.43424570758896,
"DP_60":  256.4048244130268,
"DP_95":  259.8155267920943,
"QL-Dynamic": 192.66146118354783,
"QL-Static": 249.1032800048555}
]}
