{ "x_label":"l",
"y_label":"Average Profit",
 "results":[
{ "x":  0.3,
"greedy000":  0.0,
"greedy050":  0.0,
"greedy100":  73.62403281593221,
"DP_05":  0.0,
"DP_30":  0.0,
"DP_60":  0.0,
"DP_95":  73.62403281593221,
"QL_09":  67.73443380662596,
"QL_05":  71.8753759275265,
"RL":  72.84641262444748}
,
{ "x":  0.6,
"greedy000":  0.0,
"greedy050":  0.0,
"greedy100":  73.27050901407225,
"DP_05":  0.0,
"DP_30":  0.0,
"DP_60":  0.0,
"DP_95":  73.31317618981836,
"QL_09":  65.7154394386372,
"QL_05":  71.29809114992672,
"RL":  72.25382331055985}
,
{ "x":  0.8999999999999999,
"greedy000":  0.0,
"greedy050":  0.0,
"greedy100":  72.70684545386365,
"DP_05":  0.0,
"DP_30":  0.0,
"DP_60":  0.0,
"DP_95":  73.27108083244016,
"QL_09":  65.41643377608298,
"QL_05":  71.08899490986188,
"RL":  72.28133408212317}
,
{ "x":  1.2,
"greedy000":  0.0,
"greedy050":  0.0,
"greedy100":  69.92583812838738,
"DP_05":  0.0,
"DP_30":  0.0,
"DP_60":  0.0,
"DP_95":  71.94254885205474,
"QL_09":  63.67736798000478,
"QL_05":  70.02443255986728,
"RL":  70.83238043219794}
,
{ "x":  1.5,
"greedy000":  0.0,
"greedy050":  0.0,
"greedy100":  67.64853116368178,
"DP_05":  0.0,
"DP_30":  0.0,
"DP_60":  0.0,
"DP_95":  71.98277394615938,
"QL_09":  64.88390291834139,
"QL_05":  69.67675040454279,
"RL":  70.69356879707173}
,
{ "x":  1.8,
"greedy000":  0.0,
"greedy050":  0.0,
"greedy100":  63.5356105039874,
"DP_05":  0.0,
"DP_30":  0.0,
"DP_60":  0.0,
"DP_95":  71.00202744532281,
"QL_09":  64.37624143441523,
"QL_05":  67.73828467825915,
"RL":  69.68025934438316}
,
{ "x":  2.0999999999999996,
"greedy000":  0.0,
"greedy050":  0.0,
"greedy100":  59.17744967057585,
"DP_05":  0.0,
"DP_30":  0.0,
"DP_60":  0.0,
"DP_95":  70.48847134147702,
"QL_09":  62.72897367422318,
"QL_05":  65.73910955174166,
"RL":  68.25993002661853}
,
{ "x":  2.4,
"greedy000":  0.0,
"greedy050":  0.0,
"greedy100":  56.262566455586,
"DP_05":  0.0,
"DP_30":  0.0,
"DP_60":  0.0,
"DP_95":  69.66440720554253,
"QL_09":  62.52860766212227,
"QL_05":  63.17345413516735,
"RL":  67.13489520180775}
,
{ "x":  2.6999999999999997,
"greedy000":  0.0,
"greedy050":  0.0,
"greedy100":  55.814588740823226,
"DP_05":  0.0,
"DP_30":  0.0,
"DP_60":  0.0,
"DP_95":  69.87555140202421,
"QL_09":  61.51337294016414,
"QL_05":  62.64649053916207,
"RL":  67.19574435418812}
,
{ "x":  2.9999999999999996,
"greedy000":  0.0,
"greedy050":  0.0,
"greedy100":  51.13105664136258,
"DP_05":  0.0,
"DP_30":  0.0,
"DP_60":  0.0,
"DP_95":  68.21673108568966,
"QL_09":  60.461739301837305,
"QL_05":  60.453759810951325,
"RL":  65.54730039865407}
,
{ "x":  3.3,
"greedy000":  0.0,
"greedy050":  0.0,
"greedy100":  49.350571470610646,
"DP_05":  0.0,
"DP_30":  0.0,
"DP_60":  0.0,
"DP_95":  68.360365060706,
"QL_09":  59.8655906325216,
"QL_05":  59.58118792901043,
"RL":  65.36862934939035}
]}
