{ "x_label":"capacity",
"y_label":"Federation Rate",
 "results":[
{ "x":  50,
"greedy000":  0.0,
"greedy050":  0.0,
"greedy100":  0.8434314500668638,
"DP_05":  0.0,
"DP_30":  0.0,
"DP_60":  0.0,
"DP_95":  0.7804277813868576,
"QL":  0.6692849780603014}
,
{ "x":  250,
"greedy000":  0.0,
"greedy050":  0.0,
"greedy100":  0.3240553703565445,
"DP_05":  0.0,
"DP_30":  0.0,
"DP_60":  0.0,
"DP_95":  0.32790703047751096,
"QL":  0.3444702673921448}
,
{ "x":  450,
"greedy000":  0.0,
"greedy050":  0.0,
"greedy100":  0.02533543711810597,
"DP_05":  0.0,
"DP_30":  0.0,
"DP_60":  0.0,
"DP_95":  0.033984253931546284,
"QL":  0.2971696108308597}
]}
