{ "x_label":"capacity",
"y_label":"Average Profit",
 "results":[
{ "x":  50,
"greedy000":  0.0,
"greedy050":  0.0,
"greedy100":  27.453869947461897,
"DP_05":  0.0,
"DP_30":  0.0,
"DP_60":  0.0,
"DP_95":  31.697479459307864,
"QL":  27.725945604461145}
,
{ "x":  250,
"greedy000":  0.0,
"greedy050":  0.0,
"greedy100":  38.92533357669199,
"DP_05":  0.0,
"DP_30":  0.0,
"DP_60":  0.0,
"DP_95":  43.57876135232992,
"QL":  41.4052887907974}
,
{ "x":  450,
"greedy000":  0.0,
"greedy050":  0.0,
"greedy100":  44.54832778991895,
"DP_05":  0.0,
"DP_30":  0.0,
"DP_60":  0.0,
"DP_95":  44.841134123081034,
"QL":  41.53327480124763}
]}
