{ "x_label":"zeta",
"y_label":"Average Profit",
 "results":[
{ "x":  0.0,
"greedy000":  0.0,
"greedy050":  0.0,
"greedy100":  60.25999999999999,
"DP_05":  0.0,
"DP_30":  0.0,
"DP_60":  0.0,
"DP_95":  60.25999999999999,
"QL":  59.23928571428572,
"RL":  60.07785714285715}
,
{ "x":  0.3,
"greedy000":  0.0,
"greedy050":  0.0,
"greedy100":  57.568564285713265,
"DP_05":  0.0,
"DP_30":  0.0,
"DP_60":  0.0,
"DP_95":  58.57760357142661,
"QL":  57.12098571428428,
"RL":  58.0662357142841}
,
{ "x":  0.6,
"greedy000":  0.0,
"greedy050":  0.0,
"greedy100":  55.072785714286276,
"DP_05":  0.0,
"DP_30":  0.0,
"DP_60":  0.0,
"DP_95":  57.08522857142968,
"QL":  55.01602142857246,
"RL":  56.227207142858106}
,
{ "x":  0.8999999999999999,
"greedy000":  0.0,
"greedy050":  0.0,
"greedy100":  52.22672857142801,
"DP_05":  0.0,
"DP_30":  0.0,
"DP_60":  0.0,
"DP_95":  55.37158571428462,
"QL":  53.00272499999903,
"RL":  54.2192142857134}
,
{ "x":  1.2,
"greedy000":  0.0,
"greedy050":  0.0,
"greedy100":  50.59678571428656,
"DP_05":  0.0,
"DP_30":  0.0,
"DP_60":  0.0,
"DP_95":  54.61061428571607,
"QL":  52.07185714285829,
"RL":  53.30325714285852}
,
{ "x":  1.5,
"greedy000":  0.0,
"greedy050":  0.0,
"greedy100":  47.55392857142857,
"DP_05":  0.0,
"DP_30":  0.0,
"DP_60":  0.0,
"DP_95":  52.833499999999994,
"QL":  49.84985714285715,
"RL":  50.957607142857135}
,
{ "x":  1.7999999999999998,
"greedy000":  0.0,
"greedy050":  0.0,
"greedy100":  46.004792857142256,
"DP_05":  0.0,
"DP_30":  0.0,
"DP_60":  0.0,
"DP_95":  51.921778571427,
"QL":  49.0963428571419,
"RL":  49.8698499999989}
,
{ "x":  2.1,
"greedy000":  0.0,
"greedy050":  0.0,
"greedy100":  43.219371428571996,
"DP_05":  0.0,
"DP_30":  0.0,
"DP_60":  0.0,
"DP_95":  50.46917142857257,
"QL":  47.121014285715056,
"RL":  47.73641071428649}
,
{ "x":  2.4,
"greedy000":  0.0,
"greedy050":  0.0,
"greedy100":  41.115457142856584,
"DP_05":  0.0,
"DP_30":  0.0,
"DP_60":  0.0,
"DP_95":  48.77448571428465,
"QL":  45.83497142857066,
"RL":  45.87499999999931}
,
{ "x":  2.6999999999999997,
"greedy000":  0.0,
"greedy050":  0.0,
"greedy100":  38.262217857143035,
"DP_05":  0.0,
"DP_30":  0.0,
"DP_60":  0.0,
"DP_95":  47.17846071428687,
"QL":  44.121996428572054,
"RL":  44.250542857143515}
,
{ "x":  3.0,
"greedy000":  0.0,
"greedy050":  0.0,
"greedy100":  36.05714285714286,
"DP_05":  0.0,
"DP_30":  0.0,
"DP_60":  0.0,
"DP_95":  45.954035714285716,
"QL":  42.68257142857143,
"RL":  42.477357142857144}
]}
