{ "x_label":"episode",
"y_label":"Acceptance Rate",
"results":[
{ "x":  5,
"DP_05":  0.519257201452314,
"DP_30":  0.5813566391529679,
"DP_60":  0.573433028818451,
"DP_95":  0.4992839144466782,
"QL-Dynamic": 0.2125752170776249,
"QL-Static": 0.2689987436826272}
,
{ "x":  25,
"DP_05":  0.5312003125174831,
"DP_30":  0.5840794604037899,
"DP_60":  0.5759803553360301,
"DP_95":  0.5021376901086942,
"QL-Dynamic": 0.31383165998514484,
"QL-Static": 0.3462820425467244}
,
{ "x":  45,
"DP_05":  0.5198807746269775,
"DP_30":  0.5804895862527342,
"DP_60":  0.5743835582594411,
"DP_95":  0.4994341041485078,
"QL-Dynamic": 0.3514609907221989,
"QL-Static": 0.40531347694837727}
,
{ "x":  65,
"DP_05":  0.5302386675840517,
"DP_30":  0.5851800491106356,
"DP_60":  0.5789091076787648,
"DP_95":  0.504166312394638,
"QL-Dynamic": 0.33261659303100477,
"QL-Static": 0.4360751743863937}
,
{ "x":  85,
"DP_05":  0.535496373623924,
"DP_30":  0.5889817507905665,
"DP_60":  0.5827833355166535,
"DP_95":  0.5067192806674768,
"QL-Dynamic": 0.39810848911261604,
"QL-Static": 0.47608170877403355}
,
{ "x":  105,
"DP_05":  0.5279529489314781,
"DP_30":  0.586315222153774,
"DP_60":  0.5793409546750585,
"DP_95":  0.5020297570060628,
"QL-Dynamic": 0.3437930904814849,
"QL-Static": 0.467515503612828}
,
{ "x":  125,
"DP_05":  0.5278681229463765,
"DP_30":  0.5823585703744889,
"DP_60":  0.5746748538493434,
"DP_95":  0.5003960487245146,
"QL-Dynamic": 0.3513661316577994,
"QL-Static": 0.45929177312968095}
,
{ "x":  145,
"DP_05":  0.5231841625402021,
"DP_30":  0.5835458752806864,
"DP_60":  0.5752149791267231,
"DP_95":  0.49972016543297026,
"QL-Dynamic": 0.42716631391281734,
"QL-Static": 0.4647760039733219}
,
{ "x":  165,
"DP_05":  0.5264086060096786,
"DP_30":  0.5879111773372463,
"DP_60":  0.5800896047275808,
"DP_95":  0.5030903393673538,
"QL-Dynamic": 0.4141555751089208,
"QL-Static": 0.4421211712910741}
,
{ "x":  185,
"DP_05":  0.5250246641189003,
"DP_30":  0.5816165004177145,
"DP_60":  0.5763758488374088,
"DP_95":  0.49808923871587635,
"QL-Dynamic": 0.38428161647400816,
"QL-Static": 0.46153214275364257}
,
{ "x":  205,
"DP_05":  0.5308544212789794,
"DP_30":  0.5857128720741833,
"DP_60":  0.5795311132408842,
"DP_95":  0.5035257078447406,
"QL-Dynamic": 0.46861499863143363,
"QL-Static": 0.40237895999074746}
]}
