{ "x_label":"episode",
"y_label":"Acceptance Rate",
"results":[
{ "x":  5,
"DP_05":  0.5206109138203681,
"DP_30":  0.582417605592103,
"DP_60":  0.5736927116688013,
"DP_95":  0.49810770574455354,
"QL-Dynamic": 0.2165122418309168,
"QL-Static": 0.22091629377906963}
,
{ "x":  25,
"DP_05":  0.5223541269730442,
"DP_30":  0.5791749476232606,
"DP_60":  0.5726280270059763,
"DP_95":  0.4963790791888688,
"QL-Dynamic": 0.2904728403157666,
"QL-Static": 0.34011075285505965}
,
{ "x":  45,
"DP_05":  0.5274778700539382,
"DP_30":  0.5827923216469489,
"DP_60":  0.5748648518129194,
"DP_95":  0.49869116631817756,
"QL-Dynamic": 0.3693151888934898,
"QL-Static": 0.41013997093951904}
,
{ "x":  65,
"DP_05":  0.5221887585670605,
"DP_30":  0.5859647552562388,
"DP_60":  0.5774180100996018,
"DP_95":  0.5018926282362585,
"QL-Dynamic": 0.43449180004517673,
"QL-Static": 0.43164259316849074}
,
{ "x":  85,
"DP_05":  0.5227882197417139,
"DP_30":  0.5849718468617531,
"DP_60":  0.578132024125858,
"DP_95":  0.5011549364471255,
"QL-Dynamic": 0.45885968875006033,
"QL-Static": 0.4572340907972173}
,
{ "x":  105,
"DP_05":  0.529930237096994,
"DP_30":  0.5867247746450085,
"DP_60":  0.5795872351266491,
"DP_95":  0.5009601690778146,
"QL-Dynamic": 0.5164141752350017,
"QL-Static": 0.4721420029275795}
,
{ "x":  125,
"DP_05":  0.5271543919849738,
"DP_30":  0.5808292928297497,
"DP_60":  0.5729070722695168,
"DP_95":  0.49776736676348204,
"QL-Dynamic": 0.5041523758161398,
"QL-Static": 0.4513998413401426}
,
{ "x":  145,
"DP_05":  0.527052804563093,
"DP_30":  0.5857522690905749,
"DP_60":  0.5776073644758097,
"DP_95":  0.5035612573015472,
"QL-Dynamic": 0.5014702384470219,
"QL-Static": 0.5011671937637386}
,
{ "x":  165,
"DP_05":  0.527508991644787,
"DP_30":  0.5853436727877256,
"DP_60":  0.577141113129924,
"DP_95":  0.4993142146815977,
"QL-Dynamic": 0.5418229037912322,
"QL-Static": 0.4958876483749427}
,
{ "x":  185,
"DP_05":  0.5286965629300582,
"DP_30":  0.5856365220390451,
"DP_60":  0.5789666404660874,
"DP_95":  0.5010461825214279,
"QL-Dynamic": 0.5621541505869965,
"QL-Static": 0.49688617276587105}
,
{ "x":  205,
"DP_05":  0.5270545991633208,
"DP_30":  0.5841325242946949,
"DP_60":  0.5776216739511189,
"DP_95":  0.5000849040775406,
"QL-Dynamic": 0.5287704994262623,
"QL-Static": 0.5100293619034358}
,
{ "x":  225,
"DP_05":  0.5344456839447329,
"DP_30":  0.5877224234083311,
"DP_60":  0.5803684069881058,
"DP_95":  0.5034757090054017,
"QL-Dynamic": 0.5574298659947388,
"QL-Static": 0.5213169736956549}
,
{ "x":  245,
"DP_05":  0.5280174606736755,
"DP_30":  0.5854288873376665,
"DP_60":  0.5759560834880932,
"DP_95":  0.4995667138306226,
"QL-Dynamic": 0.5030510343856529,
"QL-Static": 0.5063210598268472}
,
{ "x":  265,
"DP_05":  0.530239684659948,
"DP_30":  0.585454731235645,
"DP_60":  0.57674678371748,
"DP_95":  0.5006291195973811,
"QL-Dynamic": 0.5502545562446499,
"QL-Static": 0.5228486353399133}
,
{ "x":  285,
"DP_05":  0.5195622031749615,
"DP_30":  0.5808361156473846,
"DP_60":  0.5735623785292713,
"DP_95":  0.4986008259153839,
"QL-Dynamic": 0.5657233756813882,
"QL-Static": 0.47419863984246735}
,
{ "x":  305,
"DP_05":  0.5236897112302509,
"DP_30":  0.5850875517951696,
"DP_60":  0.578467694602133,
"DP_95":  0.5022494935776655,
"QL-Dynamic": 0.5438064240868877,
"QL-Static": 0.5348203620781269}
,
{ "x":  325,
"DP_05":  0.5247488781781378,
"DP_30":  0.5850806597184803,
"DP_60":  0.580093533441521,
"DP_95":  0.5034441143249409,
"QL-Dynamic": 0.5663220842140536,
"QL-Static": 0.5288900348987724}
,
{ "x":  345,
"DP_05":  0.5193268151774126,
"DP_30":  0.5834693143294405,
"DP_60":  0.576204870338251,
"DP_95":  0.5001745294197237,
"QL-Dynamic": 0.567139574401951,
"QL-Static": 0.5388179866136871}
,
{ "x":  365,
"DP_05":  0.5243432273582804,
"DP_30":  0.5826675094627005,
"DP_60":  0.5745026949386962,
"DP_95":  0.49876270439833226,
"QL-Dynamic": 0.5715058431163582,
"QL-Static": 0.5326761207771591}
,
{ "x":  385,
"DP_05":  0.5311497703659943,
"DP_30":  0.5874496065107991,
"DP_60":  0.5817417510410003,
"DP_95":  0.5044871587148483,
"QL-Dynamic": 0.5751070468089927,
"QL-Static": 0.5099732214001866}
,
{ "x":  405,
"DP_05":  0.521566602839054,
"DP_30":  0.5838010726083332,
"DP_60":  0.5750467827286465,
"DP_95":  0.4967776916840626,
"QL-Dynamic": 0.5685545604089106,
"QL-Static": 0.48323586602408997}
]}
