{ "x_label":"episode",
"y_label":"Federation Rate",
"results":[
{ "x":  5,
"DP_05":  0.4793890861796319,
"DP_30":  0.4175823944078971,
"DP_60":  0.42630728833119874,
"DP_95":  0.5018922942554463,
"QL-Dynamic": 0.48726796557111046,
"QL-Static": 0.5645176928309087}
,
{ "x":  25,
"DP_05":  0.47764587302695605,
"DP_30":  0.4208250523767392,
"DP_60":  0.4273719729940238,
"DP_95":  0.5036209208111312,
"QL-Dynamic": 0.4492825386308755,
"QL-Static": 0.3890653322307026}
,
{ "x":  45,
"DP_05":  0.47252212994606174,
"DP_30":  0.41720767835305095,
"DP_60":  0.4251351481870806,
"DP_95":  0.5013088336818223,
"QL-Dynamic": 0.4076862371176519,
"QL-Static": 0.34609933102902896}
,
{ "x":  65,
"DP_05":  0.4778112414329395,
"DP_30":  0.41403524474376124,
"DP_60":  0.4225819899003983,
"DP_95":  0.49810737176374154,
"QL-Dynamic": 0.3671459374311212,
"QL-Static": 0.349616343169334}
,
{ "x":  85,
"DP_05":  0.47721178025828603,
"DP_30":  0.41502815313824704,
"DP_60":  0.42186797587414226,
"DP_95":  0.49884506355287445,
"QL-Dynamic": 0.3307523883003921,
"QL-Static": 0.2975585763964183}
,
{ "x":  105,
"DP_05":  0.470069762903006,
"DP_30":  0.41327522535499145,
"DP_60":  0.42041276487335094,
"DP_95":  0.4990398309221854,
"QL-Dynamic": 0.29975592961715053,
"QL-Static": 0.30014635780818616}
,
{ "x":  125,
"DP_05":  0.4728456080150262,
"DP_30":  0.4191707071702503,
"DP_60":  0.42709292773048313,
"DP_95":  0.5022326332365179,
"QL-Dynamic": 0.2907165181597929,
"QL-Static": 0.3254421851702013}
,
{ "x":  145,
"DP_05":  0.472947195436907,
"DP_30":  0.4142477309094252,
"DP_60":  0.4223926355241902,
"DP_95":  0.4964387426984529,
"QL-Dynamic": 0.24252077503555708,
"QL-Static": 0.2840163217797754}
,
{ "x":  165,
"DP_05":  0.472491008355213,
"DP_30":  0.4146563272122744,
"DP_60":  0.42285888687007606,
"DP_95":  0.5006857853184024,
"QL-Dynamic": 0.26760580392740835,
"QL-Static": 0.28540540969841793}
,
{ "x":  185,
"DP_05":  0.47130343706994193,
"DP_30":  0.41436347796095463,
"DP_60":  0.4210333595339127,
"DP_95":  0.49895381747857226,
"QL-Dynamic": 0.2720046620319202,
"QL-Static": 0.2707097827599734}
,
{ "x":  205,
"DP_05":  0.4729454008366793,
"DP_30":  0.4158674757053052,
"DP_60":  0.42237832604888126,
"DP_95":  0.4999150959224593,
"QL-Dynamic": 0.294459951603583,
"QL-Static": 0.2707863817495598}
]}
