{ "x_label":"episode",
"y_label":"Federation Rate",
"results":[
{ "x":  5,
"DP_05":  0.480742798547686,
"DP_30":  0.418643360847032,
"DP_60":  0.4265669711815489,
"DP_95":  0.5007160855533218,
"QL-Dynamic": 0.5041372220741036,
"QL-Static": 0.43378658004027015}
,
{ "x":  25,
"DP_05":  0.4687996874825169,
"DP_30":  0.4159205395962102,
"DP_60":  0.42401964466396996,
"DP_95":  0.4978623098913057,
"QL-Dynamic": 0.33362512574701675,
"QL-Static": 0.4168997343193442}
,
{ "x":  45,
"DP_05":  0.48011922537302254,
"DP_30":  0.41951041374726594,
"DP_60":  0.4256164417405589,
"DP_95":  0.5005658958514922,
"QL-Dynamic": 0.39894415692034324,
"QL-Static": 0.39661860016271416}
,
{ "x":  65,
"DP_05":  0.4697613324159482,
"DP_30":  0.41481995088936435,
"DP_60":  0.4210908923212351,
"DP_95":  0.495833687605362,
"QL-Dynamic": 0.42513090976532925,
"QL-Static": 0.33350623236036364}
,
{ "x":  85,
"DP_05":  0.46450362637607584,
"DP_30":  0.41101824920943353,
"DP_60":  0.4172166644833465,
"DP_95":  0.493280719332523,
"QL-Dynamic": 0.3765333789445642,
"QL-Static": 0.27362805196483786}
,
{ "x":  105,
"DP_05":  0.4720470510685219,
"DP_30":  0.41368477784622615,
"DP_60":  0.4206590453249414,
"DP_95":  0.4979702429939373,
"QL-Dynamic": 0.3665532258194887,
"QL-Static": 0.26961902154154915}
,
{ "x":  125,
"DP_05":  0.47213187705362347,
"DP_30":  0.417641429625511,
"DP_60":  0.42532514615065653,
"DP_95":  0.4996039512754854,
"QL-Dynamic": 0.4223994938458425,
"QL-Static": 0.2924792179212086}
,
{ "x":  145,
"DP_05":  0.4768158374597979,
"DP_30":  0.41645412471931353,
"DP_60":  0.42478502087327674,
"DP_95":  0.5002798345670298,
"QL-Dynamic": 0.30375762069726003,
"QL-Static": 0.34698622997303286}
,
{ "x":  165,
"DP_05":  0.47359139399032146,
"DP_30":  0.4120888226627536,
"DP_60":  0.4199103952724193,
"DP_95":  0.49690966063264613,
"QL-Dynamic": 0.28113998632150966,
"QL-Static": 0.3179559332040863}
,
{ "x":  185,
"DP_05":  0.4749753358810997,
"DP_30":  0.4183834995822856,
"DP_60":  0.4236241511625913,
"DP_95":  0.5019107612841236,
"QL-Dynamic": 0.3831743509129106,
"QL-Static": 0.2979731647100908}
,
{ "x":  205,
"DP_05":  0.4691455787210205,
"DP_30":  0.41428712792581673,
"DP_60":  0.42046888675911565,
"DP_95":  0.49647429215525946,
"QL-Dynamic": 0.28834664188056364,
"QL-Static": 0.3780784458565249}
]}
