{ "x_label":"episode",
"y_label":"Federation Rate",
"results":[
{ "x":  5,
"DP_05":  0.4793890861796319,
"DP_30":  0.4175823944078971,
"DP_60":  0.42630728833119874,
"DP_95":  0.5018922942554463,
"QL-Dynamic": 0.48726796557111046,
"QL-Static": 0.5645176928309087}
,
{ "x":  25,
"DP_05":  0.47764587302695605,
"DP_30":  0.4208250523767392,
"DP_60":  0.4273719729940238,
"DP_95":  0.5036209208111312,
"QL-Dynamic": 0.4492825386308755,
"QL-Static": 0.3890653322307026}
,
{ "x":  45,
"DP_05":  0.47252212994606174,
"DP_30":  0.41720767835305095,
"DP_60":  0.4251351481870806,
"DP_95":  0.5013088336818223,
"QL-Dynamic": 0.4076862371176519,
"QL-Static": 0.34609933102902896}
,
{ "x":  65,
"DP_05":  0.4778112414329395,
"DP_30":  0.41403524474376124,
"DP_60":  0.4225819899003983,
"DP_95":  0.49810737176374154,
"QL-Dynamic": 0.3671459374311212,
"QL-Static": 0.349616343169334}
,
{ "x":  85,
"DP_05":  0.47721178025828603,
"DP_30":  0.41502815313824704,
"DP_60":  0.42186797587414226,
"DP_95":  0.49884506355287445,
"QL-Dynamic": 0.3307523883003921,
"QL-Static": 0.2975585763964183}
,
{ "x":  105,
"DP_05":  0.470069762903006,
"DP_30":  0.41327522535499145,
"DP_60":  0.42041276487335094,
"DP_95":  0.4990398309221854,
"QL-Dynamic": 0.29975592961715053,
"QL-Static": 0.30014635780818616}
,
{ "x":  125,
"DP_05":  0.4728456080150262,
"DP_30":  0.4191707071702503,
"DP_60":  0.42709292773048313,
"DP_95":  0.5022326332365179,
"QL-Dynamic": 0.2907165181597929,
"QL-Static": 0.3254421851702013}
,
{ "x":  145,
"DP_05":  0.472947195436907,
"DP_30":  0.4142477309094252,
"DP_60":  0.4223926355241902,
"DP_95":  0.4964387426984529,
"QL-Dynamic": 0.24252077503555708,
"QL-Static": 0.2840163217797754}
,
{ "x":  165,
"DP_05":  0.472491008355213,
"DP_30":  0.4146563272122744,
"DP_60":  0.42285888687007606,
"DP_95":  0.5006857853184024,
"QL-Dynamic": 0.26760580392740835,
"QL-Static": 0.28540540969841793}
,
{ "x":  185,
"DP_05":  0.47130343706994193,
"DP_30":  0.41436347796095463,
"DP_60":  0.4210333595339127,
"DP_95":  0.49895381747857226,
"QL-Dynamic": 0.2720046620319202,
"QL-Static": 0.2707097827599734}
,
{ "x":  205,
"DP_05":  0.4729454008366793,
"DP_30":  0.4158674757053052,
"DP_60":  0.42237832604888126,
"DP_95":  0.4999150959224593,
"QL-Dynamic": 0.294459951603583,
"QL-Static": 0.2707863817495598}
,
{ "x":  225,
"DP_05":  0.46555431605526704,
"DP_30":  0.4122775765916689,
"DP_60":  0.4196315930118941,
"DP_95":  0.4965242909945983,
"QL-Dynamic": 0.23010473344061907,
"QL-Static": 0.24036938995654497}
,
{ "x":  245,
"DP_05":  0.47198253932632445,
"DP_30":  0.41457111266233354,
"DP_60":  0.4240439165119068,
"DP_95":  0.5004332861693774,
"QL-Dynamic": 0.2755170186423387,
"QL-Static": 0.25567526517471256}
,
{ "x":  265,
"DP_05":  0.4697603153400521,
"DP_30":  0.41454526876435505,
"DP_60":  0.42325321628251994,
"DP_95":  0.4993708804026188,
"QL-Dynamic": 0.2650259772881063,
"QL-Static": 0.2757923866327711}
,
{ "x":  285,
"DP_05":  0.4804377968250385,
"DP_30":  0.4191638843526154,
"DP_60":  0.4264376214707286,
"DP_95":  0.5013991740846161,
"QL-Dynamic": 0.2276036456601926,
"QL-Static": 0.32948219879360463}
,
{ "x":  305,
"DP_05":  0.47631028876974923,
"DP_30":  0.4149124482048305,
"DP_60":  0.421532305397867,
"DP_95":  0.4977505064223345,
"QL-Dynamic": 0.2762076395431786,
"QL-Static": 0.26962463577407714}
,
{ "x":  325,
"DP_05":  0.47525112182186213,
"DP_30":  0.41491934028151967,
"DP_60":  0.4199064665584791,
"DP_95":  0.4965558856750592,
"QL-Dynamic": 0.2228994113020549,
"QL-Static": 0.25365691936092344}
,
{ "x":  345,
"DP_05":  0.48067318482258736,
"DP_30":  0.41653068567055956,
"DP_60":  0.42379512966174904,
"DP_95":  0.4998254705802762,
"QL-Dynamic": 0.24408518465556917,
"QL-Static": 0.2518863155391914}
,
{ "x":  365,
"DP_05":  0.47565677264171946,
"DP_30":  0.4173324905372994,
"DP_60":  0.4254973050613039,
"DP_95":  0.5012372956016677,
"QL-Dynamic": 0.24688927971589805,
"QL-Static": 0.2710394455394724}
,
{ "x":  385,
"DP_05":  0.46885022963400563,
"DP_30":  0.41255039348920075,
"DP_60":  0.4182582489589996,
"DP_95":  0.49551284128515183,
"QL-Dynamic": 0.23912780606370684,
"QL-Static": 0.25159875965175815}
,
{ "x":  405,
"DP_05":  0.4784333971609461,
"DP_30":  0.41619892739166675,
"DP_60":  0.42495321727135343,
"DP_95":  0.5032223083159375,
"QL-Dynamic": 0.23114775628867218,
"QL-Static": 0.31078652816224134}
]}
