{ "x_label":"episode",
"y_label":"Average Profit",
"results":[
{ "x":  5,
"DP_05":  217.4958077210744,
"DP_30":  254.5751780201881,
"DP_60":  255.41279392280234,
"DP_95":  259.15556284885224,
"QL-Dynamic": 112.49883578158881,
"QL-Static": 138.78594304150656}
,
{ "x":  25,
"DP_05":  221.98968926128842,
"DP_30":  255.9524140003748,
"DP_60":  256.9453058107298,
"DP_95":  260.53024386765503,
"QL-Dynamic": 148.31902176729403,
"QL-Static": 173.86547800130472}
,
{ "x":  45,
"DP_05":  217.66796074222466,
"DP_30":  254.90327517601614,
"DP_60":  255.94081138180462,
"DP_95":  259.2318622116647,
"QL-Dynamic": 169.69224847913668,
"QL-Static": 197.2920869444991}
,
{ "x":  65,
"DP_05":  222.33630571868352,
"DP_30":  256.9110120560869,
"DP_60":  258.03599844906023,
"DP_95":  261.5120420132498,
"QL-Dynamic": 165.80565191620485,
"QL-Static": 207.71511885622235}
,
{ "x":  85,
"DP_05":  224.7449244037071,
"DP_30":  258.5026171069971,
"DP_60":  259.91729163870707,
"DP_95":  262.73398992937894,
"QL-Dynamic": 189.50504009005638,
"QL-Static": 224.77071514536556}
,
{ "x":  105,
"DP_05":  220.47443365867326,
"DP_30":  255.9799155283286,
"DP_60":  257.3674546288462,
"DP_95":  260.47631311991626,
"QL-Dynamic": 164.6043826811396,
"QL-Static": 223.4224282181282}
,
{ "x":  125,
"DP_05":  220.5397864072946,
"DP_30":  255.32549582610673,
"DP_60":  256.4260407981196,
"DP_95":  259.69049943649156,
"QL-Dynamic": 167.09082526371577,
"QL-Static": 215.53585750427789}
,
{ "x":  145,
"DP_05":  218.52626546342216,
"DP_30":  255.2757436703435,
"DP_60":  256.1675292469139,
"DP_95":  259.36539957325874,
"QL-Dynamic": 197.34999954890742,
"QL-Static": 222.72868178762323}
,
{ "x":  165,
"DP_05":  219.99074050027122,
"DP_30":  257.0669608959838,
"DP_60":  258.0147058039812,
"DP_95":  260.9864532356972,
"QL-Dynamic": 188.3514866664125,
"QL-Static": 214.92762378578817}
,
{ "x":  185,
"DP_05":  218.43928025759752,
"DP_30":  254.4265173432721,
"DP_60":  255.66847679799326,
"DP_95":  258.5849617448017,
"QL-Dynamic": 177.65854974869416,
"QL-Static": 217.78578330172718}
,
{ "x":  205,
"DP_05":  222.53604446673972,
"DP_30":  256.7853919413099,
"DP_60":  258.11585100705696,
"DP_95":  261.1978694317566,
"QL-Dynamic": 208.2944772254686,
"QL-Static": 195.58111083883895}
]}
