{ "x_label":"episode",
"y_label":"Average Profit",
"results":[
{ "x":  5,
"DP_05":  216.78774936439817,
"DP_30":  254.43932205994892,
"DP_60":  255.53839874888558,
"DP_95":  258.5918581348629,
"QL-Dynamic": 120.11312556053448,
"QL-Static": 126.1698324900613}
,
{ "x":  25,
"DP_05":  217.49461202067883,
"DP_30":  253.6291054799251,
"DP_60":  254.41963633541883,
"DP_95":  257.76032726183604,
"QL-Dynamic": 143.36117348481253,
"QL-Static": 167.869610783715}
,
{ "x":  45,
"DP_05":  220.16787499231526,
"DP_30":  254.37734434307868,
"DP_60":  255.62283579492743,
"DP_95":  258.87045099904344,
"QL-Dynamic": 182.45720340639704,
"QL-Static": 198.9010412026294}
,
{ "x":  65,
"DP_05":  218.19840568656323,
"DP_30":  255.92075420713454,
"DP_60":  257.23900369036085,
"DP_95":  260.4103541816403,
"QL-Dynamic": 203.87900955563424,
"QL-Static": 210.0168628941292}
,
{ "x":  85,
"DP_05":  218.126752991266,
"DP_30":  255.82411812047135,
"DP_60":  257.08870367978557,
"DP_95":  260.0615177728824,
"QL-Dynamic": 218.2499173059635,
"QL-Static": 213.27029888942212}
,
{ "x":  105,
"DP_05":  220.38492360004943,
"DP_30":  255.8675284331195,
"DP_60":  256.9102853288154,
"DP_95":  259.9618413264287,
"QL-Dynamic": 234.3660268342676,
"QL-Static": 222.7525080082324}
,
{ "x":  125,
"DP_05":  218.98838231146266,
"DP_30":  254.30114807729478,
"DP_60":  255.37841207997772,
"DP_95":  258.42610341323484,
"QL-Dynamic": 225.27662211416546,
"QL-Static": 215.4068390769143}
,
{ "x":  145,
"DP_05":  220.99922692886085,
"DP_30":  256.5122036963836,
"DP_60":  257.6750875538607,
"DP_95":  261.2129647620441,
"QL-Dynamic": 226.28019908544115,
"QL-Static": 235.3580827103354}
,
{ "x":  165,
"DP_05":  218.86101388406442,
"DP_30":  255.52779827784806,
"DP_60":  256.45244586486604,
"DP_95":  259.17013726184854,
"QL-Dynamic": 243.74817148789492,
"QL-Static": 231.62427780313493}
,
{ "x":  185,
"DP_05":  219.83580303255832,
"DP_30":  255.50818948158326,
"DP_60":  256.9878236592557,
"DP_95":  260.0072902771422,
"QL-Dynamic": 246.61996165207225,
"QL-Static": 232.51163747120123}
,
{ "x":  205,
"DP_05":  219.11601080262125,
"DP_30":  254.93912523200166,
"DP_60":  256.203290005861,
"DP_95":  259.54083886129706,
"QL-Dynamic": 235.60124950307718,
"QL-Static": 238.3098660014801}
]}
