{ "x_label":"episode",
"y_label":"Average Profit",
"results":[
{ "x":  5,
"DP_05":  216.78774936439817,
"DP_30":  254.43932205994892,
"DP_60":  255.53839874888558,
"DP_95":  258.5918581348629,
"QL-Dynamic": 120.11312556053448,
"QL-Static": 126.1698324900613}
,
{ "x":  25,
"DP_05":  217.49461202067883,
"DP_30":  253.6291054799251,
"DP_60":  254.41963633541883,
"DP_95":  257.76032726183604,
"QL-Dynamic": 143.36117348481253,
"QL-Static": 167.869610783715}
,
{ "x":  45,
"DP_05":  220.16787499231526,
"DP_30":  254.37734434307868,
"DP_60":  255.62283579492743,
"DP_95":  258.87045099904344,
"QL-Dynamic": 182.45720340639704,
"QL-Static": 198.9010412026294}
,
{ "x":  65,
"DP_05":  218.19840568656323,
"DP_30":  255.92075420713454,
"DP_60":  257.23900369036085,
"DP_95":  260.4103541816403,
"QL-Dynamic": 203.87900955563424,
"QL-Static": 210.0168628941292}
,
{ "x":  85,
"DP_05":  218.126752991266,
"DP_30":  255.82411812047135,
"DP_60":  257.08870367978557,
"DP_95":  260.0615177728824,
"QL-Dynamic": 218.2499173059635,
"QL-Static": 213.27029888942212}
,
{ "x":  105,
"DP_05":  220.38492360004943,
"DP_30":  255.8675284331195,
"DP_60":  256.9102853288154,
"DP_95":  259.9618413264287,
"QL-Dynamic": 234.3660268342676,
"QL-Static": 222.7525080082324}
,
{ "x":  125,
"DP_05":  218.98838231146266,
"DP_30":  254.30114807729478,
"DP_60":  255.37841207997772,
"DP_95":  258.42610341323484,
"QL-Dynamic": 225.27662211416546,
"QL-Static": 215.4068390769143}
,
{ "x":  145,
"DP_05":  220.99922692886085,
"DP_30":  256.5122036963836,
"DP_60":  257.6750875538607,
"DP_95":  261.2129647620441,
"QL-Dynamic": 226.28019908544115,
"QL-Static": 235.3580827103354}
,
{ "x":  165,
"DP_05":  218.86101388406442,
"DP_30":  255.52779827784806,
"DP_60":  256.45244586486604,
"DP_95":  259.17013726184854,
"QL-Dynamic": 243.74817148789492,
"QL-Static": 231.62427780313493}
,
{ "x":  185,
"DP_05":  219.83580303255832,
"DP_30":  255.50818948158326,
"DP_60":  256.9878236592557,
"DP_95":  260.0072902771422,
"QL-Dynamic": 246.61996165207225,
"QL-Static": 232.51163747120123}
,
{ "x":  205,
"DP_05":  219.11601080262125,
"DP_30":  254.93912523200166,
"DP_60":  256.203290005861,
"DP_95":  259.54083886129706,
"QL-Dynamic": 235.60124950307718,
"QL-Static": 238.3098660014801}
,
{ "x":  225,
"DP_05":  223.2314650973624,
"DP_30":  257.04449673708206,
"DP_60":  257.9774125790982,
"DP_95":  261.17785823505744,
"QL-Dynamic": 246.8977480654465,
"QL-Static": 242.292905711195}
,
{ "x":  245,
"DP_05":  219.69853880670263,
"DP_30":  255.1254810904674,
"DP_60":  255.8187141024495,
"DP_95":  259.2915893525294,
"QL-Dynamic": 224.96795020284065,
"QL-Static": 229.8420489812732}
,
{ "x":  265,
"DP_05":  220.35543423015014,
"DP_30":  255.87256574741477,
"DP_60":  256.8651687440453,
"DP_95":  259.8066733335645,
"QL-Dynamic": 241.5912215259108,
"QL-Static": 240.75269384585}
,
{ "x":  285,
"DP_05":  216.83533326701414,
"DP_30":  255.1562124419434,
"DP_60":  255.94501917388078,
"DP_95":  258.83109334856664,
"QL-Dynamic": 247.01152322545855,
"QL-Static": 225.01592227280565}
,
{ "x":  305,
"DP_05":  218.35662322967795,
"DP_30":  256.1918284522975,
"DP_60":  257.4378862007216,
"DP_95":  260.58200641085705,
"QL-Dynamic": 238.87389594777443,
"QL-Static": 246.16455660490033}
,
{ "x":  325,
"DP_05":  219.49568565808357,
"DP_30":  256.6206287816641,
"DP_60":  258.12516204549746,
"DP_95":  261.16059640468126,
"QL-Dynamic": 245.06629802011267,
"QL-Static": 243.63153676380063}
,
{ "x":  345,
"DP_05":  216.6123840549667,
"DP_30":  254.72970386562366,
"DP_60":  255.7461855792338,
"DP_95":  259.6001433119789,
"QL-Dynamic": 247.0204561230671,
"QL-Static": 244.67101010663868}
,
{ "x":  365,
"DP_05":  218.52602098853544,
"DP_30":  254.80835632232953,
"DP_60":  255.72595977261454,
"DP_95":  258.90892423599405,
"QL-Dynamic": 245.9914965542542,
"QL-Static": 243.97798860137317}
,
{ "x":  385,
"DP_05":  221.43060271753356,
"DP_30":  257.5124775350822,
"DP_60":  258.5246030112061,
"DP_95":  261.65832334184194,
"QL-Dynamic": 249.43830968898632,
"QL-Static": 241.62778332987492}
,
{ "x":  405,
"DP_05":  217.2479821890351,
"DP_30":  254.11564977341527,
"DP_60":  255.11825160771164,
"DP_95":  257.95006970003413,
"QL-Dynamic": 245.46447779420592,
"QL-Static": 224.6136260069091}
]}
