{ "x_label":"capacity",
"y_label":"Acceptance Rate",
 "results":[
{ "x":  50,
"greedy000":  0.0,
"greedy050":  0.0,
"greedy100":  0.16082683711186188,
"DP_05":  0.0,
"DP_30":  0.0,
"DP_60":  0.0,
"DP_95":  0.22305004331641495,
"QL":  0.21356276335877827,
"RL":  0.22264681750996335}
,
{ "x":  150,
"greedy000":  0.0,
"greedy050":  0.0,
"greedy100":  0.4160253656564389,
"DP_05":  0.0,
"DP_30":  0.0,
"DP_60":  0.0,
"DP_95":  0.48662765935648605,
"QL":  0.46459113859405055,
"RL":  0.4798423021139124}
,
{ "x":  250,
"greedy000":  0.0,
"greedy050":  0.0,
"greedy100":  0.6710860565406429,
"DP_05":  0.0,
"DP_30":  0.0,
"DP_60":  0.0,
"DP_95":  0.6642968199997858,
"QL":  0.6818562950447804,
"RL":  0.6959925025189542}
,
{ "x":  350,
"greedy000":  0.0,
"greedy050":  0.0,
"greedy100":  0.8758955716563607,
"DP_05":  0.0,
"DP_30":  0.0,
"DP_60":  0.0,
"DP_95":  0.8565412028254487,
"QL":  0.7490292695876621,
"RL":  0.6900798135197843}
]}
