{ "x_label":"l",
"y_label":"Average Profit",
 "results":[
{ "x":  0.2,
"greedy000":  0.0,
"greedy050":  0.0,
"greedy100":  73.09687167535073,
"DP_05":  0.0,
"DP_30":  0.0,
"DP_60":  0.0,
"DP_95":  73.11008321425682,
"QL_09":  68.00454086872313,
"QL_05":  71.39433359734075,
"RL":  72.34042792926718}
,
{ "x":  0.4,
"greedy000":  0.0,
"greedy050":  0.0,
"greedy100":  72.23824922273296,
"DP_05":  0.0,
"DP_30":  0.0,
"DP_60":  0.0,
"DP_95":  72.69089389410078,
"QL_09":  65.77370170305991,
"QL_05":  70.95538082061576,
"RL":  72.0153444398914}
,
{ "x":  0.6000000000000001,
"greedy000":  0.0,
"greedy050":  0.0,
"greedy100":  70.02801784193603,
"DP_05":  0.0,
"DP_30":  0.0,
"DP_60":  0.0,
"DP_95":  72.0881974852654,
"QL_09":  65.95222215629201,
"QL_05":  70.61234956385917,
"RL":  71.33064600784618}
,
{ "x":  0.8,
"greedy000":  0.0,
"greedy050":  0.0,
"greedy100":  67.50947653265895,
"DP_05":  0.0,
"DP_30":  0.0,
"DP_60":  0.0,
"DP_95":  71.63021785754941,
"QL_09":  65.87828272402389,
"QL_05":  69.55058562917422,
"RL":  70.82753263901616}
,
{ "x":  1.0,
"greedy000":  0.0,
"greedy050":  0.0,
"greedy100":  63.444460485903186,
"DP_05":  0.0,
"DP_30":  0.0,
"DP_60":  0.0,
"DP_95":  70.47126895167082,
"QL_09":  65.81312925392754,
"QL_05":  67.85357848946998,
"RL":  69.7300022418082}
,
{ "x":  1.2,
"greedy000":  0.0,
"greedy050":  0.0,
"greedy100":  59.41777639934715,
"DP_05":  0.0,
"DP_30":  0.0,
"DP_60":  0.0,
"DP_95":  69.86076427308963,
"QL_09":  65.1667258455083,
"QL_05":  65.46792153169045,
"RL":  68.82298813029324}
,
{ "x":  1.4000000000000001,
"greedy000":  0.0,
"greedy050":  0.0,
"greedy100":  56.72853344551298,
"DP_05":  0.0,
"DP_30":  0.0,
"DP_60":  0.0,
"DP_95":  69.1155599096688,
"QL_09":  64.15487946927169,
"QL_05":  63.819688367305375,
"RL":  68.00717287961608}
,
{ "x":  1.6,
"greedy000":  0.0,
"greedy050":  0.0,
"greedy100":  53.51596250291918,
"DP_05":  0.0,
"DP_30":  0.0,
"DP_60":  0.0,
"DP_95":  68.75320192943578,
"QL_09":  63.4998791380459,
"QL_05":  62.303581569888465,
"RL":  67.09392869865371}
,
{ "x":  1.8,
"greedy000":  0.0,
"greedy050":  0.0,
"greedy100":  50.51541475283767,
"DP_05":  0.0,
"DP_30":  0.0,
"DP_60":  0.0,
"DP_95":  68.3702799659612,
"QL_09":  63.00232308269858,
"QL_05":  60.457278594617506,
"RL":  66.67789869996497}
,
{ "x":  2.0,
"greedy000":  0.0,
"greedy050":  0.0,
"greedy100":  48.26234784685305,
"DP_05":  0.0,
"DP_30":  0.0,
"DP_60":  0.0,
"DP_95":  68.011454164419,
"QL_09":  62.25804484508876,
"QL_05":  58.41393440680971,
"RL":  65.8522255734574}
,
{ "x":  2.2,
"greedy000":  0.0,
"greedy050":  0.0,
"greedy100":  46.42381560634753,
"DP_05":  0.0,
"DP_30":  0.0,
"DP_60":  0.0,
"DP_95":  67.75529895655959,
"QL_09":  61.72989911327293,
"QL_05":  57.7103764905241,
"RL":  65.71394916512261}
]}
