{ "x_label":"capacity",
"y_label":"Federation Rate",
 "results":[
{ "x":  50,
"greedy000":  0.9279516758752436,
"greedy050":  0.9277788327752582,
"greedy100":  0.9280437056598337,
"DP_05":  0.9280437056598337,
"DP_30":  0.8909750602006639,
"DP_60":  0.8579976834416057,
"DP_95":  0.8579976834416057,
"QL":  0.8635835653482072}
,
{ "x":  250,
"greedy000":  0.5429089778960077,
"greedy050":  0.48916474706277135,
"greedy100":  0.4978043070834433,
"DP_05":  0.4978043070834433,
"DP_30":  0.4546578572137109,
"DP_60":  0.430531478610077,
"DP_95":  0.3544782730423052,
"QL":  0.36867576234970306}
,
{ "x":  450,
"greedy000":  0.5029388437236171,
"greedy050":  0.2550006912672873,
"greedy100":  0.08389168011232553,
"DP_05":  0.08389168011232553,
"DP_30":  0.08288053991576988,
"DP_60":  0.0827850088869588,
"DP_95":  0.1377264037932969,
"QL":  0.1915791911650258}
,
{ "x":  650,
"greedy000":  0.49755708955165845,
"greedy050":  0.2512508548168703,
"greedy100":  0.0005892015672699067,
"DP_05":  0.0005892015672699067,
"DP_30":  0.0005892015672699067,
"DP_60":  0.0006084935514504797,
"DP_95":  0.0010459555773506897,
"QL":  0.19476746602654782}
]}
