{ "x_label":"capacity",
"y_label":"Average Profit",
 "results":[
{ "x":  50,
"greedy000":  45.76386475676374,
"greedy050":  45.36366172960378,
"greedy100":  45.18550711352647,
"DP_05":  45.18550711352647,
"DP_30":  51.34913852187922,
"DP_60":  57.199615674664074,
"DP_95":  57.199615674664074,
"QL":  57.04974868923209}
,
{ "x":  250,
"greedy000":  77.28448098283677,
"greedy050":  78.27684316622415,
"greedy100":  73.77001751925384,
"DP_05":  73.77001751925384,
"DP_30":  81.53150538718744,
"DP_60":  86.08156113709222,
"DP_95":  107.44943120679746,
"QL":  100.66078187540838}
,
{ "x":  450,
"greedy000":  81.31311790072422,
"greedy050":  99.53810676655476,
"greedy100":  110.95003755728465,
"DP_05":  110.95003755728465,
"DP_30":  111.92339140930656,
"DP_60":  111.9398154531385,
"DP_95":  116.5625061219176,
"QL":  113.28197180791656}
,
{ "x":  650,
"greedy000":  81.64288318011371,
"greedy050":  99.98886103707777,
"greedy100":  118.53884003991318,
"DP_05":  118.53884003991318,
"DP_30":  118.53884003991318,
"DP_60":  118.54035619716976,
"DP_95":  118.54801931406762,
"QL":  112.98668919307802}
]}
