{ "x_label":"capacity",
"y_label":"Acceptance Rate",
 "results":[
{ "x":  1,
"greedy000":  0.0,
"greedy050":  0.0,
"greedy100":  0.2601669317810174,
"DP_05":  0.0,
"DP_30":  0.0,
"DP_60":  0.0,
"DP_95":  0.2601669317810174,
"QL":  0.2601669317810174,
"RL":  0.2601669317810174}
,
{ "x":  3,
"greedy000":  0.0,
"greedy050":  0.0,
"greedy100":  0.453869109808382,
"DP_05":  0.0,
"DP_30":  0.0,
"DP_60":  0.0,
"DP_95":  0.472144458386704,
"QL":  0.472144458386704,
"RL":  0.472144458386704}
,
{ "x":  5,
"greedy000":  0.0,
"greedy050":  0.0,
"greedy100":  0.6303004947874292,
"DP_05":  0.0,
"DP_30":  0.0,
"DP_60":  0.0,
"DP_95":  0.572824667534109,
"QL":  0.6309103430132874,
"RL":  0.6286040416419374}
,
{ "x":  7,
"greedy000":  0.0,
"greedy050":  0.0,
"greedy100":  0.7709416635787101,
"DP_05":  0.0,
"DP_30":  0.0,
"DP_60":  0.0,
"DP_95":  0.7334509516169845,
"QL":  0.7637992121762174,
"RL":  0.7551641447327968}
,
{ "x":  9,
"greedy000":  0.0,
"greedy050":  0.0,
"greedy100":  0.8692088621179626,
"DP_05":  0.0,
"DP_30":  0.0,
"DP_60":  0.0,
"DP_95":  0.8350241591623598,
"QL":  0.8354927302588242,
"RL":  0.862044484121307}
,
{ "x":  11,
"greedy000":  0.0,
"greedy050":  0.0,
"greedy100":  0.9427467215184562,
"DP_05":  0.0,
"DP_30":  0.0,
"DP_60":  0.0,
"DP_95":  0.9076112505802749,
"QL":  0.8414534785290926,
"RL":  0.9315897479167399}
]}
