{ "x_label":"capacity",
"y_label":"Average Profit",
 "results":[
{ "x":  1,
"greedy000":  0.0,
"greedy050":  0.0,
"greedy100":  33.57869236121441,
"DP_05":  0.0,
"DP_30":  0.0,
"DP_60":  0.0,
"DP_95":  33.57869236121441,
"QL":  33.57869236121441,
"RL":  33.57869236121441}
,
{ "x":  3,
"greedy000":  0.0,
"greedy050":  0.0,
"greedy100":  36.33830812599321,
"DP_05":  0.0,
"DP_30":  0.0,
"DP_60":  0.0,
"DP_95":  41.73302404588336,
"QL":  41.73302404588336,
"RL":  41.607477805728195}
,
{ "x":  5,
"greedy000":  0.0,
"greedy050":  0.0,
"greedy100":  39.60531765290324,
"DP_05":  0.0,
"DP_30":  0.0,
"DP_60":  0.0,
"DP_95":  43.022229325563714,
"QL":  41.71885662657629,
"RL":  42.54670679623896}
,
{ "x":  7,
"greedy000":  0.0,
"greedy050":  0.0,
"greedy100":  41.50818735405717,
"DP_05":  0.0,
"DP_30":  0.0,
"DP_60":  0.0,
"DP_95":  43.63927571289231,
"QL":  42.73520266921058,
"RL":  42.55558460207696}
,
{ "x":  9,
"greedy000":  0.0,
"greedy050":  0.0,
"greedy100":  43.12530015783561,
"DP_05":  0.0,
"DP_30":  0.0,
"DP_60":  0.0,
"DP_95":  44.23186043910606,
"QL":  43.89006107216357,
"RL":  43.97492792638996}
,
{ "x":  11,
"greedy000":  0.0,
"greedy050":  0.0,
"greedy100":  44.11702364630988,
"DP_05":  0.0,
"DP_30":  0.0,
"DP_60":  0.0,
"DP_95":  44.54391279176396,
"QL":  44.019175999584405,
"RL":  44.26969821276465}
]}
