{ "x_label":"episode",
"y_label":"Acceptance Rate",
"results":[
{ "x":  5,
"DP_05":  0.5538514622771691,
"DP_30":  0.6109303465898859,
"DP_60":  0.627380170739489,
"DP_95":  0.5904535640589212,
"QL-Dynamic": 0.24560837473446356,
"QL-Static": 0.5806115564544516}
,
{ "x":  25,
"DP_05":  0.5542742906261438,
"DP_30":  0.6097296089834351,
"DP_60":  0.6283205151622342,
"DP_95":  0.5914914866283165,
"QL-Dynamic": 0.43886256252362976,
"QL-Static": 0.5952427746953008}
,
{ "x":  45,
"DP_05":  0.5556175094822495,
"DP_30":  0.6110406581548998,
"DP_60":  0.6260682038942598,
"DP_95":  0.5911663218879636,
"QL-Dynamic": 0.4985820127772061,
"QL-Static": 0.6072534227305721}
,
{ "x":  65,
"DP_05":  0.5547109754749916,
"DP_30":  0.6101162817382743,
"DP_60":  0.6282947861935803,
"DP_95":  0.5920773209825636,
"QL-Dynamic": 0.5397953647439124,
"QL-Static": 0.6118486416361331}
,
{ "x":  85,
"DP_05":  0.5541549727710988,
"DP_30":  0.6099287113930132,
"DP_60":  0.6273988527538851,
"DP_95":  0.5905490111016973,
"QL-Dynamic": 0.5447266620502261,
"QL-Static": 0.605389866013882}
,
{ "x":  105,
"DP_05":  0.5533586514780022,
"DP_30":  0.6091446955612995,
"DP_60":  0.6266001591953508,
"DP_95":  0.590944234530893,
"QL-Dynamic": 0.5465640367169582,
"QL-Static": 0.6026592946279158}
,
{ "x":  125,
"DP_05":  0.5525325103672051,
"DP_30":  0.6092821262882986,
"DP_60":  0.6280489609616772,
"DP_95":  0.5924906694312921,
"QL-Dynamic": 0.5507693880019878,
"QL-Static": 0.6086526217608188}
,
{ "x":  145,
"DP_05":  0.5520844463324647,
"DP_30":  0.6077522746084194,
"DP_60":  0.6269738094702934,
"DP_95":  0.5901993118357912,
"QL-Dynamic": 0.557270515280867,
"QL-Static": 0.6047496691907179}
,
{ "x":  165,
"DP_05":  0.5518634233106269,
"DP_30":  0.6084197165905871,
"DP_60":  0.6259559659789266,
"DP_95":  0.5918756104963234,
"QL-Dynamic": 0.5498773343185248,
"QL-Static": 0.6080685160023434}
,
{ "x":  185,
"DP_05":  0.5568285680605042,
"DP_30":  0.6110881568864086,
"DP_60":  0.6272725680171501,
"DP_95":  0.5908540353959766,
"QL-Dynamic": 0.5469644146146231,
"QL-Static": 0.6092747193096373}
,
{ "x":  205,
"DP_05":  0.5567297259869095,
"DP_30":  0.6129467216982796,
"DP_60":  0.6320842150276996,
"DP_95":  0.5932345105770949,
"QL-Dynamic": 0.5451009087893885,
"QL-Static": 0.6063166030810186}
]}
