{ "x_label":"episode",
"y_label":"Acceptance Rate",
"results":[
{ "x":  5,
"DP_05":  0.5513232748543648,
"DP_30":  0.6101886718924273,
"DP_60":  0.6286053958071649,
"DP_95":  0.5920269923827796,
"QL-Dynamic": 0.35036418099020505,
"QL-Static": 0.3133134920031043}
,
{ "x":  25,
"DP_05":  0.5538350398862425,
"DP_30":  0.6113802860123071,
"DP_60":  0.6281212325863644,
"DP_95":  0.590992995732399,
"QL-Dynamic": 0.4670745854616345,
"QL-Static": 0.4381392888676636}
,
{ "x":  45,
"DP_05":  0.5527511231351797,
"DP_30":  0.6103561096264212,
"DP_60":  0.6269745346839699,
"DP_95":  0.5925755894004471,
"QL-Dynamic": 0.48863038488563915,
"QL-Static": 0.4563766444912141}
,
{ "x":  65,
"DP_05":  0.5556507899491453,
"DP_30":  0.6093981637613658,
"DP_60":  0.6277114111465677,
"DP_95":  0.5907742392747711,
"QL-Dynamic": 0.46287363685089844,
"QL-Static": 0.4999373807166611}
,
{ "x":  85,
"DP_05":  0.5567249791695633,
"DP_30":  0.6111734405217355,
"DP_60":  0.6279280400988874,
"DP_95":  0.5925224438622213,
"QL-Dynamic": 0.4816945146599873,
"QL-Static": 0.5047294017075712}
]}
