{ "x_label":"capacity",
"y_label":"Average Profit",
 "results":[
{ "x":  5,
"greedy000":  0.0,
"greedy050":  0.0,
"greedy100":  22.933547035201833,
"DP_05":  0.0,
"DP_30":  0.0,
"DP_60":  0.0,
"DP_95":  22.933547035201833,
"QL":  22.933547035201833,
"RL":  22.933547035201833}
,
{ "x":  25,
"greedy000":  0.0,
"greedy050":  0.0,
"greedy100":  29.639797482791852,
"DP_05":  0.0,
"DP_30":  0.0,
"DP_60":  0.0,
"DP_95":  33.56221871488294,
"QL":  29.639797482791852,
"RL":  33.56221871488294}
,
{ "x":  45,
"greedy000":  0.0,
"greedy050":  0.0,
"greedy100":  30.923052031635716,
"DP_05":  0.0,
"DP_30":  0.0,
"DP_60":  0.0,
"DP_95":  39.9687322381719,
"QL":  30.923052031635716,
"RL":  38.46028715284376}
,
{ "x":  65,
"greedy000":  0.0,
"greedy050":  0.0,
"greedy100":  33.49036377028252,
"DP_05":  0.0,
"DP_30":  0.0,
"DP_60":  0.0,
"DP_95":  42.35120054547656,
"QL":  33.48506133975379,
"RL":  38.99195958761726}
,
{ "x":  85,
"greedy000":  0.0,
"greedy050":  0.0,
"greedy100":  34.661387412195104,
"DP_05":  0.0,
"DP_30":  0.0,
"DP_60":  0.0,
"DP_95":  43.06956984183813,
"QL":  34.68859415364713,
"RL":  40.96521271139913}
,
{ "x":  105,
"greedy000":  0.0,
"greedy050":  0.0,
"greedy100":  36.227374477723956,
"DP_05":  0.0,
"DP_30":  0.0,
"DP_60":  0.0,
"DP_95":  43.36564566936754,
"QL":  36.209113169618725,
"RL":  41.46742657826325}
,
{ "x":  125,
"greedy000":  0.0,
"greedy050":  0.0,
"greedy100":  38.45458105692775,
"DP_05":  0.0,
"DP_30":  0.0,
"DP_60":  0.0,
"DP_95":  43.550744243414684,
"QL":  38.44961393017527,
"RL":  41.79968444454828}
,
{ "x":  145,
"greedy000":  0.0,
"greedy050":  0.0,
"greedy100":  39.69092486728631,
"DP_05":  0.0,
"DP_30":  0.0,
"DP_60":  0.0,
"DP_95":  43.828580984970884,
"QL":  39.710710181092125,
"RL":  42.78409550199555}
,
{ "x":  165,
"greedy000":  0.0,
"greedy050":  0.0,
"greedy100":  41.12115967146614,
"DP_05":  0.0,
"DP_30":  0.0,
"DP_60":  0.0,
"DP_95":  44.040620964248305,
"QL":  41.1718494139683,
"RL":  43.149185000809226}
,
{ "x":  185,
"greedy000":  0.0,
"greedy050":  0.0,
"greedy100":  42.153471068037874,
"DP_05":  0.0,
"DP_30":  0.0,
"DP_60":  0.0,
"DP_95":  44.16391824190259,
"QL":  42.267041613085496,
"RL":  43.55491456774985}
,
{ "x":  205,
"greedy000":  0.0,
"greedy050":  0.0,
"greedy100":  43.142094053369085,
"DP_05":  0.0,
"DP_30":  0.0,
"DP_60":  0.0,
"DP_95":  44.448437457578066,
"QL":  43.37267361207978,
"RL":  43.93530469049746}
,
{ "x":  225,
"greedy000":  0.0,
"greedy050":  0.0,
"greedy100":  43.65989854764055,
"DP_05":  0.0,
"DP_30":  0.0,
"DP_60":  0.0,
"DP_95":  44.56867690410773,
"QL":  43.86338924298245,
"RL":  44.08826700352521}
,
{ "x":  245,
"greedy000":  0.0,
"greedy050":  0.0,
"greedy100":  44.15492026133667,
"DP_05":  0.0,
"DP_30":  0.0,
"DP_60":  0.0,
"DP_95":  44.6902892759248,
"QL":  44.03509081466215,
"RL":  44.222003591005965}
,
{ "x":  265,
"greedy000":  0.0,
"greedy050":  0.0,
"greedy100":  44.694778493230615,
"DP_05":  0.0,
"DP_30":  0.0,
"DP_60":  0.0,
"DP_95":  44.89550039262791,
"QL":  44.234356227948965,
"RL":  44.40624159807892}
]}
