{ "x_label":"episode",
"y_label":"Acceptance Rate",
"results":[
{ "x":  5,
"DP_05":  0.5536714577909095,
"DP_30":  0.610429842249592,
"DP_60":  0.6264412699486018,
"DP_95":  0.591759863004516,
"QL-Dynamic": 0.27080847569126354,
"QL-Static": 0.2824971685763047}
,
{ "x":  25,
"DP_05":  0.5576106780698263,
"DP_30":  0.6105180398142791,
"DP_60":  0.6297913211868986,
"DP_95":  0.5928349561010755,
"QL-Dynamic": 0.44177627716321,
"QL-Static": 0.4688008697214725}
,
{ "x":  45,
"DP_05":  0.560774975523796,
"DP_30":  0.6137813398923269,
"DP_60":  0.6310278458902697,
"DP_95":  0.5946480644047984,
"QL-Dynamic": 0.47091614593376835,
"QL-Static": 0.4751812909999627}
,
{ "x":  65,
"DP_05":  0.5586506286541469,
"DP_30":  0.6121686227935758,
"DP_60":  0.6299337473454022,
"DP_95":  0.5929249212894034,
"QL-Dynamic": 0.49315153161106606,
"QL-Static": 0.5160595252789804}
,
{ "x":  85,
"DP_05":  0.5548008892980439,
"DP_30":  0.6115630290942755,
"DP_60":  0.628601062332945,
"DP_95":  0.5924432937287789,
"QL-Dynamic": 0.49048835683006764,
"QL-Static": 0.5187555616877122}
,
{ "x":  105,
"DP_05":  0.5566313352397787,
"DP_30":  0.6112055425516226,
"DP_60":  0.6298582954745371,
"DP_95":  0.5936614717807036,
"QL-Dynamic": 0.49340776551049625,
"QL-Static": 0.5294921852029699}
,
{ "x":  125,
"DP_05":  0.5541421076932914,
"DP_30":  0.6089579098979995,
"DP_60":  0.6262541611544787,
"DP_95":  0.5904160001398686,
"QL-Dynamic": 0.4788709859205172,
"QL-Static": 0.530423031856851}
,
{ "x":  145,
"DP_05":  0.5603130905292855,
"DP_30":  0.6134498109296043,
"DP_60":  0.6313634688021756,
"DP_95":  0.5947748246222206,
"QL-Dynamic": 0.39921815572814656,
"QL-Static": 0.5380590078939322}
,
{ "x":  165,
"DP_05":  0.5526973850417398,
"DP_30":  0.6087782382636409,
"DP_60":  0.6278096329561402,
"DP_95":  0.592659154149821,
"QL-Dynamic": 0.5295351563992229,
"QL-Static": 0.5396928023695714}
]}
