{ "x_label":"episode",
"y_label":"Acceptance Rate",
"results":[
{ "x":  5,
"DP_05":  0.5580369977719544,
"DP_30":  0.6127321360218806,
"DP_60":  0.6307940330470077,
"DP_95":  0.5935368908496705,
"QL-Dynamic": 0.2449544929440554,
"QL-Static": 0.3097242883021799}
,
{ "x":  25,
"DP_05":  0.5543064514651223,
"DP_30":  0.6102190621449572,
"DP_60":  0.6263358704511882,
"DP_95":  0.5895683510335111,
"QL-Dynamic": 0.35942792109145605,
"QL-Static": 0.39796827117181727}
,
{ "x":  45,
"DP_05":  0.558866959492537,
"DP_30":  0.6139039904990701,
"DP_60":  0.6290734836586013,
"DP_95":  0.5915357448037166,
"QL-Dynamic": 0.4551987387001078,
"QL-Static": 0.4857033494566155}
,
{ "x":  65,
"DP_05":  0.5523774895579442,
"DP_30":  0.6081957746162011,
"DP_60":  0.6275197893381339,
"DP_95":  0.5906860754936971,
"QL-Dynamic": 0.4986563631652577,
"QL-Static": 0.5128342324069682}
,
{ "x":  85,
"DP_05":  0.5531878083120191,
"DP_30":  0.6121244924547208,
"DP_60":  0.6308391437090697,
"DP_95":  0.5929825678327958,
"QL-Dynamic": 0.5359184629367679,
"QL-Static": 0.5350611612839244}
,
{ "x":  105,
"DP_05":  0.5578165263099634,
"DP_30":  0.6100095693423074,
"DP_60":  0.6291920892121117,
"DP_95":  0.5930037167572325,
"QL-Dynamic": 0.550481363144221,
"QL-Static": 0.5134010209803058}
,
{ "x":  125,
"DP_05":  0.5539586976846058,
"DP_30":  0.6096430905862235,
"DP_60":  0.6272400855618318,
"DP_95":  0.5895398224229516,
"QL-Dynamic": 0.5521211702393751,
"QL-Static": 0.5433466582214335}
,
{ "x":  145,
"DP_05":  0.5511226273746564,
"DP_30":  0.610711081949909,
"DP_60":  0.6283377659630452,
"DP_95":  0.5919905469511089,
"QL-Dynamic": 0.562191141839518,
"QL-Static": 0.5507995460325448}
,
{ "x":  165,
"DP_05":  0.5511896058120115,
"DP_30":  0.605412820685972,
"DP_60":  0.6239146499476457,
"DP_95":  0.5881482331130982,
"QL-Dynamic": 0.5502852258711348,
"QL-Static": 0.5468573887084375}
,
{ "x":  185,
"DP_05":  0.5555220800030694,
"DP_30":  0.6083593747855094,
"DP_60":  0.626931234366982,
"DP_95":  0.5903846939504631,
"QL-Dynamic": 0.5673673833217565,
"QL-Static": 0.5628865902152098}
,
{ "x":  205,
"DP_05":  0.5529595274666261,
"DP_30":  0.6097969727363395,
"DP_60":  0.6287708335359168,
"DP_95":  0.5931674489438591,
"QL-Dynamic": 0.5722145223429174,
"QL-Static": 0.5660483548964941}
,
{ "x":  225,
"DP_05":  0.5532035539844049,
"DP_30":  0.6098051802834512,
"DP_60":  0.6268168157224324,
"DP_95":  0.5904921506284845,
"QL-Dynamic": 0.5699208061192863,
"QL-Static": 0.5506527281785377}
,
{ "x":  245,
"DP_05":  0.5567053711976979,
"DP_30":  0.6100963385175974,
"DP_60":  0.6267721797018647,
"DP_95":  0.5911402735509841,
"QL-Dynamic": 0.5586252159232459,
"QL-Static": 0.5607596660592451}
,
{ "x":  265,
"DP_05":  0.555952190625125,
"DP_30":  0.6091725537516686,
"DP_60":  0.627182414795622,
"DP_95":  0.5911250156455901,
"QL-Dynamic": 0.5790404148493323,
"QL-Static": 0.5738031683072804}
]}
