{ "x_label":"episode",
"y_label":"Federation Rate",
"results":[
{ "x":  5,
"DP_05":  0.4463285422090905,
"DP_30":  0.38957015775040804,
"DP_60":  0.37355873005139817,
"DP_95":  0.4082401369954841,
"QL-Dynamic": 0.5683713765300455,
"QL-Static": 0.5553622397029996}
,
{ "x":  25,
"DP_05":  0.44238932193017366,
"DP_30":  0.3894819601857208,
"DP_60":  0.3702086788131014,
"DP_95":  0.4071650438989244,
"QL-Dynamic": 0.4691422923227469,
"QL-Static": 0.43325190960340676}
,
{ "x":  45,
"DP_05":  0.43922502447620404,
"DP_30":  0.38621866010767314,
"DP_60":  0.36897215410973033,
"DP_95":  0.4053519355952018,
"QL-Dynamic": 0.3701068971827996,
"QL-Static": 0.44778450444459084}
,
{ "x":  65,
"DP_05":  0.44134937134585295,
"DP_30":  0.3878313772064242,
"DP_60":  0.37006625265459786,
"DP_95":  0.40707507871059667,
"QL-Dynamic": 0.37789839421473276,
"QL-Static": 0.4074860566660636}
,
{ "x":  85,
"DP_05":  0.44519911070195617,
"DP_30":  0.38843697090572427,
"DP_60":  0.3713989376670549,
"DP_95":  0.4075567062712212,
"QL-Dynamic": 0.41685596364258715,
"QL-Static": 0.42326472349613276}
,
{ "x":  105,
"DP_05":  0.44336866476022135,
"DP_30":  0.3887944574483774,
"DP_60":  0.3701417045254631,
"DP_95":  0.40633852821929645,
"QL-Dynamic": 0.38986137234719875,
"QL-Static": 0.4280521881070253}
,
{ "x":  125,
"DP_05":  0.4458578923067086,
"DP_30":  0.3910420901020006,
"DP_60":  0.3737458388455212,
"DP_95":  0.40958399986013133,
"QL-Dynamic": 0.3918930776537196,
"QL-Static": 0.4119499904120505}
,
{ "x":  145,
"DP_05":  0.4396869094707146,
"DP_30":  0.3865501890703956,
"DP_60":  0.36863653119782436,
"DP_95":  0.4052251753777794,
"QL-Dynamic": 0.43182283117370285,
"QL-Static": 0.40279435558145715}
,
{ "x":  165,
"DP_05":  0.44730261495826024,
"DP_30":  0.39122176173635925,
"DP_60":  0.37219036704385966,
"DP_95":  0.40734084585017916,
"QL-Dynamic": 0.34354293921125484,
"QL-Static": 0.40804673496047517}
]}
