{ "x_label":"episode",
"y_label":"Average Profit",
"results":[
{ "x":  5,
"DP_05":  60.53049938655734,
"DP_30":  67.211005232147,
"DP_60":  70.08680922176404,
"DP_95":  72.8422119815307,
"QL-Dynamic": 40.67701510931846,
"QL-Static": 41.48701495612581}
,
{ "x":  25,
"DP_05":  60.68133454689547,
"DP_30":  67.08733872306018,
"DP_60":  70.11835598955314,
"DP_95":  72.83932823924633,
"QL-Dynamic": 54.11358763524178,
"QL-Static": 54.82442675486103}
,
{ "x":  45,
"DP_05":  60.8015547210368,
"DP_30":  67.36621238728584,
"DP_60":  70.24448648606014,
"DP_95":  72.89476389165458,
"QL-Dynamic": 54.747666197119216,
"QL-Static": 57.74403140926044}
,
{ "x":  65,
"DP_05":  60.75102453625999,
"DP_30":  67.31013894806337,
"DP_60":  70.25024918472856,
"DP_95":  72.84171860676008,
"QL-Dynamic": 57.15255097589719,
"QL-Static": 60.25463674122443}
,
{ "x":  85,
"DP_05":  60.552616729940404,
"DP_30":  67.2575533195654,
"DP_60":  70.21678413651748,
"DP_95":  72.8727150654358,
"QL-Dynamic": 58.56581955737572,
"QL-Static": 61.91306318836199}
,
{ "x":  105,
"DP_05":  60.449389337262765,
"DP_30":  67.06595798518684,
"DP_60":  70.08174114345374,
"DP_95":  72.79595198066836,
"QL-Dynamic": 58.191095950155685,
"QL-Static": 63.2833173697868}
,
{ "x":  125,
"DP_05":  60.39136111136956,
"DP_30":  67.01032244555618,
"DP_60":  69.95010966651076,
"DP_95":  72.71860444102971,
"QL-Dynamic": 57.72127436993908,
"QL-Static": 63.10053120061584}
,
{ "x":  145,
"DP_05":  60.75549113921223,
"DP_30":  67.23188343216452,
"DP_60":  70.26073911300223,
"DP_95":  72.94031757471113,
"QL-Dynamic": 52.38383308113041,
"QL-Static": 63.086210247980645}
,
{ "x":  165,
"DP_05":  60.33334558327417,
"DP_30":  67.0215615693569,
"DP_60":  70.1127661092637,
"DP_95":  72.87707354360546,
"QL-Dynamic": 60.711940267983074,
"QL-Static": 64.68642937375938}
]}
