{ "x_label":"episode",
"y_label":"Average Profit",
"results":[
{ "x":  5,
"DP_05":  60.59440967953451,
"DP_30":  67.17128055720751,
"DP_60":  70.20471315868537,
"DP_95":  72.89501437841058,
"QL-Dynamic": 39.78813952418407,
"QL-Static": 41.18827076000006}
,
{ "x":  25,
"DP_05":  60.45298952293173,
"DP_30":  67.07260128074756,
"DP_60":  70.00803390512135,
"DP_95":  72.74537915575044,
"QL-Dynamic": 48.333304151813174,
"QL-Static": 48.00104427823098}
,
{ "x":  45,
"DP_05":  60.64690334933929,
"DP_30":  67.23529930688348,
"DP_60":  70.09592195132282,
"DP_95":  72.71966379204683,
"QL-Dynamic": 53.661108604263916,
"QL-Static": 55.96063044845962}
,
{ "x":  65,
"DP_05":  60.28457816072851,
"DP_30":  66.90238580927279,
"DP_60":  70.05837496775126,
"DP_95":  72.67818655567154,
"QL-Dynamic": 56.64078971876146,
"QL-Static": 58.87390425510646}
,
{ "x":  85,
"DP_05":  60.37463836873867,
"DP_30":  67.23475784790715,
"DP_60":  70.19414012952315,
"DP_95":  72.88588119387609,
"QL-Dynamic": 60.31174153032428,
"QL-Static": 61.47696231680651}
,
{ "x":  105,
"DP_05":  60.57044120932704,
"DP_30":  67.01915623750317,
"DP_60":  70.0837166173882,
"DP_95":  72.8496734325697,
"QL-Dynamic": 62.07165334773779,
"QL-Static": 60.840189306700736}
,
{ "x":  125,
"DP_05":  60.496605430792876,
"DP_30":  67.1324551394516,
"DP_60":  70.06493179969503,
"DP_95":  72.71677603300228,
"QL-Dynamic": 62.706384667449264,
"QL-Static": 62.15800385349022}
,
{ "x":  145,
"DP_05":  60.32675527948942,
"DP_30":  67.19262298649923,
"DP_60":  70.13795347963892,
"DP_95":  72.76497800921895,
"QL-Dynamic": 63.54302374389645,
"QL-Static": 63.457816687630704}
,
{ "x":  165,
"DP_05":  60.269261319533754,
"DP_30":  66.84059932617185,
"DP_60":  69.84756368606085,
"DP_95":  72.61967183090486,
"QL-Dynamic": 61.90260301596968,
"QL-Static": 63.67097102051122}
]}
