{ "x_label":"capacity",
"y_label":"Acceptance Rate",
 "results":[
{ "x":  20,
"greedy000":  0.06486009235754582,
"greedy050":  0.07152931398527027,
"greedy100":  0.07777502363323224,
"DP_05":  0.07777502363323224,
"DP_30":  0.0892042912748091,
"DP_60":  0.0892042912748091,
"DP_95":  0.0892042912748091,
"QL":  0.08689675399145562}
,
{ "x":  40,
"greedy000":  0.11237150343934235,
"greedy050":  0.1196730468501769,
"greedy100":  0.12390306850237068,
"DP_05":  0.12390306850237068,
"DP_30":  0.16885861763638862,
"DP_60":  0.17541473788408043,
"DP_95":  0.17630552287756368,
"QL":  0.16976629725956605}
,
{ "x":  60,
"greedy000":  0.16760648392819075,
"greedy050":  0.17829186149447382,
"greedy100":  0.18783950457379853,
"DP_05":  0.18783950457379853,
"DP_30":  0.23324206613659157,
"DP_60":  0.2515908250383889,
"DP_95":  0.2578083311087699,
"QL":  0.25572895492162606}
,
{ "x":  80,
"greedy000":  0.21576119747413292,
"greedy050":  0.23285907736742956,
"greedy100":  0.24487703720785156,
"DP_05":  0.24487703720785156,
"DP_30":  0.29337098257913174,
"DP_60":  0.317042289790593,
"DP_95":  0.3321999443996523,
"QL":  0.3265813145446608}
,
{ "x":  100,
"greedy000":  0.26128982354993197,
"greedy050":  0.2854393549410046,
"greedy100":  0.2989909983415374,
"DP_05":  0.2989909983415374,
"DP_30":  0.3499870125329233,
"DP_60":  0.37131109530559975,
"DP_95":  0.3917672865083956,
"QL":  0.39175747799203803}
,
{ "x":  120,
"greedy000":  0.30375254146353275,
"greedy050":  0.33530416868275575,
"greedy100":  0.35176721046855086,
"DP_05":  0.35176721046855086,
"DP_30":  0.40356160963114895,
"DP_60":  0.4220755541860453,
"DP_95":  0.4387611019168336,
"QL":  0.4213197625448418}
,
{ "x":  140,
"greedy000":  0.34523978238609754,
"greedy050":  0.38477848412146837,
"greedy100":  0.4067838654979538,
"DP_05":  0.4067838654979538,
"DP_30":  0.45768152567403647,
"DP_60":  0.47145997635073283,
"DP_95":  0.4724799420350145,
"QL":  0.47498845312924753}
,
{ "x":  160,
"greedy000":  0.38205858568462303,
"greedy050":  0.43196480039693536,
"greedy100":  0.45594146312133726,
"DP_05":  0.45594146312133726,
"DP_30":  0.5049954911436391,
"DP_60":  0.5137128222474474,
"DP_95":  0.4893392023737748,
"QL":  0.5085330170260834}
,
{ "x":  180,
"greedy000":  0.4141341990097668,
"greedy050":  0.47567105409242805,
"greedy100":  0.505146646651586,
"DP_05":  0.505146646651586,
"DP_30":  0.5506431813483391,
"DP_60":  0.5514256455564939,
"DP_95":  0.5149465865536815,
"QL":  0.5436160493933431}
,
{ "x":  200,
"greedy000":  0.4403563740542159,
"greedy050":  0.5187484119647292,
"greedy100":  0.5541248258800652,
"DP_05":  0.5541248258800652,
"DP_30":  0.5958816454982139,
"DP_60":  0.5957561264972513,
"DP_95":  0.5621373735821068,
"QL":  0.5906012996798436}
,
{ "x":  220,
"greedy000":  0.46057701408638574,
"greedy050":  0.5571474154046626,
"greedy100":  0.6003201226413425,
"DP_05":  0.6003201226413425,
"DP_30":  0.6378830684207595,
"DP_60":  0.6388806182781593,
"DP_95":  0.6057166395947079,
"QL":  0.6196505393046319}
,
{ "x":  240,
"greedy000":  0.47624910431627115,
"greedy050":  0.5950138400108205,
"greedy100":  0.6468734043399046,
"DP_05":  0.6468734043399046,
"DP_30":  0.6778196261534395,
"DP_60":  0.6806873021694025,
"DP_95":  0.6466431630695559,
"QL":  0.6608365969053802}
,
{ "x":  260,
"greedy000":  0.48619357321025225,
"greedy050":  0.6281793521968579,
"greedy100":  0.691127342716131,
"DP_05":  0.691127342716131,
"DP_30":  0.7141173936978931,
"DP_60":  0.7186545517515437,
"DP_95":  0.6840657271793887,
"QL":  0.6925343851367155}
,
{ "x":  280,
"greedy000":  0.49471076315367946,
"greedy050":  0.6584816371588375,
"greedy100":  0.733935165345146,
"DP_05":  0.733935165345146,
"DP_30":  0.7516892216231742,
"DP_60":  0.758209768222151,
"DP_95":  0.7261245907535901,
"QL":  0.7031086365024872}
,
{ "x":  300,
"greedy000":  0.4971911989673732,
"greedy050":  0.6851277286343929,
"greedy100":  0.7781473149884482,
"DP_05":  0.7781473149884482,
"DP_30":  0.7896610807984664,
"DP_60":  0.7958528915844092,
"DP_95":  0.7666733657478343,
"QL":  0.6994176992781964}
,
{ "x":  320,
"greedy000":  0.49697860983310366,
"greedy050":  0.7051768040234607,
"greedy100":  0.814550934998264,
"DP_05":  0.814550934998264,
"DP_30":  0.8224057593007844,
"DP_60":  0.8289781310339821,
"DP_95":  0.7999289049021794,
"QL":  0.698796847156739}
,
{ "x":  340,
"greedy000":  0.4996673114066136,
"greedy050":  0.7214837532515623,
"greedy100":  0.8486057058051888,
"DP_05":  0.8486057058051888,
"DP_30":  0.8500390819909234,
"DP_60":  0.8593083537675732,
"DP_95":  0.8343041779630592,
"QL":  0.705975018585807}
,
{ "x":  360,
"greedy000":  0.4981605775132249,
"greedy050":  0.7313585812987173,
"greedy100":  0.8777497041358326,
"DP_05":  0.8777497041358326,
"DP_30":  0.8780790573546209,
"DP_60":  0.8843240309417111,
"DP_95":  0.8612880449186017,
"QL":  0.7000451316812908}
,
{ "x":  380,
"greedy000":  0.500550253131909,
"greedy050":  0.7394830079902439,
"greedy100":  0.90813324943217,
"DP_05":  0.90813324943217,
"DP_30":  0.908187928996157,
"DP_60":  0.9122918504060206,
"DP_95":  0.8904308227566448,
"QL":  0.6966870873720161}
,
{ "x":  400,
"greedy000":  0.49996944527400633,
"greedy050":  0.7440166864930011,
"greedy100":  0.92925250429355,
"DP_05":  0.92925250429355,
"DP_30":  0.9292823505045937,
"DP_60":  0.9310838636451384,
"DP_95":  0.9155396365053772,
"QL":  0.6949808335642307}
,
{ "x":  420,
"greedy000":  0.5001016053129352,
"greedy050":  0.7466291246268429,
"greedy100":  0.9496236396912524,
"DP_05":  0.9496236396912524,
"DP_30":  0.9496236396912524,
"DP_60":  0.9502585136766367,
"DP_95":  0.9376274222063803,
"QL":  0.7028309970383504}
,
{ "x":  440,
"greedy000":  0.49984115934524365,
"greedy050":  0.7482006291230147,
"greedy100":  0.9658285875931556,
"DP_05":  0.9658285875931556,
"DP_30":  0.9658285875931556,
"DP_60":  0.9656245530792502,
"DP_95":  0.9560032720305612,
"QL":  0.7012713819378971}
,
{ "x":  460,
"greedy000":  0.498462489650886,
"greedy050":  0.7473780712324262,
"greedy100":  0.9776424448630028,
"DP_05":  0.9776424448630028,
"DP_30":  0.9776424448630028,
"DP_60":  0.9769746558642464,
"DP_95":  0.9693027547429475,
"QL":  0.6962511500809772}
,
{ "x":  480,
"greedy000":  0.49921569712952707,
"greedy050":  0.7521781732890879,
"greedy100":  0.9860824382412995,
"DP_05":  0.9860824382412995,
"DP_30":  0.9860824382412995,
"DP_60":  0.9854690757865683,
"DP_95":  0.9798897485076841,
"QL":  0.6968510246444508}
,
{ "x":  500,
"greedy000":  0.5009166952652273,
"greedy050":  0.7505764515065204,
"greedy100":  0.9914581994108598,
"DP_05":  0.9914581994108598,
"DP_30":  0.9914581994108598,
"DP_60":  0.9908427980394551,
"DP_95":  0.9879303948687497,
"QL":  0.6990120341265347}
]}
