{ "x_label":"FC",
"y_label":"AP",
 "results":[
{ "x": 0,
"greedy000":  0.0,
"greedy050":  0.0,
"greedy100":  55.85606250000001,
"DP_05":  0.0,
"DP_30":  0.0,
"DP_60":  0.0,
"DP_99":  63.70374999999999,
"QL_95":  52.4308125,
"QL_55":  56.779875000000004,
"QL_20":  56.73350000000001,
"RL":  60.7854375}
,
{ "x":  0.15,
"greedy000":  0.0,
"greedy050":  0.0,
"greedy100":  53.377178124999986,
"DP_05":  0.0,
"DP_30":  0.0,
"DP_60":  0.0,
"DP_99":  61.182815625,
"QL_95":  49.76032500000001,
"QL_55":  53.526628125,
"QL_20":  53.504074999999986,
"RL":  58.15010312500001}
,
{ "x":  0.3,
"greedy000":  0.0,
"greedy050":  0.0,
"greedy100":  51.31125625,
"DP_05":  0.0,
"DP_30":  0.0,
"DP_60":  0.0,
"DP_99":  59.98877499999999,
"QL_95":  47.88054999999999,
"QL_55":  51.675675,
"QL_20":  51.59095625,
"RL":  56.268618749999995}
,
{ "x":  0.45,
"greedy000":  0.0,
"greedy050":  0.0,
"greedy100":  49.106134374999996,
"DP_05":  0.0,
"DP_30":  0.0,
"DP_60":  0.0,
"DP_99":  58.870881250000025,
"QL_95":  46.577571875,
"QL_55":  49.903724999999994,
"QL_20":  49.89638437500001,
"RL":  54.567387499999995}
,
{ "x":  0.6,
"greedy000":  0.0,
"greedy050":  0.0,
"greedy100":  47.48355000000001,
"DP_05":  0.0,
"DP_30":  0.0,
"DP_60":  0.0,
"DP_99":  57.854087500000006,
"QL_95":  45.856225,
"QL_55":  48.838787499999995,
"QL_20":  48.55360000000001,
"RL":  53.268150000000006}
,
{ "x":  0.75,
"greedy000":  0.0,
"greedy050":  0.0,
"greedy100":  46.185953125,
"DP_05":  0.0,
"DP_30":  0.0,
"DP_60":  0.0,
"DP_99":  57.08546875,
"QL_95":  44.95603125,
"QL_55":  47.80548437499999,
"QL_20":  47.192703125,
"RL":  52.39300000000001}
,
{ "x":  0.9,
"greedy000":  0.0,
"greedy050":  0.0,
"greedy100":  44.124812500000004,
"DP_05":  0.0,
"DP_30":  0.0,
"DP_60":  0.0,
"DP_99":  55.95120625,
"QL_95":  43.783387499999996,
"QL_55":  46.098437499999996,
"QL_20":  45.23975,
"RL":  51.43188125}
,
{ "x":  1.05,
"greedy000":  0.0,
"greedy050":  0.0,
"greedy100":  42.882453125,
"DP_05":  0.0,
"DP_30":  0.0,
"DP_60":  0.0,
"DP_99":  55.670171874999994,
"QL_95":  42.949565625000005,
"QL_55":  46.062015625,
"QL_20":  44.2422625,
"RL":  51.508678125}
,
{ "x": 1.2,
"greedy000":  0.0,
"greedy050":  0.0,
"greedy100":  43.554125,
"DP_05":  0.0,
"DP_30":  0.0,
"DP_60":  0.0,
"DP_99":  55.50084999999999,
"QL_95":  42.910374999999995,
"QL_55":  45.9815125,
"QL_20":  43.995850000000004,
"RL":  51.35136249999999}
,
{ "x":  1.35,
"greedy000":  0.0,
"greedy050":  0.0,
"greedy100":  43.232312500000006,
"DP_05":  0.0,
"DP_30":  0.0,
"DP_60":  0.0,
"DP_99":  54.97995625,
"QL_95":  42.492853124999996,
"QL_55":  46.02107500000001,
"QL_20":  43.300574999999995,
"RL":  51.55882499999999}
,
{ "x":  1.5,
"greedy000":  0.0,
"greedy050":  0.0,
"greedy100":  42.8898125,
"DP_05":  0.0,
"DP_30":  0.0,
"DP_60":  0.0,
"DP_99":  54.75453125,
"QL_95":  41.931625,
"QL_55":  45.70368749999999,
"QL_20":  43.09071874999999,
"RL":  51.273812500000005}
]}
