{ "x_label":"episode",
"y_label":"Average Profit",
 "results":[
{ "x":  20,
"greedy000":  0.0,
"greedy050":  0.0,
"greedy100":  12.1744,
"DP_05":  0.0,
"DP_30":  0.0,
"DP_60":  0.0,
"DP_95":  13.14522,
"QL_09":  9.172080000000001,
"QL_05":  9.3877,
"RL":  9.7529}
,
{ "x":  60,
"greedy000":  0.0,
"greedy050":  0.0,
"greedy100":  12.199779999999999,
"DP_05":  0.0,
"DP_30":  0.0,
"DP_60":  0.0,
"DP_95":  13.19658,
"QL_09":  11.508619999999999,
"QL_05":  11.53562,
"RL":  12.236320000000001}
,
{ "x":  100,
"greedy000":  0.0,
"greedy050":  0.0,
"greedy100":  12.14356,
"DP_05":  0.0,
"DP_30":  0.0,
"DP_60":  0.0,
"DP_95":  13.136959999999998,
"QL_09":  11.78264,
"QL_05":  11.7594,
"RL":  12.43604}
,
{ "x":  140,
"greedy000":  0.0,
"greedy050":  0.0,
"greedy100":  12.152980000000001,
"DP_05":  0.0,
"DP_30":  0.0,
"DP_60":  0.0,
"DP_95":  13.190760000000001,
"QL_09":  11.972000000000001,
"QL_05":  12.017040000000001,
"RL":  12.59394}
,
{ "x":  180,
"greedy000":  0.0,
"greedy050":  0.0,
"greedy100":  12.25066,
"DP_05":  0.0,
"DP_30":  0.0,
"DP_60":  0.0,
"DP_95":  13.192599999999999,
"QL_09":  12.052400000000002,
"QL_05":  12.18268,
"RL":  12.76802}
,
{ "x":  220,
"greedy000":  0.0,
"greedy050":  0.0,
"greedy100":  12.129139999999998,
"DP_05":  0.0,
"DP_30":  0.0,
"DP_60":  0.0,
"DP_95":  13.153379999999999,
"QL_09":  12.12836,
"QL_05":  12.087720000000001,
"RL":  12.775319999999999}
,
{ "x":  260,
"greedy000":  0.0,
"greedy050":  0.0,
"greedy100":  12.249100000000002,
"DP_05":  0.0,
"DP_30":  0.0,
"DP_60":  0.0,
"DP_95":  13.178779999999998,
"QL_09":  12.276959999999999,
"QL_05":  12.160839999999999,
"RL":  12.7886}
,
{ "x":  300,
"greedy000":  0.0,
"greedy050":  0.0,
"greedy100":  12.1938,
"DP_05":  0.0,
"DP_30":  0.0,
"DP_60":  0.0,
"DP_95":  13.204180000000003,
"QL_09":  12.3167,
"QL_05":  12.201299999999998,
"RL":  12.862}
,
{ "x":  340,
"greedy000":  0.0,
"greedy050":  0.0,
"greedy100":  12.26168,
"DP_05":  0.0,
"DP_30":  0.0,
"DP_60":  0.0,
"DP_95":  13.23458,
"QL_09":  12.41502,
"QL_05":  12.2043,
"RL":  12.95444}
,
{ "x":  380,
"greedy000":  0.0,
"greedy050":  0.0,
"greedy100":  12.13218,
"DP_05":  0.0,
"DP_30":  0.0,
"DP_60":  0.0,
"DP_95":  13.14616,
"QL_09":  12.37996,
"QL_05":  12.08618,
"RL":  12.99324}
,
{ "x":  420,
"greedy000":  0.0,
"greedy050":  0.0,
"greedy100":  12.28954,
"DP_05":  0.0,
"DP_30":  0.0,
"DP_60":  0.0,
"DP_95":  13.219040000000001,
"QL_09":  12.3623,
"QL_05":  12.23764,
"RL":  13.052719999999999}
]}
