{ "x_label":"capacity",
"y_label":"Acceptance Rate",
 "results":[
{ "x":  30,
"greedy000":  0.08464355815679761,
"greedy050":  0.0891369768285793,
"greedy100":  0.09516221787395375,
"DP_05":  0.09516221787395375,
"DP_30":  0.1318700961616967,
"DP_60":  0.1342065380467794,
"DP_95":  0.1342065380467794,
"QL":  0.12527629771426962}
,
{ "x":  60,
"greedy000":  0.16656794378711376,
"greedy050":  0.18035049175821066,
"greedy100":  0.18743539111019858,
"DP_05":  0.18743539111019858,
"DP_30":  0.23171982901656815,
"DP_60":  0.2509595055380086,
"DP_95":  0.2585076813824462,
"QL":  0.18873332219512534}
,
{ "x":  90,
"greedy000":  0.23934196920383086,
"greedy050":  0.2580876021091885,
"greedy100":  0.269971140918399,
"DP_05":  0.269971140918399,
"DP_30":  0.3207532674069175,
"DP_60":  0.344613788266583,
"DP_95":  0.36257382956725387,
"QL":  0.3164128465734154}
,
{ "x":  120,
"greedy000":  0.30378218269343205,
"greedy050":  0.3349619484097811,
"greedy100":  0.35064099872759585,
"DP_05":  0.35064099872759585,
"DP_30":  0.40296845008492294,
"DP_60":  0.4236856830503135,
"DP_95":  0.4411337486850571,
"QL":  0.4296503297764523}
,
{ "x":  150,
"greedy000":  0.3613794669439127,
"greedy050":  0.4030985885969704,
"greedy100":  0.4258713046174435,
"DP_05":  0.4258713046174435,
"DP_30":  0.4761756468660268,
"DP_60":  0.4850859532170637,
"DP_95":  0.47979840614900054,
"QL":  0.4775387283574021}
,
{ "x":  180,
"greedy000":  0.41407006089293147,
"greedy050":  0.476926106713732,
"greedy100":  0.5084174713450009,
"DP_05":  0.5084174713450009,
"DP_30":  0.5521968135951048,
"DP_60":  0.5534163953576499,
"DP_95":  0.5170384984500256,
"QL":  0.5357102280842415}
,
{ "x":  210,
"greedy000":  0.45208058722276007,
"greedy050":  0.5390284086964201,
"greedy100":  0.5793498206912653,
"DP_05":  0.5793498206912653,
"DP_30":  0.6193026919054156,
"DP_60":  0.6195459203632799,
"DP_95":  0.58455880721728,
"QL":  0.602700976020085}
,
{ "x":  240,
"greedy000":  0.47683957542833183,
"greedy050":  0.5955625726723895,
"greedy100":  0.6495487097685502,
"DP_05":  0.6495487097685502,
"DP_30":  0.6795510418153773,
"DP_60":  0.6808122518262276,
"DP_95":  0.6458337422945704,
"QL":  0.6511238621290552}
,
{ "x":  270,
"greedy000":  0.48808267403882705,
"greedy050":  0.6428908064885974,
"greedy100":  0.7129978357154477,
"DP_05":  0.7129978357154477,
"DP_30":  0.7322708998549381,
"DP_60":  0.738383356738452,
"DP_95":  0.7075727871196646,
"QL":  0.7004828799615168}
,
{ "x":  300,
"greedy000":  0.49868823114730654,
"greedy050":  0.6858797284111602,
"greedy100":  0.7772976717926051,
"DP_05":  0.7772976717926051,
"DP_30":  0.7893397011396546,
"DP_60":  0.7960707922885811,
"DP_95":  0.7644165759480572,
"QL":  0.7476336216779809}
,
{ "x":  330,
"greedy000":  0.4979993717049892,
"greedy050":  0.7108710376413978,
"greedy100":  0.8294715162674606,
"DP_05":  0.8294715162674606,
"DP_30":  0.8331615290772332,
"DP_60":  0.8425827077645154,
"DP_95":  0.81674348670232,
"QL":  0.7612171174070046}
,
{ "x":  360,
"greedy000":  0.49937790917344327,
"greedy050":  0.732860726139317,
"greedy100":  0.8793109070331904,
"DP_05":  0.8793109070331904,
"DP_30":  0.8795696907414504,
"DP_60":  0.8860686108414424,
"DP_95":  0.8627029477122999,
"QL":  0.7678960637989529}
,
{ "x":  390,
"greedy000":  0.5007152117101892,
"greedy050":  0.7397797671617493,
"greedy100":  0.9177537958051145,
"DP_05":  0.9177537958051145,
"DP_30":  0.9177537958051145,
"DP_60":  0.9209513131340439,
"DP_95":  0.9023367260724138,
"QL":  0.7605903222703565}
,
{ "x":  420,
"greedy000":  0.4981135230556425,
"greedy050":  0.7479837552592955,
"greedy100":  0.9491056797750375,
"DP_05":  0.9491056797750375,
"DP_30":  0.9491056797750375,
"DP_60":  0.9497684061021605,
"DP_95":  0.9360599302878736,
"QL":  0.7757587194877831}
,
{ "x":  450,
"greedy000":  0.5011204110206482,
"greedy050":  0.7495012338945807,
"greedy100":  0.9710971047340078,
"DP_05":  0.9710971047340078,
"DP_30":  0.9710971047340078,
"DP_60":  0.9708034677486339,
"DP_95":  0.9616397844123256,
"QL":  0.763876756846094}
,
{ "x":  480,
"greedy000":  0.49895645481694617,
"greedy050":  0.7481799393466908,
"greedy100":  0.9867347668428941,
"DP_05":  0.9867347668428941,
"DP_30":  0.9867347668428941,
"DP_60":  0.9858304973660426,
"DP_95":  0.9802709005240416,
"QL":  0.7756304426704116}
,
{ "x":  510,
"greedy000":  0.5001505445538259,
"greedy050":  0.7507572342533413,
"greedy100":  0.9940026872984852,
"DP_05":  0.9940026872984852,
"DP_30":  0.9940026872984852,
"DP_60":  0.9934493559945942,
"DP_95":  0.9916089179814414,
"QL":  0.7885083767301586}
,
{ "x":  540,
"greedy000":  0.5000094657064139,
"greedy050":  0.7508693882021025,
"greedy100":  0.997286007321701,
"DP_05":  0.997286007321701,
"DP_30":  0.997286007321701,
"DP_60":  0.9970259322074803,
"DP_95":  0.9961370785271632,
"QL":  0.7889219029028666}
]}
