{ "x_label":"capacity",
"y_label":"Acceptance Rate",
 "results":[
{ "x":  25,
"greedy000":  0.07487582484537668,
"greedy050":  0.07807532353411975,
"greedy100":  0.07982873944902048,
"DP_05":  0.07982873944902048,
"DP_30":  0.08873453442468728,
"DP_60":  0.08924549580155416,
"DP_95":  0.08924549580155416,
"QL":  0.08354906625508668}
,
{ "x":  125,
"greedy000":  0.3158037779632675,
"greedy050":  0.3499252540070456,
"greedy100":  0.3650195345803615,
"DP_05":  0.3650195345803615,
"DP_30":  0.4168081284103735,
"DP_60":  0.43204393563053484,
"DP_95":  0.4411753111835952,
"QL":  0.4457523082627718}
,
{ "x":  225,
"greedy000":  0.46374771946940035,
"greedy050":  0.5636178040644879,
"greedy100":  0.6105402860330527,
"DP_05":  0.6105402860330527,
"DP_30":  0.6462885339253445,
"DP_60":  0.6460173894783422,
"DP_95":  0.6116287646796774,
"QL":  0.6241691567445032}
,
{ "x":  325,
"greedy000":  0.499191635929111,
"greedy050":  0.7084768067678275,
"greedy100":  0.8188268624168137,
"DP_05":  0.8188268624168137,
"DP_30":  0.8243814829839033,
"DP_60":  0.8313897503516516,
"DP_95":  0.8051805777027827,
"QL":  0.7082989832300458}
]}
