{ "x_label":"capacity",
"y_label":"Federation Rate",
 "results":[
{ "x":  30,
"greedy000":  0.9153564418432024,
"greedy050":  0.9108630231714209,
"greedy100":  0.904837782126046,
"DP_05":  0.904837782126046,
"DP_30":  0.8681299038383032,
"DP_60":  0.8657934619532204,
"DP_95":  0.8657934619532204,
"QL":  0.7987673940600678}
,
{ "x":  60,
"greedy000":  0.8334320562128863,
"greedy050":  0.8196495082417892,
"greedy100":  0.8125646088898012,
"DP_05":  0.8125646088898012,
"DP_30":  0.7682801709834318,
"DP_60":  0.7490404944619915,
"DP_95":  0.7414923186175538,
"QL":  0.7083469159908333}
,
{ "x":  90,
"greedy000":  0.7606580307961692,
"greedy050":  0.7419123978908116,
"greedy100":  0.7300288590816009,
"DP_05":  0.7300288590816009,
"DP_30":  0.6792467325930823,
"DP_60":  0.655386211733417,
"DP_95":  0.6374261704327461,
"QL":  0.6564497525882043}
,
{ "x":  120,
"greedy000":  0.6962178173065681,
"greedy050":  0.6650380515902189,
"greedy100":  0.6493590012724041,
"DP_05":  0.6493590012724041,
"DP_30":  0.5970315499150771,
"DP_60":  0.5763143169496865,
"DP_95":  0.5588662513149429,
"QL":  0.5496039119145868}
,
{ "x":  150,
"greedy000":  0.6386205330560872,
"greedy050":  0.5969014114030295,
"greedy100":  0.5741286953825565,
"DP_05":  0.5741286953825565,
"DP_30":  0.5238243531339732,
"DP_60":  0.5149140467829364,
"DP_95":  0.5202015938509994,
"QL":  0.5068592536907142}
,
{ "x":  180,
"greedy000":  0.5859299391070685,
"greedy050":  0.523073893286268,
"greedy100":  0.4915825286549991,
"DP_05":  0.4915825286549991,
"DP_30":  0.44780318640489514,
"DP_60":  0.4465836046423502,
"DP_95":  0.4829615015499744,
"QL":  0.43483011864892607}
,
{ "x":  210,
"greedy000":  0.5479194127772402,
"greedy050":  0.4609715913035798,
"greedy100":  0.4206501793087347,
"DP_05":  0.4206501793087347,
"DP_30":  0.3806973080945843,
"DP_60":  0.3804540796367201,
"DP_95":  0.41544119278271985,
"QL":  0.3815288233085568}
,
{ "x":  240,
"greedy000":  0.5231604245716681,
"greedy050":  0.40443742732761045,
"greedy100":  0.3504512902314499,
"DP_05":  0.3504512902314499,
"DP_30":  0.3204489581846227,
"DP_60":  0.31918774817377243,
"DP_95":  0.35416625770542953,
"QL":  0.3300763868720503}
,
{ "x":  270,
"greedy000":  0.5119173259611729,
"greedy050":  0.3571091935114027,
"greedy100":  0.2870021642845522,
"DP_05":  0.2870021642845522,
"DP_30":  0.267729100145062,
"DP_60":  0.261616643261548,
"DP_95":  0.29242721288033524,
"QL":  0.2863278531863991}
,
{ "x":  300,
"greedy000":  0.5013117688526936,
"greedy050":  0.3141202715888399,
"greedy100":  0.22270232820739486,
"DP_05":  0.22270232820739486,
"DP_30":  0.2106602988603456,
"DP_60":  0.20392920771141892,
"DP_95":  0.23558342405194285,
"QL":  0.24146096901853462}
,
{ "x":  330,
"greedy000":  0.5020006282950109,
"greedy050":  0.289128962358602,
"greedy100":  0.17052848373253923,
"DP_05":  0.17052848373253923,
"DP_30":  0.16683847092276677,
"DP_60":  0.15741729223548448,
"DP_95":  0.18325651329767997,
"QL":  0.23041291278820047}
,
{ "x":  360,
"greedy000":  0.5006220908265568,
"greedy050":  0.2671392738606831,
"greedy100":  0.12068909296680967,
"DP_05":  0.12068909296680967,
"DP_30":  0.12043030925854963,
"DP_60":  0.1139313891585576,
"DP_95":  0.13729705228770014,
"QL":  0.22076437485779862}
,
{ "x":  390,
"greedy000":  0.4992847882898109,
"greedy050":  0.26022023283825063,
"greedy100":  0.08224620419488553,
"DP_05":  0.08224620419488553,
"DP_30":  0.08224620419488553,
"DP_60":  0.0790486868659563,
"DP_95":  0.09766327392758618,
"QL":  0.2298448324209684}
,
{ "x":  420,
"greedy000":  0.5018864769443575,
"greedy050":  0.2520162447407044,
"greedy100":  0.05089432022496272,
"DP_05":  0.05089432022496272,
"DP_30":  0.05089432022496272,
"DP_60":  0.050231593897839454,
"DP_95":  0.06394006971212615,
"QL":  0.2147586740570529}
,
{ "x":  450,
"greedy000":  0.49887958897935175,
"greedy050":  0.2504987661054193,
"greedy100":  0.02890289526599238,
"DP_05":  0.02890289526599238,
"DP_30":  0.02890289526599238,
"DP_60":  0.029196532251366265,
"DP_95":  0.038360215587674315,
"QL":  0.22561741778160763}
,
{ "x":  480,
"greedy000":  0.5010435451830538,
"greedy050":  0.2518200606533091,
"greedy100":  0.01326523315710588,
"DP_05":  0.01326523315710588,
"DP_30":  0.01326523315710588,
"DP_60":  0.014169502633957309,
"DP_95":  0.01972909947595866,
"QL":  0.21606130999395803}
,
{ "x":  510,
"greedy000":  0.4998494554461742,
"greedy050":  0.24924276574665893,
"greedy100":  0.005997312701514924,
"DP_05":  0.005997312701514924,
"DP_30":  0.005997312701514924,
"DP_60":  0.006550644005405885,
"DP_95":  0.008391082018558553,
"QL":  0.20502806373555252}
,
{ "x":  540,
"greedy000":  0.4999905342935861,
"greedy050":  0.2491306117978976,
"greedy100":  0.002713992678299001,
"DP_05":  0.002713992678299001,
"DP_30":  0.002713992678299001,
"DP_60":  0.002974067792519735,
"DP_95":  0.003862921472836901,
"QL":  0.20237099762607894}
]}
