{ "x_label":"capacity",
"y_label":"Federation Rate",
 "results":[
{ "x":  25,
"greedy000":  0.9261903017879224,
"greedy050":  0.923283958212574,
"greedy100":  0.9214168674112482,
"DP_05":  0.9214168674112482,
"DP_30":  0.9119382044599933,
"DP_60":  0.9097535156841436,
"DP_95":  0.9097535156841436,
"QL":  0.8288786416837421}
,
{ "x":  125,
"greedy000":  0.6841232326308343,
"greedy050":  0.6558913038534657,
"greedy100":  0.6378697276969062,
"DP_05":  0.6378697276969062,
"DP_30":  0.5874231333084333,
"DP_60":  0.5731198701975934,
"DP_95":  0.5624313015682525,
"QL":  0.5498451876327656}
]}
