{ "x_label":"capacity",
"y_label":"Federation Rate",
 "results":[
{ "x":  25,
"greedy000":  0.9251241751546233,
"greedy050":  0.9219246764658802,
"greedy100":  0.9201712605509794,
"DP_05":  0.9201712605509794,
"DP_30":  0.9112654655753127,
"DP_60":  0.9107545041984461,
"DP_95":  0.9107545041984461,
"QL":  0.7941193187243976}
,
{ "x":  125,
"greedy000":  0.6841962220367324,
"greedy050":  0.6500747459929543,
"greedy100":  0.6349804654196385,
"DP_05":  0.6349804654196385,
"DP_30":  0.5831918715896267,
"DP_60":  0.5679560643694652,
"DP_95":  0.5588246888164048,
"QL":  0.5489033608466655}
,
{ "x":  225,
"greedy000":  0.5362522805305996,
"greedy050":  0.43638219593551203,
"greedy100":  0.3894597139669472,
"DP_05":  0.3894597139669472,
"DP_30":  0.35371146607465553,
"DP_60":  0.3539826105216578,
"DP_95":  0.3883712353203228,
"QL":  0.36558230878999665}
,
{ "x":  325,
"greedy000":  0.500808364070889,
"greedy050":  0.2915231932321726,
"greedy100":  0.1811731375831864,
"DP_05":  0.1811731375831864,
"DP_30":  0.17561851701609657,
"DP_60":  0.1686102496483483,
"DP_95":  0.1948194222972174,
"QL":  0.2830934344754028}
]}
