{ "x_label":"capacity",
"y_label":"Average Profit",
 "results":[
{ "x":  30,
"greedy000":  25.38203312972061,
"greedy050":  25.57196436527201,
"greedy100":  25.90551648013285,
"DP_05":  25.90551648013285,
"DP_30":  28.247109490029004,
"DP_60":  28.382634802235902,
"DP_95":  28.382634802235902,
"QL":  27.265862106678888}
,
{ "x":  60,
"greedy000":  27.39890988665895,
"greedy050":  28.022947169857297,
"greedy100":  28.35441860442348,
"DP_05":  28.35441860442348,
"DP_30":  31.50426471298808,
"DP_60":  32.85806518000185,
"DP_95":  33.34412020809337,
"QL":  29.48161940027067}
,
{ "x":  90,
"greedy000":  28.958464212878475,
"greedy050":  29.74346773568318,
"greedy100":  30.28930405153458,
"DP_05":  30.28930405153458,
"DP_30":  33.947350120133756,
"DP_60":  35.80011016117816,
"DP_95":  37.50490842729999,
"QL":  35.35307367516587}
,
{ "x":  120,
"greedy000":  30.267346603066482,
"greedy050":  31.386867063953236,
"greedy100":  32.04374922847033,
"DP_05":  32.04374922847033,
"DP_30":  35.96370878698199,
"DP_60":  37.57043222373923,
"DP_95":  40.629895450440905,
"QL":  39.836219207401165}
,
{ "x":  150,
"greedy000":  31.435860328910017,
"greedy050":  32.78640809792425,
"greedy100":  33.70757524607667,
"DP_05":  33.70757524607667,
"DP_30":  37.48312937004186,
"DP_60":  38.2355431344608,
"DP_95":  42.21061202723072,
"QL":  39.817358996810775}
,
{ "x":  180,
"greedy000":  32.36796029747987,
"greedy050":  34.30294406281964,
"greedy100":  35.46810834420878,
"DP_05":  35.46810834420878,
"DP_30":  38.96299048873717,
"DP_60":  39.04456461694342,
"DP_95":  42.87246481390064,
"QL":  40.04333510121956}
,
{ "x":  210,
"greedy000":  33.12474332179239,
"greedy050":  35.508119210445486,
"greedy100":  36.919964728008146,
"DP_05":  36.919964728008146,
"DP_30":  40.088054171185696,
"DP_60":  40.099276232335846,
"DP_95":  43.15534558333744,
"QL":  41.090512747288244}
,
{ "x":  240,
"greedy000":  33.569793837469135,
"greedy050":  36.62984260714487,
"greedy100":  38.366344903664995,
"DP_05":  38.366344903664995,
"DP_30":  40.86474855744728,
"DP_60":  41.081992672314584,
"DP_95":  43.42128102634697,
"QL":  41.56136718898712}
,
{ "x":  270,
"greedy000":  33.74018012226446,
"greedy050":  37.5534143918253,
"greedy100":  39.61492566325395,
"DP_05":  39.61492566325395,
"DP_30":  41.274613342515615,
"DP_60":  41.90962439827031,
"DP_95":  43.69694887985888,
"QL":  42.055113912974775}
,
{ "x":  300,
"greedy000":  33.95570294675534,
"greedy050":  38.3473925126258,
"greedy100":  40.84346070653949,
"DP_05":  40.84346070653949,
"DP_30":  41.95756875344583,
"DP_60":  42.6823374931066,
"DP_95":  43.956212640750934,
"QL":  42.49818594697184}
,
{ "x":  330,
"greedy000":  33.941107776215276,
"greedy050":  38.787757884445384,
"greedy100":  41.85553585498407,
"DP_05":  41.85553585498407,
"DP_30":  42.20565026235043,
"DP_60":  43.30090886335425,
"DP_95":  44.18034780298403,
"QL":  42.62385375979255}
,
{ "x":  360,
"greedy000":  33.96610038045931,
"greedy050":  39.21751503793208,
"greedy100":  42.781768934232765,
"DP_05":  42.781768934232765,
"DP_30":  42.80725690419666,
"DP_60":  43.796454146117256,
"DP_95":  44.378804441809436,
"QL":  42.72330156517784}
,
{ "x":  390,
"greedy000":  34.038519336317954,
"greedy050":  39.28950969871009,
"greedy100":  43.49317932791497,
"DP_05":  43.49317932791497,
"DP_30":  43.493415300647015,
"DP_60":  44.1810943922286,
"DP_95":  44.54192833385238,
"QL":  42.69231335702083}
,
{ "x":  420,
"greedy000":  33.9945095804867,
"greedy050":  39.4355104697412,
"greedy100":  44.069367777003244,
"DP_05":  44.069367777003244,
"DP_30":  44.069367777003244,
"DP_60":  44.49313749621212,
"DP_95":  44.69809686824565,
"QL":  42.87590699147753}
,
{ "x":  450,
"greedy000":  34.08585038593337,
"greedy050":  39.530047238327974,
"greedy100":  44.458328707818325,
"DP_05":  44.458328707818325,
"DP_30":  44.458328707818325,
"DP_60":  44.701570808029786,
"DP_95":  44.795672347968136,
"QL":  42.793238252513696}
,
{ "x":  480,
"greedy000":  33.94598759829295,
"greedy050":  39.4520099021389,
"greedy100":  44.767808659663785,
"DP_05":  44.767808659663785,
"DP_30":  44.767808659663785,
"DP_60":  44.87187201479407,
"DP_95":  44.90370163640863,
"QL":  42.9278835843802}
,
{ "x":  510,
"greedy000":  34.026312434680534,
"greedy050":  39.52737990377413,
"greedy100":  44.88523583228669,
"DP_05":  44.88523583228669,
"DP_30":  44.88523583228669,
"DP_60":  44.934606771739844,
"DP_95":  44.94834661539467,
"QL":  43.16324465937487}
,
{ "x":  540,
"greedy000":  33.970166405938684,
"greedy050":  39.528657382429564,
"greedy100":  44.96968435785824,
"DP_05":  44.96968435785824,
"DP_30":  44.96968435785824,
"DP_60":  44.99220925006789,
"DP_95":  44.996347119505934,
"QL":  43.12007530603404}
]}
