{ "x_label":"PC",
"y_label":"Acceptance Rate",
 "results":[
{ "x":  0,
"greedy000":  0.0,
"greedy050":  0.0,
"greedy100":  0.5171284183356494,
"DP_05":  0.0,
"DP_30":  0.0,
"DP_60":  0.0,
"DP_95":  0.6953110166823894,
"QL_09":  0.6942287604420623,
"QL_05":  0.6714229861502129,
"RL":  0.698851861938693}
,
{ "x":  8,
"greedy000":  0.0,
"greedy050":  0.0,
"greedy100":  0.5116014228736905,
"DP_05":  0.0,
"DP_30":  0.0,
"DP_60":  0.0,
"DP_95":  0.6907187370573399,
"QL_09":  0.6472047739131092,
"QL_05":  0.6469009132478938,
"RL":  0.6991180151265384}
,
{ "x":  16,
"greedy000":  0.0,
"greedy050":  0.0,
"greedy100":  0.5262214426225414,
"DP_05":  0.0,
"DP_30":  0.0,
"DP_60":  0.0,
"DP_95":  0.6906870689445693,
"QL_09":  0.610140283439406,
"QL_05":  0.6281344184616506,
"RL":  0.695687629823854}
,
{ "x":  24,
"greedy000":  0.0,
"greedy050":  0.0,
"greedy100":  0.5160395179947884,
"DP_05":  0.0,
"DP_30":  0.0,
"DP_60":  0.0,
"DP_95":  0.6985821877210076,
"QL_09":  0.5814389824766576,
"QL_05":  0.6250345097655294,
"RL":  0.6979925307899592}
,
{ "x":  32,
"greedy000":  0.0,
"greedy050":  0.0,
"greedy100":  0.5276210214634558,
"DP_05":  0.0,
"DP_30":  0.0,
"DP_60":  0.0,
"DP_95":  0.7066193393825315,
"QL_09":  0.5740222253113432,
"QL_05":  0.6307431771893637,
"RL":  0.698155974962976}
,
{ "x":  40,
"greedy000":  0.0,
"greedy050":  0.0,
"greedy100":  0.5238261178632146,
"DP_05":  0.0,
"DP_30":  0.0,
"DP_60":  0.0,
"DP_95":  0.7042239478744025,
"QL_09":  0.5836091349082456,
"QL_05":  0.6252217834171905,
"RL":  0.6940404911814154}
,
{ "x":  48,
"greedy000":  0.0,
"greedy050":  0.0,
"greedy100":  0.517980400097026,
"DP_05":  0.0,
"DP_30":  0.0,
"DP_60":  0.0,
"DP_95":  0.6970031626538551,
"QL_09":  0.5802929515788292,
"QL_05":  0.6191299578760266,
"RL":  0.6765941595824605}
,
{ "x":  56,
"greedy000":  0.0,
"greedy050":  0.0,
"greedy100":  0.5159996769479229,
"DP_05":  0.0,
"DP_30":  0.0,
"DP_60":  0.0,
"DP_95":  0.6943143681994229,
"QL_09":  0.5834128601832498,
"QL_05":  0.61676621358208,
"RL":  0.6761816726489143}
,
{ "x":  64,
"greedy000":  0.0,
"greedy050":  0.0,
"greedy100":  0.5161258001589041,
"DP_05":  0.0,
"DP_30":  0.0,
"DP_60":  0.0,
"DP_95":  0.6937572156225047,
"QL_09":  0.5789104620123974,
"QL_05":  0.6122135024288892,
"RL":  0.6740475244277101}
,
{ "x":  72,
"greedy000":  0.0,
"greedy050":  0.0,
"greedy100":  0.5171301747734992,
"DP_05":  0.0,
"DP_30":  0.0,
"DP_60":  0.0,
"DP_95":  0.6937876538157388,
"QL_09":  0.5879540819926975,
"QL_05":  0.6184593633979604,
"RL":  0.6743335283576357}
,
{ "x":  80,
"greedy000":  0.0,
"greedy050":  0.0,
"greedy100":  0.5188037854820658,
"DP_05":  0.0,
"DP_30":  0.0,
"DP_60":  0.0,
"DP_95":  0.6896575021951608,
"QL_09":  0.5802812778475749,
"QL_05":  0.6118428308029321,
"RL":  0.6727722578147761}
]}
