{ "x_label":"PC",
"y_label":"Federation Rate",
 "results":[
{ "x":  0,
"greedy000":  0.0,
"greedy050":  0.0,
"greedy100":  0.0,
"DP_05":  0.0,
"DP_30":  0.0,
"DP_60":  0.0,
"DP_95":  0.0,
"QL_09":  0.0,
"QL_05":  0.0,
"RL":  0.0}
,
{ "x":  8,
"greedy000":  0.0,
"greedy050":  0.0,
"greedy100":  0.13391244051097637,
"DP_05":  0.0,
"DP_30":  0.0,
"DP_60":  0.0,
"DP_95":  0.058325120435254396,
"QL_09":  0.09727396303763644,
"QL_05":  0.08989092292350456,
"RL":  0.06293077895886354}
,
{ "x":  16,
"greedy000":  0.0,
"greedy050":  0.0,
"greedy100":  0.24337962766058688,
"DP_05":  0.0,
"DP_30":  0.0,
"DP_60":  0.0,
"DP_95":  0.11787991852294381,
"QL_09":  0.19049126404849467,
"QL_05":  0.18001071261871235,
"RL":  0.12363202764829886}
,
{ "x":  24,
"greedy000":  0.0,
"greedy050":  0.0,
"greedy100":  0.3278340452358817,
"DP_05":  0.0,
"DP_30":  0.0,
"DP_60":  0.0,
"DP_95":  0.17021909936009497,
"QL_09":  0.2482993701639718,
"QL_05":  0.23591574119510275,
"RL":  0.17446095155690353}
,
{ "x":  32,
"greedy000":  0.0,
"greedy050":  0.0,
"greedy100":  0.3887917444365881,
"DP_05":  0.0,
"DP_30":  0.0,
"DP_60":  0.0,
"DP_95":  0.21664811163247813,
"QL_09":  0.2756743951842967,
"QL_05":  0.27110292400343755,
"RL":  0.22363216583499135}
,
{ "x":  40,
"greedy000":  0.0,
"greedy050":  0.0,
"greedy100":  0.43207596818691624,
"DP_05":  0.0,
"DP_30":  0.0,
"DP_60":  0.0,
"DP_95":  0.2501289643024779,
"QL_09":  0.2634874856239933,
"QL_05":  0.29411508642480183,
"RL":  0.256306053533491}
,
{ "x":  48,
"greedy000":  0.0,
"greedy050":  0.0,
"greedy100":  0.46123826053038747,
"DP_05":  0.0,
"DP_30":  0.0,
"DP_60":  0.0,
"DP_95":  0.2802696900981357,
"QL_09":  0.2697553667844033,
"QL_05":  0.3004958367824799,
"RL":  0.2850421605103614}
,
{ "x":  56,
"greedy000":  0.0,
"greedy050":  0.0,
"greedy100":  0.47541297095903484,
"DP_05":  0.0,
"DP_30":  0.0,
"DP_60":  0.0,
"DP_95":  0.295907054828865,
"QL_09":  0.26395955503722296,
"QL_05":  0.30066436428884175,
"RL":  0.28941762883180927}
,
{ "x":  64,
"greedy000":  0.0,
"greedy050":  0.0,
"greedy100":  0.4818504049786755,
"DP_05":  0.0,
"DP_30":  0.0,
"DP_60":  0.0,
"DP_95":  0.3027536694499555,
"QL_09":  0.27336432413983897,
"QL_05":  0.3185765844459084,
"RL":  0.29174779568796294}
,
{ "x":  72,
"greedy000":  0.0,
"greedy050":  0.0,
"greedy100":  0.48253828440854374,
"DP_05":  0.0,
"DP_30":  0.0,
"DP_60":  0.0,
"DP_95":  0.3052159359317484,
"QL_09":  0.2577742512230234,
"QL_05":  0.31554171092255834,
"RL":  0.29644419333264144}
,
{ "x":  80,
"greedy000":  0.0,
"greedy050":  0.0,
"greedy100":  0.4810568416956345,
"DP_05":  0.0,
"DP_30":  0.0,
"DP_60":  0.0,
"DP_95":  0.31015630192686705,
"QL_09":  0.2624695755438901,
"QL_05":  0.3206533299219098,
"RL":  0.28981158276137214}
]}
