{ "x_label":"PC",
"y_label":"Average Profit",
 "results":[
{ "x":  0,
"greedy000":  0.0,
"greedy050":  0.0,
"greedy100":  45.95778920603619,
"DP_05":  0.0,
"DP_30":  0.0,
"DP_60":  0.0,
"DP_95":  68.63854015039627,
"QL_09":  66.73451909845095,
"QL_05":  62.3554635644717,
"RL":  67.60579859443968}
,
{ "x":  8,
"greedy000":  0.0,
"greedy050":  0.0,
"greedy100":  51.446254870521315,
"DP_05":  0.0,
"DP_30":  0.0,
"DP_60":  0.0,
"DP_95":  68.95784170859224,
"QL_09":  64.64035163299674,
"QL_05":  62.77559936061957,
"RL":  67.66232595179001}
,
{ "x":  16,
"greedy000":  0.0,
"greedy050":  0.0,
"greedy100":  56.30363979876786,
"DP_05":  0.0,
"DP_30":  0.0,
"DP_60":  0.0,
"DP_95":  69.0359270591659,
"QL_09":  64.04938524378015,
"QL_05":  63.369279589305215,
"RL":  67.78974759944887}
,
{ "x":  24,
"greedy000":  0.0,
"greedy050":  0.0,
"greedy100":  58.66347651021838,
"DP_05":  0.0,
"DP_30":  0.0,
"DP_60":  0.0,
"DP_95":  69.85913485860655,
"QL_09":  63.501508262798666,
"QL_05":  64.79188752078674,
"RL":  68.66387539717401}
,
{ "x":  32,
"greedy000":  0.0,
"greedy050":  0.0,
"greedy100":  61.99516838543153,
"DP_05":  0.0,
"DP_30":  0.0,
"DP_60":  0.0,
"DP_95":  71.11528788282226,
"QL_09":  63.99063119670802,
"QL_05":  66.4702945192349,
"RL":  69.6851116113371}
,
{ "x":  40,
"greedy000":  0.0,
"greedy050":  0.0,
"greedy100":  63.263211127445274,
"DP_05":  0.0,
"DP_30":  0.0,
"DP_60":  0.0,
"DP_95":  71.66065177228685,
"QL_09":  64.20389703301474,
"QL_05":  66.92624986750431,
"RL":  69.92564794447496}
,
{ "x":  48,
"greedy000":  0.0,
"greedy050":  0.0,
"greedy100":  63.490393677866344,
"DP_05":  0.0,
"DP_30":  0.0,
"DP_60":  0.0,
"DP_95":  71.35139876070802,
"QL_09":  63.80658173736521,
"QL_05":  66.45605419587834,
"RL":  69.27773434090484}
,
{ "x":  56,
"greedy000":  0.0,
"greedy050":  0.0,
"greedy100":  63.6802125344578,
"DP_05":  0.0,
"DP_30":  0.0,
"DP_60":  0.0,
"DP_95":  71.35368932133646,
"QL_09":  63.804019523684,
"QL_05":  66.16615128412477,
"RL":  69.29594737588036}
,
{ "x":  64,
"greedy000":  0.0,
"greedy050":  0.0,
"greedy100":  64.06692083512885,
"DP_05":  0.0,
"DP_30":  0.0,
"DP_60":  0.0,
"DP_95":  71.60919457947308,
"QL_09":  63.69802221218756,
"QL_05":  66.36282737791699,
"RL":  69.33200562410639}
,
{ "x":  72,
"greedy000":  0.0,
"greedy050":  0.0,
"greedy100":  64.21565818216189,
"DP_05":  0.0,
"DP_30":  0.0,
"DP_60":  0.0,
"DP_95":  71.74846743934215,
"QL_09":  64.1704283020991,
"QL_05":  66.64177285282092,
"RL":  69.54584140755013}
,
{ "x":  80,
"greedy000":  0.0,
"greedy050":  0.0,
"greedy100":  63.839559463891966,
"DP_05":  0.0,
"DP_30":  0.0,
"DP_60":  0.0,
"DP_95":  71.22326512811823,
"QL_09":  63.30130854159336,
"QL_05":  66.07632561099894,
"RL":  68.9906116070834}
]}
