{ "x_label":"capacity",
"y_label":"Federation Rate",
 "results":[
{ "x":  5,
"greedy000":  0.0,
"greedy050":  0.0,
"greedy100":  1.0,
"DP_05":  0.0,
"DP_30":  0.0,
"DP_60":  0.0,
"DP_95":  1.0,
"QL":  1.0,
"RL":  1.0}
,
{ "x":  25,
"greedy000":  0.0,
"greedy050":  0.0,
"greedy100":  0.7976245934963427,
"DP_05":  0.0,
"DP_30":  0.0,
"DP_60":  0.0,
"DP_95":  0.7333029142028468,
"QL":  0.7333029142028468,
"RL":  0.7333029142028468}
,
{ "x":  45,
"greedy000":  0.0,
"greedy050":  0.0,
"greedy100":  0.7582438784241213,
"DP_05":  0.0,
"DP_30":  0.0,
"DP_60":  0.0,
"DP_95":  0.5751534330100296,
"QL":  0.5882615519462766,
"RL":  0.5912842557474939}
,
{ "x":  65,
"greedy000":  0.0,
"greedy050":  0.0,
"greedy100":  0.6165836388614034,
"DP_05":  0.0,
"DP_30":  0.0,
"DP_60":  0.0,
"DP_95":  0.5109007236218519,
"QL":  0.5312476332824755,
"RL":  0.5173024188875248}
,
{ "x":  85,
"greedy000":  0.0,
"greedy050":  0.0,
"greedy100":  0.5272761088474641,
"DP_05":  0.0,
"DP_30":  0.0,
"DP_60":  0.0,
"DP_95":  0.46182227510623497,
"QL":  0.44076512871210116,
"RL":  0.4329340943432681}
,
{ "x":  105,
"greedy000":  0.0,
"greedy050":  0.0,
"greedy100":  0.43842588314667735,
"DP_05":  0.0,
"DP_30":  0.0,
"DP_60":  0.0,
"DP_95":  0.3956445313592351,
"QL":  0.35786914369628137,
"RL":  0.3489937023411501}
,
{ "x":  125,
"greedy000":  0.0,
"greedy050":  0.0,
"greedy100":  0.35667629733678574,
"DP_05":  0.0,
"DP_30":  0.0,
"DP_60":  0.0,
"DP_95":  0.34920677933681715,
"QL":  0.3111643921268297,
"RL":  0.3079514660670709}
,
{ "x":  145,
"greedy000":  0.0,
"greedy050":  0.0,
"greedy100":  0.2735583958532303,
"DP_05":  0.0,
"DP_30":  0.0,
"DP_60":  0.0,
"DP_95":  0.2783458897738344,
"QL":  0.24144371263314524,
"RL":  0.23549895742935828}
,
{ "x":  165,
"greedy000":  0.0,
"greedy050":  0.0,
"greedy100":  0.20609455482989453,
"DP_05":  0.0,
"DP_30":  0.0,
"DP_60":  0.0,
"DP_95":  0.21275410392764832,
"QL":  0.1829489856314769,
"RL":  0.17795432389761667}
,
{ "x":  185,
"greedy000":  0.0,
"greedy050":  0.0,
"greedy100":  0.16532450529592876,
"DP_05":  0.0,
"DP_30":  0.0,
"DP_60":  0.0,
"DP_95":  0.1782838115438437,
"QL":  0.1598397568963465,
"RL":  0.151512375371812}
,
{ "x":  205,
"greedy000":  0.0,
"greedy050":  0.0,
"greedy100":  0.10360775328419596,
"DP_05":  0.0,
"DP_30":  0.0,
"DP_60":  0.0,
"DP_95":  0.11922743234674855,
"QL":  0.12164415073780106,
"RL":  0.09340991419340347}
,
{ "x":  225,
"greedy000":  0.0,
"greedy050":  0.0,
"greedy100":  0.06514974986527662,
"DP_05":  0.0,
"DP_30":  0.0,
"DP_60":  0.0,
"DP_95":  0.08142008734752601,
"QL":  0.12052226084150522,
"RL":  0.06254920463377336}
,
{ "x":  245,
"greedy000":  0.0,
"greedy050":  0.0,
"greedy100":  0.04189121959231028,
"DP_05":  0.0,
"DP_30":  0.0,
"DP_60":  0.0,
"DP_95":  0.05602164325307685,
"QL":  0.12937896650059735,
"RL":  0.043019955029215226}
,
{ "x":  265,
"greedy000":  0.0,
"greedy050":  0.0,
"greedy100":  0.021209152857818117,
"DP_05":  0.0,
"DP_30":  0.0,
"DP_60":  0.0,
"DP_95":  0.03044353514838255,
"QL":  0.11798526570700033,
"RL":  0.024121791248610185}
]}
