{ "x_label":"l",
"y_label":"Acceptance Rate",
 "results":[
{ "x":  0.2,
"greedy000":  0.0,
"greedy050":  0.0,
"greedy100":  0.9980137627328662,
"DP_05":  0.0,
"DP_30":  0.0,
"DP_60":  0.0,
"DP_95":  0.9970827345598756,
"QL_09":  0.9880684442312735,
"QL_05":  0.990171639748812,
"RL":  0.883526868757896}
,
{ "x":  0.4,
"greedy000":  0.0,
"greedy050":  0.0,
"greedy100":  0.9612196594138585,
"DP_05":  0.0,
"DP_30":  0.0,
"DP_60":  0.0,
"DP_95":  0.957252243122003,
"QL_09":  0.9557842913975492,
"QL_05":  0.9542366746789981,
"RL":  0.9041613778995993}
,
{ "x":  0.6000000000000001,
"greedy000":  0.0,
"greedy050":  0.0,
"greedy100":  0.8705013532838329,
"DP_05":  0.0,
"DP_30":  0.0,
"DP_60":  0.0,
"DP_95":  0.8835997808287583,
"QL_09":  0.8672959242849944,
"QL_05":  0.8660465384833781,
"RL":  0.8638304413505935}
,
{ "x":  0.8,
"greedy000":  0.0,
"greedy050":  0.0,
"greedy100":  0.7603787455344682,
"DP_05":  0.0,
"DP_30":  0.0,
"DP_60":  0.0,
"DP_95":  0.822282407479868,
"QL_09":  0.7590322217833979,
"QL_05":  0.7589780385721577,
"RL":  0.8091368566914217}
,
{ "x":  1.0,
"greedy000":  0.0,
"greedy050":  0.0,
"greedy100":  0.6856533449435744,
"DP_05":  0.0,
"DP_30":  0.0,
"DP_60":  0.0,
"DP_95":  0.7818697140913256,
"QL_09":  0.683138468874136,
"QL_05":  0.6847441651720828,
"RL":  0.7733160657719118}
,
{ "x":  1.2,
"greedy000":  0.0,
"greedy050":  0.0,
"greedy100":  0.6259014784542547,
"DP_05":  0.0,
"DP_30":  0.0,
"DP_60":  0.0,
"DP_95":  0.7568792745721956,
"QL_09":  0.6248151889149662,
"QL_05":  0.6251087359196292,
"RL":  0.7523478031533662}
]}
