{ "x_label":"l",
"y_label":"Acceptance Rate",
 "results":[
{ "x":  0.2,
"greedy000":  0.0,
"greedy050":  0.0,
"greedy100":  0.9994785423655396,
"DP_05":  0.0,
"DP_30":  0.0,
"DP_60":  0.0,
"DP_95":  0.9986865902440794,
"QL_09":  0.985705620628605,
"QL_05":  0.9857949320090726,
"RL":  0.9296438245978431}
,
{ "x":  0.4,
"greedy000":  0.0,
"greedy050":  0.0,
"greedy100":  0.9481451780751937,
"DP_05":  0.0,
"DP_30":  0.0,
"DP_60":  0.0,
"DP_95":  0.9454903245741422,
"QL_09":  0.9368830570091988,
"QL_05":  0.9342879608751952,
"RL":  0.8909641218011419}
,
{ "x":  0.6000000000000001,
"greedy000":  0.0,
"greedy050":  0.0,
"greedy100":  0.8587279313975202,
"DP_05":  0.0,
"DP_30":  0.0,
"DP_60":  0.0,
"DP_95":  0.8779708318588781,
"QL_09":  0.8537202896038526,
"QL_05":  0.8530962866877625,
"RL":  0.853161482676947}
,
{ "x":  0.8,
"greedy000":  0.0,
"greedy050":  0.0,
"greedy100":  0.7600282045306331,
"DP_05":  0.0,
"DP_30":  0.0,
"DP_60":  0.0,
"DP_95":  0.8221025990792497,
"QL_09":  0.7568660172235362,
"QL_05":  0.7576799325160473,
"RL":  0.8076265501160679}
,
{ "x":  1.0,
"greedy000":  0.0,
"greedy050":  0.0,
"greedy100":  0.6925490989157749,
"DP_05":  0.0,
"DP_30":  0.0,
"DP_60":  0.0,
"DP_95":  0.7868045607860161,
"QL_09":  0.6914496347561381,
"QL_05":  0.6928225281289823,
"RL":  0.774650632019765}
,
{ "x":  1.2,
"greedy000":  0.0,
"greedy050":  0.0,
"greedy100":  0.6102456323841523,
"DP_05":  0.0,
"DP_30":  0.0,
"DP_60":  0.0,
"DP_95":  0.7532550997380684,
"QL_09":  0.6089671248243486,
"QL_05":  0.608758035899954,
"RL":  0.7459332577985449}
,
{ "x":  1.4000000000000001,
"greedy000":  0.0,
"greedy050":  0.0,
"greedy100":  0.5705998973003464,
"DP_05":  0.0,
"DP_30":  0.0,
"DP_60":  0.0,
"DP_95":  0.7356935744258368,
"QL_09":  0.5704415777100852,
"QL_05":  0.5694011247735858,
"RL":  0.7229179179751147}
,
{ "x":  1.6,
"greedy000":  0.0,
"greedy050":  0.0,
"greedy100":  0.5140036226018864,
"DP_05":  0.0,
"DP_30":  0.0,
"DP_60":  0.0,
"DP_95":  0.7176464113474431,
"QL_09":  0.5120090339888883,
"QL_05":  0.5142809291986065,
"RL":  0.7052370559594443}
,
{ "x":  1.8,
"greedy000":  0.0,
"greedy050":  0.0,
"greedy100":  0.4834601858659777,
"DP_05":  0.0,
"DP_30":  0.0,
"DP_60":  0.0,
"DP_95":  0.7073371039506227,
"QL_09":  0.48454654637544275,
"QL_05":  0.4841432674814241,
"RL":  0.6930991633704723}
]}
