{ "x_label":"l",
"y_label":"Acceptance Rate",
 "results":[
{ "x":  0.2,
"greedy000":  0.0,
"greedy050":  0.0,
"greedy100":  0.9963691437826812,
"DP_05":  0.0,
"DP_30":  0.0,
"DP_60":  0.0,
"DP_95":  0.9956790696381566,
"QL_09":  0.7159895503876839,
"QL_05":  0.8662191944230871,
"RL":  0.8940860006188587}
,
{ "x":  0.4,
"greedy000":  0.0,
"greedy050":  0.0,
"greedy100":  0.95621514473223,
"DP_05":  0.0,
"DP_30":  0.0,
"DP_60":  0.0,
"DP_95":  0.9546690839349917,
"QL_09":  0.7064332729103368,
"QL_05":  0.8760751175625675,
"RL":  0.9043798027886523}
,
{ "x":  0.6000000000000001,
"greedy000":  0.0,
"greedy050":  0.0,
"greedy100":  0.8524319104356171,
"DP_05":  0.0,
"DP_30":  0.0,
"DP_60":  0.0,
"DP_95":  0.8738933221867062,
"QL_09":  0.6987967984770755,
"QL_05":  0.8297040390446304,
"RL":  0.852221269508737}
,
{ "x":  0.8,
"greedy000":  0.0,
"greedy050":  0.0,
"greedy100":  0.7647975296802836,
"DP_05":  0.0,
"DP_30":  0.0,
"DP_60":  0.0,
"DP_95":  0.8216259413465934,
"QL_09":  0.691889052960804,
"QL_05":  0.7854162282852528,
"RL":  0.8079707654584846}
,
{ "x":  1.0,
"greedy000":  0.0,
"greedy050":  0.0,
"greedy100":  0.6815625652848045,
"DP_05":  0.0,
"DP_30":  0.0,
"DP_60":  0.0,
"DP_95":  0.7800757992206284,
"QL_09":  0.6821461580016307,
"QL_05":  0.7312412212006681,
"RL":  0.7699065623559811}
,
{ "x":  1.2,
"greedy000":  0.0,
"greedy050":  0.0,
"greedy100":  0.6187771688561735,
"DP_05":  0.0,
"DP_30":  0.0,
"DP_60":  0.0,
"DP_95":  0.7560393706906213,
"QL_09":  0.6642693590141296,
"QL_05":  0.6849977900025855,
"RL":  0.7468891815776948}
,
{ "x":  1.4000000000000001,
"greedy000":  0.0,
"greedy050":  0.0,
"greedy100":  0.5689420176118803,
"DP_05":  0.0,
"DP_30":  0.0,
"DP_60":  0.0,
"DP_95":  0.7353591068053094,
"QL_09":  0.6437415530109549,
"QL_05":  0.6425823823951278,
"RL":  0.7278373444746984}
,
{ "x":  1.6,
"greedy000":  0.0,
"greedy050":  0.0,
"greedy100":  0.5238702973390257,
"DP_05":  0.0,
"DP_30":  0.0,
"DP_60":  0.0,
"DP_95":  0.7177649961103733,
"QL_09":  0.6168179890310792,
"QL_05":  0.6061029074642115,
"RL":  0.7064048314293175}
,
{ "x":  1.8,
"greedy000":  0.0,
"greedy050":  0.0,
"greedy100":  0.48799601861974196,
"DP_05":  0.0,
"DP_30":  0.0,
"DP_60":  0.0,
"DP_95":  0.7076805349916884,
"QL_09":  0.5978260687317357,
"QL_05":  0.5755169284230977,
"RL":  0.6922538834512564}
,
{ "x":  2.0,
"greedy000":  0.0,
"greedy050":  0.0,
"greedy100":  0.4538746063043105,
"DP_05":  0.0,
"DP_30":  0.0,
"DP_60":  0.0,
"DP_95":  0.6931123672435943,
"QL_09":  0.589036592541222,
"QL_05":  0.5409362351077239,
"RL":  0.6746821874045418}
,
{ "x":  2.2,
"greedy000":  0.0,
"greedy050":  0.0,
"greedy100":  0.42823434395494797,
"DP_05":  0.0,
"DP_30":  0.0,
"DP_60":  0.0,
"DP_95":  0.6849981339104455,
"QL_09":  0.5672368335518523,
"QL_05":  0.5220121573431716,
"RL":  0.6644036085406774}
]}
