{ "x_label":"l",
"y_label":"Federation Rate",
 "results":[
{ "x":  0.2,
"greedy000":  0.0,
"greedy050":  0.0,
"greedy100":  0.0005214576344605129,
"DP_05":  0.0,
"DP_30":  0.0,
"DP_60":  0.0,
"DP_95":  0.0013134097559205295,
"QL_09":  0.011627081702391271,
"QL_05":  0.012189012528063923,
"RL":  0.06473228301124287}
,
{ "x":  0.4,
"greedy000":  0.0,
"greedy050":  0.0,
"greedy100":  0.050608952941014494,
"DP_05":  0.0,
"DP_30":  0.0,
"DP_60":  0.0,
"DP_95":  0.0528011147860043,
"QL_09":  0.05445349199358264,
"QL_05":  0.05584231884317724,
"RL":  0.09270844660022368}
,
{ "x":  0.6000000000000001,
"greedy000":  0.0,
"greedy050":  0.0,
"greedy100":  0.13173168197383583,
"DP_05":  0.0,
"DP_30":  0.0,
"DP_60":  0.0,
"DP_95":  0.10978842875362786,
"QL_09":  0.13284779756215812,
"QL_05":  0.13338946830984605,
"RL":  0.12888870340303377}
,
{ "x":  0.8,
"greedy000":  0.0,
"greedy050":  0.0,
"greedy100":  0.19281597764540148,
"DP_05":  0.0,
"DP_30":  0.0,
"DP_60":  0.0,
"DP_95":  0.13219201942798953,
"QL_09":  0.19401498498782963,
"QL_05":  0.1932053770418956,
"RL":  0.14364864359598656}
,
{ "x":  1.0,
"greedy000":  0.0,
"greedy050":  0.0,
"greedy100":  0.21313797682219252,
"DP_05":  0.0,
"DP_30":  0.0,
"DP_60":  0.0,
"DP_95":  0.12777024651120147,
"QL_09":  0.21245935978536798,
"QL_05":  0.2124788019998581,
"RL":  0.14019921766078394}
,
{ "x":  1.2,
"greedy000":  0.0,
"greedy050":  0.0,
"greedy100":  0.23232155604949584,
"DP_05":  0.0,
"DP_30":  0.0,
"DP_60":  0.0,
"DP_95":  0.11889501984417734,
"QL_09":  0.2318633160555718,
"QL_05":  0.23330416099753754,
"RL":  0.12666439972779914}
,
{ "x":  1.4000000000000001,
"greedy000":  0.0,
"greedy050":  0.0,
"greedy100":  0.2175298087142083,
"DP_05":  0.0,
"DP_30":  0.0,
"DP_60":  0.0,
"DP_95":  0.10768639760587377,
"QL_09":  0.2161531392088074,
"QL_05":  0.21784675832239522,
"RL":  0.1199677412485862}
,
{ "x":  1.6,
"greedy000":  0.0,
"greedy050":  0.0,
"greedy100":  0.21838356238235151,
"DP_05":  0.0,
"DP_30":  0.0,
"DP_60":  0.0,
"DP_95":  0.09540697253667572,
"QL_09":  0.21938503051434005,
"QL_05":  0.2158072045373632,
"RL":  0.10723264227759241}
,
{ "x":  1.8,
"greedy000":  0.0,
"greedy050":  0.0,
"greedy100":  0.20790672029805904,
"DP_05":  0.0,
"DP_30":  0.0,
"DP_60":  0.0,
"DP_95":  0.08608813166965398,
"QL_09":  0.20522700194857438,
"QL_05":  0.20715153392922395,
"RL":  0.09958883272356109}
]}
