{ "x_label":"l",
"y_label":"Federation Rate",
 "results":[
{ "x":  0.2,
"greedy000":  0.0,
"greedy050":  0.0,
"greedy100":  0.001986237267133632,
"DP_05":  0.0,
"DP_30":  0.0,
"DP_60":  0.0,
"DP_95":  0.0029172654401242127,
"QL_09":  0.00838191178259915,
"QL_05":  0.0073030620516588984,
"RL":  0.10814294258190635}
,
{ "x":  0.4,
"greedy000":  0.0,
"greedy050":  0.0,
"greedy100":  0.038648065396006945,
"DP_05":  0.0,
"DP_30":  0.0,
"DP_60":  0.0,
"DP_95":  0.04248213833896205,
"QL_09":  0.039574701495978706,
"QL_05":  0.040531300788278775,
"RL":  0.08191873966990523}
,
{ "x":  0.6000000000000001,
"greedy000":  0.0,
"greedy050":  0.0,
"greedy100":  0.12022533404761118,
"DP_05":  0.0,
"DP_30":  0.0,
"DP_60":  0.0,
"DP_95":  0.10375513734906816,
"QL_09":  0.12020487563423654,
"QL_05":  0.12096620729864087,
"RL":  0.11882594500195072}
,
{ "x":  0.8,
"greedy000":  0.0,
"greedy050":  0.0,
"greedy100":  0.19637988029426467,
"DP_05":  0.0,
"DP_30":  0.0,
"DP_60":  0.0,
"DP_95":  0.133014087437073,
"QL_09":  0.1954758596658706,
"QL_05":  0.1950523212994631,
"RL":  0.14514830773318116}
,
{ "x":  1.0,
"greedy000":  0.0,
"greedy050":  0.0,
"greedy100":  0.2138491638636702,
"DP_05":  0.0,
"DP_30":  0.0,
"DP_60":  0.0,
"DP_95":  0.12837218639792888,
"QL_09":  0.2150915885035885,
"QL_05":  0.21384662209706792,
"RL":  0.13788040728815956}
,
{ "x":  1.2,
"greedy000":  0.0,
"greedy050":  0.0,
"greedy100":  0.22384882356795582,
"DP_05":  0.0,
"DP_30":  0.0,
"DP_60":  0.0,
"DP_95":  0.11904341136671184,
"QL_09":  0.2237714194638893,
"QL_05":  0.223942215709727,
"RL":  0.1257371076325824}
]}
