{ "x_label":"l",
"y_label":"Federation Rate",
 "results":[
{ "x":  0.2,
"greedy000":  0.0,
"greedy050":  0.0,
"greedy100":  0.0036308562173187537,
"DP_05":  0.0,
"DP_30":  0.0,
"DP_60":  0.0,
"DP_95":  0.004320930361843477,
"QL_09":  0.1844886373776687,
"QL_05":  0.1066550338933698,
"RL":  0.09721445577812951}
,
{ "x":  0.4,
"greedy000":  0.0,
"greedy050":  0.0,
"greedy100":  0.04351522423440107,
"DP_05":  0.0,
"DP_30":  0.0,
"DP_60":  0.0,
"DP_95":  0.04479027042035171,
"QL_09":  0.1982598755572391,
"QL_05":  0.10172202595472316,
"RL":  0.07849074069807269}
,
{ "x":  0.6000000000000001,
"greedy000":  0.0,
"greedy050":  0.0,
"greedy100":  0.1361560091642871,
"DP_05":  0.0,
"DP_30":  0.0,
"DP_60":  0.0,
"DP_95":  0.11191438681148216,
"QL_09":  0.2090059930048071,
"QL_05":  0.13960201248517579,
"RL":  0.1253569243851088}
,
{ "x":  0.8,
"greedy000":  0.0,
"greedy050":  0.0,
"greedy100":  0.18750015148029373,
"DP_05":  0.0,
"DP_30":  0.0,
"DP_60":  0.0,
"DP_95":  0.12999534295958018,
"QL_09":  0.2179019919113049,
"QL_05":  0.15605602578679784,
"RL":  0.14095880713390901}
,
{ "x":  1.0,
"greedy000":  0.0,
"greedy050":  0.0,
"greedy100":  0.21996494378696774,
"DP_05":  0.0,
"DP_30":  0.0,
"DP_60":  0.0,
"DP_95":  0.13080662436176205,
"QL_09":  0.20443400896285407,
"QL_05":  0.1737293320667776,
"RL":  0.14094528896700442}
,
{ "x":  1.2,
"greedy000":  0.0,
"greedy050":  0.0,
"greedy100":  0.22425404463041856,
"DP_05":  0.0,
"DP_30":  0.0,
"DP_60":  0.0,
"DP_95":  0.11783795941262856,
"QL_09":  0.19470689259193813,
"QL_05":  0.1776089985617174,
"RL":  0.12624942059792021}
,
{ "x":  1.4000000000000001,
"greedy000":  0.0,
"greedy050":  0.0,
"greedy100":  0.22425716578360003,
"DP_05":  0.0,
"DP_30":  0.0,
"DP_60":  0.0,
"DP_95":  0.11085684063542915,
"QL_09":  0.18799619585777344,
"QL_05":  0.1771803471655526,
"RL":  0.11728100230478458}
,
{ "x":  1.6,
"greedy000":  0.0,
"greedy050":  0.0,
"greedy100":  0.21766375342364452,
"DP_05":  0.0,
"DP_30":  0.0,
"DP_60":  0.0,
"DP_95":  0.09598589543004951,
"QL_09":  0.18424157988527484,
"QL_05":  0.17757902781539417,
"RL":  0.10818644775504142}
,
{ "x":  1.8,
"greedy000":  0.0,
"greedy050":  0.0,
"greedy100":  0.21403078236435533,
"DP_05":  0.0,
"DP_30":  0.0,
"DP_60":  0.0,
"DP_95":  0.08842234355195527,
"QL_09":  0.1809100087772243,
"QL_05":  0.17611932278719025,
"RL":  0.10533771086265682}
,
{ "x":  2.0,
"greedy000":  0.0,
"greedy050":  0.0,
"greedy100":  0.201198164941164,
"DP_05":  0.0,
"DP_30":  0.0,
"DP_60":  0.0,
"DP_95":  0.07977213147503179,
"QL_09":  0.1645270869739456,
"QL_05":  0.16946485622648194,
"RL":  0.09696223410952448}
,
{ "x":  2.2,
"greedy000":  0.0,
"greedy050":  0.0,
"greedy100":  0.19645921005483447,
"DP_05":  0.0,
"DP_30":  0.0,
"DP_60":  0.0,
"DP_95":  0.07421432267547808,
"QL_09":  0.17073452428152563,
"QL_05":  0.16940147948792178,
"RL":  0.09231736660621895}
]}
