{ "x_label":"l",
"y_label":"Average Profit",
 "results":[
{ "x":  0.2,
"greedy000":  0.0,
"greedy050":  0.0,
"greedy100":  73.62488678660918,
"DP_05":  0.0,
"DP_30":  0.0,
"DP_60":  0.0,
"DP_95":  73.63665009764478,
"QL_09":  73.29535119220265,
"QL_05":  73.39115301501613,
"RL":  72.83423838841722}
,
{ "x":  0.4,
"greedy000":  0.0,
"greedy050":  0.0,
"greedy100":  72.97964315919268,
"DP_05":  0.0,
"DP_30":  0.0,
"DP_60":  0.0,
"DP_95":  73.33803985620315,
"QL_09":  72.68662732133645,
"QL_05":  72.59000668993268,
"RL":  72.69196129350823}
,
{ "x":  0.6000000000000001,
"greedy000":  0.0,
"greedy050":  0.0,
"greedy100":  71.04771355219162,
"DP_05":  0.0,
"DP_30":  0.0,
"DP_60":  0.0,
"DP_95":  72.76193760620198,
"QL_09":  70.84204183161137,
"QL_05":  70.74709545083174,
"RL":  72.17489078633426}
,
{ "x":  0.8,
"greedy000":  0.0,
"greedy050":  0.0,
"greedy100":  67.37280932930696,
"DP_05":  0.0,
"DP_30":  0.0,
"DP_60":  0.0,
"DP_95":  71.56566172962901,
"QL_09":  67.29932156900668,
"QL_05":  67.22764050364137,
"RL":  70.96461536380966}
,
{ "x":  1.0,
"greedy000":  0.0,
"greedy050":  0.0,
"greedy100":  63.67529523356052,
"DP_05":  0.0,
"DP_30":  0.0,
"DP_60":  0.0,
"DP_95":  70.51525015398047,
"QL_09":  63.56854155864513,
"QL_05":  63.62017363814649,
"RL":  69.59631093508891}
,
{ "x":  1.2,
"greedy000":  0.0,
"greedy050":  0.0,
"greedy100":  60.635179287524394,
"DP_05":  0.0,
"DP_30":  0.0,
"DP_60":  0.0,
"DP_95":  70.06468984594855,
"QL_09":  60.54559905453306,
"QL_05":  60.60563841343104,
"RL":  69.1634692363892}
]}
