{ "x_label":"l",
"y_label":"Average Profit",
 "results":[
{ "x":  0.2,
"greedy000":  0.0,
"greedy050":  0.0,
"greedy100":  72.6955326869317,
"DP_05":  0.0,
"DP_30":  0.0,
"DP_60":  0.0,
"DP_95":  72.69487543623192,
"QL_09":  72.33758008897424,
"QL_05":  72.366842495503,
"RL":  72.18141854052172}
,
{ "x":  0.4,
"greedy000":  0.0,
"greedy050":  0.0,
"greedy100":  72.3153105961298,
"DP_05":  0.0,
"DP_30":  0.0,
"DP_60":  0.0,
"DP_95":  72.79484765043559,
"QL_09":  71.7678264400613,
"QL_05":  71.62998630705283,
"RL":  72.0436070584912}
,
{ "x":  0.6000000000000001,
"greedy000":  0.0,
"greedy050":  0.0,
"greedy100":  70.64605047710089,
"DP_05":  0.0,
"DP_30":  0.0,
"DP_60":  0.0,
"DP_95":  72.53287465988144,
"QL_09":  70.35808983708301,
"QL_05":  70.31831148307695,
"RL":  71.85306191071484}
,
{ "x":  0.8,
"greedy000":  0.0,
"greedy050":  0.0,
"greedy100":  67.2647237743558,
"DP_05":  0.0,
"DP_30":  0.0,
"DP_60":  0.0,
"DP_95":  71.60409887545559,
"QL_09":  67.10298585833824,
"QL_05":  67.13650801888282,
"RL":  70.95065748512181}
,
{ "x":  1.0,
"greedy000":  0.0,
"greedy050":  0.0,
"greedy100":  64.34259186610642,
"DP_05":  0.0,
"DP_30":  0.0,
"DP_60":  0.0,
"DP_95":  70.94412203502138,
"QL_09":  64.22597305869111,
"QL_05":  64.35272519604563,
"RL":  70.00023945435203}
,
{ "x":  1.2,
"greedy000":  0.0,
"greedy050":  0.0,
"greedy100":  59.81024171903168,
"DP_05":  0.0,
"DP_30":  0.0,
"DP_60":  0.0,
"DP_95":  69.82738147081058,
"QL_09":  59.67455594962364,
"QL_05":  59.758524984383065,
"RL":  68.8242505482267}
,
{ "x":  1.4000000000000001,
"greedy000":  0.0,
"greedy050":  0.0,
"greedy100":  56.87114641977051,
"DP_05":  0.0,
"DP_30":  0.0,
"DP_60":  0.0,
"DP_95":  69.51482432169642,
"QL_09":  56.787962794131964,
"QL_05":  56.80818770507837,
"RL":  68.17750077684876}
,
{ "x":  1.6,
"greedy000":  0.0,
"greedy050":  0.0,
"greedy100":  53.157710818052635,
"DP_05":  0.0,
"DP_30":  0.0,
"DP_60":  0.0,
"DP_95":  68.89057029354548,
"QL_09":  53.07386611503212,
"QL_05":  53.02266592733023,
"RL":  67.28063333166683}
,
{ "x":  1.8,
"greedy000":  0.0,
"greedy050":  0.0,
"greedy100":  50.86216834203422,
"DP_05":  0.0,
"DP_30":  0.0,
"DP_60":  0.0,
"DP_95":  68.64072895383035,
"QL_09":  50.8099630568296,
"QL_05":  50.901174904979484,
"RL":  67.03770521885147}
]}
