{ "x_label":"l",
"y_label":"Average Profit",
 "results":[
{ "x":  0.2,
"greedy000":  0.0,
"greedy050":  0.0,
"greedy100":  73.18521215214106,
"DP_05":  0.0,
"DP_30":  0.0,
"DP_60":  0.0,
"DP_95":  73.1952512048567,
"QL_09":  67.73383183853231,
"QL_05":  71.55798078423175,
"RL":  72.42220914281923}
,
{ "x":  0.4,
"greedy000":  0.0,
"greedy050":  0.0,
"greedy100":  72.73436223272202,
"DP_05":  0.0,
"DP_30":  0.0,
"DP_60":  0.0,
"DP_95":  73.17159388830899,
"QL_09":  67.27962956573501,
"QL_05":  71.99318373669705,
"RL":  72.47341242196505}
,
{ "x":  0.6000000000000001,
"greedy000":  0.0,
"greedy050":  0.0,
"greedy100":  70.16005305346883,
"DP_05":  0.0,
"DP_30":  0.0,
"DP_60":  0.0,
"DP_95":  72.14029321074574,
"QL_09":  66.92138926997593,
"QL_05":  70.71347317217376,
"RL":  71.41501156251056}
,
{ "x":  0.8,
"greedy000":  0.0,
"greedy050":  0.0,
"greedy100":  67.21512252028162,
"DP_05":  0.0,
"DP_30":  0.0,
"DP_60":  0.0,
"DP_95":  71.40186319382644,
"QL_09":  66.44278518953737,
"QL_05":  69.24086903912426,
"RL":  70.69334677889135}
,
{ "x":  1.0,
"greedy000":  0.0,
"greedy050":  0.0,
"greedy100":  63.58305872300582,
"DP_05":  0.0,
"DP_30":  0.0,
"DP_60":  0.0,
"DP_95":  70.39080894257911,
"QL_09":  66.10718957262377,
"QL_05":  66.91918083954432,
"RL":  69.50498160385372}
,
{ "x":  1.2,
"greedy000":  0.0,
"greedy050":  0.0,
"greedy100":  60.03469688720263,
"DP_05":  0.0,
"DP_30":  0.0,
"DP_60":  0.0,
"DP_95":  69.91935256713309,
"QL_09":  65.32331480938268,
"QL_05":  64.54097257864905,
"RL":  68.87755242516204}
,
{ "x":  1.4000000000000001,
"greedy000":  0.0,
"greedy050":  0.0,
"greedy100":  57.15774595331395,
"DP_05":  0.0,
"DP_30":  0.0,
"DP_60":  0.0,
"DP_95":  69.56691976568374,
"QL_09":  64.69829315188852,
"QL_05":  62.29994903135366,
"RL":  68.51833567189483}
,
{ "x":  1.6,
"greedy000":  0.0,
"greedy050":  0.0,
"greedy100":  53.82618747959393,
"DP_05":  0.0,
"DP_30":  0.0,
"DP_60":  0.0,
"DP_95":  68.82115350337658,
"QL_09":  63.33708770836487,
"QL_05":  60.28711663034004,
"RL":  67.39943695225662}
,
{ "x":  1.8,
"greedy000":  0.0,
"greedy050":  0.0,
"greedy100":  51.445462636094966,
"DP_05":  0.0,
"DP_30":  0.0,
"DP_60":  0.0,
"DP_95":  68.73791730847877,
"QL_09":  62.40967516882672,
"QL_05":  58.58340882983907,
"RL":  67.1773518162909}
,
{ "x":  2.0,
"greedy000":  0.0,
"greedy050":  0.0,
"greedy100":  48.33817627582588,
"DP_05":  0.0,
"DP_30":  0.0,
"DP_60":  0.0,
"DP_95":  68.0645839089731,
"QL_09":  61.466380337837904,
"QL_05":  55.72660630816544,
"RL":  66.00308040324151}
,
{ "x":  2.2,
"greedy000":  0.0,
"greedy050":  0.0,
"greedy100":  46.44739461901036,
"DP_05":  0.0,
"DP_30":  0.0,
"DP_60":  0.0,
"DP_95":  67.71093906566136,
"QL_09":  60.75364173445949,
"QL_05":  54.84246327628923,
"RL":  65.5548524393721}
]}
