{ "x_label":"capacity",
"y_label":"Acceptance Rate",
 "results":[
{ "x":  25,
"greedy000":  0.07378980152557178,
"greedy050":  0.07929538451262744,
"greedy100":  0.07931531670687487,
"DP_05":  0.07931531670687487,
"DP_30":  0.08836492462645518,
"DP_60":  0.09096996420869105,
"DP_95":  0.09096996420869105,
"QL":  0.0832164783662758}
,
{ "x":  125,
"greedy000":  0.3111335876934391,
"greedy050":  0.34557895387472864,
"greedy100":  0.3618751599746569,
"DP_05":  0.3618751599746569,
"DP_30":  0.41448222402453927,
"DP_60":  0.42966270296540765,
"DP_95":  0.4387320843455382,
"QL":  0.4276237415545297}
,
{ "x":  225,
"greedy000":  0.46523438775376097,
"greedy050":  0.5690762170476562,
"greedy100":  0.6134504701776218,
"DP_05":  0.6134504701776218,
"DP_30":  0.6494045803109048,
"DP_60":  0.6491673566485957,
"DP_95":  0.6159566557397149,
"QL":  0.6223784511838157}
,
{ "x":  325,
"greedy000":  0.4987245629761673,
"greedy050":  0.709714981930451,
"greedy100":  0.8219588222688641,
"DP_05":  0.8219588222688641,
"DP_30":  0.8272514452374835,
"DP_60":  0.8353543799463095,
"DP_95":  0.808687599152947,
"QL":  0.7650031346677576}
]}
