{ "x_label":"capacity",
"y_label":"Federation Rate",
 "results":[
{ "x":  25,
"greedy000":  0.9262101984744282,
"greedy050":  0.9207046154873726,
"greedy100":  0.9206846832931254,
"DP_05":  0.9206846832931254,
"DP_30":  0.9116350753735449,
"DP_60":  0.909030035791309,
"DP_95":  0.909030035791309,
"QL":  0.872405111417587}
,
{ "x":  125,
"greedy000":  0.6888664123065606,
"greedy050":  0.6544210461252712,
"greedy100":  0.6381248400253432,
"DP_05":  0.6381248400253432,
"DP_30":  0.5855177759754608,
"DP_60":  0.5703372970345923,
"DP_95":  0.5612679156544618,
"QL":  0.5508684669238719}
,
{ "x":  225,
"greedy000":  0.5347656122462391,
"greedy050":  0.4309237829523438,
"greedy100":  0.38654952982237817,
"DP_05":  0.38654952982237817,
"DP_30":  0.3505954196890953,
"DP_60":  0.3508326433514043,
"DP_95":  0.38404334426028486,
"QL":  0.35695412755466244}
,
{ "x":  325,
"greedy000":  0.5012754370238327,
"greedy050":  0.2902850180695488,
"greedy100":  0.178041177731136,
"DP_05":  0.178041177731136,
"DP_30":  0.17274855476251644,
"DP_60":  0.16464562005369068,
"DP_95":  0.19131240084705303,
"QL":  0.2262568827694152}
]}
