{ "x_label":"capacity",
"y_label":"Average Profit",
 "results":[
{ "x":  25,
"greedy000":  25.19474753790301,
"greedy050":  25.368740374785094,
"greedy100":  25.378671159898495,
"DP_05":  25.378671159898495,
"DP_30":  26.418809451274534,
"DP_60":  26.671724380302244,
"DP_95":  26.671724380302244,
"QL":  25.290766061927112}
,
{ "x":  125,
"greedy000":  30.485858296227747,
"greedy050":  31.63400039437085,
"greedy100":  32.350228515673734,
"DP_05":  32.350228515673734,
"DP_30":  36.28371291211609,
"DP_60":  37.5494045010753,
"DP_95":  40.62302918280971,
"QL":  39.32900785584016}
,
{ "x":  225,
"greedy000":  33.380223542620826,
"greedy050":  36.14400502510688,
"greedy100":  37.61346671289075,
"DP_05":  37.61346671289075,
"DP_30":  40.57520869420561,
"DP_60":  40.58358195341429,
"DP_95":  43.30464888114565,
"QL":  41.27903144246299}
,
{ "x":  325,
"greedy000":  34.01247871904177,
"greedy050":  38.79042413479295,
"greedy100":  41.710170137910715,
"DP_05":  41.710170137910715,
"DP_30":  42.24655811911081,
"DP_60":  43.19209027891681,
"DP_95":  44.144334456567364,
"QL":  42.69213678748637}
]}
