{ "x_label":"l",
"y_label":"Federation Rate",
 "results":[
{ "x":  0.3,
"greedy000":  0.0,
"greedy050":  0.0,
"greedy100":  0.0,
"DP_05":  0.0,
"DP_30":  0.0,
"DP_60":  0.0,
"DP_95":  0.0,
"QL_09":  0.17121300672609416,
"QL_05":  0.11724182590973056,
"RL":  0.11001655209297019}
,
{ "x":  0.6,
"greedy000":  0.0,
"greedy050":  0.0,
"greedy100":  0.011943797554862601,
"DP_05":  0.0,
"DP_30":  0.0,
"DP_60":  0.0,
"DP_95":  0.01272320641245293,
"QL_09":  0.21583380398884122,
"QL_05":  0.10578047213798517,
"RL":  0.07290854050180272}
,
{ "x":  0.8999999999999999,
"greedy000":  0.0,
"greedy050":  0.0,
"greedy100":  0.07042092528147258,
"DP_05":  0.0,
"DP_30":  0.0,
"DP_60":  0.0,
"DP_95":  0.05633251253790983,
"QL_09":  0.21107887190055313,
"QL_05":  0.12254800490220863,
"RL":  0.08758684511895284}
,
{ "x":  1.2,
"greedy000":  0.0,
"greedy050":  0.0,
"greedy100":  0.12350079188502863,
"DP_05":  0.0,
"DP_30":  0.0,
"DP_60":  0.0,
"DP_95":  0.08502637814758796,
"QL_09":  0.2074209464899228,
"QL_05":  0.11719290111407321,
"RL":  0.09486544372689629}
,
{ "x":  1.5,
"greedy000":  0.0,
"greedy050":  0.0,
"greedy100":  0.14410631959840586,
"DP_05":  0.0,
"DP_30":  0.0,
"DP_60":  0.0,
"DP_95":  0.08628954334820409,
"QL_09":  0.18331034138254848,
"QL_05":  0.11794157000013587,
"RL":  0.09682908531512868}
,
{ "x":  1.8,
"greedy000":  0.0,
"greedy050":  0.0,
"greedy100":  0.16684162056489688,
"DP_05":  0.0,
"DP_30":  0.0,
"DP_60":  0.0,
"DP_95":  0.0799070751413659,
"QL_09":  0.17278810495127672,
"QL_05":  0.10684965698086095,
"RL":  0.09158032362105036}
]}
