{ "x_label":"episode",
"y_label":"Acceptance Rate",
 "results":[
{ "x":  20,
"greedy000":  0.0,
"greedy050":  0.0,
"greedy100":  0.6803800000000001,
"DP_05":  0.0,
"DP_30":  0.0,
"DP_60":  0.0,
"DP_95":  0.71714,
"QL_09":  0.3358,
"QL_05":  0.33794,
"RL":  0.3467}
,
{ "x":  70,
"greedy000":  0.0,
"greedy050":  0.0,
"greedy100":  0.68218,
"DP_05":  0.0,
"DP_30":  0.0,
"DP_60":  0.0,
"DP_95":  0.7161399999999999,
"QL_09":  0.372,
"QL_05":  0.38402000000000003,
"RL":  0.47002}
,
{ "x":  120,
"greedy000":  0.0,
"greedy050":  0.0,
"greedy100":  0.6813,
"DP_05":  0.0,
"DP_30":  0.0,
"DP_60":  0.0,
"DP_95":  0.71976,
"QL_09":  0.39738,
"QL_05":  0.41764,
"RL":  0.52048}
,
{ "x":  170,
"greedy000":  0.0,
"greedy050":  0.0,
"greedy100":  0.67836,
"DP_05":  0.0,
"DP_30":  0.0,
"DP_60":  0.0,
"DP_95":  0.7176400000000001,
"QL_09":  0.4141,
"QL_05":  0.43163999999999997,
"RL":  0.54596}
,
{ "x":  220,
"greedy000":  0.0,
"greedy050":  0.0,
"greedy100":  0.67582,
"DP_05":  0.0,
"DP_30":  0.0,
"DP_60":  0.0,
"DP_95":  0.7141200000000001,
"QL_09":  0.42523999999999995,
"QL_05":  0.4448200000000001,
"RL":  0.56418}
,
{ "x":  270,
"greedy000":  0.0,
"greedy050":  0.0,
"greedy100":  0.69036,
"DP_05":  0.0,
"DP_30":  0.0,
"DP_60":  0.0,
"DP_95":  0.7244400000000001,
"QL_09":  0.4369199999999999,
"QL_05":  0.45699999999999996,
"RL":  0.58236}
,
{ "x":  320,
"greedy000":  0.0,
"greedy050":  0.0,
"greedy100":  0.68444,
"DP_05":  0.0,
"DP_30":  0.0,
"DP_60":  0.0,
"DP_95":  0.72252,
"QL_09":  0.44522000000000006,
"QL_05":  0.47330000000000005,
"RL":  0.5823400000000001}
,
{ "x":  370,
"greedy000":  0.0,
"greedy050":  0.0,
"greedy100":  0.6836,
"DP_05":  0.0,
"DP_30":  0.0,
"DP_60":  0.0,
"DP_95":  0.7218199999999999,
"QL_09":  0.44944000000000006,
"QL_05":  0.49071999999999993,
"RL":  0.59528}
]}
