{ "x_label":"episode",
"y_label":"Acceptance Rate",
 "results":[
{ "x":  20,
"greedy000":  0.0,
"greedy050":  0.0,
"greedy100":  0.5879,
"DP_05":  0.0,
"DP_30":  0.0,
"DP_60":  0.0,
"DP_95":  0.6496999999999999,
"QL_09":  0.38618,
"QL_05":  0.39985999999999994,
"RL":  0.43970000000000004}
,
{ "x":  60,
"greedy000":  0.0,
"greedy050":  0.0,
"greedy100":  0.5896200000000001,
"DP_05":  0.0,
"DP_30":  0.0,
"DP_60":  0.0,
"DP_95":  0.65434,
"QL_09":  0.51052,
"QL_05":  0.50832,
"RL":  0.57406}
,
{ "x":  100,
"greedy000":  0.0,
"greedy050":  0.0,
"greedy100":  0.58876,
"DP_05":  0.0,
"DP_30":  0.0,
"DP_60":  0.0,
"DP_95":  0.6512200000000001,
"QL_09":  0.5164,
"QL_05":  0.53226,
"RL":  0.58244}
,
{ "x":  140,
"greedy000":  0.0,
"greedy050":  0.0,
"greedy100":  0.5878399999999999,
"DP_05":  0.0,
"DP_30":  0.0,
"DP_60":  0.0,
"DP_95":  0.6547799999999999,
"QL_09":  0.53208,
"QL_05":  0.55894,
"RL":  0.59344}
,
{ "x":  180,
"greedy000":  0.0,
"greedy050":  0.0,
"greedy100":  0.59396,
"DP_05":  0.0,
"DP_30":  0.0,
"DP_60":  0.0,
"DP_95":  0.65208,
"QL_09":  0.5419599999999999,
"QL_05":  0.5719,
"RL":  0.59918}
,
{ "x":  220,
"greedy000":  0.0,
"greedy050":  0.0,
"greedy100":  0.5885600000000001,
"DP_05":  0.0,
"DP_30":  0.0,
"DP_60":  0.0,
"DP_95":  0.6519400000000001,
"QL_09":  0.54738,
"QL_05":  0.5711799999999999,
"RL":  0.6025799999999999}
,
{ "x":  260,
"greedy000":  0.0,
"greedy050":  0.0,
"greedy100":  0.5934799999999999,
"DP_05":  0.0,
"DP_30":  0.0,
"DP_60":  0.0,
"DP_95":  0.6527,
"QL_09":  0.5625600000000001,
"QL_05":  0.5776000000000001,
"RL":  0.60534}
,
{ "x":  300,
"greedy000":  0.0,
"greedy050":  0.0,
"greedy100":  0.58926,
"DP_05":  0.0,
"DP_30":  0.0,
"DP_60":  0.0,
"DP_95":  0.65346,
"QL_09":  0.5672200000000001,
"QL_05":  0.5796199999999999,
"RL":  0.60368}
,
{ "x":  340,
"greedy000":  0.0,
"greedy050":  0.0,
"greedy100":  0.59304,
"DP_05":  0.0,
"DP_30":  0.0,
"DP_60":  0.0,
"DP_95":  0.6533,
"QL_09":  0.57408,
"QL_05":  0.58162,
"RL":  0.61612}
,
{ "x":  380,
"greedy000":  0.0,
"greedy050":  0.0,
"greedy100":  0.58684,
"DP_05":  0.0,
"DP_30":  0.0,
"DP_60":  0.0,
"DP_95":  0.6482000000000001,
"QL_09":  0.5751000000000001,
"QL_05":  0.57682,
"RL":  0.62744}
,
{ "x":  420,
"greedy000":  0.0,
"greedy050":  0.0,
"greedy100":  0.59532,
"DP_05":  0.0,
"DP_30":  0.0,
"DP_60":  0.0,
"DP_95":  0.65332,
"QL_09":  0.57632,
"QL_05":  0.5853200000000001,
"RL":  0.62758}
]}
