{ "x_label":"episode",
"y_label":"Federation Rate",
 "results":[
{ "x":  20,
"greedy000":  0.0,
"greedy050":  0.0,
"greedy100":  0.26896,
"DP_05":  0.0,
"DP_30":  0.0,
"DP_60":  0.0,
"DP_95":  0.18224,
"QL_09":  0.3255,
"QL_05":  0.3275,
"RL":  0.30568}
,
{ "x":  70,
"greedy000":  0.0,
"greedy050":  0.0,
"greedy100":  0.26734,
"DP_05":  0.0,
"DP_30":  0.0,
"DP_60":  0.0,
"DP_95":  0.182,
"QL_09":  0.33276,
"QL_05":  0.34374000000000005,
"RL":  0.26202000000000003}
,
{ "x":  120,
"greedy000":  0.0,
"greedy050":  0.0,
"greedy100":  0.26938,
"DP_05":  0.0,
"DP_30":  0.0,
"DP_60":  0.0,
"DP_95":  0.17920000000000003,
"QL_09":  0.32982000000000006,
"QL_05":  0.34524,
"RL":  0.2771}
,
{ "x":  170,
"greedy000":  0.0,
"greedy050":  0.0,
"greedy100":  0.26887999999999995,
"DP_05":  0.0,
"DP_30":  0.0,
"DP_60":  0.0,
"DP_95":  0.18163999999999997,
"QL_09":  0.327,
"QL_05":  0.34586,
"RL":  0.2902}
,
{ "x":  220,
"greedy000":  0.0,
"greedy050":  0.0,
"greedy100":  0.27212,
"DP_05":  0.0,
"DP_30":  0.0,
"DP_60":  0.0,
"DP_95":  0.18344,
"QL_09":  0.32215999999999995,
"QL_05":  0.34321999999999997,
"RL":  0.29748}
,
{ "x":  270,
"greedy000":  0.0,
"greedy050":  0.0,
"greedy100":  0.26094000000000006,
"DP_05":  0.0,
"DP_30":  0.0,
"DP_60":  0.0,
"DP_95":  0.17931999999999998,
"QL_09":  0.31892,
"QL_05":  0.34324,
"RL":  0.29655999999999993}
]}
