{ "x_label":"episode",
"y_label":"Average Profit",
 "results":[
{ "x":  20,
"greedy000":  0.0,
"greedy050":  0.0,
"greedy100":  10.235220000000002,
"DP_05":  0.0,
"DP_30":  0.0,
"DP_60":  0.0,
"DP_95":  10.956520000000001,
"QL_09":  6.519499999999999,
"QL_05":  6.566460000000001,
"RL":  6.683540000000001}
,
{ "x":  70,
"greedy000":  0.0,
"greedy050":  0.0,
"greedy100":  10.25092,
"DP_05":  0.0,
"DP_30":  0.0,
"DP_60":  0.0,
"DP_95":  10.94262,
"QL_09":  7.22166,
"QL_05":  7.33132,
"RL":  8.562380000000001}
,
{ "x":  120,
"greedy000":  0.0,
"greedy050":  0.0,
"greedy100":  10.23728,
"DP_05":  0.0,
"DP_30":  0.0,
"DP_60":  0.0,
"DP_95":  10.96858,
"QL_09":  7.59418,
"QL_05":  7.81828,
"RL":  9.45102}
,
{ "x":  170,
"greedy000":  0.0,
"greedy050":  0.0,
"greedy100":  10.198440000000002,
"DP_05":  0.0,
"DP_30":  0.0,
"DP_60":  0.0,
"DP_95":  10.946100000000001,
"QL_09":  7.899700000000001,
"QL_05":  7.993159999999999,
"RL":  9.75126}
,
{ "x":  220,
"greedy000":  0.0,
"greedy050":  0.0,
"greedy100":  10.216260000000002,
"DP_05":  0.0,
"DP_30":  0.0,
"DP_60":  0.0,
"DP_95":  10.94298,
"QL_09":  8.07372,
"QL_05":  8.27516,
"RL":  9.939519999999998}
,
{ "x":  270,
"greedy000":  0.0,
"greedy050":  0.0,
"greedy100":  10.329899999999999,
"DP_05":  0.0,
"DP_30":  0.0,
"DP_60":  0.0,
"DP_95":  11.03048,
"QL_09":  8.32322,
"QL_05":  8.48474,
"RL":  10.092139999999999}
]}
