{ "x_label":"capacity",
"y_label":"Acceptance Rate",
 "results":[
{ "x":  25,
"greedy000":  0.0738096982120775,
"greedy050":  0.07671604178742611,
"greedy100":  0.07858313258875169,
"DP_05":  0.07858313258875169,
"DP_30":  0.08806179554000684,
"DP_60":  0.0902464843158566,
"DP_95":  0.0902464843158566,
"QL":  0.06823434297130744}
,
{ "x":  125,
"greedy000":  0.3158767673691658,
"greedy050":  0.3441086961465342,
"greedy100":  0.36213027230309397,
"DP_05":  0.36213027230309397,
"DP_30":  0.4125768666915667,
"DP_60":  0.42688012980240647,
"DP_95":  0.43756869843174756,
"QL":  0.4213917308741887}
]}
