{ "x_label":"capacity",
"y_label":"Acceptance Rate",
 "results":[
{ "x":  25,
"greedy000":  0.07606998828366288,
"greedy050":  0.07940918476825762,
"greedy100":  0.07908174461780823,
"DP_05":  0.07908174461780823,
"DP_30":  0.0884696492462053,
"DP_60":  0.09055934297902421,
"DP_95":  0.09055934297902421,
"QL":  0.08603545324799165}
,
{ "x":  125,
"greedy000":  0.31310699389209057,
"greedy050":  0.3459962808512823,
"greedy100":  0.36313512941540693,
"DP_05":  0.36313512941540693,
"DP_30":  0.41535956081568515,
"DP_60":  0.4313856175937546,
"DP_95":  0.43870777412617584,
"QL":  0.41009323219773197}
,
{ "x":  225,
"greedy000":  0.4665184741452507,
"greedy050":  0.5698644701241615,
"greedy100":  0.6157052429740943,
"DP_05":  0.6157052429740943,
"DP_30":  0.6523939586810276,
"DP_60":  0.6524511096390307,
"DP_95":  0.6188953876939226,
"QL":  0.6074763382078694}
,
{ "x":  325,
"greedy000":  0.4965198620742056,
"greedy050":  0.7086392887364454,
"greedy100":  0.823704570391173,
"DP_05":  0.823704570391173,
"DP_30":  0.8292353224640762,
"DP_60":  0.8368516430043703,
"DP_95":  0.810938682426421,
"QL":  0.6705192357797191}
]}
