{ "x_label":"capacity",
"y_label":"Federation Rate",
 "results":[
{ "x":  25,
"greedy000":  0.9239300117163373,
"greedy050":  0.9205908152317426,
"greedy100":  0.9209182553821919,
"DP_05":  0.9209182553821919,
"DP_30":  0.9115303507537948,
"DP_60":  0.9094406570209757,
"DP_95":  0.9094406570209757,
"QL":  0.8248122791351253}
,
{ "x":  125,
"greedy000":  0.6868930061079095,
"greedy050":  0.6540037191487177,
"greedy100":  0.6368648705845933,
"DP_05":  0.6368648705845933,
"DP_30":  0.5846404391843149,
"DP_60":  0.5686143824062455,
"DP_95":  0.5612922258738242,
"QL":  0.5688806191531914}
,
{ "x":  225,
"greedy000":  0.5334815258547493,
"greedy050":  0.43013552987583853,
"greedy100":  0.3842947570259057,
"DP_05":  0.3842947570259057,
"DP_30":  0.3476060413189722,
"DP_60":  0.34754889036096914,
"DP_95":  0.3811046123060774,
"QL":  0.3756010587401889}
,
{ "x":  325,
"greedy000":  0.5034801379257944,
"greedy050":  0.29136071126355456,
"greedy100":  0.17629542960882696,
"DP_05":  0.17629542960882696,
"DP_30":  0.170764677535924,
"DP_60":  0.16314835699562968,
"DP_95":  0.1890613175735791,
"QL":  0.31232510739090796}
,
{ "x":  425,
"greedy000":  0.5013208757674418,
"greedy050":  0.25257140581906856,
"greedy100":  0.04588145098372193,
"DP_05":  0.04588145098372193,
"DP_30":  0.04588145098372193,
"DP_60":  0.0456273406264507,
"DP_95":  0.05819340892783714,
"QL":  0.31665997302251053}
,
{ "x":  525,
"greedy000":  0.49886219647958124,
"greedy050":  0.25024638711656716,
"greedy100":  0.004157219729257143,
"DP_05":  0.004157219729257143,
"DP_30":  0.004157219729257143,
"DP_60":  0.004637246822407241,
"DP_95":  0.006140149065465599,
"QL":  0.31331917894756145}
]}
