{ "x_label":"capacity",
"y_label":"Average Profit",
 "results":[
{ "x":  25,
"greedy000":  25.2750284712789,
"greedy050":  25.39287671300576,
"greedy100":  25.388579136326374,
"DP_05":  25.388579136326374,
"DP_30":  26.455446965487,
"DP_60":  26.680196764841487,
"DP_95":  26.680196764841487,
"QL":  24.997837625276574}
,
{ "x":  125,
"greedy000":  30.470502130210328,
"greedy050":  31.643353540886586,
"greedy100":  32.41784401504774,
"DP_05":  32.41784401504774,
"DP_30":  36.251550574796106,
"DP_60":  37.60614141263174,
"DP_95":  40.54592456627886,
"QL":  36.82846518034702}
,
{ "x":  225,
"greedy000":  33.387177085937125,
"greedy050":  36.134497855419916,
"greedy100":  37.61983245030099,
"DP_05":  37.61983245030099,
"DP_30":  40.60524773895633,
"DP_60":  40.61376035802006,
"DP_95":  43.38243296077094,
"QL":  38.82632617293116}
,
{ "x":  325,
"greedy000":  33.9343886181142,
"greedy050":  38.74235044898869,
"greedy100":  41.71647727668905,
"DP_05":  41.71647727668905,
"DP_30":  42.252991675882996,
"DP_60":  43.18366153892868,
"DP_95":  44.16340783874402,
"QL":  39.822789828807394}
]}
