{ "x_label":"PC",
"y_label":"Acceptance Rate",
 "results":[
{ "x":  0,
"greedy000":  0.0,
"greedy050":  0.0,
"greedy100":  0.5253295169813381,
"DP_05":  0.0,
"DP_30":  0.0,
"DP_60":  0.0,
"DP_95":  0.6927781389123907,
"QL_09":  0.7045079101481757,
"QL_05":  0.6323963608850655,
"RL":  0.7074276997473101}
,
{ "x":  8,
"greedy000":  0.0,
"greedy050":  0.0,
"greedy100":  0.5300570293719943,
"DP_05":  0.0,
"DP_30":  0.0,
"DP_60":  0.0,
"DP_95":  0.7089002849241015,
"QL_09":  0.6863471854190247,
"QL_05":  0.6308873269777935,
"RL":  0.713505313980438}
,
{ "x":  16,
"greedy000":  0.0,
"greedy050":  0.0,
"greedy100":  0.5076256230357696,
"DP_05":  0.0,
"DP_30":  0.0,
"DP_60":  0.0,
"DP_95":  0.7042779919697175,
"QL_09":  0.649416003296648,
"QL_05":  0.6110380102834517,
"RL":  0.7036209128311879}
,
{ "x":  24,
"greedy000":  0.0,
"greedy050":  0.0,
"greedy100":  0.5228041384580642,
"DP_05":  0.0,
"DP_30":  0.0,
"DP_60":  0.0,
"DP_95":  0.7040640376262953,
"QL_09":  0.5578173068454173,
"QL_05":  0.616210239773648,
"RL":  0.7076781562923189}
,
{ "x":  32,
"greedy000":  0.0,
"greedy050":  0.0,
"greedy100":  0.5283182993874549,
"DP_05":  0.0,
"DP_30":  0.0,
"DP_60":  0.0,
"DP_95":  0.7029200717389947,
"QL_09":  0.5605885788768024,
"QL_05":  0.5982244176897044,
"RL":  0.7060312008484859}
,
{ "x":  40,
"greedy000":  0.0,
"greedy050":  0.0,
"greedy100":  0.5288340107542078,
"DP_05":  0.0,
"DP_30":  0.0,
"DP_60":  0.0,
"DP_95":  0.703642967874457,
"QL_09":  0.5643711077704665,
"QL_05":  0.5815327811628983,
"RL":  0.7033911541851374}
,
{ "x":  48,
"greedy000":  0.0,
"greedy050":  0.0,
"greedy100":  0.5332895643063831,
"DP_05":  0.0,
"DP_30":  0.0,
"DP_60":  0.0,
"DP_95":  0.6999090501867358,
"QL_09":  0.5607760758564374,
"QL_05":  0.581850473885968,
"RL":  0.698278447483421}
,
{ "x":  56,
"greedy000":  0.0,
"greedy050":  0.0,
"greedy100":  0.5207222336074615,
"DP_05":  0.0,
"DP_30":  0.0,
"DP_60":  0.0,
"DP_95":  0.6954271985863371,
"QL_09":  0.5603316243029998,
"QL_05":  0.5732626823672795,
"RL":  0.6945745285828071}
,
{ "x":  64,
"greedy000":  0.0,
"greedy050":  0.0,
"greedy100":  0.52691543433535,
"DP_05":  0.0,
"DP_30":  0.0,
"DP_60":  0.0,
"DP_95":  0.6997823140683068,
"QL_09":  0.5602366408865542,
"QL_05":  0.5778125961410745,
"RL":  0.691512014615997}
]}
