{ "x_label":"PC",
"y_label":"Acceptance Rate",
 "results":[
{ "x":  0,
"greedy000":  0.0,
"greedy050":  0.0,
"greedy100":  0.5336302585035961,
"DP_05":  0.0,
"DP_30":  0.0,
"DP_60":  0.0,
"DP_95":  0.694462358366387,
"QL_09":  0.6982863585810467,
"QL_05":  0.6319228464106067,
"RL":  0.709750335636644}
,
{ "x":  8,
"greedy000":  0.0,
"greedy050":  0.0,
"greedy100":  0.5269225510580581,
"DP_05":  0.0,
"DP_30":  0.0,
"DP_60":  0.0,
"DP_95":  0.7078350773602551,
"QL_09":  0.6580947689608118,
"QL_05":  0.6233376574412502,
"RL":  0.7029891875761253}
,
{ "x":  16,
"greedy000":  0.0,
"greedy050":  0.0,
"greedy100":  0.5200315722301445,
"DP_05":  0.0,
"DP_30":  0.0,
"DP_60":  0.0,
"DP_95":  0.7062415618758893,
"QL_09":  0.6239084924709607,
"QL_05":  0.6152987323634459,
"RL":  0.6956402732316727}
,
{ "x":  24,
"greedy000":  0.0,
"greedy050":  0.0,
"greedy100":  0.5168508167764027,
"DP_05":  0.0,
"DP_30":  0.0,
"DP_60":  0.0,
"DP_95":  0.7084502969739512,
"QL_09":  0.588420976008346,
"QL_05":  0.6142485153898909,
"RL":  0.7019171658044827}
,
{ "x":  32,
"greedy000":  0.0,
"greedy050":  0.0,
"greedy100":  0.5231900210210483,
"DP_05":  0.0,
"DP_30":  0.0,
"DP_60":  0.0,
"DP_95":  0.7041295280275143,
"QL_09":  0.5510878693072128,
"QL_05":  0.6001807462726689,
"RL":  0.6961895059305306}
,
{ "x":  40,
"greedy000":  0.0,
"greedy050":  0.0,
"greedy100":  0.5290636871478298,
"DP_05":  0.0,
"DP_30":  0.0,
"DP_60":  0.0,
"DP_95":  0.7017853438510793,
"QL_09":  0.546171047789332,
"QL_05":  0.6071874184860451,
"RL":  0.691317586917292}
,
{ "x":  48,
"greedy000":  0.0,
"greedy050":  0.0,
"greedy100":  0.520858658338871,
"DP_05":  0.0,
"DP_30":  0.0,
"DP_60":  0.0,
"DP_95":  0.6969588967289636,
"QL_09":  0.5509727965530049,
"QL_05":  0.5964703636494757,
"RL":  0.6854140889459756}
,
{ "x":  56,
"greedy000":  0.0,
"greedy050":  0.0,
"greedy100":  0.5254489949758452,
"DP_05":  0.0,
"DP_30":  0.0,
"DP_60":  0.0,
"DP_95":  0.6986720254099417,
"QL_09":  0.5498593132470694,
"QL_05":  0.5945348169161179,
"RL":  0.6866464233867572}
,
{ "x":  64,
"greedy000":  0.0,
"greedy050":  0.0,
"greedy100":  0.5307670924013738,
"DP_05":  0.0,
"DP_30":  0.0,
"DP_60":  0.0,
"DP_95":  0.6981983514339664,
"QL_09":  0.5574421722918192,
"QL_05":  0.6011264690999847,
"RL":  0.6843504603372492}
]}
