{ "x_label":"PC",
"y_label":"Federation Rate",
 "results":[
{ "x":  0,
"greedy000":  0.0,
"greedy050":  0.0,
"greedy100":  0.0,
"DP_05":  0.0,
"DP_30":  0.0,
"DP_60":  0.0,
"DP_95":  0.0,
"QL_09":  0.0,
"QL_05":  0.0,
"RL":  0.0}
,
{ "x":  8,
"greedy000":  0.0,
"greedy050":  0.0,
"greedy100":  0.13553531707099978,
"DP_05":  0.0,
"DP_30":  0.0,
"DP_60":  0.0,
"DP_95":  0.058876186439367796,
"QL_09":  0.10262003017109471,
"QL_05":  0.105367092502032,
"RL":  0.06600572898420866}
,
{ "x":  16,
"greedy000":  0.0,
"greedy050":  0.0,
"greedy100":  0.24081063947685596,
"DP_05":  0.0,
"DP_30":  0.0,
"DP_60":  0.0,
"DP_95":  0.11440331485922788,
"QL_09":  0.18897592409698777,
"QL_05":  0.18716609755925953,
"RL":  0.12850749713607332}
,
{ "x":  24,
"greedy000":  0.0,
"greedy050":  0.0,
"greedy100":  0.33946470467544526,
"DP_05":  0.0,
"DP_30":  0.0,
"DP_60":  0.0,
"DP_95":  0.1708219206660398,
"QL_09":  0.27782258862675013,
"QL_05":  0.2590166325979957,
"RL":  0.1778782599330468}
,
{ "x":  32,
"greedy000":  0.0,
"greedy050":  0.0,
"greedy100":  0.3880631564672071,
"DP_05":  0.0,
"DP_30":  0.0,
"DP_60":  0.0,
"DP_95":  0.21591756560919548,
"QL_09":  0.3276091376700721,
"QL_05":  0.3112970719605287,
"RL":  0.22653430258615187}
,
{ "x":  40,
"greedy000":  0.0,
"greedy050":  0.0,
"greedy100":  0.42893445469944724,
"DP_05":  0.0,
"DP_30":  0.0,
"DP_60":  0.0,
"DP_95":  0.254596534810333,
"QL_09":  0.32885791439242384,
"QL_05":  0.341230545107778,
"RL":  0.2614623032049986}
,
{ "x":  48,
"greedy000":  0.0,
"greedy050":  0.0,
"greedy100":  0.46198680579835116,
"DP_05":  0.0,
"DP_30":  0.0,
"DP_60":  0.0,
"DP_95":  0.2823638125729834,
"QL_09":  0.32528157944701297,
"QL_05":  0.36757348774790904,
"RL":  0.28212630152175083}
,
{ "x":  56,
"greedy000":  0.0,
"greedy050":  0.0,
"greedy100":  0.4684231282723707,
"DP_05":  0.0,
"DP_30":  0.0,
"DP_60":  0.0,
"DP_95":  0.29320961027722126,
"QL_09":  0.32813426402565976,
"QL_05":  0.3711930660001849,
"RL":  0.2840167671868593}
,
{ "x":  64,
"greedy000":  0.0,
"greedy050":  0.0,
"greedy100":  0.46810834415749564,
"DP_05":  0.0,
"DP_30":  0.0,
"DP_60":  0.0,
"DP_95":  0.30006051009664836,
"QL_09":  0.32425358443262164,
"QL_05":  0.3660611329680629,
"RL":  0.28957712012811604}
,
{ "x":  72,
"greedy000":  0.0,
"greedy050":  0.0,
"greedy100":  0.4682268464870999,
"DP_05":  0.0,
"DP_30":  0.0,
"DP_60":  0.0,
"DP_95":  0.3043313048840345,
"QL_09":  0.33293147683787533,
"QL_05":  0.36779218192976343,
"RL":  0.2911746266576355}
,
{ "x":  80,
"greedy000":  0.0,
"greedy050":  0.0,
"greedy100":  0.4771613591342014,
"DP_05":  0.0,
"DP_30":  0.0,
"DP_60":  0.0,
"DP_95":  0.3084496267861905,
"QL_09":  0.3272138852073432,
"QL_05":  0.3798206329322294,
"RL":  0.2930864372659392}
]}
