{ "x_label":"PC",
"y_label":"Average Profit",
 "results":[
{ "x":  0,
"greedy000":  0.0,
"greedy050":  0.0,
"greedy100":  43.4727423541481,
"DP_05":  0.0,
"DP_30":  0.0,
"DP_60":  0.0,
"DP_95":  67.00056875183509,
"QL_09":  63.6860204269459,
"QL_05":  54.69857357156802,
"RL":  65.7091151440519}
,
{ "x":  8,
"greedy000":  0.0,
"greedy050":  0.0,
"greedy100":  50.109935279201345,
"DP_05":  0.0,
"DP_30":  0.0,
"DP_60":  0.0,
"DP_95":  68.11023909282213,
"QL_09":  64.03315922634462,
"QL_05":  58.707303198485214,
"RL":  66.80277528641855}
,
{ "x":  16,
"greedy000":  0.0,
"greedy050":  0.0,
"greedy100":  54.41544619599332,
"DP_05":  0.0,
"DP_30":  0.0,
"DP_60":  0.0,
"DP_95":  68.66406985153073,
"QL_09":  63.36582615802824,
"QL_05":  61.39495841057625,
"RL":  67.40801055050477}
,
{ "x":  24,
"greedy000":  0.0,
"greedy050":  0.0,
"greedy100":  58.499520053375974,
"DP_05":  0.0,
"DP_30":  0.0,
"DP_60":  0.0,
"DP_95":  69.857515907615,
"QL_09":  63.357360054266145,
"QL_05":  63.766875520755775,
"RL":  68.87287202436667}
,
{ "x":  32,
"greedy000":  0.0,
"greedy050":  0.0,
"greedy100":  60.8629798102498,
"DP_05":  0.0,
"DP_30":  0.0,
"DP_60":  0.0,
"DP_95":  70.40215428855535,
"QL_09":  62.401697899557256,
"QL_05":  64.50000694523499,
"RL":  69.20384688871486}
,
{ "x":  40,
"greedy000":  0.0,
"greedy050":  0.0,
"greedy100":  63.000391135477116,
"DP_05":  0.0,
"DP_30":  0.0,
"DP_60":  0.0,
"DP_95":  71.01262551129972,
"QL_09":  62.25385428074098,
"QL_05":  66.03075491715907,
"RL":  69.62346552018717}
,
{ "x":  48,
"greedy000":  0.0,
"greedy050":  0.0,
"greedy100":  63.55453700843386,
"DP_05":  0.0,
"DP_30":  0.0,
"DP_60":  0.0,
"DP_95":  71.2454724856001,
"QL_09":  62.42557044401544,
"QL_05":  65.9897477112243,
"RL":  69.7113914849028}
,
{ "x":  56,
"greedy000":  0.0,
"greedy050":  0.0,
"greedy100":  64.1993793043309,
"DP_05":  0.0,
"DP_30":  0.0,
"DP_60":  0.0,
"DP_95":  71.69354542425518,
"QL_09":  62.49474116087223,
"QL_05":  66.1103641248345,
"RL":  69.92359213336405}
,
{ "x":  64,
"greedy000":  0.0,
"greedy050":  0.0,
"greedy100":  64.64920296817402,
"DP_05":  0.0,
"DP_30":  0.0,
"DP_60":  0.0,
"DP_95":  71.90552045707031,
"QL_09":  62.90998443047779,
"QL_05":  66.50875170992559,
"RL":  70.00543951376702}
,
{ "x":  72,
"greedy000":  0.0,
"greedy050":  0.0,
"greedy100":  64.62148269384957,
"DP_05":  0.0,
"DP_30":  0.0,
"DP_60":  0.0,
"DP_95":  71.75542615563006,
"QL_09":  62.39479207367374,
"QL_05":  66.12279030525494,
"RL":  69.87036926917358}
,
{ "x":  80,
"greedy000":  0.0,
"greedy050":  0.0,
"greedy100":  64.0614504725294,
"DP_05":  0.0,
"DP_30":  0.0,
"DP_60":  0.0,
"DP_95":  71.37226917319553,
"QL_09":  62.59475525432962,
"QL_05":  65.56807897601416,
"RL":  69.27560594480893}
]}
