{ "x_label":"PC",
"y_label":"Average Profit",
 "results":[
{ "x":  0,
"greedy000":  0.0,
"greedy050":  0.0,
"greedy100":  43.00301786294964,
"DP_05":  0.0,
"DP_30":  0.0,
"DP_60":  0.0,
"DP_95":  66.99114049403207,
"QL_09":  65.01735787502733,
"QL_05":  55.17697969629992,
"RL":  66.47926787593948}
,
{ "x":  8,
"greedy000":  0.0,
"greedy050":  0.0,
"greedy100":  50.54313885239942,
"DP_05":  0.0,
"DP_30":  0.0,
"DP_60":  0.0,
"DP_95":  68.23655081579645,
"QL_09":  64.56941761002541,
"QL_05":  59.191474589740686,
"RL":  67.99944313304401}
,
{ "x":  16,
"greedy000":  0.0,
"greedy050":  0.0,
"greedy100":  53.87340936491968,
"DP_05":  0.0,
"DP_30":  0.0,
"DP_60":  0.0,
"DP_95":  68.5482675671351,
"QL_09":  63.95015803789232,
"QL_05":  60.887106073488575,
"RL":  68.33423506387032}
,
{ "x":  24,
"greedy000":  0.0,
"greedy050":  0.0,
"greedy100":  58.496635084081575,
"DP_05":  0.0,
"DP_30":  0.0,
"DP_60":  0.0,
"DP_95":  69.61941783875645,
"QL_09":  61.949744299980026,
"QL_05":  63.302896784715834,
"RL":  69.2919552907705}
,
{ "x":  32,
"greedy000":  0.0,
"greedy050":  0.0,
"greedy100":  61.20438281213294,
"DP_05":  0.0,
"DP_30":  0.0,
"DP_60":  0.0,
"DP_95":  70.3825818923146,
"QL_09":  63.344272905345996,
"QL_05":  64.56858290198316,
"RL":  70.05810523845085}
,
{ "x":  40,
"greedy000":  0.0,
"greedy050":  0.0,
"greedy100":  63.107581409423815,
"DP_05":  0.0,
"DP_30":  0.0,
"DP_60":  0.0,
"DP_95":  71.20220360109118,
"QL_09":  63.19658626672255,
"QL_05":  65.0607694888139,
"RL":  70.63440532148164}
,
{ "x":  48,
"greedy000":  0.0,
"greedy050":  0.0,
"greedy100":  63.9650551704602,
"DP_05":  0.0,
"DP_30":  0.0,
"DP_60":  0.0,
"DP_95":  71.44567983121279,
"QL_09":  63.437707547651925,
"QL_05":  65.60682017677837,
"RL":  70.74214475696697}
,
{ "x":  56,
"greedy000":  0.0,
"greedy050":  0.0,
"greedy100":  64.03263691224672,
"DP_05":  0.0,
"DP_30":  0.0,
"DP_60":  0.0,
"DP_95":  71.50887972518503,
"QL_09":  62.90340094014348,
"QL_05":  65.5208916987656,
"RL":  70.67966077419007}
,
{ "x":  64,
"greedy000":  0.0,
"greedy050":  0.0,
"greedy100":  64.4205843089921,
"DP_05":  0.0,
"DP_30":  0.0,
"DP_60":  0.0,
"DP_95":  71.80497315797041,
"QL_09":  63.353019601192386,
"QL_05":  65.8397033961077,
"RL":  70.73443263679312}
]}
