{ "x_label":"zeta",
"y_label":"Acceptance Rate",
 "results":[
{ "x":  0.0,
"greedy000":  0.47622696101097717,
"greedy050":  0.585891006395588,
"greedy100":  0.6459682467033792,
"DP_05":  0.0,
"DP_30":  0.0,
"DP_60":  0.06876877581682697,
"DP_95":  0.03925750903832287,
"QL":  0.2047206650871407}
,
{ "x":  0.25,
"greedy000":  0.4792843798519213,
"greedy050":  0.5907143209515751,
"greedy100":  0.6495329876419761,
"DP_05":  0.6495329876419761,
"DP_30":  0.6495329876419761,
"DP_60":  0.6495329876419761,
"DP_95":  0.7684844848653796,
"QL":  0.21830313222458156}
,
{ "x":  0.5,
"greedy000":  0.4749313129563921,
"greedy050":  0.5851567425448497,
"greedy100":  0.6451741448764727,
"DP_05":  0.6451741448764727,
"DP_30":  0.6451741448764727,
"DP_60":  0.6451741448764727,
"DP_95":  0.7645937097695984,
"QL":  0.19754427088550744}
,
{ "x":  0.75,
"greedy000":  0.4788527203690725,
"greedy050":  0.5902371273744442,
"greedy100":  0.6530512618081747,
"DP_05":  0.6530512618081747,
"DP_30":  0.6530512618081747,
"DP_60":  0.6530512618081747,
"DP_95":  0.7693385312756356,
"QL":  0.20908826976092545}
,
{ "x":  1.0,
"greedy000":  0.4774103520504184,
"greedy050":  0.5906181089040052,
"greedy100":  0.6488866922574947,
"DP_05":  0.6488866922574947,
"DP_30":  0.6488866922574947,
"DP_60":  0.6488866922574947,
"DP_95":  0.7679961879532806,
"QL":  0.21537599252762166}
,
{ "x":  1.25,
"greedy000":  0.4772281504379799,
"greedy050":  0.5831424228456863,
"greedy100":  0.6439850869778942,
"DP_05":  0.6439850869778942,
"DP_30":  0.6439850869778942,
"DP_60":  0.6439850869778942,
"DP_95":  0.7653564154745688,
"QL":  0.201088692535602}
,
{ "x":  1.5,
"greedy000":  0.4749610189873249,
"greedy050":  0.5841146536214565,
"greedy100":  0.6475086559486523,
"DP_05":  0.6475086559486523,
"DP_30":  0.6475086559486523,
"DP_60":  0.6475086559486523,
"DP_95":  0.7644562611810775,
"QL":  0.2050288469243235}
,
{ "x":  1.75,
"greedy000":  0.47559947839804567,
"greedy050":  0.5842671462453595,
"greedy100":  0.6459642828172887,
"DP_05":  0.6459642828172887,
"DP_30":  0.6459642828172887,
"DP_60":  0.6459642828172887,
"DP_95":  0.7656812490362662,
"QL":  0.21660493504961392}
,
{ "x":  2.0,
"greedy000":  0.4774785523336617,
"greedy050":  0.583567340791306,
"greedy100":  0.6434283294284703,
"DP_05":  0.6434283294284703,
"DP_30":  0.6434283294284703,
"DP_60":  0.6434283294284703,
"DP_95":  0.7639044849727527,
"QL":  0.2249384712828863}
,
{ "x":  2.25,
"greedy000":  0.47394424158272397,
"greedy050":  0.5863305129654577,
"greedy100":  0.6441274191019618,
"DP_05":  0.6441274191019618,
"DP_30":  0.6441274191019618,
"DP_60":  0.6441274191019618,
"DP_95":  0.7632290310207772,
"QL":  0.22700721136031948}
,
{ "x":  2.5,
"greedy000":  0.47747555211242537,
"greedy050":  0.587131243924995,
"greedy100":  0.645817189015101,
"DP_05":  0.645817189015101,
"DP_30":  0.645817189015101,
"DP_60":  0.645817189015101,
"DP_95":  0.7667368186463139,
"QL":  0.21698806657367858}
,
{ "x":  2.75,
"greedy000":  0.47519383469521853,
"greedy050":  0.5875148131634921,
"greedy100":  0.6500796471223709,
"DP_05":  0.6500796471223709,
"DP_30":  0.6500796471223709,
"DP_60":  0.6500796471223709,
"DP_95":  0.7670764917625139,
"QL":  0.3019576059687405}
,
{ "x":  3.0,
"greedy000":  0.4779388260644802,
"greedy050":  0.5870947874652322,
"greedy100":  0.647934527695192,
"DP_05":  0.647934527695192,
"DP_30":  0.647934527695192,
"DP_60":  0.647934527695192,
"DP_95":  0.7675376201143255,
"QL":  0.28027571841331855}
,
{ "x":  3.25,
"greedy000":  0.478253565912578,
"greedy050":  0.5880404921157039,
"greedy100":  0.6477825769425344,
"DP_05":  0.6477825769425344,
"DP_30":  0.6477825769425344,
"DP_60":  0.6477825769425344,
"DP_95":  0.7684808399490365,
"QL":  0.29591912239539647}
,
{ "x":  3.5,
"greedy000":  0.47431980634088944,
"greedy050":  0.5840750502127505,
"greedy100":  0.6447376898468848,
"DP_05":  0.6447376898468848,
"DP_30":  0.6447376898468848,
"DP_60":  0.6447376898468848,
"DP_95":  0.7640515764321728,
"QL":  0.316776450796015}
,
{ "x":  3.75,
"greedy000":  0.4780995273330121,
"greedy050":  0.5834051978519221,
"greedy100":  0.6461980337366411,
"DP_05":  0.6461980337366411,
"DP_30":  0.6461980337366411,
"DP_60":  0.6461980337366411,
"DP_95":  0.7652822724132005,
"QL":  0.3178038745740928}
,
{ "x":  4.0,
"greedy000":  0.4772911774748156,
"greedy050":  0.5880098206934317,
"greedy100":  0.6513252736456798,
"DP_05":  0.6513252736456798,
"DP_30":  0.6513252736456798,
"DP_60":  0.6513252736456798,
"DP_95":  0.7680150581971914,
"QL":  0.30055676008486304}
]}
