{ "x_label":"zeta",
"y_label":"Federation Rate",
 "results":[
{ "x":  0.0,
"greedy000":  0.5237730389890228,
"greedy050":  0.41410899360441195,
"greedy100":  0.3540317532966207,
"DP_05":  1.0,
"DP_30":  1.0,
"DP_60":  0.9312312241831728,
"DP_95":  0.9607424909616773,
"QL":  0.3730353157617551}
,
{ "x":  0.25,
"greedy000":  0.5207156201480788,
"greedy050":  0.4092856790484249,
"greedy100":  0.3504670123580238,
"DP_05":  0.3504670123580238,
"DP_30":  0.3504670123580238,
"DP_60":  0.3504670123580238,
"DP_95":  0.23151551513462035,
"QL":  0.35215019212705356}
,
{ "x":  0.5,
"greedy000":  0.5250686870436079,
"greedy050":  0.4148432574551502,
"greedy100":  0.3548258551235272,
"DP_05":  0.3548258551235272,
"DP_30":  0.3548258551235272,
"DP_60":  0.3548258551235272,
"DP_95":  0.23540629023040158,
"QL":  0.42068699200330817}
,
{ "x":  0.75,
"greedy000":  0.5211472796309276,
"greedy050":  0.40976287262555583,
"greedy100":  0.3469487381918253,
"DP_05":  0.3469487381918253,
"DP_30":  0.3469487381918253,
"DP_60":  0.3469487381918253,
"DP_95":  0.23066146872436438,
"QL":  0.3810833715785522}
,
{ "x":  1.0,
"greedy000":  0.5225896479495816,
"greedy050":  0.40938189109599465,
"greedy100":  0.3511133077425054,
"DP_05":  0.3511133077425054,
"DP_30":  0.3511133077425054,
"DP_60":  0.3511133077425054,
"DP_95":  0.23200381204671944,
"QL":  0.45324445577716077}
,
{ "x":  1.25,
"greedy000":  0.5227718495620202,
"greedy050":  0.41685757715431376,
"greedy100":  0.3560149130221058,
"DP_05":  0.3560149130221058,
"DP_30":  0.3560149130221058,
"DP_60":  0.3560149130221058,
"DP_95":  0.23464358452543124,
"QL":  0.39374560588528723}
,
{ "x":  1.5,
"greedy000":  0.5250389810126752,
"greedy050":  0.4158853463785436,
"greedy100":  0.35249134405134774,
"DP_05":  0.35249134405134774,
"DP_30":  0.35249134405134774,
"DP_60":  0.35249134405134774,
"DP_95":  0.23554373881892232,
"QL":  0.45520716325535815}
,
{ "x":  1.75,
"greedy000":  0.5244005216019543,
"greedy050":  0.41573285375464036,
"greedy100":  0.35403571718271143,
"DP_05":  0.35403571718271143,
"DP_30":  0.35403571718271143,
"DP_60":  0.35403571718271143,
"DP_95":  0.23431875096373384,
"QL":  0.45085488195001744}
,
{ "x":  2.0,
"greedy000":  0.5225214476663382,
"greedy050":  0.4164326592086939,
"greedy100":  0.3565716705715298,
"DP_05":  0.3565716705715298,
"DP_30":  0.3565716705715298,
"DP_60":  0.3565716705715298,
"DP_95":  0.2360955150272473,
"QL":  0.41886876299789344}
,
{ "x":  2.25,
"greedy000":  0.526055758417276,
"greedy050":  0.41366948703454237,
"greedy100":  0.3558725808980382,
"DP_05":  0.3558725808980382,
"DP_30":  0.3558725808980382,
"DP_60":  0.3558725808980382,
"DP_95":  0.23677096897922287,
"QL":  0.4207749214288053}
,
{ "x":  2.5,
"greedy000":  0.5225244478875747,
"greedy050":  0.41286875607500495,
"greedy100":  0.35418281098489895,
"DP_05":  0.0,
"DP_30":  0.0,
"DP_60":  0.0,
"DP_95":  0.0,
"QL":  0.3346900543525887}
,
{ "x":  2.75,
"greedy000":  0.5248061653047814,
"greedy050":  0.4124851868365079,
"greedy100":  0.34992035287762885,
"DP_05":  0.0,
"DP_30":  0.0,
"DP_60":  0.0,
"DP_95":  0.0,
"QL":  0.3305385383583177}
,
{ "x":  3.0,
"greedy000":  0.5220611739355199,
"greedy050":  0.4129052125347677,
"greedy100":  0.35206547230480795,
"DP_05":  0.0,
"DP_30":  0.0,
"DP_60":  0.0,
"DP_95":  0.0,
"QL":  0.2862434509863388}
,
{ "x":  3.25,
"greedy000":  0.521746434087422,
"greedy050":  0.41195950788429625,
"greedy100":  0.35221742305746556,
"DP_05":  0.0,
"DP_30":  0.0,
"DP_60":  0.0,
"DP_95":  0.0,
"QL":  0.3140247358485044}
,
{ "x":  3.5,
"greedy000":  0.5256801936591106,
"greedy050":  0.41592494978724953,
"greedy100":  0.3552623101531153,
"DP_05":  0.0,
"DP_30":  0.0,
"DP_60":  0.0,
"DP_95":  0.0,
"QL":  0.26661257087254014}
,
{ "x":  3.75,
"greedy000":  0.521900472666988,
"greedy050":  0.41659480214807776,
"greedy100":  0.35380196626335897,
"DP_05":  0.0,
"DP_30":  0.0,
"DP_60":  0.0,
"DP_95":  0.0,
"QL":  0.24011352235296823}
,
{ "x":  4.0,
"greedy000":  0.5227088225251844,
"greedy050":  0.4119901793065682,
"greedy100":  0.34867472635432023,
"DP_05":  0.0,
"DP_30":  0.0,
"DP_60":  0.0,
"DP_95":  0.0,
"QL":  0.2736891477109543}
]}
