{ "x_label":"zeta",
"y_label":"Average Profit",
 "results":[
{ "x":  0.0,
"greedy000":  75.02093335814192,
"greedy050":  75.02093335814192,
"greedy100":  75.02093335814192,
"DP_05":  75.02093335814192,
"DP_30":  75.02093335814192,
"DP_60":  75.02093335814192,
"DP_95":  75.02093335814192,
"QL":  40.04254272218513}
,
{ "x":  0.25,
"greedy000":  71.1595003954088,
"greedy050":  72.08263525640753,
"greedy100":  72.62503914908947,
"DP_05":  72.62503914908947,
"DP_30":  72.62503914908947,
"DP_60":  72.62503914908947,
"DP_95":  73.88860249233214,
"QL":  36.44639599803603}
,
{ "x":  0.5,
"greedy000":  67.14525771536834,
"greedy050":  68.96894227442331,
"greedy100":  70.06651132113896,
"DP_05":  70.06651132113896,
"DP_30":  70.06651132113896,
"DP_60":  70.06651132113896,
"DP_95":  72.62122010947458,
"QL":  36.39460137252775}
,
{ "x":  0.75,
"greedy000":  63.46003305436085,
"greedy050":  66.20184138840915,
"greedy100":  67.93199261122766,
"DP_05":  67.93199261122766,
"DP_30":  67.93199261122766,
"DP_60":  67.93199261122766,
"DP_95":  71.66500916997354,
"QL":  33.004300608260124}
,
{ "x":  1.0,
"greedy000":  59.422109714934074,
"greedy050":  63.16459979429014,
"greedy100":  65.3097858954973,
"DP_05":  65.3097858954973,
"DP_30":  65.3097858954973,
"DP_60":  65.3097858954973,
"DP_95":  70.36855780209584,
"QL":  34.27547009265803}
,
{ "x":  1.25,
"greedy000":  55.52040744465965,
"greedy050":  59.89362710151077,
"greedy100":  62.67179151856444,
"DP_05":  62.67179151856444,
"DP_30":  62.67179151856444,
"DP_60":  62.67179151856444,
"DP_95":  69.09998305159796,
"QL":  26.770374711488905}
,
{ "x":  1.5,
"greedy000":  51.43938293442208,
"greedy050":  56.876744651114585,
"greedy100":  60.31366171614407,
"DP_05":  60.31366171614407,
"DP_30":  60.31366171614407,
"DP_60":  60.31366171614407,
"DP_95":  67.84312675424792,
"QL":  26.057612142657785}
,
{ "x":  1.75,
"greedy000":  47.542144610867,
"greedy050":  53.80803834864945,
"greedy100":  57.73181432853445,
"DP_05":  57.73181432853445,
"DP_30":  57.73181432853445,
"DP_60":  57.73181432853445,
"DP_95":  66.66885073542446,
"QL":  22.43766023597468}
,
{ "x":  2.0,
"greedy000":  43.8123672616144,
"greedy050":  50.82791140199601,
"greedy100":  55.22708650854363,
"DP_05":  55.22708650854363,
"DP_30":  55.22708650854363,
"DP_60":  55.22708650854363,
"DP_95":  65.48731424876844,
"QL":  19.59690215599272}
,
{ "x":  2.25,
"greedy000":  39.583412937247246,
"greedy050":  47.899503460618085,
"greedy100":  52.72903113016217,
"DP_05":  52.72903113016217,
"DP_30":  52.72903113016217,
"DP_60":  52.72903113016217,
"DP_95":  64.18151547563997,
"QL":  15.820108562478163}
,
{ "x":  2.5,
"greedy000":  35.925548941788335,
"greedy050":  45.02128534781953,
"greedy100":  50.42362667233726,
"DP_05":  50.42362667233726,
"DP_30":  50.42362667233726,
"DP_60":  50.42362667233726,
"DP_95":  63.25484612119951,
"QL":  11.626371063789865}
,
{ "x":  2.75,
"greedy000":  31.83862530800227,
"greedy050":  41.94694518256889,
"greedy100":  48.24055647306279,
"DP_05":  50.66392950287855,
"DP_30":  50.66392950287855,
"DP_60":  50.66392950287855,
"DP_95":  63.14450647735076,
"QL":  16.270196596005626}
,
{ "x":  3.0,
"greedy000":  28.156847062560853,
"greedy050":  38.985637094401774,
"greedy100":  45.67757546759943,
"DP_05":  50.56510384557177,
"DP_30":  50.56510384557177,
"DP_60":  50.56510384557177,
"DP_95":  63.261958129716774,
"QL":  12.53781334338669}
,
{ "x":  3.25,
"greedy000":  24.3145003633731,
"greedy050":  36.10488120290778,
"greedy100":  43.19462070713496,
"DP_05":  50.55649489787538,
"DP_30":  50.55649489787538,
"DP_60":  50.55649489787538,
"DP_95":  63.397009681976236,
"QL":  10.965381259881834}
,
{ "x":  3.5,
"greedy000":  20.009541846685416,
"greedy050":  32.72141644115324,
"greedy100":  40.495154748701225,
"DP_05":  50.352503106472554,
"DP_30":  50.352503106472554,
"DP_60":  50.352503106472554,
"DP_95":  63.06797951235529,
"QL":  11.255267006885909}
,
{ "x":  3.75,
"greedy000":  16.529393594438176,
"greedy050":  29.55876908635944,
"greedy100":  38.07045080979546,
"DP_05":  50.358538532937544,
"DP_30":  50.358538532937544,
"DP_60":  50.358538532937544,
"DP_95":  63.06307672820882,
"QL":  10.144139560796539}
,
{ "x":  4.0,
"greedy000":  12.45428106053755,
"greedy050":  26.958873072197285,
"greedy100":  36.30711706989736,
"DP_05":  50.82140988592533,
"DP_30":  50.82140988592533,
"DP_60":  50.82140988592533,
"DP_95":  63.275085856995055,
"QL":  5.816197342619093}
]}
