{ "x_label":"PC",
"y_label":"Acceptance Rate",
 "results":[
{ "x":  0.0,
"greedy000":  0.0,
"greedy050":  0.0,
"greedy100":  0.5188333333333334,
"DP_05":  0.0,
"DP_30":  0.0,
"DP_60":  0.0,
"DP_95":  0.6125666666666666,
"QL_09":  0.5698666666666666,
"QL_05":  0.5188333333333334,
"RL":  0.6132666666666666}
,
{ "x":  0.2,
"greedy000":  0.0,
"greedy050":  0.0,
"greedy100":  0.5237999999999999,
"DP_05":  0.0,
"DP_30":  0.0,
"DP_60":  0.0,
"DP_95":  0.6104333333333334,
"QL_09":  0.5692,
"QL_05":  0.5265000000000001,
"RL":  0.6149000000000001}
,
{ "x":  0.4,
"greedy000":  0.0,
"greedy050":  0.0,
"greedy100":  0.5253333333333333,
"DP_05":  0.0,
"DP_30":  0.0,
"DP_60":  0.0,
"DP_95":  0.6148,
"QL_09":  0.5668,
"QL_05":  0.5294333333333332,
"RL":  0.6116666666666667}
,
{ "x":  0.6000000000000001,
"greedy000":  0.0,
"greedy050":  0.0,
"greedy100":  0.5329333333333335,
"DP_05":  0.0,
"DP_30":  0.0,
"DP_60":  0.0,
"DP_95":  0.6137666666666666,
"QL_09":  0.5671666666666666,
"QL_05":  0.5396,
"RL":  0.6126333333333335}
,
{ "x":  0.8,
"greedy000":  0.0,
"greedy050":  0.0,
"greedy100":  0.5265000000000001,
"DP_05":  0.0,
"DP_30":  0.0,
"DP_60":  0.0,
"DP_95":  0.6158333333333333,
"QL_09":  0.5548000000000001,
"QL_05":  0.5339666666666666,
"RL":  0.6125666666666667}
,
{ "x":  1.0,
"greedy000":  0.0,
"greedy050":  0.0,
"greedy100":  0.5342333333333334,
"DP_05":  0.0,
"DP_30":  0.0,
"DP_60":  0.0,
"DP_95":  0.6168333333333333,
"QL_09":  0.5546000000000001,
"QL_05":  0.5400666666666666,
"RL":  0.6094999999999999}
,
{ "x":  1.2000000000000002,
"greedy000":  0.0,
"greedy050":  0.0,
"greedy100":  0.5284666666666668,
"DP_05":  0.0,
"DP_30":  0.0,
"DP_60":  0.0,
"DP_95":  0.6111333333333333,
"QL_09":  0.5274666666666666,
"QL_05":  0.5287666666666666,
"RL":  0.6074333333333333}
,
{ "x":  1.4000000000000001,
"greedy000":  0.0,
"greedy050":  0.0,
"greedy100":  0.5222,
"DP_05":  0.0,
"DP_30":  0.0,
"DP_60":  0.0,
"DP_95":  0.6076333333333334,
"QL_09":  0.5050333333333333,
"QL_05":  0.5127666666666667,
"RL":  0.5947999999999999}
,
{ "x":  1.6,
"greedy000":  0.0,
"greedy050":  0.0,
"greedy100":  0.5334333333333333,
"DP_05":  0.0,
"DP_30":  0.0,
"DP_60":  0.0,
"DP_95":  0.6079666666666668,
"QL_09":  0.4934333333333333,
"QL_05":  0.5089666666666667,
"RL":  0.5965}
,
{ "x":  1.8,
"greedy000":  0.0,
"greedy050":  0.0,
"greedy100":  0.5215333333333334,
"DP_05":  0.0,
"DP_30":  0.0,
"DP_60":  0.0,
"DP_95":  0.6167,
"QL_09":  0.48200000000000004,
"QL_05":  0.4974333333333333,
"RL":  0.5937666666666667}
,
{ "x":  2.0,
"greedy000":  0.0,
"greedy050":  0.0,
"greedy100":  0.5244333333333333,
"DP_05":  0.0,
"DP_30":  0.0,
"DP_60":  0.0,
"DP_95":  0.6119666666666668,
"QL_09":  0.47479999999999994,
"QL_05":  0.48756666666666665,
"RL":  0.5911000000000001}
]}
