{ "x_label":"PC",
"y_label":"Acceptance Rate",
 "results":[
{ "x":  0.0,
"greedy000":  0.0,
"greedy050":  0.0,
"greedy100":  0.3668333333333333,
"DP_05":  0.0,
"DP_30":  0.0,
"DP_60":  0.0,
"DP_95":  0.3433666666666667,
"QL_09":  0.3542666666666666,
"QL_05":  0.3668666666666667,
"RL":  0.34219999999999995}
,
{ "x":  0.2,
"greedy000":  0.0,
"greedy050":  0.0,
"greedy100":  0.3584333333333333,
"DP_05":  0.0,
"DP_30":  0.0,
"DP_60":  0.0,
"DP_95":  0.3365666666666666,
"QL_09":  0.3519666666666667,
"QL_05":  0.35616666666666663,
"RL":  0.33766666666666667}
,
{ "x":  0.4,
"greedy000":  0.0,
"greedy050":  0.0,
"greedy100":  0.35973333333333335,
"DP_05":  0.0,
"DP_30":  0.0,
"DP_60":  0.0,
"DP_95":  0.33533333333333337,
"QL_09":  0.34903333333333336,
"QL_05":  0.3567666666666666,
"RL":  0.33490000000000003}
,
{ "x":  0.6000000000000001,
"greedy000":  0.0,
"greedy050":  0.0,
"greedy100":  0.35756666666666664,
"DP_05":  0.0,
"DP_30":  0.0,
"DP_60":  0.0,
"DP_95":  0.3363666666666666,
"QL_09":  0.34550000000000003,
"QL_05":  0.35236666666666666,
"RL":  0.33036666666666664}
,
{ "x":  0.8,
"greedy000":  0.0,
"greedy050":  0.0,
"greedy100":  0.35986666666666667,
"DP_05":  0.0,
"DP_30":  0.0,
"DP_60":  0.0,
"DP_95":  0.33310000000000006,
"QL_09":  0.3462333333333334,
"QL_05":  0.3494666666666667,
"RL":  0.3300666666666666}
,
{ "x":  1.0,
"greedy000":  0.0,
"greedy050":  0.0,
"greedy100":  0.3578333333333333,
"DP_05":  0.0,
"DP_30":  0.0,
"DP_60":  0.0,
"DP_95":  0.33859999999999996,
"QL_09":  0.34049999999999997,
"QL_05":  0.34830000000000005,
"RL":  0.33176666666666665}
]}
