{ "x_label":"PC",
"y_label":"Federation Rate",
 "results":[
{ "x":  0.0,
"greedy000":  0.0,
"greedy050":  0.0,
"greedy100":  0.0,
"DP_05":  0.0,
"DP_30":  0.0,
"DP_60":  0.0,
"DP_95":  0.0,
"QL_09":  0.0,
"QL_05":  0.0,
"RL":  0.0}
,
{ "x":  0.2,
"greedy000":  0.0,
"greedy050":  0.0,
"greedy100":  0.05913333333333333,
"DP_05":  0.0,
"DP_30":  0.0,
"DP_60":  0.0,
"DP_95":  0.029266666666666663,
"QL_09":  0.038799999999999994,
"QL_05":  0.047099999999999996,
"RL":  0.03573333333333333}
,
{ "x":  0.4,
"greedy000":  0.0,
"greedy050":  0.0,
"greedy100":  0.11339999999999999,
"DP_05":  0.0,
"DP_30":  0.0,
"DP_60":  0.0,
"DP_95":  0.07253333333333334,
"QL_09":  0.09160000000000001,
"QL_05":  0.10169999999999998,
"RL":  0.08413333333333332}
,
{ "x":  0.6000000000000001,
"greedy000":  0.0,
"greedy050":  0.0,
"greedy100":  0.1598,
"DP_05":  0.0,
"DP_30":  0.0,
"DP_60":  0.0,
"DP_95":  0.10130000000000002,
"QL_09":  0.11323333333333332,
"QL_05":  0.13179999999999997,
"RL":  0.11086666666666667}
,
{ "x":  0.8,
"greedy000":  0.0,
"greedy050":  0.0,
"greedy100":  0.21680000000000002,
"DP_05":  0.0,
"DP_30":  0.0,
"DP_60":  0.0,
"DP_95":  0.1252666666666667,
"QL_09":  0.15819999999999998,
"QL_05":  0.18429999999999996,
"RL":  0.14803333333333335}
,
{ "x":  1.0,
"greedy000":  0.0,
"greedy050":  0.0,
"greedy100":  0.26463333333333333,
"DP_05":  0.0,
"DP_30":  0.0,
"DP_60":  0.0,
"DP_95":  0.17463333333333333,
"QL_09":  0.19693333333333335,
"QL_05":  0.22503333333333334,
"RL":  0.19416666666666668}
,
{ "x":  1.2000000000000002,
"greedy000":  0.0,
"greedy050":  0.0,
"greedy100":  0.3081666666666667,
"DP_05":  0.0,
"DP_30":  0.0,
"DP_60":  0.0,
"DP_95":  0.19173333333333337,
"QL_09":  0.23320000000000002,
"QL_05":  0.26016666666666666,
"RL":  0.21756666666666669}
,
{ "x":  1.4000000000000001,
"greedy000":  0.0,
"greedy050":  0.0,
"greedy100":  0.3439,
"DP_05":  0.0,
"DP_30":  0.0,
"DP_60":  0.0,
"DP_95":  0.21413333333333334,
"QL_09":  0.2609666666666667,
"QL_05":  0.28946666666666665,
"RL":  0.24946666666666667}
,
{ "x":  1.6,
"greedy000":  0.0,
"greedy050":  0.0,
"greedy100":  0.37273333333333336,
"DP_05":  0.0,
"DP_30":  0.0,
"DP_60":  0.0,
"DP_95":  0.2648333333333333,
"QL_09":  0.28473333333333334,
"QL_05":  0.3141,
"RL":  0.2780333333333333}
]}
