{ "x_label":"PC",
"y_label":"Federation Rate",
 "results":[
{ "x":  0.0,
"greedy000":  0.0,
"greedy050":  0.0,
"greedy100":  0.0,
"DP_05":  0.0,
"DP_30":  0.0,
"DP_60":  0.0,
"DP_95":  0.0,
"QL_09":  0.0,
"QL_05":  0.0,
"RL":  0.0}
,
{ "x":  0.2,
"greedy000":  0.0,
"greedy050":  0.0,
"greedy100":  0.055799999999999995,
"DP_05":  0.0,
"DP_30":  0.0,
"DP_60":  0.0,
"DP_95":  0.043399999999999994,
"QL_09":  0.054333333333333345,
"QL_05":  0.05500000000000001,
"RL":  0.053133333333333324}
,
{ "x":  0.4,
"greedy000":  0.0,
"greedy050":  0.0,
"greedy100":  0.12843333333333334,
"DP_05":  0.0,
"DP_30":  0.0,
"DP_60":  0.0,
"DP_95":  0.11523333333333333,
"QL_09":  0.13213333333333332,
"QL_05":  0.13173333333333334,
"RL":  0.12216666666666667}
,
{ "x":  0.6000000000000001,
"greedy000":  0.0,
"greedy050":  0.0,
"greedy100":  0.20096666666666668,
"DP_05":  0.0,
"DP_30":  0.0,
"DP_60":  0.0,
"DP_95":  0.18706666666666666,
"QL_09":  0.2043333333333333,
"QL_05":  0.2037,
"RL":  0.1879}
,
{ "x":  0.8,
"greedy000":  0.0,
"greedy050":  0.0,
"greedy100":  0.2641666666666666,
"DP_05":  0.0,
"DP_30":  0.0,
"DP_60":  0.0,
"DP_95":  0.23666666666666666,
"QL_09":  0.2627333333333333,
"QL_05":  0.2642333333333333,
"RL":  0.24643333333333334}
,
{ "x":  1.0,
"greedy000":  0.0,
"greedy050":  0.0,
"greedy100":  0.33256666666666673,
"DP_05":  0.0,
"DP_30":  0.0,
"DP_60":  0.0,
"DP_95":  0.29886666666666667,
"QL_09":  0.3319333333333333,
"QL_05":  0.33499999999999996,
"RL":  0.30873333333333336}
]}
