{ "x_label":"PC",
"y_label":"Average Profit",
 "results":[
{ "x":  0.0,
"greedy000":  0.0,
"greedy050":  0.0,
"greedy100":  29.509499999999996,
"DP_05":  0.0,
"DP_30":  0.0,
"DP_60":  0.0,
"DP_95":  42.05283333333333,
"QL_09":  34.02683333333333,
"QL_05":  29.509499999999996,
"RL":  41.38683333333333}
,
{ "x":  0.2,
"greedy000":  0.0,
"greedy050":  0.0,
"greedy100":  30.25404166666666,
"DP_05":  0.0,
"DP_30":  0.0,
"DP_60":  0.0,
"DP_95":  42.472750000000005,
"QL_09":  34.59158333333333,
"QL_05":  30.517291666666658,
"RL":  41.21270833333334}
,
{ "x":  0.4,
"greedy000":  0.0,
"greedy050":  0.0,
"greedy100":  30.77079166666666,
"DP_05":  0.0,
"DP_30":  0.0,
"DP_60":  0.0,
"DP_95":  43.069375,
"QL_09":  34.93029166666666,
"QL_05":  31.282125,
"RL":  41.134249999999994}
,
{ "x":  0.6000000000000001,
"greedy000":  0.0,
"greedy050":  0.0,
"greedy100":  31.76633333333333,
"DP_05":  0.0,
"DP_30":  0.0,
"DP_60":  0.0,
"DP_95":  43.846875000000004,
"QL_09":  35.913583333333335,
"QL_05":  32.7875,
"RL":  41.96254166666667}
,
{ "x":  0.8,
"greedy000":  0.0,
"greedy050":  0.0,
"greedy100":  31.964625,
"DP_05":  0.0,
"DP_30":  0.0,
"DP_60":  0.0,
"DP_95":  44.33083333333333,
"QL_09":  35.55054166666667,
"QL_05":  33.14675,
"RL":  41.879041666666666}
,
{ "x":  1.0,
"greedy000":  0.0,
"greedy050":  0.0,
"greedy100":  32.64745833333333,
"DP_05":  0.0,
"DP_30":  0.0,
"DP_60":  0.0,
"DP_95":  44.85708333333333,
"QL_09":  35.70316666666666,
"QL_05":  34.031166666666664,
"RL":  41.72804166666666}
,
{ "x":  1.2000000000000002,
"greedy000":  0.0,
"greedy050":  0.0,
"greedy100":  32.73649999999999,
"DP_05":  0.0,
"DP_30":  0.0,
"DP_60":  0.0,
"DP_95":  45.11749999999999,
"QL_09":  34.43604166666667,
"QL_05":  33.956916666666665,
"RL":  41.895333333333326}
,
{ "x":  1.4000000000000001,
"greedy000":  0.0,
"greedy050":  0.0,
"greedy100":  32.75233333333333,
"DP_05":  0.0,
"DP_30":  0.0,
"DP_60":  0.0,
"DP_95":  45.22291666666667,
"QL_09":  33.437250000000006,
"QL_05":  33.40525,
"RL":  40.959041666666664}
,
{ "x":  1.6,
"greedy000":  0.0,
"greedy050":  0.0,
"greedy100":  33.87954166666667,
"DP_05":  0.0,
"DP_30":  0.0,
"DP_60":  0.0,
"DP_95":  45.751958333333334,
"QL_09":  33.08058333333334,
"QL_05":  33.65716666666667,
"RL":  41.31729166666667}
]}
