{ "x_label":"PC",
"y_label":"Average Profit",
 "results":[
{ "x":  0.0,
"greedy000":  0.0,
"greedy050":  0.0,
"greedy100":  37.361666666666665,
"DP_05":  0.0,
"DP_30":  0.0,
"DP_60":  0.0,
"DP_95":  41.715,
"QL_09":  38.55666666666667,
"QL_05":  37.36333333333333,
"RL":  41.291666666666664}
,
{ "x":  0.2,
"greedy000":  0.0,
"greedy050":  0.0,
"greedy100":  38.199416666666664,
"DP_05":  0.0,
"DP_30":  0.0,
"DP_60":  0.0,
"DP_95":  43.25875,
"QL_09":  39.90208333333334,
"QL_05":  38.063583333333334,
"RL":  42.4735}
,
{ "x":  0.4,
"greedy000":  0.0,
"greedy050":  0.0,
"greedy100":  40.37716666666667,
"DP_05":  0.0,
"DP_30":  0.0,
"DP_60":  0.0,
"DP_95":  46.104749999999996,
"QL_09":  41.84425,
"QL_05":  40.569833333333335,
"RL":  44.24516666666666}
,
{ "x":  0.6000000000000001,
"greedy000":  0.0,
"greedy050":  0.0,
"greedy100":  42.671416666666666,
"DP_05":  0.0,
"DP_30":  0.0,
"DP_60":  0.0,
"DP_95":  48.40841666666667,
"QL_09":  43.77691666666667,
"QL_05":  42.533500000000004,
"RL":  45.96083333333333}
,
{ "x":  0.8,
"greedy000":  0.0,
"greedy050":  0.0,
"greedy100":  44.765,
"DP_05":  0.0,
"DP_30":  0.0,
"DP_60":  0.0,
"DP_95":  50.05541666666666,
"QL_09":  45.43058333333333,
"QL_05":  44.31316666666666,
"RL":  47.54691666666666}
,
{ "x":  1.0,
"greedy000":  0.0,
"greedy050":  0.0,
"greedy100":  46.686833333333325,
"DP_05":  0.0,
"DP_30":  0.0,
"DP_60":  0.0,
"DP_95":  52.37141666666666,
"QL_09":  46.8445,
"QL_05":  46.63266666666667,
"RL":  48.91016666666667}
]}
