{ "x_label":"PC",
"y_label":"Rejection Rate",
 "results":[
{ "x":  0.0,
"greedy000":  1.0,
"greedy050":  1.0,
"greedy100":  0.48116666666666663,
"DP_05":  1.0,
"DP_30":  1.0,
"DP_60":  1.0,
"DP_95":  0.3874333333333334,
"QL_09":  0.43013333333333337,
"QL_05":  0.48116666666666663,
"RL":  0.3867333333333334}
,
{ "x":  0.2,
"greedy000":  1.0,
"greedy050":  1.0,
"greedy100":  0.4170666666666667,
"DP_05":  1.0,
"DP_30":  1.0,
"DP_60":  1.0,
"DP_95":  0.36029999999999995,
"QL_09":  0.392,
"QL_05":  0.4263999999999999,
"RL":  0.3493666666666666}
,
{ "x":  0.4,
"greedy000":  1.0,
"greedy050":  1.0,
"greedy100":  0.36126666666666674,
"DP_05":  1.0,
"DP_30":  1.0,
"DP_60":  1.0,
"DP_95":  0.31266666666666665,
"QL_09":  0.3415999999999999,
"QL_05":  0.3688666666666668,
"RL":  0.3042}
,
{ "x":  0.6000000000000001,
"greedy000":  1.0,
"greedy050":  1.0,
"greedy100":  0.3072666666666666,
"DP_05":  1.0,
"DP_30":  1.0,
"DP_60":  1.0,
"DP_95":  0.28493333333333337,
"QL_09":  0.3196000000000001,
"QL_05":  0.3286,
"RL":  0.27649999999999986}
,
{ "x":  0.8,
"greedy000":  1.0,
"greedy050":  1.0,
"greedy100":  0.25669999999999993,
"DP_05":  1.0,
"DP_30":  1.0,
"DP_60":  1.0,
"DP_95":  0.2589,
"QL_09":  0.2869999999999999,
"QL_05":  0.2817333333333334,
"RL":  0.23940000000000006}
,
{ "x":  1.0,
"greedy000":  1.0,
"greedy050":  1.0,
"greedy100":  0.20113333333333328,
"DP_05":  1.0,
"DP_30":  1.0,
"DP_60":  1.0,
"DP_95":  0.20853333333333335,
"QL_09":  0.2484666666666666,
"QL_05":  0.2349,
"RL":  0.19633333333333325}
,
{ "x":  1.2000000000000002,
"greedy000":  1.0,
"greedy050":  1.0,
"greedy100":  0.16336666666666666,
"DP_05":  1.0,
"DP_30":  1.0,
"DP_60":  1.0,
"DP_95":  0.19713333333333338,
"QL_09":  0.2393333333333333,
"QL_05":  0.21106666666666674,
"RL":  0.17500000000000004}
,
{ "x":  1.4000000000000001,
"greedy000":  1.0,
"greedy050":  1.0,
"greedy100":  0.1338999999999999,
"DP_05":  1.0,
"DP_30":  1.0,
"DP_60":  1.0,
"DP_95":  0.17823333333333335,
"QL_09":  0.23399999999999999,
"QL_05":  0.19776666666666665,
"RL":  0.1557333333333334}
,
{ "x":  1.6,
"greedy000":  1.0,
"greedy050":  1.0,
"greedy100":  0.09383333333333321,
"DP_05":  1.0,
"DP_30":  1.0,
"DP_60":  1.0,
"DP_95":  0.12719999999999998,
"QL_09":  0.22183333333333333,
"QL_05":  0.17693333333333316,
"RL":  0.1254666666666665}
,
{ "x":  1.8,
"greedy000":  1.0,
"greedy050":  1.0,
"greedy100":  0.06799999999999995,
"DP_05":  1.0,
"DP_30":  1.0,
"DP_60":  1.0,
"DP_95":  0.11496666666666666,
"QL_09":  0.21673333333333333,
"QL_05":  0.16870000000000007,
"RL":  0.10696666666666665}
,
{ "x":  2.0,
"greedy000":  1.0,
"greedy050":  1.0,
"greedy100":  0.04269999999999996,
"DP_05":  1.0,
"DP_30":  1.0,
"DP_60":  1.0,
"DP_95":  0.08366666666666656,
"QL_09":  0.20923333333333338,
"QL_05":  0.15959999999999996,
"RL":  0.09406666666666652}
]}
