{ "x_label":"zeta",
"y_label":"Acceptance Rate",
 "results":[
{ "x":  0.0,
"greedy000":  0.4747606269396753,
"greedy050":  0.5827560222318919,
"greedy100":  0.6436175252469791,
"DP_05":  0.0,
"DP_30":  0.009829050360940311,
"DP_60":  0.02034070362224607,
"DP_95":  0.009829050360940311,
"QL":  0.2035355629371513}
,
{ "x":  0.25,
"greedy000":  0.4746054033236683,
"greedy050":  0.583728374319376,
"greedy100":  0.641708864351407,
"DP_05":  0.641708864351407,
"DP_30":  0.641708864351407,
"DP_60":  0.641708864351407,
"DP_95":  0.7633891975150497,
"QL":  0.44635745622377243}
,
{ "x":  0.5,
"greedy000":  0.4784834072867826,
"greedy050":  0.5883108703093585,
"greedy100":  0.645097815213421,
"DP_05":  0.645097815213421,
"DP_30":  0.645097815213421,
"DP_60":  0.645097815213421,
"DP_95":  0.765717090362036,
"QL":  0.5970402259408657}
,
{ "x":  0.75,
"greedy000":  0.4761377361754045,
"greedy050":  0.5864272947052243,
"greedy100":  0.6470190955927442,
"DP_05":  0.6470190955927442,
"DP_30":  0.6470190955927442,
"DP_60":  0.6470190955927442,
"DP_95":  0.7652484011511753,
"QL":  0.6616779255499928}
,
{ "x":  1.0,
"greedy000":  0.4778338118710931,
"greedy050":  0.5857917914721523,
"greedy100":  0.6475640258355134,
"DP_05":  0.6475640258355134,
"DP_30":  0.6475640258355134,
"DP_60":  0.6475640258355134,
"DP_95":  0.7651735045238202,
"QL":  0.6763195783325766}
,
{ "x":  1.25,
"greedy000":  0.47711554004583245,
"greedy050":  0.5852656173868691,
"greedy100":  0.6450271623712358,
"DP_05":  0.6450271623712358,
"DP_30":  0.6450271623712358,
"DP_60":  0.6450271623712358,
"DP_95":  0.7663888011778213,
"QL":  0.6206319060499897}
,
{ "x":  1.5,
"greedy000":  0.478137019580357,
"greedy050":  0.5848636036846206,
"greedy100":  0.6458078650762664,
"DP_05":  0.6458078650762664,
"DP_30":  0.6458078650762664,
"DP_60":  0.6458078650762664,
"DP_95":  0.7673158262845451,
"QL":  0.6708881017478069}
,
{ "x":  1.75,
"greedy000":  0.476867347190265,
"greedy050":  0.5888486654799793,
"greedy100":  0.6475194955619508,
"DP_05":  0.6475194955619508,
"DP_30":  0.6475194955619508,
"DP_60":  0.6475194955619508,
"DP_95":  0.7659670991335586,
"QL":  0.6972812341863873}
,
{ "x":  2.0,
"greedy000":  0.4783966016833176,
"greedy050":  0.5908492896789875,
"greedy100":  0.6525171105459344,
"DP_05":  0.6525171105459344,
"DP_30":  0.6525171105459344,
"DP_60":  0.6525171105459344,
"DP_95":  0.7699751766787721,
"QL":  0.7090372922689473}
,
{ "x":  2.25,
"greedy000":  0.47585971134660116,
"greedy050":  0.5861206181454646,
"greedy100":  0.6490904014422572,
"DP_05":  0.6490904014422572,
"DP_30":  0.6490904014422572,
"DP_60":  0.6490904014422572,
"DP_95":  0.7661664962437238,
"QL":  0.7068929717694383}
,
{ "x":  2.5,
"greedy000":  0.4767392736970466,
"greedy050":  0.58551747695825,
"greedy100":  0.6436720244500663,
"DP_05":  0.6436720244500663,
"DP_30":  0.6436720244500663,
"DP_60":  0.6436720244500663,
"DP_95":  0.7646077289447608,
"QL":  0.6783022981617532}
,
{ "x":  2.75,
"greedy000":  0.4780593844539621,
"greedy050":  0.5862745206283864,
"greedy100":  0.6474339985548776,
"DP_05":  0.6474339985548776,
"DP_30":  0.6474339985548776,
"DP_60":  0.6474339985548776,
"DP_95":  0.7688320055683429,
"QL":  0.7091990085985842}
,
{ "x":  3.0,
"greedy000":  0.4791212474242961,
"greedy050":  0.5910797221523574,
"greedy100":  0.6487976402733804,
"DP_05":  0.6487976402733804,
"DP_30":  0.6487976402733804,
"DP_60":  0.6487976402733804,
"DP_95":  0.7690920045796842,
"QL":  0.7112724932220621}
,
{ "x":  3.25,
"greedy000":  0.4799501942091197,
"greedy050":  0.5878165186876935,
"greedy100":  0.6526851636930463,
"DP_05":  0.6526851636930463,
"DP_30":  0.6526851636930463,
"DP_60":  0.6526851636930463,
"DP_95":  0.7683950908147649,
"QL":  0.6759425146908928}
,
{ "x":  3.5,
"greedy000":  0.47472432520400637,
"greedy050":  0.5857095849261919,
"greedy100":  0.6425346313662232,
"DP_05":  0.6425346313662232,
"DP_30":  0.6425346313662232,
"DP_60":  0.6425346313662232,
"DP_95":  0.7656664684636019,
"QL":  0.7100691673198379}
,
{ "x":  3.75,
"greedy000":  0.47850484503831436,
"greedy050":  0.5881866808930506,
"greedy100":  0.6459984844058597,
"DP_05":  0.6459984844058597,
"DP_30":  0.6459984844058597,
"DP_60":  0.6459984844058597,
"DP_95":  0.76524206659321,
"QL":  0.704890990266503}
,
{ "x":  4.0,
"greedy000":  0.4773774248127438,
"greedy050":  0.5895142366003866,
"greedy100":  0.6494533876301993,
"DP_05":  0.6494533876301993,
"DP_30":  0.6494533876301993,
"DP_60":  0.6494533876301993,
"DP_95":  0.7692021511184481,
"QL":  0.7116225428062537}
,
{ "x":  4.25,
"greedy000":  0.47395498285518806,
"greedy050":  0.5875966204614478,
"greedy100":  0.6469723456343741,
"DP_05":  0.6469723456343741,
"DP_30":  0.6469723456343741,
"DP_60":  0.6469723456343741,
"DP_95":  0.7655169826581375,
"QL":  0.7110537774704278}
,
{ "x":  4.5,
"greedy000":  0.4767830865906503,
"greedy050":  0.5820185440683867,
"greedy100":  0.6436211062880817,
"DP_05":  0.6436211062880817,
"DP_30":  0.6436211062880817,
"DP_60":  0.6436211062880817,
"DP_95":  0.7645151357722112,
"QL":  0.7098330350015459}
,
{ "x":  4.75,
"greedy000":  0.4760136191392986,
"greedy050":  0.5884732380195532,
"greedy100":  0.647438468101297,
"DP_05":  0.647438468101297,
"DP_30":  0.647438468101297,
"DP_60":  0.647438468101297,
"DP_95":  0.7672183791880066,
"QL":  0.6750251498537135}
,
{ "x":  5.0,
"greedy000":  0.47985541395551745,
"greedy050":  0.5904737183850641,
"greedy100":  0.6541509494344655,
"DP_05":  0.6541509494344655,
"DP_30":  0.6541509494344655,
"DP_60":  0.6541509494344655,
"DP_95":  0.7679371778492681,
"QL":  0.7091639128985946}
]}
