{ "x_label":"zeta",
"y_label":"Acceptance Rate",
 "results":[
{ "x":  0.0,
"greedy000":  0.47188809625069006,
"greedy050":  0.5824333615441544,
"greedy100":  0.6377546521032927,
"DP_05":  0.010329988838156182,
"DP_30":  0.03828605076490764,
"DP_60":  0.010329988838156182,
"DP_95":  0.06786984515543781,
"QL":  0.1394281568660363}
,
{ "x":  0.25,
"greedy000":  0.47835570637439934,
"greedy050":  0.5822099930850073,
"greedy100":  0.643990069370814,
"DP_05":  0.643990069370814,
"DP_30":  0.643990069370814,
"DP_60":  0.643990069370814,
"DP_95":  0.7661998335379712,
"QL":  0.34605829517133013}
,
{ "x":  0.5,
"greedy000":  0.4740870110092352,
"greedy050":  0.5881139094067777,
"greedy100":  0.6407200096020028,
"DP_05":  0.6407200096020028,
"DP_30":  0.6407200096020028,
"DP_60":  0.6407200096020028,
"DP_95":  0.7628262798951357,
"QL":  0.43617919517793713}
,
{ "x":  0.75,
"greedy000":  0.48288996459500977,
"greedy050":  0.584090834684823,
"greedy100":  0.649803045532825,
"DP_05":  0.649803045532825,
"DP_30":  0.649803045532825,
"DP_60":  0.649803045532825,
"DP_95":  0.7651552923774717,
"QL":  0.5599466639690601}
,
{ "x":  1.0,
"greedy000":  0.47670804432327785,
"greedy050":  0.5836937556741735,
"greedy100":  0.6514661078636299,
"DP_05":  0.6514661078636299,
"DP_30":  0.6514661078636299,
"DP_60":  0.6514661078636299,
"DP_95":  0.7639207407162648,
"QL":  0.4837658609623764}
,
{ "x":  1.25,
"greedy000":  0.4776582959847489,
"greedy050":  0.5939954590373666,
"greedy100":  0.652578580984482,
"DP_05":  0.652578580984482,
"DP_30":  0.652578580984482,
"DP_60":  0.652578580984482,
"DP_95":  0.772123274189692,
"QL":  0.5032495120871944}
,
{ "x":  1.5,
"greedy000":  0.47853851525515595,
"greedy050":  0.5834531141098707,
"greedy100":  0.647896976074563,
"DP_05":  0.647896976074563,
"DP_30":  0.647896976074563,
"DP_60":  0.647896976074563,
"DP_95":  0.7655795130733372,
"QL":  0.5816220207560444}
,
{ "x":  1.75,
"greedy000":  0.47606549221855277,
"greedy050":  0.5877566943478706,
"greedy100":  0.6476723347751372,
"DP_05":  0.6476723347751372,
"DP_30":  0.6476723347751372,
"DP_60":  0.6476723347751372,
"DP_95":  0.766495900949557,
"QL":  0.5848568552904725}
,
{ "x":  2.0,
"greedy000":  0.47738644020420695,
"greedy050":  0.5814839583282505,
"greedy100":  0.6442416644073753,
"DP_05":  0.6442416644073753,
"DP_30":  0.6442416644073753,
"DP_60":  0.6442416644073753,
"DP_95":  0.7683167272259154,
"QL":  0.5575902709491258}
,
{ "x":  2.25,
"greedy000":  0.4800631191462216,
"greedy050":  0.5910354660071111,
"greedy100":  0.6546358076918769,
"DP_05":  0.6546358076918769,
"DP_30":  0.6546358076918769,
"DP_60":  0.6546358076918769,
"DP_95":  0.7669279672638062,
"QL":  0.6487376466922559}
,
{ "x":  2.5,
"greedy000":  0.47867529746337567,
"greedy050":  0.5848642722057937,
"greedy100":  0.6522347429682304,
"DP_05":  0.6522347429682304,
"DP_30":  0.6522347429682304,
"DP_60":  0.6522347429682304,
"DP_95":  0.767967240874775,
"QL":  0.6600246415534062}
,
{ "x":  2.75,
"greedy000":  0.47546851813535307,
"greedy050":  0.5862613963159997,
"greedy100":  0.6395382804163499,
"DP_05":  0.6395382804163499,
"DP_30":  0.6395382804163499,
"DP_60":  0.6395382804163499,
"DP_95":  0.7646323091850007,
"QL":  0.5765111510204596}
,
{ "x":  3.0,
"greedy000":  0.4790774044022449,
"greedy050":  0.5913602711947901,
"greedy100":  0.6462086561197287,
"DP_05":  0.6462086561197287,
"DP_30":  0.6462086561197287,
"DP_60":  0.6462086561197287,
"DP_95":  0.7699274391927373,
"QL":  0.6551801765921772}
,
{ "x":  3.25,
"greedy000":  0.4741231528309179,
"greedy050":  0.5890597599982651,
"greedy100":  0.6477744730871544,
"DP_05":  0.6477744730871544,
"DP_30":  0.6477744730871544,
"DP_60":  0.6477744730871544,
"DP_95":  0.7676771195202574,
"QL":  0.6401794647908609}
,
{ "x":  3.5,
"greedy000":  0.4832799083201089,
"greedy050":  0.593655480944654,
"greedy100":  0.6619241372400868,
"DP_05":  0.6619241372400868,
"DP_30":  0.6619241372400868,
"DP_60":  0.6619241372400868,
"DP_95":  0.7734588771965225,
"QL":  0.6568148646511951}
,
{ "x":  3.75,
"greedy000":  0.47752446762453615,
"greedy050":  0.5873105739143156,
"greedy100":  0.6467087349433265,
"DP_05":  0.6467087349433265,
"DP_30":  0.6467087349433265,
"DP_60":  0.6467087349433265,
"DP_95":  0.7673772954959945,
"QL":  0.5887684189403577}
,
{ "x":  4.0,
"greedy000":  0.4778098311900741,
"greedy050":  0.5854425876136263,
"greedy100":  0.6541119032171122,
"DP_05":  0.6541119032171122,
"DP_30":  0.6541119032171122,
"DP_60":  0.6541119032171122,
"DP_95":  0.7708467828620554,
"QL":  0.4864639987324704}
,
{ "x":  4.25,
"greedy000":  0.47713755808322744,
"greedy050":  0.5914149805385488,
"greedy100":  0.6549922191229436,
"DP_05":  0.6549922191229436,
"DP_30":  0.6549922191229436,
"DP_60":  0.6549922191229436,
"DP_95":  0.7704049397275112,
"QL":  0.5563566600547152}
,
{ "x":  4.5,
"greedy000":  0.47989334718280796,
"greedy050":  0.5918841098070021,
"greedy100":  0.647050747645774,
"DP_05":  0.647050747645774,
"DP_30":  0.647050747645774,
"DP_60":  0.647050747645774,
"DP_95":  0.7686884886650824,
"QL":  0.6505365459454503}
,
{ "x":  4.75,
"greedy000":  0.47640085091104967,
"greedy050":  0.5929403324178315,
"greedy100":  0.6542037469530537,
"DP_05":  0.6542037469530537,
"DP_30":  0.6542037469530537,
"DP_60":  0.6542037469530537,
"DP_95":  0.7697069409940369,
"QL":  0.5875110068425456}
,
{ "x":  5.0,
"greedy000":  0.47958976748839366,
"greedy050":  0.587944694499967,
"greedy100":  0.6507839522502753,
"DP_05":  0.6507839522502753,
"DP_30":  0.6507839522502753,
"DP_60":  0.6507839522502753,
"DP_95":  0.7714605370362695,
"QL":  0.5881459204759265}
]}
