{ "x_label":"zeta",
"y_label":"Federation Rate",
 "results":[
{ "x":  0.0,
"greedy000":  0.5281119037493099,
"greedy050":  0.4175666384558457,
"greedy100":  0.36224534789670715,
"DP_05":  0.9896700111618439,
"DP_30":  0.9617139492350922,
"DP_60":  0.9896700111618439,
"DP_95":  0.9321301548445622,
"QL":  0.8109075308058946}
,
{ "x":  0.25,
"greedy000":  0.5216442936256007,
"greedy050":  0.4177900069149927,
"greedy100":  0.356009930629186,
"DP_05":  0.356009930629186,
"DP_30":  0.356009930629186,
"DP_60":  0.356009930629186,
"DP_95":  0.23380016646202875,
"QL":  0.6058255873410354}
,
{ "x":  0.5,
"greedy000":  0.5259129889907648,
"greedy050":  0.41188609059322223,
"greedy100":  0.35927999039799724,
"DP_05":  0.35927999039799724,
"DP_30":  0.35927999039799724,
"DP_60":  0.35927999039799724,
"DP_95":  0.2371737201048642,
"QL":  0.5575021805754174}
,
{ "x":  0.75,
"greedy000":  0.5171100354049902,
"greedy050":  0.4159091653151769,
"greedy100":  0.35019695446717514,
"DP_05":  0.35019695446717514,
"DP_30":  0.35019695446717514,
"DP_60":  0.35019695446717514,
"DP_95":  0.23484470762252832,
"QL":  0.42796863010773334}
,
{ "x":  1.0,
"greedy000":  0.5232919556767222,
"greedy050":  0.41630624432582647,
"greedy100":  0.3485338921363701,
"DP_05":  0.3485338921363701,
"DP_30":  0.3485338921363701,
"DP_60":  0.3485338921363701,
"DP_95":  0.23607925928373516,
"QL":  0.48527768925946546}
,
{ "x":  1.25,
"greedy000":  0.5223417040152512,
"greedy050":  0.4060045409626333,
"greedy100":  0.34742141901551804,
"DP_05":  0.34742141901551804,
"DP_30":  0.34742141901551804,
"DP_60":  0.34742141901551804,
"DP_95":  0.2278767258103081,
"QL":  0.431836734809409}
,
{ "x":  1.5,
"greedy000":  0.521461484744844,
"greedy050":  0.41654688589012945,
"greedy100":  0.35210302392543713,
"DP_05":  0.35210302392543713,
"DP_30":  0.35210302392543713,
"DP_60":  0.35210302392543713,
"DP_95":  0.23442048692666292,
"QL":  0.39092375122057493}
,
{ "x":  1.75,
"greedy000":  0.5239345077814471,
"greedy050":  0.4122433056521294,
"greedy100":  0.35232766522486275,
"DP_05":  0.35232766522486275,
"DP_30":  0.35232766522486275,
"DP_60":  0.35232766522486275,
"DP_95":  0.23350409905044303,
"QL":  0.28445051673822597}
,
{ "x":  2.0,
"greedy000":  0.5226135597957932,
"greedy050":  0.4185160416717496,
"greedy100":  0.3557583355926249,
"DP_05":  0.3557583355926249,
"DP_30":  0.3557583355926249,
"DP_60":  0.3557583355926249,
"DP_95":  0.23168327277408451,
"QL":  0.29939210849749476}
,
{ "x":  2.25,
"greedy000":  0.5199368808537783,
"greedy050":  0.40896453399288896,
"greedy100":  0.3453641923081231,
"DP_05":  0.3453641923081231,
"DP_30":  0.3453641923081231,
"DP_60":  0.3453641923081231,
"DP_95":  0.23307203273619384,
"QL":  0.20799322630725126}
,
{ "x":  2.5,
"greedy000":  0.5213247025366244,
"greedy050":  0.41513572779420616,
"greedy100":  0.3477652570317696,
"DP_05":  0.0,
"DP_30":  0.0,
"DP_60":  0.0,
"DP_95":  0.0,
"QL":  0.16663034361750576}
,
{ "x":  2.75,
"greedy000":  0.5245314818646468,
"greedy050":  0.41373860368400023,
"greedy100":  0.36046171958365014,
"DP_05":  0.0,
"DP_30":  0.0,
"DP_60":  0.0,
"DP_95":  0.0,
"QL":  0.1752869780819708}
,
{ "x":  3.0,
"greedy000":  0.520922595597755,
"greedy050":  0.40863972880521005,
"greedy100":  0.35379134388027134,
"DP_05":  0.0,
"DP_30":  0.0,
"DP_60":  0.0,
"DP_95":  0.0,
"QL":  0.10858573444739528}
,
{ "x":  3.25,
"greedy000":  0.5258768471690821,
"greedy050":  0.4109402400017349,
"greedy100":  0.3522255269128456,
"DP_05":  0.0,
"DP_30":  0.0,
"DP_60":  0.0,
"DP_95":  0.0,
"QL":  0.06572206317361762}
,
{ "x":  3.5,
"greedy000":  0.5167200916798912,
"greedy050":  0.4063445190553461,
"greedy100":  0.33807586275991314,
"DP_05":  0.0,
"DP_30":  0.0,
"DP_60":  0.0,
"DP_95":  0.0,
"QL":  0.06348095316826409}
,
{ "x":  3.75,
"greedy000":  0.522475532375464,
"greedy050":  0.4126894260856844,
"greedy100":  0.3532912650566735,
"DP_05":  0.0,
"DP_30":  0.0,
"DP_60":  0.0,
"DP_95":  0.0,
"QL":  0.11581161236595419}
,
{ "x":  4.0,
"greedy000":  0.522190168809926,
"greedy050":  0.4145574123863738,
"greedy100":  0.3458880967828878,
"DP_05":  0.0,
"DP_30":  0.0,
"DP_60":  0.0,
"DP_95":  0.0,
"QL":  0.06443011766530156}
,
{ "x":  4.25,
"greedy000":  0.5228624419167726,
"greedy050":  0.4085850194614511,
"greedy100":  0.34500778087705625,
"DP_05":  0.0,
"DP_30":  0.0,
"DP_60":  0.0,
"DP_95":  0.0,
"QL":  0.05914095722151243}
,
{ "x":  4.5,
"greedy000":  0.520106652817192,
"greedy050":  0.4081158901929979,
"greedy100":  0.35294925235422603,
"DP_05":  0.0,
"DP_30":  0.0,
"DP_60":  0.0,
"DP_95":  0.0,
"QL":  0.01697424401005914}
,
{ "x":  4.75,
"greedy000":  0.5235991490889503,
"greedy050":  0.4070596675821684,
"greedy100":  0.34579625304694617,
"DP_05":  0.0,
"DP_30":  0.0,
"DP_60":  0.0,
"DP_95":  0.0,
"QL":  0.06348865919444023}
,
{ "x":  5.0,
"greedy000":  0.5204102325116063,
"greedy050":  0.412055305500033,
"greedy100":  0.3492160477497248,
"DP_05":  0.0,
"DP_30":  0.0,
"DP_60":  0.0,
"DP_95":  0.0,
"QL":  0.018914993278473038}
]}
