{ "x_label":"zeta",
"y_label":"Federation Rate",
 "results":[
{ "x":  0.0,
"greedy000":  0.5246310840067745,
"greedy050":  0.41279528265015103,
"greedy100":  0.3490415926327148,
"DP_05":  0.9603638578788185,
"DP_30":  0.9901680475207246,
"DP_60":  1.0,
"DP_95":  0.9504815487656989,
"QL":  0.7310394297058668}
,
{ "x":  0.25,
"greedy000":  0.5242171335151827,
"greedy050":  0.417043948784134,
"greedy100":  0.35529008146976737,
"DP_05":  0.35529008146976737,
"DP_30":  0.35529008146976737,
"DP_60":  0.35529008146976737,
"DP_95":  0.2361222995330785,
"QL":  0.45428768648384377}
,
{ "x":  0.5,
"greedy000":  0.5213410275982098,
"greedy050":  0.41063122718203793,
"greedy100":  0.3497185410324172,
"DP_05":  0.3497185410324172,
"DP_30":  0.3497185410324172,
"DP_60":  0.3497185410324172,
"DP_95":  0.23328016193948087,
"QL":  0.3200432348552317}
,
{ "x":  0.75,
"greedy000":  0.5212293735290751,
"greedy050":  0.4138298271542366,
"greedy100":  0.35164094879053714,
"DP_05":  0.35164094879053714,
"DP_30":  0.35164094879053714,
"DP_60":  0.35164094879053714,
"DP_95":  0.23428536110251655,
"QL":  0.2896572937096989}
,
{ "x":  1.0,
"greedy000":  0.5224476642438066,
"greedy050":  0.415048195986824,
"greedy100":  0.35487945803317117,
"DP_05":  0.35487945803317117,
"DP_30":  0.35487945803317117,
"DP_60":  0.35487945803317117,
"DP_95":  0.23563630940145014,
"QL":  0.2817607248011932}
,
{ "x":  1.25,
"greedy000":  0.5238553416472456,
"greedy050":  0.4165965417434102,
"greedy100":  0.3572154478630779,
"DP_05":  0.3572154478630779,
"DP_30":  0.3572154478630779,
"DP_60":  0.3572154478630779,
"DP_95":  0.2381642481183217,
"QL":  0.26891555495828173}
,
{ "x":  1.5,
"greedy000":  0.5238400618455772,
"greedy050":  0.41182228329678716,
"greedy100":  0.3502869641160097,
"DP_05":  0.3502869641160097,
"DP_30":  0.3502869641160097,
"DP_60":  0.3502869641160097,
"DP_95":  0.23326586747141498,
"QL":  0.24789360553442136}
,
{ "x":  1.75,
"greedy000":  0.5228493171926667,
"greedy050":  0.4128147792242305,
"greedy100":  0.3525574827210277,
"DP_05":  0.3525574827210277,
"DP_30":  0.3525574827210277,
"DP_60":  0.3525574827210277,
"DP_95":  0.23451144562225945,
"QL":  0.24255639489909547}
,
{ "x":  2.0,
"greedy000":  0.5235542626329772,
"greedy050":  0.41776668149491264,
"greedy100":  0.35375137374132476,
"DP_05":  0.35375137374132476,
"DP_30":  0.35375137374132476,
"DP_60":  0.35375137374132476,
"DP_95":  0.2340698883162437,
"QL":  0.20570814780410865}
,
{ "x":  2.25,
"greedy000":  0.5218512125110973,
"greedy050":  0.4139179491471016,
"greedy100":  0.3568935804879751,
"DP_05":  0.3568935804879751,
"DP_30":  0.3568935804879751,
"DP_60":  0.3568935804879751,
"DP_95":  0.23502295503630677,
"QL":  0.18203549503943214}
,
{ "x":  2.5,
"greedy000":  0.5229756604922676,
"greedy050":  0.41296873784026317,
"greedy100":  0.3496830185856462,
"DP_05":  0.0,
"DP_30":  0.0,
"DP_60":  0.0,
"DP_95":  0.0,
"QL":  0.13736558735165094}
,
{ "x":  2.75,
"greedy000":  0.5209209466699134,
"greedy050":  0.4107350963707508,
"greedy100":  0.35042099045878866,
"DP_05":  0.0,
"DP_30":  0.0,
"DP_60":  0.0,
"DP_95":  0.0,
"QL":  0.09587824894322364}
,
{ "x":  3.0,
"greedy000":  0.5235728705531544,
"greedy050":  0.41202417995222457,
"greedy100":  0.35250725258964233,
"DP_05":  0.0,
"DP_30":  0.0,
"DP_60":  0.0,
"DP_95":  0.0,
"QL":  0.04905350093495086}
,
{ "x":  3.25,
"greedy000":  0.5236639004915536,
"greedy050":  0.41481977905113493,
"greedy100":  0.35435971659986043,
"DP_05":  0.0,
"DP_30":  0.0,
"DP_60":  0.0,
"DP_95":  0.0,
"QL":  0.046114312370937695}
,
{ "x":  3.5,
"greedy000":  0.5239156743825322,
"greedy050":  0.41167487304892747,
"greedy100":  0.3541101496655155,
"DP_05":  0.0,
"DP_30":  0.0,
"DP_60":  0.0,
"DP_95":  0.0,
"QL":  0.02073712707508008}
,
{ "x":  3.75,
"greedy000":  0.5224221046015137,
"greedy050":  0.41168321344533226,
"greedy100":  0.34748672852459495,
"DP_05":  0.0,
"DP_30":  0.0,
"DP_60":  0.0,
"DP_95":  0.0,
"QL":  0.007849689716865412}
,
{ "x":  4.0,
"greedy000":  0.5225449974843448,
"greedy050":  0.4124624094134153,
"greedy100":  0.35425058189419883,
"DP_05":  0.0,
"DP_30":  0.0,
"DP_60":  0.0,
"DP_95":  0.0,
"QL":  0.005600739082559797}
,
{ "x":  4.25,
"greedy000":  0.5217711561498608,
"greedy050":  0.41431136202776964,
"greedy100":  0.35418217822718007,
"DP_05":  0.0,
"DP_30":  0.0,
"DP_60":  0.0,
"DP_95":  0.0,
"QL":  0.006559345284092742}
,
{ "x":  4.5,
"greedy000":  0.5247217519816479,
"greedy050":  0.4187321361284589,
"greedy100":  0.3585747575704167,
"DP_05":  0.0,
"DP_30":  0.0,
"DP_60":  0.0,
"DP_95":  0.0,
"QL":  0.007831256113680506}
,
{ "x":  4.75,
"greedy000":  0.5238834128778256,
"greedy050":  0.41442890579261454,
"greedy100":  0.35399481559854007,
"DP_05":  0.0,
"DP_30":  0.0,
"DP_60":  0.0,
"DP_95":  0.0,
"QL":  0.007062545907657554}
,
{ "x":  5.0,
"greedy000":  0.5257459536926865,
"greedy050":  0.41522636676034386,
"greedy100":  0.3568511594691224,
"DP_05":  0.0,
"DP_30":  0.0,
"DP_60":  0.0,
"DP_95":  0.0,
"QL":  0.002442145621999423}
]}
