{ "x_label":"zeta",
"y_label":"Federation Rate",
 "results":[
{ "x":  0.0,
"greedy000":  0.5252393730603246,
"greedy050":  0.417243977768108,
"greedy100":  0.3563824747530209,
"DP_05":  1.0,
"DP_30":  0.99017094963906,
"DP_60":  0.9796592963777538,
"DP_95":  0.99017094963906,
"QL":  0.7954778601534208}
,
{ "x":  0.25,
"greedy000":  0.5253945966763316,
"greedy050":  0.4162716256806239,
"greedy100":  0.35829113564859305,
"DP_05":  0.35829113564859305,
"DP_30":  0.35829113564859305,
"DP_60":  0.35829113564859305,
"DP_95":  0.2366108024849503,
"QL":  0.5525657764665206}
,
{ "x":  0.5,
"greedy000":  0.5215165927132173,
"greedy050":  0.4116891296906415,
"greedy100":  0.35490218478657887,
"DP_05":  0.35490218478657887,
"DP_30":  0.35490218478657887,
"DP_60":  0.35490218478657887,
"DP_95":  0.2342829096379641,
"QL":  0.40210232748455266}
,
{ "x":  0.75,
"greedy000":  0.5238622638245956,
"greedy050":  0.41357270529477574,
"greedy100":  0.3529809044072557,
"DP_05":  0.3529809044072557,
"DP_30":  0.3529809044072557,
"DP_60":  0.3529809044072557,
"DP_95":  0.23475159884882463,
"QL":  0.3288929739758867}
,
{ "x":  1.0,
"greedy000":  0.5221661881289069,
"greedy050":  0.4142082085278477,
"greedy100":  0.3524359741644866,
"DP_05":  0.3524359741644866,
"DP_30":  0.3524359741644866,
"DP_60":  0.3524359741644866,
"DP_95":  0.23482649547617993,
"QL":  0.3033457196295238}
,
{ "x":  1.25,
"greedy000":  0.5228844599541675,
"greedy050":  0.41473438261313095,
"greedy100":  0.3549728376287643,
"DP_05":  0.3549728376287643,
"DP_30":  0.3549728376287643,
"DP_60":  0.3549728376287643,
"DP_95":  0.23361119882217868,
"QL":  0.3368472246599211}
,
{ "x":  1.5,
"greedy000":  0.5218629804196431,
"greedy050":  0.41513639631537924,
"greedy100":  0.35419213492373364,
"DP_05":  0.35419213492373364,
"DP_30":  0.35419213492373364,
"DP_60":  0.35419213492373364,
"DP_95":  0.23268417371545475,
"QL":  0.29673576674463076}
,
{ "x":  1.75,
"greedy000":  0.523132652809735,
"greedy050":  0.41115133452002084,
"greedy100":  0.35248050443804924,
"DP_05":  0.35248050443804924,
"DP_30":  0.35248050443804924,
"DP_60":  0.35248050443804924,
"DP_95":  0.2340329008664413,
"QL":  0.24103314046331364}
,
{ "x":  2.0,
"greedy000":  0.5216033983166823,
"greedy050":  0.40915071032101247,
"greedy100":  0.3474828894540655,
"DP_05":  0.3474828894540655,
"DP_30":  0.3474828894540655,
"DP_60":  0.3474828894540655,
"DP_95":  0.230024823321228,
"QL":  0.20887542764798356}
,
{ "x":  2.25,
"greedy000":  0.5241402886533988,
"greedy050":  0.4138793818545354,
"greedy100":  0.35090959855774295,
"DP_05":  0.35090959855774295,
"DP_30":  0.35090959855774295,
"DP_60":  0.35090959855774295,
"DP_95":  0.23383350375627615,
"QL":  0.17976281645005215}
,
{ "x":  2.5,
"greedy000":  0.5232607263029536,
"greedy050":  0.41448252304175004,
"greedy100":  0.3563279755499337,
"DP_05":  0.0,
"DP_30":  0.0,
"DP_60":  0.0,
"DP_95":  0.0,
"QL":  0.15422290539031708}
,
{ "x":  2.75,
"greedy000":  0.5219406155460378,
"greedy050":  0.4137254793716137,
"greedy100":  0.35256600144512235,
"DP_05":  0.0,
"DP_30":  0.0,
"DP_60":  0.0,
"DP_95":  0.0,
"QL":  0.11307317248147622}
,
{ "x":  3.0,
"greedy000":  0.5208787525757039,
"greedy050":  0.4089202778476427,
"greedy100":  0.3512023597266195,
"DP_05":  0.0,
"DP_30":  0.0,
"DP_60":  0.0,
"DP_95":  0.0,
"QL":  0.08365441595889002}
,
{ "x":  3.25,
"greedy000":  0.5200498057908802,
"greedy050":  0.41218348131230664,
"greedy100":  0.3473148363069537,
"DP_05":  0.0,
"DP_30":  0.0,
"DP_60":  0.0,
"DP_95":  0.0,
"QL":  0.05888548507699369}
,
{ "x":  3.5,
"greedy000":  0.5252756747959937,
"greedy050":  0.41429041507380804,
"greedy100":  0.35746536863377665,
"DP_05":  0.0,
"DP_30":  0.0,
"DP_60":  0.0,
"DP_95":  0.0,
"QL":  0.048266822096547944}
,
{ "x":  3.75,
"greedy000":  0.5214951549616856,
"greedy050":  0.4118133191069494,
"greedy100":  0.35400151559414056,
"DP_05":  0.0,
"DP_30":  0.0,
"DP_60":  0.0,
"DP_95":  0.0,
"QL":  0.04397552798430707}
,
{ "x":  4.0,
"greedy000":  0.5226225751872562,
"greedy050":  0.41048576339961357,
"greedy100":  0.3505466123698008,
"DP_05":  0.0,
"DP_30":  0.0,
"DP_60":  0.0,
"DP_95":  0.0,
"QL":  0.024192000268233458}
,
{ "x":  4.25,
"greedy000":  0.5260450171448119,
"greedy050":  0.41240337953855244,
"greedy100":  0.35302765436562583,
"DP_05":  0.0,
"DP_30":  0.0,
"DP_60":  0.0,
"DP_95":  0.0,
"QL":  0.0268413496194161}
,
{ "x":  4.5,
"greedy000":  0.5232169134093497,
"greedy050":  0.4179814559316132,
"greedy100":  0.3563788937119183,
"DP_05":  0.0,
"DP_30":  0.0,
"DP_60":  0.0,
"DP_95":  0.0,
"QL":  0.015381558278067134}
,
{ "x":  4.75,
"greedy000":  0.5239863808607014,
"greedy050":  0.41152676198044685,
"greedy100":  0.3525615318987031,
"DP_05":  0.0,
"DP_30":  0.0,
"DP_60":  0.0,
"DP_95":  0.0,
"QL":  0.01438954043260616}
,
{ "x":  5.0,
"greedy000":  0.5201445860444825,
"greedy050":  0.40952628161493587,
"greedy100":  0.3458490505655347,
"DP_05":  0.0,
"DP_30":  0.0,
"DP_60":  0.0,
"DP_95":  0.0,
"QL":  0.006953606783434702}
]}
