{ "x_label":"zeta",
"y_label":"Average Profit",
 "results":[
{ "x":  0.0,
"greedy000":  74.9700972959221,
"greedy050":  74.9700972959221,
"greedy100":  74.9700972959221,
"DP_05":  74.9700972959221,
"DP_30":  74.9700972959221,
"DP_60":  74.9700972959221,
"DP_95":  74.9700972959221,
"QL":  72.3708051647966}
,
{ "x":  0.25,
"greedy000":  71.22696718571777,
"greedy050":  72.07841213904581,
"greedy100":  72.6454826684292,
"DP_05":  72.6454826684292,
"DP_30":  72.6454826684292,
"DP_60":  72.6454826684292,
"DP_95":  73.94659176796551,
"QL":  66.08906473921766}
,
{ "x":  0.5,
"greedy000":  67.00852700112311,
"greedy050":  68.88321885018607,
"greedy100":  69.8646281597133,
"DP_05":  69.8646281597133,
"DP_30":  69.8646281597133,
"DP_60":  69.8646281597133,
"DP_95":  72.44704372431625,
"QL":  66.61361400321013}
,
{ "x":  0.75,
"greedy000":  63.42006166152388,
"greedy050":  65.92272580503463,
"greedy100":  67.6930296437915,
"DP_05":  67.6930296437915,
"DP_30":  67.6930296437915,
"DP_60":  67.6930296437915,
"DP_95":  71.4299335964455,
"QL":  65.58484435758137}
,
{ "x":  1.0,
"greedy000":  59.31382770289912,
"greedy050":  62.77544690325715,
"greedy100":  65.27390608051233,
"DP_05":  65.27390608051233,
"DP_30":  65.27390608051233,
"DP_60":  65.27390608051233,
"DP_95":  70.14253425554486,
"QL":  59.706420231229}
,
{ "x":  1.25,
"greedy000":  55.545398748177455,
"greedy050":  60.32218805704038,
"greedy100":  62.99239613058702,
"DP_05":  62.99239613058702,
"DP_30":  62.99239613058702,
"DP_60":  62.99239613058702,
"DP_95":  69.32587127932942,
"QL":  56.652157270794326}
,
{ "x":  1.5,
"greedy000":  51.694942826003455,
"greedy050":  56.91716310439847,
"greedy100":  60.40550924277049,
"DP_05":  60.40550924277049,
"DP_30":  60.40550924277049,
"DP_60":  60.40550924277049,
"DP_95":  67.97828167896257,
"QL":  58.34685098280015}
,
{ "x":  1.75,
"greedy000":  47.626355342422784,
"greedy050":  54.113268637951954,
"greedy100":  57.93988503289067,
"DP_05":  57.93988503289067,
"DP_30":  57.93988503289067,
"DP_60":  57.93988503289067,
"DP_95":  66.83316652441121,
"QL":  54.56406486856271}
,
{ "x":  2.0,
"greedy000":  43.7108438164056,
"greedy050":  50.48892087708795,
"greedy100":  55.099370780320825,
"DP_05":  55.099370780320825,
"DP_30":  55.099370780320825,
"DP_60":  55.099370780320825,
"DP_95":  65.57979713398555,
"QL":  50.262682047591696}
,
{ "x":  2.25,
"greedy000":  40.115079343352576,
"greedy050":  48.27149703335395,
"greedy100":  53.648501787261374,
"DP_05":  53.648501787261374,
"DP_30":  53.648501787261374,
"DP_60":  53.648501787261374,
"DP_95":  64.480215283769,
"QL":  55.62587081971706}
,
{ "x":  2.5,
"greedy000":  36.033814123789206,
"greedy050":  44.72140638113574,
"greedy100":  50.85109662275704,
"DP_05":  50.85109662275704,
"DP_30":  50.85109662275704,
"DP_60":  50.85109662275704,
"DP_95":  63.25275081890305,
"QL":  55.207284998641896}
,
{ "x":  2.75,
"greedy000":  31.788936554854807,
"greedy050":  41.9425974112642,
"greedy100":  47.356127855643976,
"DP_05":  49.87481558433815,
"DP_30":  49.87481558433815,
"DP_60":  49.87481558433815,
"DP_95":  63.163202259846855,
"QL":  46.823491628846064}
,
{ "x":  3.0,
"greedy000":  28.35314199305281,
"greedy050":  39.43910469368239,
"greedy100":  45.39615125455136,
"DP_05":  50.344153194793435,
"DP_30":  50.344153194793435,
"DP_60":  50.344153194793435,
"DP_95":  63.470366247046364,
"QL":  53.42578771698707}
,
{ "x":  3.25,
"greedy000":  23.875161914954667,
"greedy050":  36.25162916505521,
"greedy100":  43.28549651591162,
"DP_05":  50.624830434230276,
"DP_30":  50.624830434230276,
"DP_60":  50.624830434230276,
"DP_95":  63.36166646564826,
"QL":  52.0626971353185}
,
{ "x":  3.5,
"greedy000":  21.096982202303714,
"greedy050":  33.69818797963017,
"greedy100":  42.377248337525984,
"DP_05":  51.73411730054197,
"DP_30":  51.73411730054197,
"DP_60":  51.73411730054197,
"DP_95":  63.68243382367859,
"QL":  53.10901551451692}
,
{ "x":  3.75,
"greedy000":  16.376978883372022,
"greedy050":  30.098746141502023,
"greedy100":  38.25448385904977,
"DP_05":  50.53588505104851,
"DP_30":  50.53588505104851,
"DP_60":  50.53588505104851,
"DP_95":  63.35162573475562,
"QL":  44.75126341209277}
,
{ "x":  4.0,
"greedy000":  12.68552054042486,
"greedy050":  26.790375242813003,
"greedy100":  36.736790688477825,
"DP_05":  51.13729179746301,
"DP_30":  51.13729179746301,
"DP_60":  51.13729179746301,
"DP_95":  63.55948017550212,
"QL":  38.105340617491905}
,
{ "x":  4.25,
"greedy000":  8.701478686303355,
"greedy050":  24.45538293009193,
"greedy100":  34.45858897179488,
"DP_05":  51.19578671435221,
"DP_30":  51.19578671435221,
"DP_60":  51.19578671435221,
"DP_95":  63.49639485567927,
"QL":  42.88553065611798}
,
{ "x":  4.5,
"greedy000":  5.071411263558978,
"greedy050":  21.45035113696579,
"greedy100":  30.654069943454044,
"DP_05":  50.385950210112036,
"DP_30":  50.385950210112036,
"DP_60":  50.385950210112036,
"DP_95":  63.33902772160445,
"QL":  53.23397336150521}
,
{ "x":  4.75,
"greedy000":  0.6433554692447421,
"greedy050":  18.80853057380846,
"greedy100":  29.343783708204974,
"DP_05":  50.868623231252954,
"DP_30":  50.868623231252954,
"DP_60":  50.868623231252954,
"DP_95":  63.12777571040071,
"QL":  45.29618858238298}
,
{ "x":  5.0,
"greedy000":  -2.809102738887624,
"greedy050":  14.87675577045423,
"greedy100":  26.407922285674374,
"DP_05":  50.806877421806604,
"DP_30":  50.806877421806604,
"DP_60":  50.806877421806604,
"DP_95":  63.64211055238095,
"QL":  47.52916377868321}
]}
