{ "x_label":"zeta",
"y_label":"Average Profit",
 "results":[
{ "x":  0.0,
"greedy000":  74.89127990655444,
"greedy050":  74.89127990655444,
"greedy100":  74.89127990655444,
"DP_05":  74.89127990655444,
"DP_30":  74.89127990655444,
"DP_60":  74.89127990655444,
"DP_95":  74.89127990655444,
"QL":  74.82370340703733}
,
{ "x":  0.25,
"greedy000":  71.06698715196065,
"greedy050":  71.96559045370266,
"greedy100":  72.50359121311932,
"DP_05":  72.50359121311932,
"DP_30":  72.50359121311932,
"DP_60":  72.50359121311932,
"DP_95":  73.79265762887688,
"QL":  71.07400577586245}
,
{ "x":  0.5,
"greedy000":  67.14414325568755,
"greedy050":  68.94456835088117,
"greedy100":  69.9833714741076,
"DP_05":  69.9833714741076,
"DP_30":  69.9833714741076,
"DP_60":  69.9833714741076,
"DP_95":  72.55063090370615,
"QL":  69.60687285160232}
,
{ "x":  0.75,
"greedy000":  63.19418809598358,
"greedy050":  65.9265495173344,
"greedy100":  67.57469109447321,
"DP_05":  67.57469109447321,
"DP_30":  67.57469109447321,
"DP_60":  67.57469109447321,
"DP_95":  71.36395078749631,
"QL":  68.2873960361474}
,
{ "x":  1.0,
"greedy000":  59.39587830026768,
"greedy050":  62.962839035651896,
"greedy100":  65.22542914220101,
"DP_05":  65.22542914220101,
"DP_30":  65.22542914220101,
"DP_60":  65.22542914220101,
"DP_95":  70.26712852654026,
"QL":  66.52203390672744}
,
{ "x":  1.25,
"greedy000":  55.441765231442176,
"greedy050":  59.8959194322136,
"greedy100":  62.63390503272143,
"DP_05":  62.63390503272143,
"DP_30":  62.63390503272143,
"DP_60":  62.63390503272143,
"DP_95":  69.0522371206739,
"QL":  61.85985971088742}
,
{ "x":  1.5,
"greedy000":  51.62807502808981,
"greedy050":  56.939775082343,
"greedy100":  60.28405191272458,
"DP_05":  60.28405191272458,
"DP_30":  60.28405191272458,
"DP_60":  60.28405191272458,
"DP_95":  68.01634612577637,
"QL":  62.56236186900627}
,
{ "x":  1.75,
"greedy000":  47.590377757101706,
"greedy050":  54.10099535883969,
"greedy100":  57.865737404450485,
"DP_05":  57.865737404450485,
"DP_30":  57.865737404450485,
"DP_60":  57.865737404450485,
"DP_95":  66.70981533457679,
"QL":  61.70452091386737}
,
{ "x":  2.0,
"greedy000":  43.81315890834558,
"greedy050":  51.192448976064455,
"greedy100":  55.754474887432195,
"DP_05":  55.754474887432195,
"DP_30":  55.754474887432195,
"DP_60":  55.754474887432195,
"DP_95":  65.7627864794323,
"QL":  60.77573377084059}
,
{ "x":  2.25,
"greedy000":  39.76022374366603,
"greedy050":  47.976236933639846,
"greedy100":  53.17474202735893,
"DP_05":  53.17474202735893,
"DP_30":  53.17474202735893,
"DP_60":  53.17474202735893,
"DP_95":  64.42185423869257,
"QL":  59.219626684483536}
,
{ "x":  2.5,
"greedy000":  35.888762580281075,
"greedy050":  44.90488564436036,
"greedy100":  50.25262137731575,
"DP_05":  50.25262137731575,
"DP_30":  50.25262137731575,
"DP_60":  50.25262137731575,
"DP_95":  63.09947343475723,
"QL":  56.33870415307174}
,
{ "x":  2.75,
"greedy000":  32.08269446422551,
"greedy050":  41.97432263838677,
"greedy100":  48.091383304381324,
"DP_05":  50.54899683023221,
"DP_30":  50.54899683023221,
"DP_60":  50.54899683023221,
"DP_95":  63.42277817865445,
"QL":  57.89033909185217}
,
{ "x":  3.0,
"greedy000":  28.311487767708847,
"greedy050":  39.401631709237094,
"greedy100":  45.71302011800397,
"DP_05":  50.60390932936877,
"DP_30":  50.60390932936877,
"DP_60":  50.60390932936877,
"DP_95":  63.387989968637285,
"QL":  57.3452717336494}
,
{ "x":  3.25,
"greedy000":  24.51431084937475,
"greedy050":  36.04923278712644,
"greedy100":  43.719875739123204,
"DP_05":  50.949930783904485,
"DP_30":  50.949930783904485,
"DP_60":  50.949930783904485,
"DP_95":  63.34013504082336,
"QL":  54.51936879999657}
,
{ "x":  3.5,
"greedy000":  20.063019456253127,
"greedy050":  32.818924902461845,
"greedy100":  40.184720649298704,
"DP_05":  50.136950185987345,
"DP_30":  50.136950185987345,
"DP_60":  50.136950185987345,
"DP_95":  63.183923385429544,
"QL":  57.11516770855153}
,
{ "x":  3.75,
"greedy000":  16.604388836297126,
"greedy050":  30.13490836165834,
"greedy100":  38.11235017171907,
"DP_05":  50.43458355300851,
"DP_30":  50.43458355300851,
"DP_60":  50.43458355300851,
"DP_95":  63.20417357172901,
"QL":  56.45886567446477}
,
{ "x":  4.0,
"greedy000":  12.498333952012738,
"greedy050":  27.27760779914946,
"greedy100":  36.03029527886116,
"DP_05":  50.658948733334846,
"DP_30":  50.658948733334846,
"DP_60":  50.658948733334846,
"DP_95":  63.37308827567233,
"QL":  57.47049938746774}
,
{ "x":  4.25,
"greedy000":  8.045365471424805,
"greedy050":  23.9715197549909,
"greedy100":  33.29487352413296,
"DP_05":  50.430156134241166,
"DP_30":  50.430156134241166,
"DP_60":  50.430156134241166,
"DP_95":  63.05003629409602,
"QL":  56.968831834735205}
,
{ "x":  4.5,
"greedy000":  4.682437823860319,
"greedy050":  20.248270015605804,
"greedy100":  30.42895289640279,
"DP_05":  50.22675678629575,
"DP_30":  50.22675678629575,
"DP_60":  50.22675678629575,
"DP_95":  63.075614643031244,
"QL":  57.41638717148968}
,
{ "x":  4.75,
"greedy000":  0.5598107103876611,
"greedy050":  18.18834655444847,
"greedy100":  28.56790288199817,
"DP_05":  50.57814941659759,
"DP_30":  50.57814941659759,
"DP_60":  50.57814941659759,
"DP_95":  63.250590730127556,
"QL":  54.37723629651856}
,
{ "x":  5.0,
"greedy000":  -2.6197196295576406,
"greedy050":  15.435637325643953,
"greedy100":  27.127835107879775,
"DP_05":  51.05799580638039,
"DP_30":  51.05799580638039,
"DP_60":  51.05799580638039,
"DP_95":  63.26438655430106,
"QL":  57.48264593406465}
]}
