{ "x_label":"capacity",
"y_label":"Acceptance Rate",
 "results":[
{ "x":  5,
"greedy000":  0.0,
"greedy050":  0.0,
"greedy100":  0.5508964664252274,
"DP_05":  0.0,
"DP_30":  0.0,
"DP_60":  0.0,
"DP_95":  0.5508964664252274,
"QL":  0.5508964664252274,
"RL":  0.5508964664252274}
,
{ "x":  10,
"greedy000":  0.0,
"greedy050":  0.0,
"greedy100":  0.7682955729706833,
"DP_05":  0.0,
"DP_30":  0.0,
"DP_60":  0.0,
"DP_95":  0.7682955729706833,
"QL":  0.7682955729706833,
"RL":  0.7682955729706833}
,
{ "x":  15,
"greedy000":  0.0,
"greedy050":  0.0,
"greedy100":  0.7268461060490744,
"DP_05":  0.0,
"DP_30":  0.0,
"DP_60":  0.0,
"DP_95":  0.8333004269290768,
"QL":  0.7268461060490744,
"RL":  0.8333004269290768}
,
{ "x":  20,
"greedy000":  0.0,
"greedy050":  0.0,
"greedy100":  0.8522423083042439,
"DP_05":  0.0,
"DP_30":  0.0,
"DP_60":  0.0,
"DP_95":  0.8350643349961476,
"QL":  0.8522423083042439,
"RL":  0.8403232657106912}
,
{ "x":  25,
"greedy000":  0.0,
"greedy050":  0.0,
"greedy100":  0.9258776325720888,
"DP_05":  0.0,
"DP_30":  0.0,
"DP_60":  0.0,
"DP_95":  0.9026414628583662,
"QL":  0.9209444298882653,
"RL":  0.9225555971645008}
,
{ "x":  30,
"greedy000":  0.0,
"greedy050":  0.0,
"greedy100":  0.9328207392812147,
"DP_05":  0.0,
"DP_30":  0.0,
"DP_60":  0.0,
"DP_95":  0.9411459698228255,
"QL":  0.9233580875044938,
"RL":  0.9266743095273547}
,
{ "x":  35,
"greedy000":  0.0,
"greedy050":  0.0,
"greedy100":  0.9618870722287692,
"DP_05":  0.0,
"DP_30":  0.0,
"DP_60":  0.0,
"DP_95":  0.9423261736545789,
"QL":  0.9547405014043082,
"RL":  0.9438354615940024}
,
{ "x":  40,
"greedy000":  0.0,
"greedy050":  0.0,
"greedy100":  0.9810683516130091,
"DP_05":  0.0,
"DP_30":  0.0,
"DP_60":  0.0,
"DP_95":  0.9772849802510988,
"QL":  0.9651378091992738,
"RL":  0.9698225017688934}
,
{ "x":  45,
"greedy000":  0.0,
"greedy050":  0.0,
"greedy100":  0.9846293719520203,
"DP_05":  0.0,
"DP_30":  0.0,
"DP_60":  0.0,
"DP_95":  0.9860116095779334,
"QL":  0.9773390638385564,
"RL":  0.9801637939338106}
,
{ "x":  50,
"greedy000":  0.0,
"greedy050":  0.0,
"greedy100":  0.9907896034955168,
"DP_05":  0.0,
"DP_30":  0.0,
"DP_60":  0.0,
"DP_95":  0.9874138661992277,
"QL":  0.9849977806612147,
"RL":  0.9805650050855995}
,
{ "x":  55,
"greedy000":  0.0,
"greedy050":  0.0,
"greedy100":  0.9959978640722195,
"DP_05":  0.0,
"DP_30":  0.0,
"DP_60":  0.0,
"DP_95":  0.9959978640722195,
"QL":  0.962932258968148,
"RL":  0.9884915156432834}
]}
