{ "x_label":"capacity",
"y_label":"Average Profit",
 "results":[
{ "x":  5,
"greedy000":  0.0,
"greedy050":  0.0,
"greedy100":  72.47681942245904,
"DP_05":  0.0,
"DP_30":  0.0,
"DP_60":  0.0,
"DP_95":  72.47681942245904,
"QL":  72.47681942245904,
"RL":  72.47681942245904}
,
{ "x":  10,
"greedy000":  0.0,
"greedy050":  0.0,
"greedy100":  83.48029935517181,
"DP_05":  0.0,
"DP_30":  0.0,
"DP_60":  0.0,
"DP_95":  83.48029935517181,
"QL":  83.48029935517181,
"RL":  82.96091832461498}
,
{ "x":  15,
"greedy000":  0.0,
"greedy050":  0.0,
"greedy100":  78.38086313044644,
"DP_05":  0.0,
"DP_30":  0.0,
"DP_60":  0.0,
"DP_95":  86.97057253317855,
"QL":  78.38086313044644,
"RL":  86.80374551521922}
,
{ "x":  20,
"greedy000":  0.0,
"greedy050":  0.0,
"greedy100":  83.72558831631676,
"DP_05":  0.0,
"DP_30":  0.0,
"DP_60":  0.0,
"DP_95":  86.88407496429674,
"QL":  83.71238685239204,
"RL":  84.86491239073287}
,
{ "x":  25,
"greedy000":  0.0,
"greedy050":  0.0,
"greedy100":  87.50291113029601,
"DP_05":  0.0,
"DP_30":  0.0,
"DP_60":  0.0,
"DP_95":  87.58513832915497,
"QL":  87.31236583820217,
"RL":  87.42316449152682}
,
{ "x":  30,
"greedy000":  0.0,
"greedy050":  0.0,
"greedy100":  86.18218634990009,
"DP_05":  0.0,
"DP_30":  0.0,
"DP_60":  0.0,
"DP_95":  87.65749354324764,
"QL":  85.7300869574656,
"RL":  86.52918004773598}
,
{ "x":  35,
"greedy000":  0.0,
"greedy050":  0.0,
"greedy100":  87.33365061328658,
"DP_05":  0.0,
"DP_30":  0.0,
"DP_60":  0.0,
"DP_95":  87.97330679803069,
"QL":  87.1469628266485,
"RL":  87.19842120194929}
,
{ "x":  40,
"greedy000":  0.0,
"greedy050":  0.0,
"greedy100":  87.65345309205807,
"DP_05":  0.0,
"DP_30":  0.0,
"DP_60":  0.0,
"DP_95":  87.63976684723104,
"QL":  86.77698923845384,
"RL":  87.06497897385913}
,
{ "x":  45,
"greedy000":  0.0,
"greedy050":  0.0,
"greedy100":  88.59088047343138,
"DP_05":  0.0,
"DP_30":  0.0,
"DP_60":  0.0,
"DP_95":  88.96086344598727,
"QL":  88.44398675708743,
"RL":  88.4190667312757}
,
{ "x":  50,
"greedy000":  0.0,
"greedy050":  0.0,
"greedy100":  88.44616506915153,
"DP_05":  0.0,
"DP_30":  0.0,
"DP_60":  0.0,
"DP_95":  88.68473376595175,
"QL":  88.3713381928325,
"RL":  87.9978305223674}
,
{ "x":  55,
"greedy000":  0.0,
"greedy050":  0.0,
"greedy100":  87.90295421742773,
"DP_05":  0.0,
"DP_30":  0.0,
"DP_60":  0.0,
"DP_95":  87.90295421742773,
"QL":  86.69306109050306,
"RL":  87.5503603164864}
]}
