{ "x_label":"capacity",
"y_label":"Average Profit",
 "results":[
{ "x":  5,
"greedy000":  0.0,
"greedy050":  0.0,
"greedy100":  73.32707244206327,
"DP_05":  0.0,
"DP_30":  0.0,
"DP_60":  0.0,
"DP_95":  73.32707244206327,
"QL":  73.32707244206327,
"RL":  73.32707244206327}
,
{ "x":  10,
"greedy000":  0.0,
"greedy050":  0.0,
"greedy100":  83.4090889368231,
"DP_05":  0.0,
"DP_30":  0.0,
"DP_60":  0.0,
"DP_95":  83.4090889368231,
"QL":  83.30481337884544,
"RL":  83.3018485444349}
,
{ "x":  15,
"greedy000":  0.0,
"greedy050":  0.0,
"greedy100":  76.67155465522343,
"DP_05":  0.0,
"DP_30":  0.0,
"DP_60":  0.0,
"DP_95":  85.17419916116582,
"QL":  82.17609760852633,
"RL":  82.60743443617764}
,
{ "x":  20,
"greedy000":  0.0,
"greedy050":  0.0,
"greedy100":  83.61445421446561,
"DP_05":  0.0,
"DP_30":  0.0,
"DP_60":  0.0,
"DP_95":  86.97589966052654,
"QL":  83.96128465247094,
"RL":  84.06248032072499}
,
{ "x":  25,
"greedy000":  0.0,
"greedy050":  0.0,
"greedy100":  86.49266879051044,
"DP_05":  0.0,
"DP_30":  0.0,
"DP_60":  0.0,
"DP_95":  86.39682615508298,
"QL":  81.9715915171636,
"RL":  86.12535975112266}
,
{ "x":  30,
"greedy000":  0.0,
"greedy050":  0.0,
"greedy100":  85.24297884016835,
"DP_05":  0.0,
"DP_30":  0.0,
"DP_60":  0.0,
"DP_95":  87.7629869105803,
"QL":  83.32499411892228,
"RL":  86.13554640504297}
,
{ "x":  35,
"greedy000":  0.0,
"greedy050":  0.0,
"greedy100":  87.2353738618239,
"DP_05":  0.0,
"DP_30":  0.0,
"DP_60":  0.0,
"DP_95":  87.78289013226369,
"QL":  81.27048611716012,
"RL":  87.03190607528367}
,
{ "x":  40,
"greedy000":  0.0,
"greedy050":  0.0,
"greedy100":  87.5701664860122,
"DP_05":  0.0,
"DP_30":  0.0,
"DP_60":  0.0,
"DP_95":  87.63969109431169,
"QL":  81.92518598683007,
"RL":  87.18609808888137}
,
{ "x":  45,
"greedy000":  0.0,
"greedy050":  0.0,
"greedy100":  86.52036652963257,
"DP_05":  0.0,
"DP_30":  0.0,
"DP_60":  0.0,
"DP_95":  87.09147288699864,
"QL":  78.35789687502094,
"RL":  86.5270713623851}
,
{ "x":  50,
"greedy000":  0.0,
"greedy050":  0.0,
"greedy100":  88.04313817929767,
"DP_05":  0.0,
"DP_30":  0.0,
"DP_60":  0.0,
"DP_95":  88.12867634902213,
"QL":  80.94928548969217,
"RL":  87.85301266486447}
,
{ "x":  55,
"greedy000":  0.0,
"greedy050":  0.0,
"greedy100":  88.0438438260317,
"DP_05":  0.0,
"DP_30":  0.0,
"DP_60":  0.0,
"DP_95":  88.06660953382129,
"QL":  81.10701925744158,
"RL":  87.65099030446345}
]}
