{ "x_label":"episode",
"y_label":"Federation Rate",
 "results":[
{ "x":  10,
"greedy000":  0.0,
"greedy050":  0.0,
"greedy100":  0.22132142857142859,
"DP_05":  0.0,
"DP_30":  0.0,
"DP_60":  0.0,
"DP_95":  0.11914285714285715,
"QL_09":  0.27525000000000005,
"QL_05":  0.19825,
"RL":  0.15885714285714286}
,
{ "x":  35,
"greedy000":  0.0,
"greedy050":  0.0,
"greedy100":  0.22028571428571428,
"DP_05":  0.0,
"DP_30":  0.0,
"DP_60":  0.0,
"DP_95":  0.12089285714285714,
"QL_09":  0.23535714285714285,
"QL_05":  0.18632142857142858,
"RL":  0.1584642857142857}
,
{ "x":  60,
"greedy000":  0.0,
"greedy050":  0.0,
"greedy100":  0.21385714285714288,
"DP_05":  0.0,
"DP_30":  0.0,
"DP_60":  0.0,
"DP_95":  0.12003571428571427,
"QL_09":  0.22717857142857145,
"QL_05":  0.17325,
"RL":  0.14160714285714285}
,
{ "x":  85,
"greedy000":  0.0,
"greedy050":  0.0,
"greedy100":  0.21871428571428567,
"DP_05":  0.0,
"DP_30":  0.0,
"DP_60":  0.0,
"DP_95":  0.12357142857142855,
"QL_09":  0.2177857142857143,
"QL_05":  0.17314285714285713,
"RL":  0.1435357142857143}
,
{ "x":  110,
"greedy000":  0.0,
"greedy050":  0.0,
"greedy100":  0.2146785714285714,
"DP_05":  0.0,
"DP_30":  0.0,
"DP_60":  0.0,
"DP_95":  0.12092857142857143,
"QL_09":  0.2054642857142857,
"QL_05":  0.17232142857142857,
"RL":  0.13321428571428573}
,
{ "x":  135,
"greedy000":  0.0,
"greedy050":  0.0,
"greedy100":  0.21225000000000002,
"DP_05":  0.0,
"DP_30":  0.0,
"DP_60":  0.0,
"DP_95":  0.12000000000000001,
"QL_09":  0.19710714285714287,
"QL_05":  0.17275,
"RL":  0.12842857142857145}
,
{ "x":  160,
"greedy000":  0.0,
"greedy050":  0.0,
"greedy100":  0.2154642857142857,
"DP_05":  0.0,
"DP_30":  0.0,
"DP_60":  0.0,
"DP_95":  0.1209642857142857,
"QL_09":  0.20114285714285715,
"QL_05":  0.17042857142857143,
"RL":  0.13199999999999998}
,
{ "x":  185,
"greedy000":  0.0,
"greedy050":  0.0,
"greedy100":  0.20917857142857144,
"DP_05":  0.0,
"DP_30":  0.0,
"DP_60":  0.0,
"DP_95":  0.12410714285714286,
"QL_09":  0.18728571428571428,
"QL_05":  0.1772857142857143,
"RL":  0.12867857142857145}
,
{ "x":  210,
"greedy000":  0.0,
"greedy050":  0.0,
"greedy100":  0.21182142857142855,
"DP_05":  0.0,
"DP_30":  0.0,
"DP_60":  0.0,
"DP_95":  0.12139285714285715,
"QL_09":  0.18664285714285714,
"QL_05":  0.17875,
"RL":  0.12842857142857145}
,
{ "x":  235,
"greedy000":  0.0,
"greedy050":  0.0,
"greedy100":  0.20510714285714288,
"DP_05":  0.0,
"DP_30":  0.0,
"DP_60":  0.0,
"DP_95":  0.1214642857142857,
"QL_09":  0.19253571428571428,
"QL_05":  0.17482142857142854,
"RL":  0.12564285714285717}
,
{ "x":  260,
"greedy000":  0.0,
"greedy050":  0.0,
"greedy100":  0.21753571428571425,
"DP_05":  0.0,
"DP_30":  0.0,
"DP_60":  0.0,
"DP_95":  0.11924999999999998,
"QL_09":  0.18753571428571428,
"QL_05":  0.1729642857142857,
"RL":  0.12642857142857142}
]}
