{ "x_label":"Episode",
"y_label":"AP",
 "results":[
{ "x":  100,
"greedy000":  0.0,
"greedy050":  0.0,
"greedy100":  43.470749999999995,
"DP_05":  0.0,
"DP_30":  0.0,
"DP_60":  0.0,
"DP_99":  55.94484999999999,
"QL_95":  26.97495,
"QL_55":  27.79525,
"QL_20":  27.78875,
"RL":  28.383500000000005}
,
{ "x":  400,
"greedy000":  0.0,
"greedy050":  0.0,
"greedy100":  43.207750000000004,
"DP_05":  0.0,
"DP_30":  0.0,
"DP_60":  0.0,
"DP_99":  55.8403,
"QL_95":  39.00824999999999,
"QL_55":  41.2973,
"QL_20":  42.16759999999999,
"RL":  46.60374999999999}
,
{ "x":  700,
"greedy000":  0.0,
"greedy050":  0.0,
"greedy100":  43.06145,
"DP_05":  0.0,
"DP_30":  0.0,
"DP_60":  0.0,
"DP_99":  55.88695,
"QL_95":  41.24005,
"QL_55":  43.516149999999996,
"QL_20":  43.57275,
"RL":  48.637550000000005}
,
{ "x":  1000,
"greedy000":  0.0,
"greedy050":  0.0,
"greedy100":  43.01975000000001,
"DP_05":  0.0,
"DP_30":  0.0,
"DP_60":  0.0,
"DP_99":  55.714800000000004,
"QL_95":  41.83315,
"QL_55":  44.34690000000001,
"QL_20":  43.6869,
"RL":  49.18030000000001}
,
{ "x":  1300,
"greedy000":  0.0,
"greedy050":  0.0,
"greedy100":  43.35510000000001,
"DP_05":  0.0,
"DP_30":  0.0,
"DP_60":  0.0,
"DP_99":  55.92569999999999,
"QL_95":  42.504900000000006,
"QL_55":  45.2932,
"QL_20":  44.224799999999995,
"RL":  50.08325000000001}
,
{ "x":  1600,
"greedy000":  0.0,
"greedy050":  0.0,
"greedy100":  43.460350000000005,
"DP_05":  0.0,
"DP_30":  0.0,
"DP_60":  0.0,
"DP_99":  56.05115000000002,
"QL_95":  43.029599999999995,
"QL_55":  45.7769,
"QL_20":  44.47855,
"RL":  50.83175000000001}
,
{ "x":  1900,
"greedy000":  0.0,
"greedy050":  0.0,
"greedy100":  43.205999999999996,
"DP_05":  0.0,
"DP_30":  0.0,
"DP_60":  0.0,
"DP_99":  55.85525,
"QL_95":  42.88945,
"QL_55":  45.79484999999998,
"QL_20":  44.06205,
"RL":  50.4657}
,
{ "x":  2200,
"greedy000":  0.0,
"greedy050":  0.0,
"greedy100":  43.543699999999994,
"DP_05":  0.0,
"DP_30":  0.0,
"DP_60":  0.0,
"DP_99":  56.174549999999996,
"QL_95":  43.548700000000004,
"QL_55":  46.369749999999996,
"QL_20":  44.49580000000001,
"RL":  51.49219999999999}
,
{ "x":  2500,
"greedy000":  0.0,
"greedy050":  0.0,
"greedy100":  43.11915000000001,
"DP_05":  0.0,
"DP_30":  0.0,
"DP_60":  0.0,
"DP_99":  55.78265000000001,
"QL_95":  43.272650000000006,
"QL_55":  45.701049999999995,
"QL_20":  44.13280000000002,
"RL":  51.40805}
,
{ "x":  2800,
"greedy000":  0.0,
"greedy050":  0.0,
"greedy100":  43.324850000000005,
"DP_05":  0.0,
"DP_30":  0.0,
"DP_60":  0.0,
"DP_99":  55.941100000000006,
"QL_95":  43.2128,
"QL_55":  45.957350000000005,
"QL_20":  44.19755000000001,
"RL":  51.653}
,
{ "x":  3100,
"greedy000":  0.0,
"greedy050":  0.0,
"greedy100":  43.31355,
"DP_05":  0.0,
"DP_30":  0.0,
"DP_60":  0.0,
"DP_99":  56.00555000000001,
"QL_95":  43.5942,
"QL_55":  46.182100000000005,
"QL_20":  44.2792,
"RL":  52.1001}
,
{ "x":  3400,
"greedy000":  0.0,
"greedy050":  0.0,
"greedy100":  43.18149999999999,
"DP_05":  0.0,
"DP_30":  0.0,
"DP_60":  0.0,
"DP_99":  55.75214999999999,
"QL_95":  43.60875000000001,
"QL_55":  46.1483,
"QL_20":  44.18854999999999,
"RL":  52.11280000000001}
,
{ "x":  3700,
"greedy000":  0.0,
"greedy050":  0.0,
"greedy100":  43.35874999999999,
"DP_05":  0.0,
"DP_30":  0.0,
"DP_60":  0.0,
"DP_99":  55.96745000000001,
"QL_95":  44.113150000000005,
"QL_55":  46.41680000000001,
"QL_20":  44.4348,
"RL":  52.698800000000006}
,
{ "x":  4000,
"greedy000":  0.0,
"greedy050":  0.0,
"greedy100":  43.399300000000004,
"DP_05":  0.0,
"DP_30":  0.0,
"DP_60":  0.0,
"DP_99":  56.09509999999999,
"QL_95":  44.130199999999995,
"QL_55":  46.64285,
"QL_20":  44.5945,
"RL":  52.8242}
,
{ "x":  4300,
"greedy000":  0.0,
"greedy050":  0.0,
"greedy100":  43.55935,
"DP_05":  0.0,
"DP_30":  0.0,
"DP_60":  0.0,
"DP_99":  56.060750000000006,
"QL_95":  44.56604999999999,
"QL_55":  46.69099999999999,
"QL_20":  44.5574,
"RL":  53.052099999999996}
,
{ "x":  4600,
"greedy000":  0.0,
"greedy050":  0.0,
"greedy100":  43.55935,
"DP_05":  0.0,
"DP_30":  0.0,
"DP_60":  0.0,
"DP_99":  56.060750000000006,
"QL_95":  44.56604999999999,
"QL_55":  46.69099999999999,
"QL_20":  44.5574,
"RL":  53.052099999999996}
]}
