{ "x_label":"capacity",
"y_label":"Acceptance Rate",
 "results":[
{ "x":  20,
"greedy000":  0.2133487611453154,
"greedy050":  0.27007610787940695,
"greedy100":  0.30251384640337187,
"DP_05":  0.30251384640337187,
"DP_30":  0.30251384640337187,
"DP_60":  0.30251384640337187,
"DP_95":  0.30251384640337187,
"QL":  0.07943532408612027}
,
{ "x":  40,
"greedy000":  0.20190174353742515,
"greedy050":  0.2547617952395941,
"greedy100":  0.32629197022834877,
"DP_05":  0.32629197022834877,
"DP_30":  0.4222487882431887,
"DP_60":  0.4661122404226353,
"DP_95":  0.4661122404226353,
"QL":  0.146122988882987}
,
{ "x":  60,
"greedy000":  0.2577269053253864,
"greedy050":  0.363780683080886,
"greedy100":  0.44610415698808203,
"DP_05":  0.44610415698808203,
"DP_30":  0.46867562343942637,
"DP_60":  0.4783149100184513,
"DP_95":  0.4976044503913852,
"QL":  0.14202645557345403}
,
{ "x":  80,
"greedy000":  0.3057353175015584,
"greedy050":  0.38267384625644596,
"greedy100":  0.44659326798152793,
"DP_05":  0.44659326798152793,
"DP_30":  0.4892585510016737,
"DP_60":  0.5177321083479235,
"DP_95":  0.4992987490292031,
"QL":  0.19001624168761022}
,
{ "x":  100,
"greedy000":  0.3105706385859377,
"greedy050":  0.4011142310435048,
"greedy100":  0.49452265982648685,
"DP_05":  0.49452265982648685,
"DP_30":  0.55020912126781,
"DP_60":  0.5662446844093791,
"DP_95":  0.5450276127504639,
"QL":  0.2347499895917064}
,
{ "x":  120,
"greedy000":  0.3561516819102649,
"greedy050":  0.471063081946592,
"greedy100":  0.560482556696962,
"DP_05":  0.560482556696962,
"DP_30":  0.5816131310650487,
"DP_60":  0.5914769239767249,
"DP_95":  0.5888834914772293,
"QL":  0.20878162322096366}
,
{ "x":  140,
"greedy000":  0.38447337432339457,
"greedy050":  0.4851564092249424,
"greedy100":  0.5698623947512388,
"DP_05":  0.5698623947512388,
"DP_30":  0.6073850594864816,
"DP_60":  0.624206310555629,
"DP_95":  0.6136443498342894,
"QL":  0.25601419518352325}
,
{ "x":  160,
"greedy000":  0.39366198145198367,
"greedy050":  0.5114175385981026,
"greedy100":  0.6173718553064867,
"DP_05":  0.6173718553064867,
"DP_30":  0.650911311951721,
"DP_60":  0.6572780769728259,
"DP_95":  0.6337647874818984,
"QL":  0.24888152089938473}
,
{ "x":  180,
"greedy000":  0.4244742325733415,
"greedy050":  0.5601053728170846,
"greedy100":  0.662080439939806,
"DP_05":  0.662080439939806,
"DP_30":  0.6791568505886317,
"DP_60":  0.6842521445622642,
"DP_95":  0.6723435821938899,
"QL":  0.26462143491330997}
,
{ "x":  200,
"greedy000":  0.4429954326375056,
"greedy050":  0.5765788718479957,
"greedy100":  0.679238879687414,
"DP_05":  0.679238879687414,
"DP_30":  0.7070912287212939,
"DP_60":  0.7144905569130945,
"DP_95":  0.7042449504381898,
"QL":  0.22524592200302798}
,
{ "x":  220,
"greedy000":  0.4551648911472646,
"greedy050":  0.5980746895479644,
"greedy100":  0.7227360781312966,
"DP_05":  0.7227360781312966,
"DP_30":  0.7411718550609944,
"DP_60":  0.743832647277365,
"DP_95":  0.7226007026075416,
"QL":  0.26832219066112817}
,
{ "x":  240,
"greedy000":  0.4679069501813071,
"greedy050":  0.6320144272808161,
"greedy100":  0.7554206026523472,
"DP_05":  0.7554206026523472,
"DP_30":  0.7662125007070654,
"DP_60":  0.767711284313136,
"DP_95":  0.7547729539297149,
"QL":  0.2227473992564925}
,
{ "x":  260,
"greedy000":  0.4813203892969529,
"greedy050":  0.6498177911535724,
"greedy100":  0.7752609348542027,
"DP_05":  0.7752609348542027,
"DP_30":  0.7930108830970691,
"DP_60":  0.7964142469752781,
"DP_95":  0.789573575283812,
"QL":  0.22021618398259304}
,
{ "x":  280,
"greedy000":  0.4839536980839032,
"greedy050":  0.6678171887654142,
"greedy100":  0.8059369023701477,
"DP_05":  0.8059369023701477,
"DP_30":  0.8171446981693261,
"DP_60":  0.8183466264634977,
"DP_95":  0.8026171327689088,
"QL":  0.22066884735101944}
,
{ "x":  300,
"greedy000":  0.4888433130654287,
"greedy050":  0.6882727175068575,
"greedy100":  0.8348808072731349,
"DP_05":  0.8348808072731349,
"DP_30":  0.8423239169813238,
"DP_60":  0.8415826398856779,
"DP_95":  0.8305158192820882,
"QL":  0.23862343748759715}
,
{ "x":  320,
"greedy000":  0.4927763631984653,
"greedy050":  0.6999320756463335,
"greedy100":  0.8558961694781395,
"DP_05":  0.8558961694781395,
"DP_30":  0.8646098244082717,
"DP_60":  0.8650138609333778,
"DP_95":  0.8568738506550382,
"QL":  0.23655831704971614}
,
{ "x":  340,
"greedy000":  0.49451554416612575,
"greedy050":  0.7118999380479486,
"greedy100":  0.8818024924768887,
"DP_05":  0.8818024924768887,
"DP_30":  0.8869598420958835,
"DP_60":  0.887275552848467,
"DP_95":  0.8768796499467248,
"QL":  0.2084502727111202}
,
{ "x":  360,
"greedy000":  0.4967133349694528,
"greedy050":  0.7225167253472342,
"greedy100":  0.8992269941448645,
"DP_05":  0.8992269941448645,
"DP_30":  0.9022308608911436,
"DP_60":  0.9022308608911436,
"DP_95":  0.8933313946446905,
"QL":  0.2196154734544607}
,
{ "x":  380,
"greedy000":  0.4988100206420503,
"greedy050":  0.7289329373165299,
"greedy100":  0.9150266080908693,
"DP_05":  0.9150266080908693,
"DP_30":  0.9185352510897837,
"DP_60":  0.9175903318373944,
"DP_95":  0.9132100786277135,
"QL":  0.2273554158476066}
,
{ "x":  400,
"greedy000":  0.4999398457180207,
"greedy050":  0.7383668455646076,
"greedy100":  0.9351450380106027,
"DP_05":  0.9351450380106027,
"DP_30":  0.9364355162377626,
"DP_60":  0.9362409721686363,
"DP_95":  0.9312278148172111,
"QL":  0.18162783783947842}
]}
