{ "x_label":"capacity",
"y_label":"Federation Rate",
 "results":[
{ "x":  20,
"greedy000":  0.7866512388546846,
"greedy050":  0.729923892120593,
"greedy100":  0.6974861535966279,
"DP_05":  0.6974861535966279,
"DP_30":  0.6974861535966279,
"DP_60":  0.6974861535966279,
"DP_95":  0.6974861535966279,
"QL":  0.515108388728556}
,
{ "x":  40,
"greedy000":  0.7980982564625749,
"greedy050":  0.7452382047604058,
"greedy100":  0.6737080297716512,
"DP_05":  0.6737080297716512,
"DP_30":  0.5777512117568112,
"DP_60":  0.5338877595773646,
"DP_95":  0.5338877595773646,
"QL":  0.5225174512215063}
,
{ "x":  60,
"greedy000":  0.7422730946746136,
"greedy050":  0.6362193169191142,
"greedy100":  0.5538958430119179,
"DP_05":  0.5538958430119179,
"DP_30":  0.5313243765605737,
"DP_60":  0.5216850899815486,
"DP_95":  0.5023955496086149,
"QL":  0.5422143798910861}
,
{ "x":  80,
"greedy000":  0.6942646824984416,
"greedy050":  0.6173261537435542,
"greedy100":  0.5534067320184721,
"DP_05":  0.5534067320184721,
"DP_30":  0.5107414489983263,
"DP_60":  0.48226789165207656,
"DP_95":  0.5007012509707969,
"QL":  0.37771045533959524}
,
{ "x":  100,
"greedy000":  0.6894293614140623,
"greedy050":  0.5988857689564951,
"greedy100":  0.5054773401735131,
"DP_05":  0.5054773401735131,
"DP_30":  0.4497908787321898,
"DP_60":  0.43375531559062086,
"DP_95":  0.45497238724953626,
"QL":  0.32323308837311954}
,
{ "x":  120,
"greedy000":  0.6438483180897351,
"greedy050":  0.528936918053408,
"greedy100":  0.43951744330303805,
"DP_05":  0.43951744330303805,
"DP_30":  0.4183868689349512,
"DP_60":  0.408523076023275,
"DP_95":  0.4111165085227708,
"QL":  0.4281157525016194}
,
{ "x":  140,
"greedy000":  0.6155266256766054,
"greedy050":  0.5148435907750576,
"greedy100":  0.43013760524876127,
"DP_05":  0.43013760524876127,
"DP_30":  0.3926149405135185,
"DP_60":  0.3757936894443709,
"DP_95":  0.3863556501657105,
"QL":  0.3269544587176897}
,
{ "x":  160,
"greedy000":  0.6063380185480163,
"greedy050":  0.4885824614018975,
"greedy100":  0.3826281446935133,
"DP_05":  0.3826281446935133,
"DP_30":  0.349088688048279,
"DP_60":  0.34272192302717397,
"DP_95":  0.3662352125181018,
"QL":  0.39345395770340225}
,
{ "x":  180,
"greedy000":  0.5755257674266586,
"greedy050":  0.4398946271829155,
"greedy100":  0.337919560060194,
"DP_05":  0.337919560060194,
"DP_30":  0.32084314941136843,
"DP_60":  0.3157478554377358,
"DP_95":  0.32765641780611016,
"QL":  0.368966503161563}
,
{ "x":  200,
"greedy000":  0.5570045673624945,
"greedy050":  0.4234211281520044,
"greedy100":  0.3207611203125861,
"DP_05":  0.3207611203125861,
"DP_30":  0.29290877127870607,
"DP_60":  0.28550944308690557,
"DP_95":  0.29575504956181015,
"QL":  0.367050375409206}
,
{ "x":  220,
"greedy000":  0.5448351088527355,
"greedy050":  0.40192531045203567,
"greedy100":  0.27726392186870336,
"DP_05":  0.27726392186870336,
"DP_30":  0.2588281449390055,
"DP_60":  0.25616735272263486,
"DP_95":  0.2773992973924582,
"QL":  0.36708589208911485}
,
{ "x":  240,
"greedy000":  0.5320930498186929,
"greedy050":  0.36798557271918386,
"greedy100":  0.24457939734765288,
"DP_05":  0.24457939734765288,
"DP_30":  0.2337874992929346,
"DP_60":  0.23228871568686413,
"DP_95":  0.24522704607028506,
"QL":  0.3674864737468634}
,
{ "x":  260,
"greedy000":  0.5186796107030471,
"greedy050":  0.3501822088464275,
"greedy100":  0.22473906514579728,
"DP_05":  0.22473906514579728,
"DP_30":  0.20698911690293084,
"DP_60":  0.2035857530247219,
"DP_95":  0.21042642471618792,
"QL":  0.4281069337300515}
,
{ "x":  280,
"greedy000":  0.5160463019160969,
"greedy050":  0.3321828112345858,
"greedy100":  0.1940630976298524,
"DP_05":  0.1940630976298524,
"DP_30":  0.18285530183067378,
"DP_60":  0.18165337353650238,
"DP_95":  0.19738286723109122,
"QL":  0.35941815280454803}
,
{ "x":  300,
"greedy000":  0.5111566869345713,
"greedy050":  0.3117272824931424,
"greedy100":  0.1651191927268651,
"DP_05":  0.1651191927268651,
"DP_30":  0.15767608301867617,
"DP_60":  0.1584173601143221,
"DP_95":  0.16948418071791171,
"QL":  0.4403253346851372}
,
{ "x":  320,
"greedy000":  0.5072236368015348,
"greedy050":  0.3000679243536666,
"greedy100":  0.14410383052186065,
"DP_05":  0.14410383052186065,
"DP_30":  0.1353901755917281,
"DP_60":  0.1349861390666221,
"DP_95":  0.14312614934496176,
"QL":  0.4556526837866235}
,
{ "x":  340,
"greedy000":  0.5054844558338744,
"greedy050":  0.28810006195205135,
"greedy100":  0.11819750752311149,
"DP_05":  0.11819750752311149,
"DP_30":  0.11304015790411637,
"DP_60":  0.1127244471515328,
"DP_95":  0.12312035005327504,
"QL":  0.3611243610932792}
,
{ "x":  360,
"greedy000":  0.5032866650305472,
"greedy050":  0.2774832746527659,
"greedy100":  0.10077300585513549,
"DP_05":  0.10077300585513549,
"DP_30":  0.0977691391088564,
"DP_60":  0.0977691391088564,
"DP_95":  0.10666860535530973,
"QL":  0.36254065636674326}
,
{ "x":  380,
"greedy000":  0.5011899793579495,
"greedy050":  0.27106706268347025,
"greedy100":  0.08497339190913049,
"DP_05":  0.08497339190913049,
"DP_30":  0.08146474891021623,
"DP_60":  0.08240966816260575,
"DP_95":  0.08678992137228654,
"QL":  0.3942528083361082}
,
{ "x":  400,
"greedy000":  0.5000601542819793,
"greedy050":  0.2616331544353924,
"greedy100":  0.06485496198939748,
"DP_05":  0.06485496198939748,
"DP_30":  0.06356448376223725,
"DP_60":  0.06375902783136358,
"DP_95":  0.0687721851827888,
"QL":  0.47104543903098717}
]}
