{ "x_label":"capacity",
"y_label":"Average Profit",
 "results":[
{ "x":  25,
"greedy000":  25.15469064007644,
"greedy050":  25.25410322363941,
"greedy100":  25.3363415170245,
"DP_05":  25.3363415170245,
"DP_30":  26.349593856412884,
"DP_60":  26.513330663610056,
"DP_95":  26.513330663610056,
"QL":  24.445173090289092}
,
{ "x":  125,
"greedy000":  30.521105959375063,
"greedy050":  31.714913311121244,
"greedy100":  32.42922382659629,
"DP_05":  32.42922382659629,
"DP_30":  36.23243863117055,
"DP_60":  37.54813448377011,
"DP_95":  40.64607543292412,
"QL":  39.87145160998096}
,
{ "x":  225,
"greedy000":  33.385760100344996,
"greedy050":  36.10013908191386,
"greedy100":  37.640491473674544,
"DP_05":  37.640491473674544,
"DP_30":  40.62843362870244,
"DP_60":  40.627108952284864,
"DP_95":  43.266663315792265,
"QL":  40.8422394146544}
,
{ "x":  325,
"greedy000":  33.972318025850846,
"greedy050":  38.72626814874778,
"greedy100":  41.64266618827362,
"DP_05":  41.64266618827362,
"DP_30":  42.18843935050238,
"DP_60":  43.16228715875563,
"DP_95":  44.11152476639501,
"QL":  41.56938599601282}
]}
