{ "x_label":"capacity",
"y_label":"Average Profit",
 "results":[
{ "x":  20,
"greedy000":  17.53567870458202,
"greedy050":  19.804772573945673,
"greedy100":  21.102282114904273,
"DP_05":  21.102282114904273,
"DP_30":  21.102282114904273,
"DP_60":  21.102282114904273,
"DP_95":  21.102282114904273,
"QL":  8.54284826268791}
,
{ "x":  40,
"greedy000":  15.661515977560182,
"greedy050":  17.896748407601798,
"greedy100":  20.956959520043423,
"DP_05":  20.956959520043423,
"DP_30":  25.489566800774746,
"DP_60":  27.64492546135378,
"DP_95":  27.64492546135378,
"QL":  10.123000586948404}
,
{ "x":  60,
"greedy000":  17.398504051349626,
"greedy050":  21.685298809593597,
"greedy100":  25.06908485249727,
"DP_05":  25.06908485249727,
"DP_30":  26.153916810510673,
"DP_60":  26.759083528526325,
"DP_95":  28.903204440459536,
"QL":  9.759531926454223}
,
{ "x":  80,
"greedy000":  18.18676416004054,
"greedy050":  21.133689326347405,
"greedy100":  23.70756631332312,
"DP_05":  23.70756631332312,
"DP_30":  25.920811495541056,
"DP_60":  27.55434206414186,
"DP_95":  28.97054745922653,
"QL":  9.705209057087368}
,
{ "x":  100,
"greedy000":  17.381856036309326,
"greedy050":  20.93942373075817,
"greedy100":  24.77327719112375,
"DP_05":  24.77327719112375,
"DP_30":  27.541313454717265,
"DP_60":  28.420448996400296,
"DP_95":  29.087358972349683,
"QL":  10.037306863021293}
,
{ "x":  120,
"greedy000":  18.62776052618552,
"greedy050":  22.93861448573056,
"greedy100":  26.419001014475157,
"DP_05":  26.419001014475157,
"DP_30":  27.51435306627564,
"DP_60":  28.241020469233927,
"DP_95":  29.219886638346633,
"QL":  10.339716238614459}
,
{ "x":  140,
"greedy000":  18.714057768072873,
"greedy050":  22.296133535299145,
"greedy100":  25.577321246690566,
"DP_05":  25.577321246690566,
"DP_30":  27.598365474055715,
"DP_60":  28.60570488782013,
"DP_95":  29.21467209686561,
"QL":  9.90914423388327}
,
{ "x":  160,
"greedy000":  18.406702659250353,
"greedy050":  22.497552197712636,
"greedy100":  26.661706033814607,
"DP_05":  26.661706033814607,
"DP_30":  28.357962928758848,
"DP_60":  28.86656242182702,
"DP_95":  29.214026132357503,
"QL":  10.021922947370484}
,
{ "x":  180,
"greedy000":  19.121055547714047,
"greedy050":  23.61180279881487,
"greedy100":  27.373993810359735,
"DP_05":  27.373993810359735,
"DP_30":  28.327184085614427,
"DP_60":  28.842658268790377,
"DP_95":  29.332773669151248,
"QL":  10.437032547458909}
,
{ "x":  200,
"greedy000":  19.099580349123535,
"greedy050":  23.215086853911806,
"greedy100":  26.97389554696527,
"DP_05":  26.97389554696527,
"DP_30":  28.501854701653684,
"DP_60":  29.059403452620376,
"DP_95":  29.369538041555717,
"QL":  8.705184492367952}
,
{ "x":  220,
"greedy000":  19.10437690537445,
"greedy050":  23.4023402655588,
"greedy100":  27.814546203969257,
"DP_05":  27.814546203969257,
"DP_30":  28.871818102016967,
"DP_60":  29.200092160539235,
"DP_95":  29.384054501473162,
"QL":  10.158618178411416}
,
{ "x":  240,
"greedy000":  19.356234588806252,
"greedy050":  24.07865553637601,
"greedy100":  28.169853885517625,
"DP_05":  28.169853885517625,
"DP_30":  28.873744252769097,
"DP_60":  29.246279801031143,
"DP_95":  29.487730291029926,
"QL":  8.845976358075818}
,
{ "x":  260,
"greedy000":  19.493985341379442,
"greedy050":  24.019213925417354,
"greedy100":  28.052128985142975,
"DP_05":  28.052128985142975,
"DP_30":  29.115855373918595,
"DP_60":  29.452234311653946,
"DP_95":  29.613522899302854,
"QL":  9.303231239516814}
,
{ "x":  280,
"greedy000":  19.376465572253117,
"greedy050":  24.149039115110504,
"greedy100":  28.554816621268778,
"DP_05":  28.554816621268778,
"DP_30":  29.266075838052522,
"DP_60":  29.34535187436718,
"DP_95":  29.547456695324076,
"QL":  8.68648592171235}
,
{ "x":  300,
"greedy000":  19.419782084440556,
"greedy050":  24.41031838248145,
"greedy100":  28.789996273882167,
"DP_05":  28.789996273882167,
"DP_30":  29.316904880976058,
"DP_60":  29.528320911865542,
"DP_95":  29.64046516059681,
"QL":  10.752321896098158}
,
{ "x":  320,
"greedy000":  19.430388440441185,
"greedy050":  24.284602607359698,
"greedy100":  28.751051575960908,
"DP_05":  28.751051575960908,
"DP_30":  29.39779179673863,
"DP_60":  29.572784756411153,
"DP_95":  29.652476052611227,
"QL":  10.330487835434903}
,
{ "x":  340,
"greedy000":  19.522240232938536,
"greedy050":  24.55019055329847,
"greedy100":  29.310357432950298,
"DP_05":  29.310357432950298,
"DP_30":  29.701445461877817,
"DP_60":  29.740265108219717,
"DP_95":  29.8477344321467,
"QL":  8.269260903072798}
,
{ "x":  360,
"greedy000":  19.46322898053528,
"greedy050":  24.511116950390694,
"greedy100":  29.247180580058654,
"DP_05":  29.247180580058654,
"DP_30":  29.545964842955573,
"DP_60":  29.545964842955573,
"DP_95":  29.709836824748454,
"QL":  8.592301841124614}
,
{ "x":  380,
"greedy000":  19.528721734031194,
"greedy050":  24.54199330770663,
"greedy100":  29.307519870554977,
"DP_05":  29.307519870554977,
"DP_30":  29.6502444701255,
"DP_60":  29.7427277844495,
"DP_95":  29.777447603299954,
"QL":  9.925676778864146}
,
{ "x":  400,
"greedy000":  19.50592607033685,
"greedy050":  24.651433506630593,
"greedy100":  29.522313337880274,
"DP_05":  29.522313337880274,
"DP_30":  29.705577605734476,
"DP_60":  29.721155314871663,
"DP_95":  29.768520260331137,
"QL":  8.745353990740682}
]}
