{ "x_label":"episode",
"y_label":"Acceptance Rate",
"results":[
{ "x":  5,
"DP_05":  0.5300392298136979,
"DP_30":  0.58551886681001,
"DP_60":  0.5773728626219442,
"DP_95":  0.5005722321042819,
"QL-Dynamic": 0.24441148221011105,
"QL-Static": 0.2266452343583943}
,
{ "x":  25,
"DP_05":  0.5200947583105926,
"DP_30":  0.5841588116841685,
"DP_60":  0.5778121434659105,
"DP_95":  0.5007042633478912,
"QL-Dynamic": 0.331333885060085,
"QL-Static": 0.33963343829767295}
,
{ "x":  45,
"DP_05":  0.5226039853909576,
"DP_30":  0.5866880113431431,
"DP_60":  0.5784525182690394,
"DP_95":  0.5022887478725495,
"QL-Dynamic": 0.3986472193095611,
"QL-Static": 0.43869260064695526}
,
{ "x":  65,
"DP_05":  0.5299984856011174,
"DP_30":  0.5863478746454918,
"DP_60":  0.5778366304525413,
"DP_95":  0.5008161513207315,
"QL-Dynamic": 0.47138790561507304,
"QL-Static": 0.4313385613377115}
,
{ "x":  85,
"DP_05":  0.5262721658371061,
"DP_30":  0.5851451035354105,
"DP_60":  0.5773403923107417,
"DP_95":  0.4999777915278039,
"QL-Dynamic": 0.4871059321891463,
"QL-Static": 0.47407706667745736}
,
{ "x":  105,
"DP_05":  0.5235982533219903,
"DP_30":  0.5835768905832346,
"DP_60":  0.5752177668642424,
"DP_95":  0.5017724675768203,
"QL-Dynamic": 0.5290657219451967,
"QL-Static": 0.48247168401447127}
,
{ "x":  125,
"DP_05":  0.525499887900678,
"DP_30":  0.5813363082274001,
"DP_60":  0.57432063353308,
"DP_95":  0.49650640090699466,
"QL-Dynamic": 0.5275297426907507,
"QL-Static": 0.49536298562535164}
,
{ "x":  145,
"DP_05":  0.5221255860652345,
"DP_30":  0.5838723741192452,
"DP_60":  0.5764288953698345,
"DP_95":  0.5025369288920966,
"QL-Dynamic": 0.5529280469334154,
"QL-Static": 0.4418931367889498}
,
{ "x":  165,
"DP_05":  0.5214938091912487,
"DP_30":  0.5837719482390168,
"DP_60":  0.5763685531343986,
"DP_95":  0.49987333329154027,
"QL-Dynamic": 0.462708058130252,
"QL-Static": 0.4833433019059716}
,
{ "x":  185,
"DP_05":  0.5331388932998208,
"DP_30":  0.5858116385691622,
"DP_60":  0.5775032332275738,
"DP_95":  0.500672214381512,
"QL-Dynamic": 0.5198218241108782,
"QL-Static": 0.45774857628626675}
,
{ "x":  205,
"DP_05":  0.5245850277179076,
"DP_30":  0.5849757005964482,
"DP_60":  0.5780334871642971,
"DP_95":  0.5005633947728458,
"QL-Dynamic": 0.5432683892814569,
"QL-Static": 0.4686744500729246}
,
{ "x":  225,
"DP_05":  0.5262487788271988,
"DP_30":  0.583712634058356,
"DP_60":  0.5748337488729345,
"DP_95":  0.4976447201746196,
"QL-Dynamic": 0.5467776573803474,
"QL-Static": 0.4947020113985343}
,
{ "x":  245,
"DP_05":  0.5302129934246438,
"DP_30":  0.5864173082189115,
"DP_60":  0.5788231517010731,
"DP_95":  0.5010212775437392,
"QL-Dynamic": 0.5583884445627768,
"QL-Static": 0.5155064163642995}
,
{ "x":  265,
"DP_05":  0.5305064707735996,
"DP_30":  0.5863466213971938,
"DP_60":  0.5791110586784608,
"DP_95":  0.5035519159746518,
"QL-Dynamic": 0.5578408866898312,
"QL-Static": 0.5257451184385993}
,
{ "x":  285,
"DP_05":  0.5202396042969868,
"DP_30":  0.5790124044684375,
"DP_60":  0.570863072214233,
"DP_95":  0.4962813517823584,
"QL-Dynamic": 0.5544705084493414,
"QL-Static": 0.5192067708904275}
,
{ "x":  305,
"DP_05":  0.5197968270777398,
"DP_30":  0.582164898668033,
"DP_60":  0.5765437585963029,
"DP_95":  0.4998389054108071,
"QL-Dynamic": 0.5331454122979831,
"QL-Static": 0.5264379775579496}
,
{ "x":  325,
"DP_05":  0.5212744195100147,
"DP_30":  0.582672913409703,
"DP_60":  0.5756420227887974,
"DP_95":  0.49838409671236245,
"QL-Dynamic": 0.566830851880147,
"QL-Static": 0.4868437444578098}
,
{ "x":  345,
"DP_05":  0.5155731849887638,
"DP_30":  0.5828954286131828,
"DP_60":  0.5770737490840964,
"DP_95":  0.49807667076065554,
"QL-Dynamic": 0.5670266777658368,
"QL-Static": 0.5196852440594069}
]}
