{ "x_label":"episode",
"y_label":"Acceptance Rate",
"results":[
{ "x":  5,
"DP_05":  0.5206109138203681,
"DP_30":  0.582417605592103,
"DP_60":  0.5736927116688013,
"DP_95":  0.49810770574455354,
"QL-Dynamic": 0.2165122418309168,
"QL-Static": 0.22091629377906963}
,
{ "x":  25,
"DP_05":  0.5223541269730442,
"DP_30":  0.5791749476232606,
"DP_60":  0.5726280270059763,
"DP_95":  0.4963790791888688,
"QL-Dynamic": 0.2904728403157666,
"QL-Static": 0.34011075285505965}
,
{ "x":  45,
"DP_05":  0.5274778700539382,
"DP_30":  0.5827923216469489,
"DP_60":  0.5748648518129194,
"DP_95":  0.49869116631817756,
"QL-Dynamic": 0.3693151888934898,
"QL-Static": 0.41013997093951904}
,
{ "x":  65,
"DP_05":  0.5221887585670605,
"DP_30":  0.5859647552562388,
"DP_60":  0.5774180100996018,
"DP_95":  0.5018926282362585,
"QL-Dynamic": 0.43449180004517673,
"QL-Static": 0.43164259316849074}
,
{ "x":  85,
"DP_05":  0.5227882197417139,
"DP_30":  0.5849718468617531,
"DP_60":  0.578132024125858,
"DP_95":  0.5011549364471255,
"QL-Dynamic": 0.45885968875006033,
"QL-Static": 0.4572340907972173}
,
{ "x":  105,
"DP_05":  0.529930237096994,
"DP_30":  0.5867247746450085,
"DP_60":  0.5795872351266491,
"DP_95":  0.5009601690778146,
"QL-Dynamic": 0.5164141752350017,
"QL-Static": 0.4721420029275795}
,
{ "x":  125,
"DP_05":  0.5271543919849738,
"DP_30":  0.5808292928297497,
"DP_60":  0.5729070722695168,
"DP_95":  0.49776736676348204,
"QL-Dynamic": 0.5041523758161398,
"QL-Static": 0.4513998413401426}
,
{ "x":  145,
"DP_05":  0.527052804563093,
"DP_30":  0.5857522690905749,
"DP_60":  0.5776073644758097,
"DP_95":  0.5035612573015472,
"QL-Dynamic": 0.5014702384470219,
"QL-Static": 0.5011671937637386}
,
{ "x":  165,
"DP_05":  0.527508991644787,
"DP_30":  0.5853436727877256,
"DP_60":  0.577141113129924,
"DP_95":  0.4993142146815977,
"QL-Dynamic": 0.5418229037912322,
"QL-Static": 0.4958876483749427}
,
{ "x":  185,
"DP_05":  0.5286965629300582,
"DP_30":  0.5856365220390451,
"DP_60":  0.5789666404660874,
"DP_95":  0.5010461825214279,
"QL-Dynamic": 0.5621541505869965,
"QL-Static": 0.49688617276587105}
,
{ "x":  205,
"DP_05":  0.5270545991633208,
"DP_30":  0.5841325242946949,
"DP_60":  0.5776216739511189,
"DP_95":  0.5000849040775406,
"QL-Dynamic": 0.5287704994262623,
"QL-Static": 0.5100293619034358}
,
{ "x":  225,
"DP_05":  0.5344456839447329,
"DP_30":  0.5877224234083311,
"DP_60":  0.5803684069881058,
"DP_95":  0.5034757090054017,
"QL-Dynamic": 0.5574298659947388,
"QL-Static": 0.5213169736956549}
,
{ "x":  245,
"DP_05":  0.5280174606736755,
"DP_30":  0.5854288873376665,
"DP_60":  0.5759560834880932,
"DP_95":  0.4995667138306226,
"QL-Dynamic": 0.5030510343856529,
"QL-Static": 0.5063210598268472}
]}
