{ "x_label":"episode",
"y_label":"Acceptance Rate",
"results":[
{ "x":  10,
"DP_05":  0.5254676603206289,
"DP_30":  0.5838201889856007,
"DP_60":  0.5763816382677781,
"DP_95":  0.4974231157080271,
"QL-Dynamic": 0.35658003684107037,
"QL-Static": 0.327009910924277}
,
{ "x":  20,
"DP_05":  0.5255694179353029,
"DP_30":  0.5829213596890785,
"DP_60":  0.5753640346740899,
"DP_95":  0.4987534175726275,
"QL-Dynamic": 0.47428830567575664,
"QL-Static": 0.36017983321918356}
,
{ "x":  30,
"DP_05":  0.5223936098153057,
"DP_30":  0.5832675662889658,
"DP_60":  0.5757991218534154,
"DP_95":  0.49900777942395863,
"QL-Dynamic": 0.5113689737085266,
"QL-Static": 0.4188966940415628}
,
{ "x":  40,
"DP_05":  0.5277186521828517,
"DP_30":  0.584758996187071,
"DP_60":  0.5769619041373222,
"DP_95":  0.5008043051904904,
"QL-Dynamic": 0.5208816048792174,
"QL-Static": 0.42469614833624175}
,
{ "x":  50,
"DP_05":  0.5245150526800052,
"DP_30":  0.5823591651130496,
"DP_60":  0.575181390906912,
"DP_95":  0.4991059433594852,
"QL-Dynamic": 0.5092509088552599,
"QL-Static": 0.4421135820813533}
,
{ "x":  60,
"DP_05":  0.5253372646094207,
"DP_30":  0.5842070767128531,
"DP_60":  0.576812665113314,
"DP_95":  0.5008558640882638,
"QL-Dynamic": 0.5428870011607179,
"QL-Static": 0.4619981014503305}
,
{ "x":  70,
"DP_05":  0.5255220856067899,
"DP_30":  0.584346985746296,
"DP_60":  0.5771387924352865,
"DP_95":  0.5013073626574291,
"QL-Dynamic": 0.5326670422293369,
"QL-Static": 0.49012740389267134}
,
{ "x":  80,
"DP_05":  0.5239347028058617,
"DP_30":  0.5813881939454029,
"DP_60":  0.5740344136498838,
"DP_95":  0.4979062420512107,
"QL-Dynamic": 0.5531179486146961,
"QL-Static": 0.47101168504045177}
,
{ "x":  90,
"DP_05":  0.5264723107803665,
"DP_30":  0.5828674649472663,
"DP_60":  0.5757638184944898,
"DP_95":  0.49853449473309885,
"QL-Dynamic": 0.5440482094675495,
"QL-Static": 0.4536480862053083}
,
{ "x":  100,
"DP_05":  0.5292558546997381,
"DP_30":  0.5852511971507459,
"DP_60":  0.5783580479024173,
"DP_95":  0.5006573082904151,
"QL-Dynamic": 0.5518016525893568,
"QL-Static": 0.49280708911913385}
,
{ "x":  110,
"DP_05":  0.5272512302787047,
"DP_30":  0.5863415135045619,
"DP_60":  0.5786173076963155,
"DP_95":  0.5012037544865586,
"QL-Dynamic": 0.5433144972036507,
"QL-Static": 0.4815167399818395}
,
{ "x":  120,
"DP_05":  0.5252896501204853,
"DP_30":  0.5832717654673931,
"DP_60":  0.5764943860553972,
"DP_95":  0.49958776654589593,
"QL-Dynamic": 0.52678396677669,
"QL-Static": 0.49522023781866104}
,
{ "x":  130,
"DP_05":  0.5258158953078549,
"DP_30":  0.5842635648197385,
"DP_60":  0.5753308966447637,
"DP_95":  0.49897754318658977,
"QL-Dynamic": 0.5503167730920836,
"QL-Static": 0.5107389170126203}
,
{ "x":  140,
"DP_05":  0.5282259417276868,
"DP_30":  0.5850153552797274,
"DP_60":  0.5783350421139022,
"DP_95":  0.5017043367838049,
"QL-Dynamic": 0.5596602112736191,
"QL-Static": 0.49731071422677425}
,
{ "x":  150,
"DP_05":  0.5268056555132459,
"DP_30":  0.5849322251854624,
"DP_60":  0.5770168496475339,
"DP_95":  0.5001233624713026,
"QL-Dynamic": 0.5563236263928537,
"QL-Static": 0.49338478997902174}
,
{ "x":  160,
"DP_05":  0.5231786439735383,
"DP_30":  0.5820264550395177,
"DP_60":  0.5742461420436414,
"DP_95":  0.4973423527116534,
"QL-Dynamic": 0.5336172594727002,
"QL-Static": 0.49473821518287553}
,
{ "x":  170,
"DP_05":  0.5247436893948065,
"DP_30":  0.5807546624517823,
"DP_60":  0.5739627759567176,
"DP_95":  0.49767301785077395,
"QL-Dynamic": 0.5456585797404511,
"QL-Static": 0.49827892586535777}
,
{ "x":  180,
"DP_05":  0.5270991752796684,
"DP_30":  0.5835482151106439,
"DP_60":  0.5766768281210363,
"DP_95":  0.5001324109718432,
"QL-Dynamic": 0.5505613633007949,
"QL-Static": 0.5049657268289848}
,
{ "x":  190,
"DP_05":  0.5280820686001237,
"DP_30":  0.587032457966432,
"DP_60":  0.5788651887279258,
"DP_95":  0.5015015096993014,
"QL-Dynamic": 0.5629223558311637,
"QL-Static": 0.5155524675464528}
,
{ "x":  200,
"DP_05":  0.5219709293531056,
"DP_30":  0.5834761763805298,
"DP_60":  0.57563656282938,
"DP_95":  0.4999112694656104,
"QL-Dynamic": 0.5526285815982122,
"QL-Static": 0.5061494390686113}
]}
