{ "x_label":"episode",
"y_label":"Federation Rate",
"results":[
{ "x":  5,
"DP_05":  0.4699607701863021,
"DP_30":  0.4144811331899899,
"DP_60":  0.4226271373780558,
"DP_95":  0.4994277678957181,
"QL-Dynamic": 0.45784761091114945,
"QL-Static": 0.5034193801301798}
,
{ "x":  25,
"DP_05":  0.47990524168940746,
"DP_30":  0.4158411883158314,
"DP_60":  0.4221878565340895,
"DP_95":  0.4992957366521088,
"QL-Dynamic": 0.42145187502331627,
"QL-Static": 0.39602040764428253}
,
{ "x":  45,
"DP_05":  0.4773960146090426,
"DP_30":  0.41331198865685675,
"DP_60":  0.4215474817309606,
"DP_95":  0.4977112521274504,
"QL-Dynamic": 0.3606042536359847,
"QL-Static": 0.32418324248695873}
,
{ "x":  65,
"DP_05":  0.4700015143988826,
"DP_30":  0.413652125354508,
"DP_60":  0.4221633695474588,
"DP_95":  0.49918384867926846,
"QL-Dynamic": 0.32489223153597363,
"QL-Static": 0.37656334878645825}
,
{ "x":  85,
"DP_05":  0.4737278341628938,
"DP_30":  0.41485489646458945,
"DP_60":  0.4226596076892582,
"DP_95":  0.5000222084721961,
"QL-Dynamic": 0.30045710283633204,
"QL-Static": 0.27836690801863073}
,
{ "x":  105,
"DP_05":  0.4764017466780096,
"DP_30":  0.4164231094167654,
"DP_60":  0.42478223313575747,
"DP_95":  0.49822753242317974,
"QL-Dynamic": 0.24930381754416073,
"QL-Static": 0.30775003822023933}
,
{ "x":  125,
"DP_05":  0.474500112099322,
"DP_30":  0.4186636917726,
"DP_60":  0.4256793664669199,
"DP_95":  0.5034935990930054,
"QL-Dynamic": 0.2833936924421367,
"QL-Static": 0.32201244089532}
,
{ "x":  145,
"DP_05":  0.4778744139347656,
"DP_30":  0.4161276258807548,
"DP_60":  0.42357110463016523,
"DP_95":  0.49746307110790344,
"QL-Dynamic": 0.25543913308101407,
"QL-Static": 0.37948860605550144}
,
{ "x":  165,
"DP_05":  0.47850619080875134,
"DP_30":  0.4162280517609832,
"DP_60":  0.42363144686560145,
"DP_95":  0.5001266667084598,
"QL-Dynamic": 0.3258964360144195,
"QL-Static": 0.24869117892087284}
,
{ "x":  185,
"DP_05":  0.4668611067001792,
"DP_30":  0.4141883614308378,
"DP_60":  0.4224967667724262,
"DP_95":  0.4993277856184881,
"QL-Dynamic": 0.2797517724967647,
"QL-Static": 0.32880429432030106}
,
{ "x":  205,
"DP_05":  0.4754149722820924,
"DP_30":  0.41502429940355184,
"DP_60":  0.4219665128357029,
"DP_95":  0.4994366052271541,
"QL-Dynamic": 0.2349829653248178,
"QL-Static": 0.334831076646856}
,
{ "x":  225,
"DP_05":  0.4737512211728013,
"DP_30":  0.41628736594164384,
"DP_60":  0.4251662511270656,
"DP_95":  0.5023552798253804,
"QL-Dynamic": 0.2330990902495596,
"QL-Static": 0.29347679312992553}
,
{ "x":  245,
"DP_05":  0.4697870065753561,
"DP_30":  0.4135826917810885,
"DP_60":  0.421176848298927,
"DP_95":  0.4989787224562609,
"QL-Dynamic": 0.2652817801688788,
"QL-Static": 0.26262911959516844}
,
{ "x":  265,
"DP_05":  0.4694935292264003,
"DP_30":  0.4136533786028062,
"DP_60":  0.4208889413215392,
"DP_95":  0.4964480840253482,
"QL-Dynamic": 0.2411717881758884,
"QL-Static": 0.2820821521599018}
,
{ "x":  285,
"DP_05":  0.4797603957030132,
"DP_30":  0.4209875955315626,
"DP_60":  0.42913692778576695,
"DP_95":  0.5037186482176417,
"QL-Dynamic": 0.2546961660350787,
"QL-Static": 0.24131299966698788}
,
{ "x":  305,
"DP_05":  0.4802031729222603,
"DP_30":  0.4178351013319669,
"DP_60":  0.423456241403697,
"DP_95":  0.5001610945891929,
"QL-Dynamic": 0.27426638820279436,
"QL-Static": 0.2793427175026361}
,
{ "x":  325,
"DP_05":  0.4787255804899851,
"DP_30":  0.4173270865902971,
"DP_60":  0.4243579772112027,
"DP_95":  0.5016159032876376,
"QL-Dynamic": 0.22923143814896493,
"QL-Static": 0.2712236735450504}
,
{ "x":  345,
"DP_05":  0.4844268150112362,
"DP_30":  0.4171045713868172,
"DP_60":  0.42292625091590363,
"DP_95":  0.5019233292393444,
"QL-Dynamic": 0.2822033159999232,
"QL-Static": 0.25264090316615506}
,
{ "x":  365,
"DP_05":  0.46183872668342063,
"DP_30":  0.4121231332557039,
"DP_60":  0.4200357421944183,
"DP_95":  0.4981400043747694,
"QL-Dynamic": 0.24335194182817518,
"QL-Static": 0.25934639119909414}
,
{ "x":  385,
"DP_05":  0.4730959656196846,
"DP_30":  0.4143842890722313,
"DP_60":  0.42162170090462914,
"DP_95":  0.5004491805461135,
"QL-Dynamic": 0.25142434766807054,
"QL-Static": 0.32884100846762687}
,
{ "x":  405,
"DP_05":  0.4802615874500075,
"DP_30":  0.41707185509351286,
"DP_60":  0.4249503002933226,
"DP_95":  0.5027702060064422,
"QL-Dynamic": 0.29642302977556684,
"QL-Static": 0.23919497130927136}
]}
