{ "x_label":"episode",
"y_label":"Federation Rate",
"results":[
{ "x":  10,
"DP_05":  0.47453233967937103,
"DP_30":  0.4161798110143992,
"DP_60":  0.42361836173222167,
"DP_95":  0.5025768842919729,
"QL-Dynamic": 0.4468938770469241,
"QL-Static": 0.4021352611422624}
,
{ "x":  20,
"DP_05":  0.47443058206469707,
"DP_30":  0.41707864031092134,
"DP_60":  0.42463596532591014,
"DP_95":  0.5012465824273725,
"QL-Dynamic": 0.3358973932152467,
"QL-Static": 0.3934609191718294}
,
{ "x":  30,
"DP_05":  0.4776063901846943,
"DP_30":  0.41673243371103424,
"DP_60":  0.42420087814658475,
"DP_95":  0.5009922205760414,
"QL-Dynamic": 0.30656029763686,
"QL-Static": 0.3813887443625983}
,
{ "x":  40,
"DP_05":  0.47228134781714814,
"DP_30":  0.41524100381292905,
"DP_60":  0.42303809586267777,
"DP_95":  0.4991956948095096,
"QL-Dynamic": 0.3062025947356986,
"QL-Static": 0.35835208909768246}
,
{ "x":  50,
"DP_05":  0.47548494731999486,
"DP_30":  0.41764083488695036,
"DP_60":  0.424818609093088,
"DP_95":  0.5008940566405148,
"QL-Dynamic": 0.29488357944131105,
"QL-Static": 0.3306117374913528}
,
{ "x":  60,
"DP_05":  0.47466273539057924,
"DP_30":  0.415792923287147,
"DP_60":  0.42318733488668614,
"DP_95":  0.49914413591173634,
"QL-Dynamic": 0.2875179111373631,
"QL-Static": 0.30860491542835766}
,
{ "x":  70,
"DP_05":  0.4744779143932101,
"DP_30":  0.41565301425370416,
"DP_60":  0.42286120756471335,
"DP_95":  0.4986926373425708,
"QL-Dynamic": 0.2766283026917546,
"QL-Static": 0.28953849230491213}
,
{ "x":  80,
"DP_05":  0.4760652971941382,
"DP_30":  0.41861180605459714,
"DP_60":  0.4259655863501164,
"DP_95":  0.5020937579487893,
"QL-Dynamic": 0.26602034721343765,
"QL-Static": 0.2793015911232623}
,
{ "x":  90,
"DP_05":  0.4735276892196335,
"DP_30":  0.41713253505273384,
"DP_60":  0.42423618150551023,
"DP_95":  0.5014655052669013,
"QL-Dynamic": 0.2509203531657622,
"QL-Static": 0.2826861616916989}
,
{ "x":  100,
"DP_05":  0.4707441453002619,
"DP_30":  0.4147488028492539,
"DP_60":  0.4216419520975828,
"DP_95":  0.49934269170958495,
"QL-Dynamic": 0.2750303739060562,
"QL-Static": 0.2877296596258176}
,
{ "x":  110,
"DP_05":  0.4727487697212953,
"DP_30":  0.41365848649543824,
"DP_60":  0.4213826923036844,
"DP_95":  0.4987962455134413,
"QL-Dynamic": 0.22569531961907988,
"QL-Static": 0.3184808155639239}
,
{ "x":  120,
"DP_05":  0.4747103498795146,
"DP_30":  0.4167282345326068,
"DP_60":  0.4235056139446028,
"DP_95":  0.5004122334541041,
"QL-Dynamic": 0.2610232130177477,
"QL-Static": 0.29831499247043575}
,
{ "x":  130,
"DP_05":  0.4741841046921451,
"DP_30":  0.4157364351802614,
"DP_60":  0.42466910335523633,
"DP_95":  0.5010224568134102,
"QL-Dynamic": 0.24955466833293546,
"QL-Static": 0.2792277438854617}
,
{ "x":  140,
"DP_05":  0.4717740582723131,
"DP_30":  0.41498464472027285,
"DP_60":  0.4216649578860979,
"DP_95":  0.4982956632161951,
"QL-Dynamic": 0.26129814184982697,
"QL-Static": 0.2804128952950058}
,
{ "x":  150,
"DP_05":  0.47319434448675407,
"DP_30":  0.41506777481453766,
"DP_60":  0.42298315035246625,
"DP_95":  0.49987663752869727,
"QL-Dynamic": 0.2530514417504547,
"QL-Static": 0.27984972353824067}
,
{ "x":  160,
"DP_05":  0.4768213560264617,
"DP_30":  0.4179735449604822,
"DP_60":  0.4257538579563584,
"DP_95":  0.5026576472883466,
"QL-Dynamic": 0.27894423319411094,
"QL-Static": 0.287402508779729}
,
{ "x":  170,
"DP_05":  0.4752563106051935,
"DP_30":  0.4192453375482177,
"DP_60":  0.42603722404328237,
"DP_95":  0.5023269821492261,
"QL-Dynamic": 0.2812912721960071,
"QL-Static": 0.28953969643274535}
,
{ "x":  180,
"DP_05":  0.47290082472033157,
"DP_30":  0.4164517848893561,
"DP_60":  0.42332317187896373,
"DP_95":  0.4998675890281568,
"QL-Dynamic": 0.24374040309842773,
"QL-Static": 0.2742853023305832}
,
{ "x":  190,
"DP_05":  0.4719179313998763,
"DP_30":  0.4129675420335681,
"DP_60":  0.42113481127207414,
"DP_95":  0.4984984903006987,
"QL-Dynamic": 0.23323512728033247,
"QL-Static": 0.25307984758601404}
,
{ "x":  200,
"DP_05":  0.4780290706468944,
"DP_30":  0.4165238236194701,
"DP_60":  0.42436343717062003,
"DP_95":  0.5000887305343896,
"QL-Dynamic": 0.27554819539835196,
"QL-Static": 0.2983583262953353}
]}
