{ "x_label":"episode",
"y_label":"Average Profit",
"results":[
{ "x":  5,
"DP_05":  220.23610964539162,
"DP_30":  255.32323492301052,
"DP_60":  256.4612315721098,
"DP_95":  259.7773005238255,
"QL-Dynamic": 116.04696712804426,
"QL-Static": 125.73178765576176}
,
{ "x":  25,
"DP_05":  217.3203653137829,
"DP_30":  256.2011816222886,
"DP_60":  257.0589615182289,
"DP_95":  259.84286025937683,
"QL-Dynamic": 163.0316778107647,
"QL-Static": 161.4481094151699}
,
{ "x":  45,
"DP_05":  217.7910371225772,
"DP_30":  256.4855810132801,
"DP_60":  257.4816940834138,
"DP_95":  260.602860449541,
"QL-Dynamic": 190.77398463632682,
"QL-Static": 201.68894091252704}
,
{ "x":  65,
"DP_05":  220.5660961598192,
"DP_30":  255.7165513804759,
"DP_60":  256.568578489302,
"DP_95":  259.89256878527186,
"QL-Dynamic": 226.8267381497089,
"QL-Static": 206.86831127013656}
,
{ "x":  85,
"DP_05":  218.69387812335532,
"DP_30":  255.2599750864771,
"DP_60":  256.3057577962684,
"DP_95":  259.4933216793967,
"QL-Dynamic": 225.62981747802593,
"QL-Static": 217.18755037885808}
,
{ "x":  105,
"DP_05":  219.61433940038992,
"DP_30":  256.14859227011084,
"DP_60":  257.019006459795,
"DP_95":  260.36067162258195,
"QL-Dynamic": 240.02570656101088,
"QL-Static": 223.9679197544894}
,
{ "x":  125,
"DP_05":  218.3802440225249,
"DP_30":  253.86677378142485,
"DP_60":  254.82146207382988,
"DP_95":  257.81957883626444,
"QL-Dynamic": 240.42488030192732,
"QL-Static": 227.51579690819995}
,
{ "x":  145,
"DP_05":  218.9819531350667,
"DP_30":  256.20284134898486,
"DP_60":  257.24343084473867,
"DP_95":  260.7222687406349,
"QL-Dynamic": 247.8022831656207,
"QL-Static": 211.15289582739032}
,
{ "x":  165,
"DP_05":  217.97435227015208,
"DP_30":  255.3826527379495,
"DP_60":  256.0874961370806,
"DP_95":  259.4390733132308,
"QL-Dynamic": 215.56967986225362,
"QL-Static": 228.5528163862269}
,
{ "x":  185,
"DP_05":  221.1799632277156,
"DP_30":  255.73426985138386,
"DP_60":  257.01374488813923,
"DP_95":  259.82333511750727,
"QL-Dynamic": 236.58678384082242,
"QL-Static": 223.694331376748}
,
{ "x":  205,
"DP_05":  217.60250441627713,
"DP_30":  255.8059096435808,
"DP_60":  256.68162180091997,
"DP_95":  259.7709928857388,
"QL-Dynamic": 240.82160417613318,
"QL-Static": 221.273257278279}
,
{ "x":  225,
"DP_05":  218.99610255816327,
"DP_30":  254.53443490768694,
"DP_60":  255.33425208958496,
"DP_95":  258.36913035411675,
"QL-Dynamic": 237.67111478838586,
"QL-Static": 232.13937750470427}
,
{ "x":  245,
"DP_05":  220.37944800490732,
"DP_30":  255.7948098806584,
"DP_60":  256.9551737276621,
"DP_95":  259.9912344985385,
"QL-Dynamic": 245.8285702855932,
"QL-Static": 244.14360918642765}
,
{ "x":  265,
"DP_05":  222.80137558714995,
"DP_30":  257.74853684160576,
"DP_60":  258.5747681561181,
"DP_95":  261.21434398593414,
"QL-Dynamic": 248.4911797545361,
"QL-Static": 246.7365478004587}
,
{ "x":  285,
"DP_05":  217.35295611185975,
"DP_30":  253.57275051009984,
"DP_60":  254.4635964960944,
"DP_95":  257.7113302073143,
"QL-Dynamic": 243.42867419104013,
"QL-Static": 241.92836965773813}
,
{ "x":  305,
"DP_05":  216.44152508748488,
"DP_30":  255.19377567695338,
"DP_60":  256.38785814404537,
"DP_95":  259.4225135025982,
"QL-Dynamic": 236.07964090787922,
"QL-Static": 245.81877513995082}
,
{ "x":  325,
"DP_05":  217.5915780364447,
"DP_30":  254.4691952506865,
"DP_60":  255.49721472746154,
"DP_95":  258.7247816119261,
"QL-Dynamic": 245.88647695794353,
"QL-Static": 227.71154816371654}
,
{ "x":  345,
"DP_05":  213.72010291474618,
"DP_30":  254.4695730143781,
"DP_60":  255.6394338467806,
"DP_95":  258.5748786358753,
"QL-Dynamic": 247.3750475601668,
"QL-Static": 243.1863345779218}
]}
