{ "x_label":"episode",
"y_label":"Average Profit",
"results":[
{ "x":  10,
"DP_05":  217.48716027046135,
"DP_30":  254.3968665455593,
"DP_60":  255.25885470281668,
"DP_95":  258.2615997371237,
"QL-Dynamic": 175.19794979210732,
"QL-Static": 153.26411070950985}
,
{ "x":  20,
"DP_05":  218.81626780536342,
"DP_30":  254.76622580599312,
"DP_60":  255.74872639421085,
"DP_95":  258.9009340324938,
"QL-Dynamic": 211.49242402816944,
"QL-Static": 176.35325116893867}
,
{ "x":  30,
"DP_05":  217.6077446569359,
"DP_30":  255.07921672400826,
"DP_60":  256.01826997393755,
"DP_95":  259.02597664405033,
"QL-Dynamic": 225.28516295970604,
"QL-Static": 202.0666623005389}
,
{ "x":  40,
"DP_05":  219.7343303999487,
"DP_30":  255.77594245574278,
"DP_60":  256.700112261955,
"DP_95":  259.8874070429021,
"QL-Dynamic": 231.10542668998008,
"QL-Static": 201.79775843226048}
,
{ "x":  50,
"DP_05":  218.46640643145204,
"DP_30":  254.64070112255575,
"DP_60":  255.7541996161161,
"DP_95":  259.0747750126659,
"QL-Dynamic": 226.36850834456575,
"QL-Static": 207.44361871157824}
,
{ "x":  60,
"DP_05":  219.3485193964843,
"DP_30":  255.66500120671998,
"DP_60":  256.5450236428559,
"DP_95":  259.9170816187388,
"QL-Dynamic": 239.80421436123376,
"QL-Static": 218.61280111622457}
,
{ "x":  70,
"DP_05":  219.69384552294355,
"DP_30":  255.77585365716385,
"DP_60":  256.72080152951673,
"DP_95":  260.1309873382333,
"QL-Dynamic": 237.46883390297455,
"QL-Static": 226.97865702119856}
,
{ "x":  80,
"DP_05":  218.38996320713017,
"DP_30":  254.29453191749337,
"DP_60":  255.2902929424185,
"DP_95":  258.4934486167874,
"QL-Dynamic": 242.6810498207494,
"QL-Static": 219.50990013320384}
,
{ "x":  90,
"DP_05":  219.46280999495505,
"DP_30":  254.7817115330239,
"DP_60":  255.78248630981213,
"DP_95":  258.7961700034016,
"QL-Dynamic": 241.05213161351864,
"QL-Static": 215.11359727565545}
,
{ "x":  100,
"DP_05":  220.9608662814196,
"DP_30":  255.7302984636759,
"DP_60":  256.8424764024037,
"DP_95":  259.81777826420813,
"QL-Dynamic": 242.74590616618713,
"QL-Static": 230.56984605276378}
,
{ "x":  110,
"DP_05":  219.36952331988962,
"DP_30":  255.7756288866246,
"DP_60":  256.76713999216526,
"DP_95":  260.08116089144545,
"QL-Dynamic": 239.87954812626845,
"QL-Static": 227.22103567565125}
,
{ "x":  120,
"DP_05":  218.68562502301324,
"DP_30":  255.1203671241026,
"DP_60":  256.2831584039948,
"DP_95":  259.30388636768623,
"QL-Dynamic": 233.41540423724118,
"QL-Static": 231.6648085833622}
,
{ "x":  130,
"DP_05":  219.25340625830563,
"DP_30":  255.0587044566807,
"DP_60":  255.95307129981603,
"DP_95":  259.0114069934742,
"QL-Dynamic": 242.72539904629852,
"QL-Static": 236.41961695118738}
,
{ "x":  140,
"DP_05":  220.02755838637768,
"DP_30":  256.0475281717536,
"DP_60":  257.24315464013205,
"DP_95":  260.31978599301004,
"QL-Dynamic": 247.50619459790155,
"QL-Static": 230.13686796552815}
,
{ "x":  150,
"DP_05":  219.5868672517412,
"DP_30":  255.4980630920563,
"DP_60":  256.46152716619645,
"DP_95":  259.5598720021619,
"QL-Dynamic": 246.4761932233474,
"QL-Static": 232.52596776812737}
,
{ "x":  160,
"DP_05":  217.58247858424164,
"DP_30":  254.06151999160934,
"DP_60":  255.00695352112365,
"DP_95":  258.2233105797847,
"QL-Dynamic": 237.74062139146733,
"QL-Static": 231.85620978785212}
,
{ "x":  170,
"DP_05":  218.2043744341707,
"DP_30":  254.10764205041002,
"DP_60":  255.22730220691648,
"DP_95":  258.3839737996384,
"QL-Dynamic": 243.11064888634948,
"QL-Static": 233.44248128123772}
,
{ "x":  180,
"DP_05":  219.37252484907137,
"DP_30":  255.4665338380525,
"DP_60":  256.3892849153909,
"DP_95":  259.5647669908894,
"QL-Dynamic": 243.87833350061936,
"QL-Static": 237.14462345556032}
,
{ "x":  190,
"DP_05":  219.69430952938743,
"DP_30":  256.0709947534261,
"DP_60":  257.05043610787766,
"DP_95":  260.224408409885,
"QL-Dynamic": 246.03508404192516,
"QL-Static": 237.39612671554522}
,
{ "x":  200,
"DP_05":  217.32578108193994,
"DP_30":  255.3280078375847,
"DP_60":  256.3529819242808,
"DP_95":  259.45999168761244,
"QL-Dynamic": 243.7136402684703,
"QL-Static": 235.5578191117091}
]}
