{ "x_label":"LC",
"y_label":"Acceptance Rate",
 "results":[
{ "x":  0,
"greedy000":  0.0,
"greedy050":  0.0,
"greedy100":  0.0,
"DP_05":  0.0,
"DP_30":  0.0,
"DP_60":  0.0,
"DP_95":  0.0,
"QL_09":  0.0,
"QL_05":  0.0,
"RL":  0.0}
,
{ "x":  8,
"greedy000":  0.0,
"greedy050":  0.0,
"greedy100":  0.2809779631116788,
"DP_05":  0.0,
"DP_30":  0.0,
"DP_60":  0.0,
"DP_95":  0.5675956297501557,
"QL_09":  0.4992733435816964,
"QL_05":  0.4329019000161205,
"RL":  0.5607677913833962}
,
{ "x":  16,
"greedy000":  0.0,
"greedy050":  0.0,
"greedy100":  0.45395438918708414,
"DP_05":  0.0,
"DP_30":  0.0,
"DP_60":  0.0,
"DP_95":  0.6728461916163432,
"QL_09":  0.5656335832179423,
"QL_05":  0.5701508653833228,
"RL":  0.6641853461959798}
,
{ "x":  24,
"greedy000":  0.0,
"greedy050":  0.0,
"greedy100":  0.5962518200257532,
"DP_05":  0.0,
"DP_30":  0.0,
"DP_60":  0.0,
"DP_95":  0.7400864620800256,
"QL_09":  0.6343177851181623,
"QL_05":  0.6881627646739601,
"RL":  0.7308035808589342}
,
{ "x":  32,
"greedy000":  0.0,
"greedy050":  0.0,
"greedy100":  0.7011956334966953,
"DP_05":  0.0,
"DP_30":  0.0,
"DP_60":  0.0,
"DP_95":  0.7979137296637477,
"QL_09":  0.6762835271803167,
"QL_05":  0.7538631935493418,
"RL":  0.7890058409775438}
,
{ "x":  40,
"greedy000":  0.0,
"greedy050":  0.0,
"greedy100":  0.8045837732161443,
"DP_05":  0.0,
"DP_30":  0.0,
"DP_60":  0.0,
"DP_95":  0.8510002513754609,
"QL_09":  0.6776017178822296,
"QL_05":  0.8115371312727998,
"RL":  0.8347514811243807}
,
{ "x":  48,
"greedy000":  0.0,
"greedy050":  0.0,
"greedy100":  0.8833474684070296,
"DP_05":  0.0,
"DP_30":  0.0,
"DP_60":  0.0,
"DP_95":  0.9041178847303847,
"QL_09":  0.6844748198622781,
"QL_05":  0.8380667176913231,
"RL":  0.8767367763800825}
,
{ "x":  56,
"greedy000":  0.0,
"greedy050":  0.0,
"greedy100":  0.942780522432731,
"DP_05":  0.0,
"DP_30":  0.0,
"DP_60":  0.0,
"DP_95":  0.9468271948501809,
"QL_09":  0.6793256145649138,
"QL_05":  0.8462603552623864,
"RL":  0.8949266515797006}
,
{ "x":  64,
"greedy000":  0.0,
"greedy050":  0.0,
"greedy100":  0.9671808516024294,
"DP_05":  0.0,
"DP_30":  0.0,
"DP_60":  0.0,
"DP_95":  0.968944920806333,
"QL_09":  0.6850800788455207,
"QL_05":  0.8401476936425535,
"RL":  0.893860482204694}
,
{ "x":  72,
"greedy000":  0.0,
"greedy050":  0.0,
"greedy100":  0.990030158311263,
"DP_05":  0.0,
"DP_30":  0.0,
"DP_60":  0.0,
"DP_95":  0.9888547829575607,
"QL_09":  0.6774591452988212,
"QL_05":  0.8380817736482566,
"RL":  0.89371114175338}
,
{ "x":  80,
"greedy000":  0.0,
"greedy050":  0.0,
"greedy100":  0.9967881938378174,
"DP_05":  0.0,
"DP_30":  0.0,
"DP_60":  0.0,
"DP_95":  0.9963074048971867,
"QL_09":  0.6883419912982747,
"QL_05":  0.8414026830264705,
"RL":  0.8960332820600321}
]}
