{ "x_label":"LC",
"y_label":"Acceptance Rate",
 "results":[
{ "x":  0,
"greedy000":  0.0,
"greedy050":  0.0,
"greedy100":  0.0,
"DP_05":  0.0,
"DP_30":  0.0,
"DP_60":  0.0,
"DP_95":  0.0,
"QL":  0.0,
"RL":  0.0}
,
{ "x":  10,
"greedy000":  0.0,
"greedy050":  0.0,
"greedy100":  0.3578863494837519,
"DP_05":  0.0,
"DP_30":  0.0,
"DP_60":  0.0,
"DP_95":  0.6202700308731082,
"QL":  0.5126654383083193,
"RL":  0.617698750914914}
,
{ "x":  20,
"greedy000":  0.0,
"greedy050":  0.0,
"greedy100":  0.5170941033417876,
"DP_05":  0.0,
"DP_30":  0.0,
"DP_60":  0.0,
"DP_95":  0.7017008041311381,
"QL":  0.5961147984133551,
"RL":  0.6970491758039954}
,
{ "x":  30,
"greedy000":  0.0,
"greedy050":  0.0,
"greedy100":  0.6885981874099765,
"DP_05":  0.0,
"DP_30":  0.0,
"DP_60":  0.0,
"DP_95":  0.781722196283271,
"QL":  0.6657261920003019,
"RL":  0.7773412593061058}
,
{ "x":  40,
"greedy000":  0.0,
"greedy050":  0.0,
"greedy100":  0.8039150598880406,
"DP_05":  0.0,
"DP_30":  0.0,
"DP_60":  0.0,
"DP_95":  0.8535838248588459,
"QL":  0.6738216728910859,
"RL":  0.8372095382471821}
,
{ "x":  50,
"greedy000":  0.0,
"greedy050":  0.0,
"greedy100":  0.8992991861837114,
"DP_05":  0.0,
"DP_30":  0.0,
"DP_60":  0.0,
"DP_95":  0.9159783070390775,
"QL":  0.6790413170302553,
"RL":  0.8858247016115307}
,
{ "x":  60,
"greedy000":  0.0,
"greedy050":  0.0,
"greedy100":  0.9596769403263835,
"DP_05":  0.0,
"DP_30":  0.0,
"DP_60":  0.0,
"DP_95":  0.9609255839471779,
"QL":  0.6732497175081559,
"RL":  0.8942831706868727}
]}
