{ "x_label":"LC",
"y_label":"Federation Rate",
 "results":[
{ "x":  0,
"greedy000":  0.0,
"greedy050":  0.0,
"greedy100":  0.5263157987557602,
"DP_05":  0.0,
"DP_30":  0.0,
"DP_60":  0.0,
"DP_95":  0.6973948343135276,
"QL_09":  0.6996814982293948,
"QL_05":  0.6617480357222892,
"RL":  0.7041990247093911}
,
{ "x":  8,
"greedy000":  0.0,
"greedy050":  0.0,
"greedy100":  0.3904519840038846,
"DP_05":  0.0,
"DP_30":  0.0,
"DP_60":  0.0,
"DP_95":  0.20777652021935217,
"QL_09":  0.25509018911365267,
"QL_05":  0.32426720295529066,
"RL":  0.21046253163991357}
,
{ "x":  16,
"greedy000":  0.0,
"greedy050":  0.0,
"greedy100":  0.3134971583393792,
"DP_05":  0.0,
"DP_30":  0.0,
"DP_60":  0.0,
"DP_95":  0.14661872684559846,
"QL_09":  0.23213545050700604,
"QL_05":  0.2374631910631778,
"RL":  0.16045675980422852}
,
{ "x":  24,
"greedy000":  0.0,
"greedy050":  0.0,
"greedy100":  0.25635365268331106,
"DP_05":  0.0,
"DP_30":  0.0,
"DP_60":  0.0,
"DP_95":  0.13844674238476196,
"QL_09":  0.21061226423904927,
"QL_05":  0.1812305312859594,
"RL":  0.15044830022742334}
,
{ "x":  32,
"greedy000":  0.0,
"greedy050":  0.0,
"greedy100":  0.21019880099943586,
"DP_05":  0.0,
"DP_30":  0.0,
"DP_60":  0.0,
"DP_95":  0.12394552329230443,
"QL_09":  0.19772637357886175,
"QL_05":  0.15180580329492094,
"RL":  0.1334431258164495}
,
{ "x":  40,
"greedy000":  0.0,
"greedy050":  0.0,
"greedy100":  0.15061520410444562,
"DP_05":  0.0,
"DP_30":  0.0,
"DP_60":  0.0,
"DP_95":  0.10513680422778442,
"QL_09":  0.20298023942347304,
"QL_05":  0.12751301016478667,
"RL":  0.11485269516053487}
,
{ "x":  48,
"greedy000":  0.0,
"greedy050":  0.0,
"greedy100":  0.09963498546664305,
"DP_05":  0.0,
"DP_30":  0.0,
"DP_60":  0.0,
"DP_95":  0.07775331932612636,
"QL_09":  0.20183821948585529,
"QL_05":  0.1124521743493699,
"RL":  0.08844694967791991}
,
{ "x":  56,
"greedy000":  0.0,
"greedy050":  0.0,
"greedy100":  0.05214374403409211,
"DP_05":  0.0,
"DP_30":  0.0,
"DP_60":  0.0,
"DP_95":  0.047588731133081395,
"QL_09":  0.20728367705628842,
"QL_05":  0.11237567401331475,
"RL":  0.07735977644015024}
]}
