{ "x_label":"episode",
"y_label":"Acceptance Rate",
"results":[
{ "x":  10,
"DP_05":  0.5279545857954967,
"DP_30":  0.5869156899471086,
"DP_60":  0.5791403442621088,
"DP_95":  0.5019589956269921,
"QL-Dynamic": 0.16412843102990604,
"QL-Static": 0.19664982170650042}
,
{ "x":  20,
"DP_05":  0.5250065642995317,
"DP_30":  0.5842862983046389,
"DP_60":  0.5762507964772109,
"DP_95":  0.4999433294417646,
"QL-Dynamic": 0.13061771792152008,
"QL-Static": 0.2123944584065875}
,
{ "x":  30,
"DP_05":  0.5263853288292062,
"DP_30":  0.5857986602908043,
"DP_60":  0.5793674030470719,
"DP_95":  0.5019231055965445,
"QL-Dynamic": 0.14902767650767773,
"QL-Static": 0.19692739710524357}
,
{ "x":  40,
"DP_05":  0.5263953380025971,
"DP_30":  0.5850632863149977,
"DP_60":  0.5775877416321924,
"DP_95":  0.5008226132931298,
"QL-Dynamic": 0.13000364304736234,
"QL-Static": 0.22240321901818472}
,
{ "x":  50,
"DP_05":  0.5255776318862363,
"DP_30":  0.58601286598988,
"DP_60":  0.5781757296921775,
"DP_95":  0.5018457814856332,
"QL-Dynamic": 0.14322354527541586,
"QL-Static": 0.23007297856879305}
,
{ "x":  60,
"DP_05":  0.5247673961059934,
"DP_30":  0.585809251666249,
"DP_60":  0.5777729717611543,
"DP_95":  0.49921806831643695,
"QL-Dynamic": 0.13105143337871214,
"QL-Static": 0.21014920634157103}
,
{ "x":  70,
"DP_05":  0.5248121412124062,
"DP_30":  0.5824781980874547,
"DP_60":  0.5760257932128825,
"DP_95":  0.4995000462114724,
"QL-Dynamic": 0.11198538137083287,
"QL-Static": 0.21556131984300778}
,
{ "x":  80,
"DP_05":  0.5219638141623755,
"DP_30":  0.5824742238104963,
"DP_60":  0.5757130977538929,
"DP_95":  0.4981137716160223,
"QL-Dynamic": 0.13914988229796493,
"QL-Static": 0.2199691105849789}
,
{ "x":  90,
"DP_05":  0.5220801240851377,
"DP_30":  0.5833266376953098,
"DP_60":  0.5755587690426073,
"DP_95":  0.4991346898913478,
"QL-Dynamic": 0.13714478881162862,
"QL-Static": 0.21149204910924052}
,
{ "x":  100,
"DP_05":  0.525746640500538,
"DP_30":  0.5856995095692406,
"DP_60":  0.5790785026733523,
"DP_95":  0.5011220439269515,
"QL-Dynamic": 0.131288760642323,
"QL-Static": 0.1843784191577542}
,
{ "x":  110,
"DP_05":  0.5250630140944033,
"DP_30":  0.5856595716706193,
"DP_60":  0.5780746889162963,
"DP_95":  0.5013365188030491,
"QL-Dynamic": 0.1507580922510307,
"QL-Static": 0.21848135564361637}
,
{ "x":  120,
"DP_05":  0.5262221615211137,
"DP_30":  0.5851381519421879,
"DP_60":  0.5780979298112313,
"DP_95":  0.501092161565165,
"QL-Dynamic": 0.10782640240667778,
"QL-Static": 0.19002559960996632}
,
{ "x":  130,
"DP_05":  0.529291343856152,
"DP_30":  0.5861375072098302,
"DP_60":  0.5793851700862729,
"DP_95":  0.5021522383347321,
"QL-Dynamic": 0.12816618395734442,
"QL-Static": 0.19482654383469528}
,
{ "x":  140,
"DP_05":  0.5213580590250484,
"DP_30":  0.583486994960809,
"DP_60":  0.5767719159018468,
"DP_95":  0.49857307943559226,
"QL-Dynamic": 0.10456523816776253,
"QL-Static": 0.21516813084885084}
,
{ "x":  150,
"DP_05":  0.5260390392342196,
"DP_30":  0.5844736050209205,
"DP_60":  0.5772515108764551,
"DP_95":  0.4998101867366176,
"QL-Dynamic": 0.13289985659218648,
"QL-Static": 0.21797593405830898}
,
{ "x":  160,
"DP_05":  0.5225699488582554,
"DP_30":  0.583607405514677,
"DP_60":  0.5756596117443361,
"DP_95":  0.4999171577119907,
"QL-Dynamic": 0.1565122857989523,
"QL-Static": 0.19525680648749158}
,
{ "x":  170,
"DP_05":  0.5227419207658409,
"DP_30":  0.5831731616109014,
"DP_60":  0.5757307480293017,
"DP_95":  0.4983375355662736,
"QL-Dynamic": 0.15004847355107237,
"QL-Static": 0.20800566171096174}
,
{ "x":  180,
"DP_05":  0.5259421454156566,
"DP_30":  0.583719476907477,
"DP_60":  0.5771837379138126,
"DP_95":  0.4998656616342845,
"QL-Dynamic": 0.14895347692810978,
"QL-Static": 0.2143418730208411}
,
{ "x":  190,
"DP_05":  0.5244643602724438,
"DP_30":  0.5840004397212013,
"DP_60":  0.5766895989317143,
"DP_95":  0.49927921297631583,
"QL-Dynamic": 0.14533563821033346,
"QL-Static": 0.22529294075833736}
,
{ "x":  200,
"DP_05":  0.5255212265393806,
"DP_30":  0.5843171978288708,
"DP_60":  0.5758223018739801,
"DP_95":  0.49971403661636243,
"QL-Dynamic": 0.1485356708810854,
"QL-Static": 0.1932681620516653}
]}
