{ "x_label":"episode",
"y_label":"Federation Rate",
"results":[
{ "x":  10,
"DP_05":  0.47204541420450324,
"DP_30":  0.41308431005289137,
"DP_60":  0.4208596557378912,
"DP_95":  0.498041004373008,
"QL-Dynamic": 0.48564853015426235,
"QL-Static": 0.5076691131830754}
,
{ "x":  20,
"DP_05":  0.4749934357004682,
"DP_30":  0.41571370169536115,
"DP_60":  0.4237492035227891,
"DP_95":  0.5000566705582353,
"QL-Dynamic": 0.5391897163421221,
"QL-Static": 0.48499149719485524}
,
{ "x":  30,
"DP_05":  0.4736146711707939,
"DP_30":  0.4142013397091957,
"DP_60":  0.4206325969529282,
"DP_95":  0.4980768944034555,
"QL-Dynamic": 0.4716333577646072,
"QL-Static": 0.47934441871216676}
,
{ "x":  40,
"DP_05":  0.4736046619974029,
"DP_30":  0.4149367136850024,
"DP_60":  0.4224122583678075,
"DP_95":  0.49917738670687006,
"QL-Dynamic": 0.47430967400773233,
"QL-Static": 0.4578821903025283}
,
{ "x":  50,
"DP_05":  0.47442236811376376,
"DP_30":  0.4139871340101199,
"DP_60":  0.4218242703078227,
"DP_95":  0.4981542185143668,
"QL-Dynamic": 0.4473632263069918,
"QL-Static": 0.5011236551479649}
,
{ "x":  60,
"DP_05":  0.4752326038940066,
"DP_30":  0.4141907483337511,
"DP_60":  0.42222702823884567,
"DP_95":  0.5007819316835631,
"QL-Dynamic": 0.49274406105145113,
"QL-Static": 0.47383238772972747}
,
{ "x":  70,
"DP_05":  0.4751878587875938,
"DP_30":  0.4175218019125452,
"DP_60":  0.42397420678711756,
"DP_95":  0.5004999537885276,
"QL-Dynamic": 0.3687163389222776,
"QL-Static": 0.4419318293678692}
,
{ "x":  80,
"DP_05":  0.4780361858376246,
"DP_30":  0.4175257761895036,
"DP_60":  0.424286902246107,
"DP_95":  0.5018862283839777,
"QL-Dynamic": 0.4512987449228571,
"QL-Static": 0.48626830035322627}
,
{ "x":  90,
"DP_05":  0.4779198759148624,
"DP_30":  0.4166733623046902,
"DP_60":  0.42444123095739267,
"DP_95":  0.5008653101086522,
"QL-Dynamic": 0.37582222115655084,
"QL-Static": 0.48741083359999265}
,
{ "x":  100,
"DP_05":  0.474253359499462,
"DP_30":  0.4143004904307594,
"DP_60":  0.42092149732664774,
"DP_95":  0.4988779560730485,
"QL-Dynamic": 0.4659355240971925,
"QL-Static": 0.5816208066638812}
,
{ "x":  110,
"DP_05":  0.4749369859055967,
"DP_30":  0.4143404283293807,
"DP_60":  0.42192531108370374,
"DP_95":  0.4986634811969509,
"QL-Dynamic": 0.4389460930511793,
"QL-Static": 0.4856612831426559}
,
{ "x":  120,
"DP_05":  0.4737778384788865,
"DP_30":  0.41486184805781223,
"DP_60":  0.42190207018876874,
"DP_95":  0.49890783843483505,
"QL-Dynamic": 0.38496760587303297,
"QL-Static": 0.5075164185736194}
,
{ "x":  130,
"DP_05":  0.470708656143848,
"DP_30":  0.4138624927901698,
"DP_60":  0.42061482991372723,
"DP_95":  0.49784776166526795,
"QL-Dynamic": 0.4368102499117378,
"QL-Static": 0.528571473448444}
,
{ "x":  140,
"DP_05":  0.4786419409749516,
"DP_30":  0.41651300503919086,
"DP_60":  0.42322808409815293,
"DP_95":  0.5014269205644077,
"QL-Dynamic": 0.39566419713683887,
"QL-Static": 0.5340438276026287}
,
{ "x":  150,
"DP_05":  0.4739609607657805,
"DP_30":  0.4155263949790796,
"DP_60":  0.42274848912354474,
"DP_95":  0.5001898132633824,
"QL-Dynamic": 0.3629583054293557,
"QL-Static": 0.43690600070447266}
,
{ "x":  160,
"DP_05":  0.4774300511417444,
"DP_30":  0.41639259448532295,
"DP_60":  0.42434038825566395,
"DP_95":  0.5000828422880093,
"QL-Dynamic": 0.39852519639787787,
"QL-Static": 0.532917266813036}
,
{ "x":  170,
"DP_05":  0.4772580792341591,
"DP_30":  0.4168268383890986,
"DP_60":  0.42426925197069826,
"DP_95":  0.5016624644337264,
"QL-Dynamic": 0.40131668374811846,
"QL-Static": 0.5132320954575718}
,
{ "x":  180,
"DP_05":  0.47405785458434335,
"DP_30":  0.41628052309252306,
"DP_60":  0.42281626208618744,
"DP_95":  0.5001343383657154,
"QL-Dynamic": 0.47067299185672484,
"QL-Static": 0.5146275716746704}
,
{ "x":  190,
"DP_05":  0.47553563972755625,
"DP_30":  0.4159995602787987,
"DP_60":  0.4233104010682856,
"DP_95":  0.5007207870236842,
"QL-Dynamic": 0.4001345124479029,
"QL-Static": 0.4969338857703775}
,
{ "x":  200,
"DP_05":  0.47447877346061945,
"DP_30":  0.4156828021711295,
"DP_60":  0.4241776981260199,
"DP_95":  0.5002859633836375,
"QL-Dynamic": 0.43123062125833356,
"QL-Static": 0.5296380145575097}
]}
