{ "x_label":"episode",
"y_label":"Average Profit",
"results":[
{ "x":  10,
"DP_05":  220.2492817457989,
"DP_30":  256.6501619780473,
"DP_60":  257.685066675607,
"DP_95":  260.4433688809971,
"QL-Dynamic": 87.36784173561011,
"QL-Static": 103.38190414452617}
,
{ "x":  20,
"DP_05":  219.32108238837733,
"DP_30":  255.39250126964325,
"DP_60":  256.33515471927626,
"DP_95":  259.4738249057098,
"QL-Dynamic": 78.72142789741562,
"QL-Static": 99.45445234224425}
,
{ "x":  30,
"DP_05":  219.5049864236411,
"DP_30":  256.42448415452196,
"DP_60":  257.50666941139554,
"DP_95":  260.42665458601476,
"QL-Dynamic": 73.81661595697514,
"QL-Static": 95.02670754813975}
,
{ "x":  40,
"DP_05":  219.3837558565526,
"DP_30":  255.741992946673,
"DP_60":  256.69042999691067,
"DP_95":  259.898893167274,
"QL-Dynamic": 63.69446469769232,
"QL-Static": 102.63523439459303}
,
{ "x":  50,
"DP_05":  219.66111151184046,
"DP_30":  256.3558224846494,
"DP_60":  257.25249558452265,
"DP_95":  260.3894323103998,
"QL-Dynamic": 72.70177700835103,
"QL-Static": 107.49157325777789}
,
{ "x":  60,
"DP_05":  218.32836841850516,
"DP_30":  255.2362558568696,
"DP_60":  256.29171997071603,
"DP_95":  259.12389086020625,
"QL-Dynamic": 72.25989439704324,
"QL-Static": 101.06346598714566}
,
{ "x":  70,
"DP_05":  218.61056596097708,
"DP_30":  255.01460351360677,
"DP_60":  255.96885316779333,
"DP_95":  259.26062202823124,
"QL-Dynamic": 53.75468458901133,
"QL-Static": 98.68046891017833}
,
{ "x":  80,
"DP_05":  217.29153226021393,
"DP_30":  254.4404898552175,
"DP_60":  255.4074758978837,
"DP_95":  258.59594380149105,
"QL-Dynamic": 74.34984097515941,
"QL-Static": 102.73702973692582}
,
{ "x":  90,
"DP_05":  218.13864318608663,
"DP_30":  255.11052665070332,
"DP_60":  256.01287514778113,
"DP_95":  259.0859525246303,
"QL-Dynamic": 67.1375353034282,
"QL-Static": 102.69126120894681}
,
{ "x":  100,
"DP_05":  218.57454908116816,
"DP_30":  255.9364585261662,
"DP_60":  257.0930152262367,
"DP_95":  260.04181116916766,
"QL-Dynamic": 65.84094933619782,
"QL-Static": 97.60393710187678}
,
{ "x":  110,
"DP_05":  219.0482157688532,
"DP_30":  256.0509052907877,
"DP_60":  256.9657772022629,
"DP_95":  260.14501416383615,
"QL-Dynamic": 75.51921714913357,
"QL-Static": 103.6385715093166}
,
{ "x":  120,
"DP_05":  219.7242401794546,
"DP_30":  255.84113388098777,
"DP_60":  256.8012699507972,
"DP_95":  260.02587315464234,
"QL-Dynamic": 61.231048141382445,
"QL-Static": 94.08101821156913}
,
{ "x":  130,
"DP_05":  221.0025935107529,
"DP_30":  256.49852384661995,
"DP_60":  257.4718047175557,
"DP_95":  260.53738660730204,
"QL-Dynamic": 62.562603319291135,
"QL-Static": 101.07713769005372}
,
{ "x":  140,
"DP_05":  216.9325343827643,
"DP_30":  254.5564005600384,
"DP_60":  255.552853910253,
"DP_95":  258.8141944680774,
"QL-Dynamic": 56.157923983282735,
"QL-Static": 104.91534743694945}
,
{ "x":  150,
"DP_05":  218.77520466592713,
"DP_30":  255.2352327360652,
"DP_60":  256.2895148949588,
"DP_95":  259.41033690623493,
"QL-Dynamic": 62.726282335886545,
"QL-Static": 100.20549124977917}
,
{ "x":  160,
"DP_05":  217.7490053826991,
"DP_30":  255.28657835456562,
"DP_60":  256.2095833289329,
"DP_95":  259.4601528594675,
"QL-Dynamic": 72.40640741860483,
"QL-Static": 100.78234042454383}
,
{ "x":  170,
"DP_05":  217.09268576641173,
"DP_30":  254.6784682452684,
"DP_60":  255.86292368195353,
"DP_95":  258.7035605809049,
"QL-Dynamic": 72.04707900793818,
"QL-Static": 101.46060444621638}
,
{ "x":  180,
"DP_05":  218.84743557390408,
"DP_30":  255.20195451937514,
"DP_60":  256.31837721547197,
"DP_95":  259.4391243137346,
"QL-Dynamic": 65.91800648009594,
"QL-Static": 97.79626160869906}
,
{ "x":  190,
"DP_05":  218.78266005635876,
"DP_30":  255.06181100373422,
"DP_60":  256.08041460476727,
"DP_95":  259.1560014428067,
"QL-Dynamic": 64.57853807625769,
"QL-Static": 105.3133749748985}
,
{ "x":  200,
"DP_05":  219.01292842295342,
"DP_30":  255.34384859048316,
"DP_60":  256.2750544533058,
"DP_95":  259.36298433197044,
"QL-Dynamic": 64.98701773474328,
"QL-Static": 96.35024262876193}
]}
