{ "x_label":"eta",
"y_label":"Federation Rate",
 "results":[
{ "x":  0.1,
"greedy000":  0.5910386093281325,
"greedy050":  0.48636545341562626,
"greedy100":  0.36624008994871565,
"DP_05":  0.054949508617906914,
"DP_30":  0.054949508617906914,
"DP_60":  0.054949508617906914,
"DP_95":  0.0006696401369327713,
"QL":  0.12365908690119187}
,
{ "x":  0.125,
"greedy000":  0.5982366851995862,
"greedy050":  0.49061676520444236,
"greedy100":  0.38116746946311497,
"DP_05":  0.06448184569601473,
"DP_30":  0.06448184569601473,
"DP_60":  0.06448184569601473,
"DP_95":  0.002093278842122276,
"QL":  0.27283796508626973}
,
{ "x":  0.15000000000000002,
"greedy000":  0.589433787911167,
"greedy050":  0.4869168215513399,
"greedy100":  0.40104503901372074,
"DP_05":  0.08679095414045661,
"DP_30":  0.08679095414045661,
"DP_60":  0.08679095414045661,
"DP_95":  0.0034249846176884133,
"QL":  0.21351015954752978}
,
{ "x":  0.17500000000000002,
"greedy000":  0.5944909918544471,
"greedy050":  0.4956144010774848,
"greedy100":  0.4117204284539099,
"DP_05":  0.08961908263597414,
"DP_30":  0.08961908263597414,
"DP_60":  0.08961908263597414,
"DP_95":  0.00428925100148614,
"QL":  0.23088764498370112}
,
{ "x":  0.2,
"greedy000":  0.6081012316436417,
"greedy050":  0.5084764045428505,
"greedy100":  0.41697288549225,
"DP_05":  0.09451028697356621,
"DP_30":  0.09451028697356621,
"DP_60":  0.09451028697356621,
"DP_95":  0.017410437776286543,
"QL":  0.11141426482151777}
,
{ "x":  0.225,
"greedy000":  0.6181714915980231,
"greedy050":  0.5201630825427402,
"greedy100":  0.44026011518012426,
"DP_05":  0.10991300090846771,
"DP_30":  0.10991300090846771,
"DP_60":  0.10991300090846771,
"DP_95":  0.011405966955726505,
"QL":  0.1866214266771092}
,
{ "x":  0.25,
"greedy000":  0.6185484780616892,
"greedy050":  0.5252792772568828,
"greedy100":  0.44621075164522733,
"DP_05":  0.1159039311824479,
"DP_30":  0.1159039311824479,
"DP_60":  0.1159039311824479,
"DP_95":  0.02433813821010695,
"QL":  0.13186585837121817}
,
{ "x":  0.275,
"greedy000":  0.6290625708980084,
"greedy050":  0.538532552033068,
"greedy100":  0.46164672834200127,
"DP_05":  0.1212235833089784,
"DP_30":  0.1212235833089784,
"DP_60":  0.1212235833089784,
"DP_95":  0.02678822535329469,
"QL":  0.188690927948073}
,
{ "x":  0.30000000000000004,
"greedy000":  0.6278483272292147,
"greedy050":  0.5343897777623382,
"greedy100":  0.4686270842517889,
"DP_05":  0.12679962295377178,
"DP_30":  0.12679962295377178,
"DP_60":  0.12679962295377178,
"DP_95":  0.04696167459188742,
"QL":  0.23351744704017108}
,
{ "x":  0.325,
"greedy000":  0.6334198331534415,
"greedy050":  0.5564856791803414,
"greedy100":  0.4940621056371007,
"DP_05":  0.4940621056371007,
"DP_30":  0.4940621056371007,
"DP_60":  0.4940621056371007,
"DP_95":  0.423623394119043,
"QL":  0.40559940316946214}
,
{ "x":  0.35,
"greedy000":  0.6393817585818788,
"greedy050":  0.5629331364080778,
"greedy100":  0.5101348897104225,
"DP_05":  0.5101348897104225,
"DP_30":  0.5101348897104225,
"DP_60":  0.5101348897104225,
"DP_95":  0.44973239767726414,
"QL":  0.5180121854754137}
,
{ "x":  0.375,
"greedy000":  0.6549065602252491,
"greedy050":  0.5784804430007213,
"greedy100":  0.524227693538834,
"DP_05":  0.524227693538834,
"DP_30":  0.524227693538834,
"DP_60":  0.524227693538834,
"DP_95":  0.4443981615383459,
"QL":  0.5860522543773173}
,
{ "x":  0.4,
"greedy000":  0.6480059339248072,
"greedy050":  0.5868045434066199,
"greedy100":  0.5451535775624685,
"DP_05":  0.5451535775624685,
"DP_30":  0.5451535775624685,
"DP_60":  0.5451535775624685,
"DP_95":  0.4806304268438154,
"QL":  0.5937107368745327}
,
{ "x":  0.42500000000000004,
"greedy000":  0.6649357046403208,
"greedy050":  0.6070067160492613,
"greedy100":  0.5691133366178174,
"DP_05":  0.5691133366178174,
"DP_30":  0.5691133366178174,
"DP_60":  0.5691133366178174,
"DP_95":  0.4984242152020378,
"QL":  0.6166910914987774}
,
{ "x":  0.45000000000000007,
"greedy000":  0.6684560415595904,
"greedy050":  0.5989219937840651,
"greedy100":  0.5472841069631551,
"DP_05":  0.5472841069631551,
"DP_30":  0.5472841069631551,
"DP_60":  0.5472841069631551,
"DP_95":  0.4798383471093309,
"QL":  0.6150477712166482}
,
{ "x":  0.475,
"greedy000":  0.6673613397032236,
"greedy050":  0.6111316055932945,
"greedy100":  0.5733574860780661,
"DP_05":  0.5733574860780661,
"DP_30":  0.5733574860780661,
"DP_60":  0.5733574860780661,
"DP_95":  0.5115848852848262,
"QL":  0.6458127950669564}
,
{ "x":  0.5,
"greedy000":  0.6609330638313614,
"greedy050":  0.6034762341748975,
"greedy100":  0.5658534463195837,
"DP_05":  0.5658534463195837,
"DP_30":  0.5658534463195837,
"DP_60":  0.5658534463195837,
"DP_95":  0.5037202062709333,
"QL":  0.6359325578325434}
,
{ "x":  0.525,
"greedy000":  0.679012297155157,
"greedy050":  0.6268946007198614,
"greedy100":  0.5910370130286241,
"DP_05":  0.5910370130286241,
"DP_30":  0.5910370130286241,
"DP_60":  0.5910370130286241,
"DP_95":  0.5319408725881898,
"QL":  0.6455825986843168}
,
{ "x":  0.55,
"greedy000":  0.6825339745520392,
"greedy050":  0.6356969251438358,
"greedy100":  0.607312481249873,
"DP_05":  0.607312481249873,
"DP_30":  0.607312481249873,
"DP_60":  0.607312481249873,
"DP_95":  0.5790406931693505,
"QL":  0.6612367115441311}
,
{ "x":  0.5750000000000001,
"greedy000":  0.6929550884891532,
"greedy050":  0.6524319644615288,
"greedy100":  0.626997394073233,
"DP_05":  0.626997394073233,
"DP_30":  0.626997394073233,
"DP_60":  0.626997394073233,
"DP_95":  0.5879138828736467,
"QL":  0.6746972251438029}
,
{ "x":  0.6,
"greedy000":  0.6890169575414495,
"greedy050":  0.6404085650049186,
"greedy100":  0.6108997340959981,
"DP_05":  0.6108997340959981,
"DP_30":  0.6108997340959981,
"DP_60":  0.6108997340959981,
"DP_95":  0.5780295925262693,
"QL":  0.6522641103308496}
]}
