{ "x_label":"zeta",
"y_label":"Acceptance Rate",
 "results":[
{ "x":  0.0,
"greedy000":  0.47775007334547376,
"greedy050":  0.588857375661078,
"greedy100":  0.6464694537989465,
"DP_05":  0.019505716191528157,
"DP_30":  0.0,
"DP_60":  0.028919668621486344,
"DP_95":  0.03880715000427083,
"QL":  0.08696360359433984}
,
{ "x":  0.25,
"greedy000":  0.47855460093028085,
"greedy050":  0.5894343135586091,
"greedy100":  0.6499324003846466,
"DP_05":  0.6499324003846466,
"DP_30":  0.6499324003846466,
"DP_60":  0.6499324003846466,
"DP_95":  0.7671841683534948,
"QL":  0.33060435447218894}
,
{ "x":  0.5,
"greedy000":  0.47639149083456145,
"greedy050":  0.5846339764455926,
"greedy100":  0.6433506955003221,
"DP_05":  0.6433506955003221,
"DP_30":  0.6433506955003221,
"DP_60":  0.6433506955003221,
"DP_95":  0.7632015291730617,
"QL":  0.45937307688363316}
,
{ "x":  0.75,
"greedy000":  0.47820967188601865,
"greedy050":  0.5859837443488698,
"greedy100":  0.6469848638166644,
"DP_05":  0.6469848638166644,
"DP_30":  0.6469848638166644,
"DP_60":  0.6469848638166644,
"DP_95":  0.765738129698045,
"QL":  0.5671472849371424}
,
{ "x":  1.0,
"greedy000":  0.47780594506718305,
"greedy050":  0.5864688219584396,
"greedy100":  0.6495611841227567,
"DP_05":  0.6495611841227567,
"DP_30":  0.6495611841227567,
"DP_60":  0.6495611841227567,
"DP_95":  0.769250394932794,
"QL":  0.6031469651854936}
,
{ "x":  1.25,
"greedy000":  0.47764206662229414,
"greedy050":  0.5801662482231903,
"greedy100":  0.6420070986866615,
"DP_05":  0.6420070986866615,
"DP_30":  0.6420070986866615,
"DP_60":  0.6420070986866615,
"DP_95":  0.7624383473012606,
"QL":  0.6204997438214918}
,
{ "x":  1.5,
"greedy000":  0.4790633361510336,
"greedy050":  0.5904990246566778,
"greedy100":  0.6496451263079666,
"DP_05":  0.6496451263079666,
"DP_30":  0.6496451263079666,
"DP_60":  0.6496451263079666,
"DP_95":  0.7686404819962142,
"QL":  0.6380025487365675}
,
{ "x":  1.75,
"greedy000":  0.47558613845138475,
"greedy050":  0.587722272252404,
"greedy100":  0.6488338409215074,
"DP_05":  0.6488338409215074,
"DP_30":  0.6488338409215074,
"DP_60":  0.6488338409215074,
"DP_95":  0.7677078562409352,
"QL":  0.6472757364755481}
,
{ "x":  2.0,
"greedy000":  0.47993549753403436,
"greedy050":  0.586835066187632,
"greedy100":  0.6492089719212125,
"DP_05":  0.6492089719212125,
"DP_30":  0.6492089719212125,
"DP_60":  0.6492089719212125,
"DP_95":  0.7673199537757593,
"QL":  0.6480019770132379}
,
{ "x":  2.25,
"greedy000":  0.4756305466373423,
"greedy050":  0.5835529604652409,
"greedy100":  0.6429157701769018,
"DP_05":  0.6429157701769018,
"DP_30":  0.6429157701769018,
"DP_60":  0.6429157701769018,
"DP_95":  0.7634521892479651,
"QL":  0.6422857675002692}
,
{ "x":  2.5,
"greedy000":  0.4781097187132051,
"greedy050":  0.5865972775199001,
"greedy100":  0.6484142273099933,
"DP_05":  0.6484142273099933,
"DP_30":  0.6484142273099933,
"DP_60":  0.6484142273099933,
"DP_95":  0.7674281919487209,
"QL":  0.6474813600768752}
,
{ "x":  2.75,
"greedy000":  0.4782404386747299,
"greedy050":  0.5874260276793839,
"greedy100":  0.6460333668429363,
"DP_05":  0.6460333668429363,
"DP_30":  0.6460333668429363,
"DP_60":  0.6460333668429363,
"DP_95":  0.7651410599931611,
"QL":  0.6451109274561749}
,
{ "x":  3.0,
"greedy000":  0.4788618770660202,
"greedy050":  0.5853815967280585,
"greedy100":  0.6482734266588996,
"DP_05":  0.6482734266588996,
"DP_30":  0.6482734266588996,
"DP_60":  0.6482734266588996,
"DP_95":  0.7670477826266726,
"QL":  0.6472242661980501}
,
{ "x":  3.25,
"greedy000":  0.47850214655572454,
"greedy050":  0.588368335934568,
"greedy100":  0.6472888870890428,
"DP_05":  0.6472888870890428,
"DP_30":  0.6472888870890428,
"DP_60":  0.6472888870890428,
"DP_95":  0.7657772839419088,
"QL":  0.6463940723421591}
,
{ "x":  3.5,
"greedy000":  0.47714510144586775,
"greedy050":  0.5854427344593793,
"greedy100":  0.6471558875975625,
"DP_05":  0.6471558875975625,
"DP_30":  0.6471558875975625,
"DP_60":  0.6471558875975625,
"DP_95":  0.7663063836042814,
"QL":  0.6468445963903714}
,
{ "x":  3.75,
"greedy000":  0.47994902058829136,
"greedy050":  0.5875328061920204,
"greedy100":  0.6474783055544988,
"DP_05":  0.6474783055544988,
"DP_30":  0.6474783055544988,
"DP_60":  0.6474783055544988,
"DP_95":  0.7675630788618409,
"QL":  0.6467328586463025}
,
{ "x":  4.0,
"greedy000":  0.47648118884981183,
"greedy050":  0.5813082353309774,
"greedy100":  0.6428865160188708,
"DP_05":  0.6428865160188708,
"DP_30":  0.6428865160188708,
"DP_60":  0.6428865160188708,
"DP_95":  0.7631630988618998,
"QL":  0.6428954992338001}
,
{ "x":  4.25,
"greedy000":  0.47469711928706426,
"greedy050":  0.5859818840485019,
"greedy100":  0.6465655728356847,
"DP_05":  0.6465655728356847,
"DP_30":  0.6465655728356847,
"DP_60":  0.6465655728356847,
"DP_95":  0.7646136750930401,
"QL":  0.645460273489521}
,
{ "x":  4.5,
"greedy000":  0.4765093447327945,
"greedy050":  0.5913679674437629,
"greedy100":  0.6502247811064193,
"DP_05":  0.6502247811064193,
"DP_30":  0.6502247811064193,
"DP_60":  0.6502247811064193,
"DP_95":  0.7679849801963625,
"QL":  0.6499870434261286}
,
{ "x":  4.75,
"greedy000":  0.4730170763619202,
"greedy050":  0.5776153555592168,
"greedy100":  0.6406462285239825,
"DP_05":  0.6406462285239825,
"DP_30":  0.6406462285239825,
"DP_60":  0.6406462285239825,
"DP_95":  0.7628361617058276,
"QL":  0.6404826176040581}
,
{ "x":  5.0,
"greedy000":  0.47577289442706167,
"greedy050":  0.5864032960151762,
"greedy100":  0.6506648558752841,
"DP_05":  0.6506648558752841,
"DP_30":  0.6506648558752841,
"DP_60":  0.6506648558752841,
"DP_95":  0.7678110047492821,
"QL":  0.6501623712759446}
]}
