{ "x_label":"zeta",
"y_label":"Federation Rate",
 "results":[
{ "x":  0.0,
"greedy000":  0.5222499266545262,
"greedy050":  0.4111426243389219,
"greedy100":  0.3535305462010534,
"DP_05":  0.9804942838084717,
"DP_30":  1.0,
"DP_60":  0.9710803313785139,
"DP_95":  0.9611928499957292,
"QL":  0.9113363800153771}
,
{ "x":  0.25,
"greedy000":  0.5214453990697192,
"greedy050":  0.4105656864413909,
"greedy100":  0.3500675996153535,
"DP_05":  0.3500675996153535,
"DP_30":  0.3500675996153535,
"DP_60":  0.3500675996153535,
"DP_95":  0.23281583164650507,
"QL":  0.6572185988708623}
,
{ "x":  0.5,
"greedy000":  0.5236085091654386,
"greedy050":  0.41536602355440755,
"greedy100":  0.356649304499678,
"DP_05":  0.356649304499678,
"DP_30":  0.356649304499678,
"DP_60":  0.356649304499678,
"DP_95":  0.2367984708269383,
"QL":  0.538072560141362}
,
{ "x":  0.75,
"greedy000":  0.5217903281139813,
"greedy050":  0.4140162556511303,
"greedy100":  0.3530151361833357,
"DP_05":  0.3530151361833357,
"DP_30":  0.3530151361833357,
"DP_60":  0.3530151361833357,
"DP_95":  0.23426187030195522,
"QL":  0.4292073457677737}
,
{ "x":  1.0,
"greedy000":  0.522194054932817,
"greedy050":  0.41353117804156037,
"greedy100":  0.35043881587724324,
"DP_05":  0.35043881587724324,
"DP_30":  0.35043881587724324,
"DP_60":  0.35043881587724324,
"DP_95":  0.2307496050672059,
"QL":  0.361038584176065}
,
{ "x":  1.25,
"greedy000":  0.5223579333777059,
"greedy050":  0.4198337517768099,
"greedy100":  0.3579929013133385,
"DP_05":  0.3579929013133385,
"DP_30":  0.3579929013133385,
"DP_60":  0.3579929013133385,
"DP_95":  0.23756165269873933,
"QL":  0.36895122798528984}
,
{ "x":  1.5,
"greedy000":  0.5209366638489664,
"greedy050":  0.40950097534332197,
"greedy100":  0.35035487369203355,
"DP_05":  0.35035487369203355,
"DP_30":  0.35035487369203355,
"DP_60":  0.35035487369203355,
"DP_95":  0.23135951800378587,
"QL":  0.3549378305951143}
,
{ "x":  1.75,
"greedy000":  0.5244138615486151,
"greedy050":  0.41227772774759597,
"greedy100":  0.3511661590784925,
"DP_05":  0.3511661590784925,
"DP_30":  0.3511661590784925,
"DP_60":  0.3511661590784925,
"DP_95":  0.23229214375906482,
"QL":  0.35189263010726857}
,
{ "x":  2.0,
"greedy000":  0.5200645024659657,
"greedy050":  0.4131649338123681,
"greedy100":  0.35079102807878754,
"DP_05":  0.35079102807878754,
"DP_30":  0.35079102807878754,
"DP_60":  0.35079102807878754,
"DP_95":  0.2326800462242407,
"QL":  0.35130422731964883}
,
{ "x":  2.25,
"greedy000":  0.5243694533626577,
"greedy050":  0.41644703953475914,
"greedy100":  0.3570842298230982,
"DP_05":  0.3570842298230982,
"DP_30":  0.3570842298230982,
"DP_60":  0.3570842298230982,
"DP_95":  0.23654781075203504,
"QL":  0.3572208900851693}
,
{ "x":  2.5,
"greedy000":  0.521890281286795,
"greedy050":  0.4134027224800998,
"greedy100":  0.3515857726900068,
"DP_05":  0.0,
"DP_30":  0.0,
"DP_60":  0.0,
"DP_95":  0.0,
"QL":  0.18800922380029178}
,
{ "x":  2.75,
"greedy000":  0.5217595613252699,
"greedy050":  0.4125739723206161,
"greedy100":  0.35396663315706356,
"DP_05":  0.0,
"DP_30":  0.0,
"DP_60":  0.0,
"DP_95":  0.0,
"QL":  0.0002276757194840945}
,
{ "x":  3.0,
"greedy000":  0.5211381229339798,
"greedy050":  0.41461840327194155,
"greedy100":  0.3517265733411004,
"DP_05":  0.0,
"DP_30":  0.0,
"DP_60":  0.0,
"DP_95":  0.0,
"QL":  0.000312901786561998}
,
{ "x":  3.25,
"greedy000":  0.5214978534442755,
"greedy050":  0.411631664065432,
"greedy100":  0.35271111291095714,
"DP_05":  0.0,
"DP_30":  0.0,
"DP_60":  0.0,
"DP_95":  0.0,
"QL":  0.0002930382631779226}
,
{ "x":  3.5,
"greedy000":  0.5228548985541321,
"greedy050":  0.4145572655406209,
"greedy100":  0.35284411240243746,
"DP_05":  0.0,
"DP_30":  0.0,
"DP_60":  0.0,
"DP_95":  0.0,
"QL":  9.3921152859039e-05}
,
{ "x":  3.75,
"greedy000":  0.5200509794117087,
"greedy050":  0.41246719380797964,
"greedy100":  0.35252169444550124,
"DP_05":  0.0,
"DP_30":  0.0,
"DP_60":  0.0,
"DP_95":  0.0,
"QL":  0.00013360737305920283}
,
{ "x":  4.0,
"greedy000":  0.5235188111501882,
"greedy050":  0.4186917646690226,
"greedy100":  0.35711348398112913,
"DP_05":  0.0,
"DP_30":  0.0,
"DP_60":  0.0,
"DP_95":  0.0,
"QL":  3.997015407548719e-05}
,
{ "x":  4.25,
"greedy000":  0.5253028807129356,
"greedy050":  0.41401811595149807,
"greedy100":  0.35343442716431545,
"DP_05":  0.0,
"DP_30":  0.0,
"DP_60":  0.0,
"DP_95":  0.0,
"QL":  7.325392319711211e-05}
,
{ "x":  4.5,
"greedy000":  0.5234906552672055,
"greedy050":  0.40863203255623715,
"greedy100":  0.3497752188935807,
"DP_05":  0.0,
"DP_30":  0.0,
"DP_60":  0.0,
"DP_95":  0.0,
"QL":  2.6869109902231063e-05}
,
{ "x":  4.75,
"greedy000":  0.5269829236380799,
"greedy050":  0.4223846444407832,
"greedy100":  0.35935377147601766,
"DP_05":  0.0,
"DP_30":  0.0,
"DP_60":  0.0,
"DP_95":  0.0,
"QL":  1.3166556945358788e-05}
,
{ "x":  5.0,
"greedy000":  0.5242271055729384,
"greedy050":  0.41359670398482395,
"greedy100":  0.349335144124716,
"DP_05":  0.0,
"DP_30":  0.0,
"DP_60":  0.0,
"DP_95":  0.0,
"QL":  6.024106889608035e-05}
]}
