{ "x_label":"zeta",
"y_label":"Average Profit",
 "results":[
{ "x":  0.0,
"greedy000":  75.102841508914,
"greedy050":  75.102841508914,
"greedy100":  75.102841508914,
"DP_05":  75.102841508914,
"DP_30":  75.102841508914,
"DP_60":  75.102841508914,
"DP_95":  75.102841508914,
"QL":  75.00292924797404}
,
{ "x":  0.25,
"greedy000":  71.18686660466723,
"greedy050":  72.10371267340689,
"greedy100":  72.66243240536774,
"DP_05":  72.66243240536774,
"DP_30":  72.66243240536774,
"DP_60":  72.66243240536774,
"DP_95":  73.91337417248639,
"QL":  69.76635052571001}
,
{ "x":  0.5,
"greedy000":  67.0996927747441,
"greedy050":  68.89227441229262,
"greedy100":  69.9767144122291,
"DP_05":  69.9767144122291,
"DP_30":  69.9767144122291,
"DP_60":  69.9767144122291,
"DP_95":  72.52967402690003,
"QL":  67.38829306606712}
,
{ "x":  0.75,
"greedy000":  63.323447265452195,
"greedy050":  65.99061271784925,
"greedy100":  67.66957221512827,
"DP_05":  67.66957221512827,
"DP_30":  67.66957221512827,
"DP_60":  67.66957221512827,
"DP_95":  71.46884271648938,
"QL":  65.92141464167882}
,
{ "x":  1.0,
"greedy000":  59.439054136299966,
"greedy050":  63.023866676448755,
"greedy100":  65.33293774185971,
"DP_05":  65.33293774185971,
"DP_30":  65.33293774185971,
"DP_60":  65.33293774185971,
"DP_95":  70.38946125745522,
"QL":  63.32365764423757}
,
{ "x":  1.25,
"greedy000":  55.47629830084596,
"greedy050":  59.68795080567547,
"greedy100":  62.54019596823091,
"DP_05":  62.54019596823091,
"DP_30":  62.54019596823091,
"DP_60":  62.54019596823091,
"DP_95":  68.9608420038624,
"QL":  61.52272170222928}
,
{ "x":  1.5,
"greedy000":  51.6721982357242,
"greedy050":  57.159524153252086,
"greedy100":  60.420934171039576,
"DP_05":  60.420934171039576,
"DP_30":  60.420934171039576,
"DP_60":  60.420934171039576,
"DP_95":  67.990975150813,
"QL":  60.0372186787106}
,
{ "x":  1.75,
"greedy000":  47.54026615917935,
"greedy050":  54.045088920539584,
"greedy100":  57.953999508443,
"DP_05":  57.953999508443,
"DP_30":  57.953999508443,
"DP_60":  57.953999508443,
"DP_95":  66.80803565817341,
"QL":  57.863751359089534}
,
{ "x":  2.0,
"greedy000":  43.927556199158985,
"greedy050":  50.93673283814044,
"greedy100":  55.48764788764813,
"DP_05":  55.48764788764813,
"DP_30":  55.48764788764813,
"DP_60":  55.48764788764813,
"DP_95":  65.602567424841,
"QL":  55.40729943074981}
,
{ "x":  2.25,
"greedy000":  39.73537976084494,
"greedy050":  47.72233938613663,
"greedy100":  52.63238185293667,
"DP_05":  52.63238185293667,
"DP_30":  52.63238185293667,
"DP_60":  52.63238185293667,
"DP_95":  64.19063644781913,
"QL":  52.59039040561731}
,
{ "x":  2.5,
"greedy000":  36.00834776425432,
"greedy050":  44.9916860294519,
"greedy100":  50.58522117539957,
"DP_05":  50.58522117539957,
"DP_30":  50.58522117539957,
"DP_60":  50.58522117539957,
"DP_95":  63.250298082831115,
"QL":  50.52016379795616}
,
{ "x":  2.75,
"greedy000":  32.04544845764327,
"greedy050":  41.97639606743168,
"greedy100":  47.97958504270228,
"DP_05":  50.43024363912424,
"DP_30":  50.43024363912424,
"DP_60":  50.43024363912424,
"DP_95":  63.067794555863564,
"QL":  50.35905334832936}
,
{ "x":  3.0,
"greedy000":  28.27966733097089,
"greedy050":  38.74987401894235,
"greedy100":  45.670884064386414,
"DP_05":  50.557359847221434,
"DP_30":  50.557359847221434,
"DP_60":  50.557359847221434,
"DP_95":  63.215146441368994,
"QL":  50.484769636927886}
,
{ "x":  3.25,
"greedy000":  24.292144279957498,
"greedy050":  36.046223858321085,
"greedy100":  43.12227473180931,
"DP_05":  50.46449419636191,
"DP_30":  50.46449419636191,
"DP_60":  50.46449419636191,
"DP_95":  63.10079347789882,
"QL":  50.39918499165483}
,
{ "x":  3.5,
"greedy000":  20.2957860835102,
"greedy050":  32.80884647647695,
"greedy100":  40.653523528712626,
"DP_05":  50.458469293335234,
"DP_30":  50.458469293335234,
"DP_60":  50.458469293335234,
"DP_95":  63.16373342103022,
"QL":  50.4385565128109}
,
{ "x":  3.75,
"greedy000":  16.779779084773494,
"greedy050":  29.99565918334393,
"greedy100":  38.34059687512955,
"DP_05":  50.582012683959164,
"DP_30":  50.582012683959164,
"DP_60":  50.582012683959164,
"DP_95":  63.304825375186034,
"QL":  50.520412868291714}
,
{ "x":  4.0,
"greedy000":  12.469646556965728,
"greedy050":  26.211631477487664,
"greedy100":  35.24818704311985,
"DP_05":  50.10790263474255,
"DP_30":  50.10790263474255,
"DP_60":  50.10790263474255,
"DP_95":  62.89833892842303,
"QL":  50.11830390824686}
,
{ "x":  4.25,
"greedy000":  8.340949249871723,
"greedy050":  23.779637122055824,
"greedy100":  33.265382606590975,
"DP_05":  50.42310386642413,
"DP_30":  50.42310386642413,
"DP_60":  50.42310386642413,
"DP_95":  63.03359227598926,
"QL":  50.34342088139575}
,
{ "x":  4.5,
"greedy000":  4.551453434208571,
"greedy050":  21.524466831350853,
"greedy100":  31.33570895394801,
"DP_05":  50.781772490462416,
"DP_30":  50.781772490462416,
"DP_60":  50.781772490462416,
"DP_95":  63.355795246290896,
"QL":  50.761013622221334}
,
{ "x":  4.75,
"greedy000":  0.2185608659286748,
"greedy050":  16.61326388802391,
"greedy100":  27.584097141166286,
"DP_05":  50.04586694286543,
"DP_30":  50.04586694286543,
"DP_60":  50.04586694286543,
"DP_95":  63.009768310270374,
"QL":  50.03592018022446}
,
{ "x":  5.0,
"greedy000":  -3.4161179133332586,
"greedy050":  14.775574227235685,
"greedy100":  26.5153368209859,
"DP_05":  50.732260402164556,
"DP_30":  50.732260402164556,
"DP_60":  50.732260402164556,
"DP_95":  63.22072688581115,
"QL":  50.6968694412487}
]}
