{ "x_label":"l",
"y_label":"Federation Rate",
 "results":[
{ "x":  0.2,
"greedy000":  0.0,
"greedy050":  0.0,
"greedy100":  0.0020860945224804523,
"DP_05":  0.0,
"DP_30":  0.0,
"DP_60":  0.0,
"DP_95":  0.0027504156921364146,
"QL_09":  0.07814806224989741,
"QL_05":  0.011314424226311137,
"RL":  0.043546965879432915}
,
{ "x":  0.4,
"greedy000":  0.0,
"greedy050":  0.0,
"greedy100":  0.04083270843708518,
"DP_05":  0.0,
"DP_30":  0.0,
"DP_60":  0.0,
"DP_95":  0.0441972604220524,
"QL_09":  0.09876195693559711,
"QL_05":  0.05260159195000277,
"RL":  0.061691804184252796}
,
{ "x":  0.6000000000000001,
"greedy000":  0.0,
"greedy050":  0.0,
"greedy100":  0.13056463410970226,
"DP_05":  0.0,
"DP_30":  0.0,
"DP_60":  0.0,
"DP_95":  0.107382716107897,
"QL_09":  0.11001378711153782,
"QL_05":  0.12514834140456774,
"RL":  0.12551173253756023}
,
{ "x":  0.8,
"greedy000":  0.0,
"greedy050":  0.0,
"greedy100":  0.18547346896887612,
"DP_05":  0.0,
"DP_30":  0.0,
"DP_60":  0.0,
"DP_95":  0.12975663338222818,
"QL_09":  0.13758463695498085,
"QL_05":  0.15697179988402038,
"RL":  0.13974050263099969}
,
{ "x":  1.0,
"greedy000":  0.0,
"greedy050":  0.0,
"greedy100":  0.221546578075823,
"DP_05":  0.0,
"DP_30":  0.0,
"DP_60":  0.0,
"DP_95":  0.1285706839697411,
"QL_09":  0.2020790819424411,
"QL_05":  0.17191701094938186,
"RL":  0.13715709544163623}
,
{ "x":  1.2,
"greedy000":  0.0,
"greedy050":  0.0,
"greedy100":  0.2222572498270366,
"DP_05":  0.0,
"DP_30":  0.0,
"DP_60":  0.0,
"DP_95":  0.11718309118902318,
"QL_09":  0.21197014817469845,
"QL_05":  0.17574675592657277,
"RL":  0.12548634870595526}
,
{ "x":  1.4000000000000001,
"greedy000":  0.0,
"greedy050":  0.0,
"greedy100":  0.22694089360791248,
"DP_05":  0.0,
"DP_30":  0.0,
"DP_60":  0.0,
"DP_95":  0.10722393371558299,
"QL_09":  0.19015615736832941,
"QL_05":  0.1830380458316103,
"RL":  0.11044224216044854}
,
{ "x":  1.6,
"greedy000":  0.0,
"greedy050":  0.0,
"greedy100":  0.2162872065828742,
"DP_05":  0.0,
"DP_30":  0.0,
"DP_60":  0.0,
"DP_95":  0.09572288690991203,
"QL_09":  0.17194806040809138,
"QL_05":  0.17894746800636352,
"RL":  0.09785718765832443}
,
{ "x":  1.8,
"greedy000":  0.0,
"greedy050":  0.0,
"greedy100":  0.20704956843147895,
"DP_05":  0.0,
"DP_30":  0.0,
"DP_60":  0.0,
"DP_95":  0.0869264284743227,
"QL_09":  0.17529827498588343,
"QL_05":  0.17358729760952568,
"RL":  0.09035343109077955}
,
{ "x":  2.0,
"greedy000":  0.0,
"greedy050":  0.0,
"greedy100":  0.19859048514056973,
"DP_05":  0.0,
"DP_30":  0.0,
"DP_60":  0.0,
"DP_95":  0.07934095424959961,
"QL_09":  0.17911066735538905,
"QL_05":  0.1757356200857653,
"RL":  0.08443125363750337}
,
{ "x":  2.2,
"greedy000":  0.0,
"greedy050":  0.0,
"greedy100":  0.1940468678955058,
"DP_05":  0.0,
"DP_30":  0.0,
"DP_60":  0.0,
"DP_95":  0.07116708025788479,
"QL_09":  0.17912210272124685,
"QL_05":  0.1660545173647466,
"RL":  0.07948599752772817}
]}
