{ "x_label":"episode",
"y_label":"Acceptance Rate",
 "results":[
{ "x":  10,
"greedy000":  0.0,
"greedy050":  0.0,
"greedy100":  0.4919642857142857,
"DP_05":  0.0,
"DP_30":  0.0,
"DP_60":  0.0,
"DP_95":  0.6576428571428572,
"QL_09":  0.43842857142857145,
"QL_05":  0.55425,
"RL":  0.5879642857142856}
,
{ "x":  35,
"greedy000":  0.0,
"greedy050":  0.0,
"greedy100":  0.4921428571428571,
"DP_05":  0.0,
"DP_30":  0.0,
"DP_60":  0.0,
"DP_95":  0.6568928571428572,
"QL_09":  0.5056071428571428,
"QL_05":  0.5751428571428571,
"RL":  0.6095}
,
{ "x":  60,
"greedy000":  0.0,
"greedy050":  0.0,
"greedy100":  0.49549999999999994,
"DP_05":  0.0,
"DP_30":  0.0,
"DP_60":  0.0,
"DP_95":  0.6534642857142857,
"QL_09":  0.52975,
"QL_05":  0.5868214285714285,
"RL":  0.6278571428571428}
,
{ "x":  85,
"greedy000":  0.0,
"greedy050":  0.0,
"greedy100":  0.4954642857142857,
"DP_05":  0.0,
"DP_30":  0.0,
"DP_60":  0.0,
"DP_95":  0.6582142857142858,
"QL_09":  0.5423214285714286,
"QL_05":  0.5921071428571428,
"RL":  0.6428214285714285}
,
{ "x":  110,
"greedy000":  0.0,
"greedy050":  0.0,
"greedy100":  0.49339285714285713,
"DP_05":  0.0,
"DP_30":  0.0,
"DP_60":  0.0,
"DP_95":  0.6541428571428571,
"QL_09":  0.5561071428571428,
"QL_05":  0.5902142857142857,
"RL":  0.6487499999999999}
,
{ "x":  135,
"greedy000":  0.0,
"greedy050":  0.0,
"greedy100":  0.4928571428571429,
"DP_05":  0.0,
"DP_30":  0.0,
"DP_60":  0.0,
"DP_95":  0.6548214285714286,
"QL_09":  0.5578928571428572,
"QL_05":  0.5876071428571429,
"RL":  0.6522857142857144}
,
{ "x":  160,
"greedy000":  0.0,
"greedy050":  0.0,
"greedy100":  0.4927142857142857,
"DP_05":  0.0,
"DP_30":  0.0,
"DP_60":  0.0,
"DP_95":  0.6528571428571429,
"QL_09":  0.5633214285714285,
"QL_05":  0.5866785714285714,
"RL":  0.6503214285714287}
,
{ "x":  185,
"greedy000":  0.0,
"greedy050":  0.0,
"greedy100":  0.5027142857142858,
"DP_05":  0.0,
"DP_30":  0.0,
"DP_60":  0.0,
"DP_95":  0.6575357142857142,
"QL_09":  0.5786071428571429,
"QL_05":  0.585,
"RL":  0.6540357142857143}
,
{ "x":  210,
"greedy000":  0.0,
"greedy050":  0.0,
"greedy100":  0.4947499999999999,
"DP_05":  0.0,
"DP_30":  0.0,
"DP_60":  0.0,
"DP_95":  0.6537857142857143,
"QL_09":  0.5793214285714285,
"QL_05":  0.5800000000000001,
"RL":  0.6531071428571428}
,
{ "x":  235,
"greedy000":  0.0,
"greedy050":  0.0,
"greedy100":  0.4928571428571429,
"DP_05":  0.0,
"DP_30":  0.0,
"DP_60":  0.0,
"DP_95":  0.6557857142857143,
"QL_09":  0.5710357142857143,
"QL_05":  0.58425,
"RL":  0.6562142857142856}
,
{ "x":  260,
"greedy000":  0.0,
"greedy050":  0.0,
"greedy100":  0.47925,
"DP_05":  0.0,
"DP_30":  0.0,
"DP_60":  0.0,
"DP_95":  0.6498928571428573,
"QL_09":  0.5705,
"QL_05":  0.5742142857142858,
"RL":  0.6502142857142857}
]}
