{ "x_label":"PC",
"y_label":"FR",
 "results":[
{ "x":  0.0,
"greedy000":  0.0,
"greedy050":  0.0,
"greedy100":  0.0,
"DP_05":  0.0,
"DP_30":  0.0,
"DP_60":  0.0,
"DP_99":  0.0,
"QL_95":  0.0,
"QL_55":  0.0,
"QL_20":  0.0,
"RL":  0.0}
,
{ "x": 0.2,
"greedy000":  0.0,
"greedy050":  0.0,
"greedy100":  0.055225,
"DP_05":  0.0,
"DP_30":  0.0,
"DP_60":  0.0,
"DP_99":  0.0438,
"QL_95":  0.046325000000000005,
"QL_55":  0.044525,
"QL_20":  0.056125,
"RL":  0.0445}
,
{ "x":  0.4,
"greedy000":  0.0,
"greedy050":  0.0,
"greedy100":  0.11125,
"DP_05":  0.0,
"DP_30":  0.0,
"DP_60":  0.0,
"DP_99":  0.085375,
"QL_95":  0.09144999999999999,
"QL_55":  0.08829999999999999,
"QL_20":  0.10687500000000001,
"RL":  0.090725}
,
{ "x": 0.6,
"greedy000":  0.0,
"greedy050":  0.0,
"greedy100":  0.16180000000000003,
"DP_05":  0.0,
"DP_30":  0.0,
"DP_60":  0.0,
"DP_99":  0.12314999999999998,
"QL_95":  0.139475,
"QL_55":  0.13422499999999998,
"QL_20":  0.16005,
"RL":  0.1328}
,
{ "x":  0.8,
"greedy000":  0.0,
"greedy050":  0.0,
"greedy100":  0.214725,
"DP_05":  0.0,
"DP_30":  0.0,
"DP_60":  0.0,
"DP_99":  0.16874999999999998,
"QL_95":  0.19435,
"QL_55":  0.18322500000000003,
"QL_20":  0.21122500000000005,
"RL":  0.18122500000000002}
,
{ "x": 1.0,
"greedy000":  0.0,
"greedy050":  0.0,
"greedy100":  0.26402500000000007,
"DP_05":  0.0,
"DP_30":  0.0,
"DP_60":  0.0,
"DP_99":  0.20800000000000002,
"QL_95":  0.236725,
"QL_55":  0.23062500000000002,
"QL_20":  0.257025,
"RL":  0.22785000000000005}
,
{ "x":  1.2,
"greedy000":  0.0,
"greedy050":  0.0,
"greedy100":  0.303775,
"DP_05":  0.0,
"DP_30":  0.0,
"DP_60":  0.0,
"DP_99":  0.24217500000000003,
"QL_95":  0.25022500000000003,
"QL_55":  0.27112499999999995,
"QL_20":  0.297925,
"RL":  0.265225}
,
{ "x":  1.4,
"greedy000":  0.0,
"greedy050":  0.0,
"greedy100":  0.33840000000000003,
"DP_05":  0.0,
"DP_30":  0.0,
"DP_60":  0.0,
"DP_99":  0.27290000000000003,
"QL_95":  0.24884999999999996,
"QL_55":  0.30545,
"QL_20":  0.33095,
"RL":  0.299025}
,
{ "x": 1.6,
"greedy000":  0.0,
"greedy050":  0.0,
"greedy100":  0.37204999999999994,
"DP_05":  0.0,
"DP_30":  0.0,
"DP_60":  0.0,
"DP_99":  0.305525,
"QL_95":  0.25175000000000003,
"QL_55":  0.33572500000000005,
"QL_20":  0.35927499999999996,
"RL":  0.331075}
]}
