{ "x_label":"zeta",
"y_label":"Average Profit",
 "results":[
{ "x":  0.0,
"greedy000":  0.0,
"greedy050":  0.0,
"greedy100":  68.27786912617883,
"DP_05":  0.0,
"DP_30":  0.0,
"DP_60":  0.0,
"DP_95":  71.6506322123607,
"QL_09":  69.95008951542812,
"QL_05":  69.8582878743687,
"RL":  71.04321980843962}
,
{ "x":  0.3,
"greedy000":  0.0,
"greedy050":  0.0,
"greedy100":  66.59860041850848,
"DP_05":  0.0,
"DP_30":  0.0,
"DP_60":  0.0,
"DP_95":  71.13407181471698,
"QL_09":  67.834810368548,
"QL_05":  67.87331510855581,
"RL":  69.82876851494137}
,
{ "x":  0.6,
"greedy000":  0.0,
"greedy050":  0.0,
"greedy100":  65.20348725409593,
"DP_05":  0.0,
"DP_30":  0.0,
"DP_60":  0.0,
"DP_95":  70.66157791591316,
"QL_09":  66.38906108353075,
"QL_05":  67.54367875188566,
"RL":  69.89093359052671}
,
{ "x":  0.8999999999999999,
"greedy000":  0.0,
"greedy050":  0.0,
"greedy100":  63.96176389359366,
"DP_05":  0.0,
"DP_30":  0.0,
"DP_60":  0.0,
"DP_95":  70.60035194289466,
"QL_09":  65.87617153455136,
"QL_05":  67.26258077308833,
"RL":  69.7844139521487}
,
{ "x":  1.2,
"greedy000":  0.0,
"greedy050":  0.0,
"greedy100":  62.83612513612208,
"DP_05":  0.0,
"DP_30":  0.0,
"DP_60":  0.0,
"DP_95":  70.56671664635371,
"QL_09":  66.60006868109429,
"QL_05":  66.48585086140695,
"RL":  69.68881355192215}
,
{ "x":  1.5,
"greedy000":  0.0,
"greedy050":  0.0,
"greedy100":  62.04452293305893,
"DP_05":  0.0,
"DP_30":  0.0,
"DP_60":  0.0,
"DP_95":  70.3875461781362,
"QL_09":  66.68134066094184,
"QL_05":  65.9559135851243,
"RL":  69.56618674299261}
,
{ "x":  1.7999999999999998,
"greedy000":  0.0,
"greedy050":  0.0,
"greedy100":  60.01890041866848,
"DP_05":  0.0,
"DP_30":  0.0,
"DP_60":  0.0,
"DP_95":  70.03974855837859,
"QL_09":  66.27912067810146,
"QL_05":  65.9329207358476,
"RL":  69.21796265408607}
,
{ "x":  2.1,
"greedy000":  0.0,
"greedy050":  0.0,
"greedy100":  60.16174010685825,
"DP_05":  0.0,
"DP_30":  0.0,
"DP_60":  0.0,
"DP_95":  70.2665704002093,
"QL_09":  66.46876917191342,
"QL_05":  65.90850400155868,
"RL":  69.42067329407475}
,
{ "x":  2.4,
"greedy000":  0.0,
"greedy050":  0.0,
"greedy100":  58.14240645510402,
"DP_05":  0.0,
"DP_30":  0.0,
"DP_60":  0.0,
"DP_95":  70.04331769038082,
"QL_09":  66.17707771840524,
"QL_05":  64.82863944179027,
"RL":  69.24149169830307}
,
{ "x":  2.6999999999999997,
"greedy000":  0.0,
"greedy050":  0.0,
"greedy100":  57.01923260385068,
"DP_05":  0.0,
"DP_30":  0.0,
"DP_60":  0.0,
"DP_95":  69.60397334201944,
"QL_09":  65.84382619102958,
"QL_05":  64.64526685748083,
"RL":  68.47851776607928}
,
{ "x":  3.0,
"greedy000":  0.0,
"greedy050":  0.0,
"greedy100":  54.58190740114675,
"DP_05":  0.0,
"DP_30":  0.0,
"DP_60":  0.0,
"DP_95":  69.07548842498667,
"QL_09":  65.915500053099,
"QL_05":  62.86189339133151,
"RL":  68.08112096352309}
]}
