{ "x_label":"zeta",
"y_label":"Average Profit",
 "results":[
{ "x":  0.0,
"greedy000":  0.0,
"greedy050":  0.0,
"greedy100":  68.07942722759181,
"DP_05":  0.0,
"DP_30":  0.0,
"DP_60":  0.0,
"DP_95":  71.3267266921097,
"QL_09":  67.94269843506392,
"QL_05":  67.91339824364114,
"RL":  70.78224265597858}
,
{ "x":  0.3,
"greedy000":  0.0,
"greedy050":  0.0,
"greedy100":  66.23590829325137,
"DP_05":  0.0,
"DP_30":  0.0,
"DP_60":  0.0,
"DP_95":  71.00399632777257,
"QL_09":  66.2249832243934,
"QL_05":  66.17896908247386,
"RL":  69.68001840576247}
,
{ "x":  0.6,
"greedy000":  0.0,
"greedy050":  0.0,
"greedy100":  65.18090874374006,
"DP_05":  0.0,
"DP_30":  0.0,
"DP_60":  0.0,
"DP_95":  70.95380741551725,
"QL_09":  65.04125975682524,
"QL_05":  65.02977298084126,
"RL":  70.03146191693433}
,
{ "x":  0.8999999999999999,
"greedy000":  0.0,
"greedy050":  0.0,
"greedy100":  63.36903614437449,
"DP_05":  0.0,
"DP_30":  0.0,
"DP_60":  0.0,
"DP_95":  70.42320385717923,
"QL_09":  63.280815155331766,
"QL_05":  63.25356404315355,
"RL":  69.59551940585011}
,
{ "x":  1.2,
"greedy000":  0.0,
"greedy050":  0.0,
"greedy100":  62.108229509965646,
"DP_05":  0.0,
"DP_30":  0.0,
"DP_60":  0.0,
"DP_95":  70.10592786178043,
"QL_09":  62.03025322667595,
"QL_05":  61.99723811331207,
"RL":  69.02355555638488}
]}
