{ "x_label":"zeta",
"y_label":"Average Profit",
 "results":[
{ "x":  0.0,
"greedy000":  0.0,
"greedy050":  0.0,
"greedy100":  67.74312685121708,
"DP_05":  0.0,
"DP_30":  0.0,
"DP_60":  0.0,
"DP_95":  71.44256470760381,
"QL_09":  67.76551814448986,
"QL_05":  67.79571326718391,
"RL":  71.05754157806285}
,
{ "x":  0.3,
"greedy000":  0.0,
"greedy050":  0.0,
"greedy100":  66.03957442433017,
"DP_05":  0.0,
"DP_30":  0.0,
"DP_60":  0.0,
"DP_95":  70.90136805852941,
"QL_09":  65.93455258543888,
"QL_05":  65.95790943831733,
"RL":  69.52754686664076}
,
{ "x":  0.6,
"greedy000":  0.0,
"greedy050":  0.0,
"greedy100":  65.29991411349683,
"DP_05":  0.0,
"DP_30":  0.0,
"DP_60":  0.0,
"DP_95":  70.93159123424418,
"QL_09":  65.16246772623523,
"QL_05":  65.15570382204739,
"RL":  70.2234438364289}
,
{ "x":  0.8999999999999999,
"greedy000":  0.0,
"greedy050":  0.0,
"greedy100":  64.42832855743926,
"DP_05":  0.0,
"DP_30":  0.0,
"DP_60":  0.0,
"DP_95":  70.9522688144716,
"QL_09":  64.24671923144444,
"QL_05":  64.25766955030221,
"RL":  70.17648921755801}
,
{ "x":  1.2,
"greedy000":  0.0,
"greedy050":  0.0,
"greedy100":  62.31052314282472,
"DP_05":  0.0,
"DP_30":  0.0,
"DP_60":  0.0,
"DP_95":  70.28612171979333,
"QL_09":  62.11616905267785,
"QL_05":  62.221378570988335,
"RL":  69.44687108688595}
,
{ "x":  1.5,
"greedy000":  0.0,
"greedy050":  0.0,
"greedy100":  61.40147329919093,
"DP_05":  0.0,
"DP_30":  0.0,
"DP_60":  0.0,
"DP_95":  70.06321409534213,
"QL_09":  61.257395492342106,
"QL_05":  61.3192756164312,
"RL":  69.28088425560625}
,
{ "x":  1.7999999999999998,
"greedy000":  0.0,
"greedy050":  0.0,
"greedy100":  59.740600246527,
"DP_05":  0.0,
"DP_30":  0.0,
"DP_60":  0.0,
"DP_95":  69.87932939638803,
"QL_09":  59.665275545010296,
"QL_05":  59.62197278721849,
"RL":  69.05837217005437}
,
{ "x":  2.1,
"greedy000":  0.0,
"greedy050":  0.0,
"greedy100":  59.27616051187715,
"DP_05":  0.0,
"DP_30":  0.0,
"DP_60":  0.0,
"DP_95":  69.98464718178693,
"QL_09":  59.1585038357005,
"QL_05":  59.113264419745555,
"RL":  68.93901942867095}
,
{ "x":  2.4,
"greedy000":  0.0,
"greedy050":  0.0,
"greedy100":  57.35878479531895,
"DP_05":  0.0,
"DP_30":  0.0,
"DP_60":  0.0,
"DP_95":  69.63495448644935,
"QL_09":  57.25714965209276,
"QL_05":  57.303640593551506,
"RL":  68.41924001251361}
]}
