{ "x_label":"eta",
"y_label":"Acceptance Rate",
 "results":[
{ "x":  0.15,
"greedy000":  0.38467411103888016,
"greedy050":  0.5103705623967154,
"greedy100":  0.6296425228877167,
"DP_05":  0.6296425228877167,
"DP_30":  0.6296425228877167,
"DP_60":  0.6296425228877167,
"DP_95":  0.6594140319085791,
"QL":  0.35593644403458885}
,
{ "x":  0.2,
"greedy000":  0.39112904414682287,
"greedy050":  0.506299378635849,
"greedy100":  0.5909575031944723,
"DP_05":  0.5909575031944723,
"DP_30":  0.5909575031944723,
"DP_60":  0.5909575031944723,
"DP_95":  0.6280248014624068,
"QL":  0.30850321189304486}
,
{ "x":  0.25,
"greedy000":  0.36587342038174847,
"greedy050":  0.4567586622862855,
"greedy100":  0.528874191372924,
"DP_05":  0.528874191372924,
"DP_30":  0.528874191372924,
"DP_60":  0.528874191372924,
"DP_95":  0.6154880721183706,
"QL":  0.31649774638050643}
,
{ "x":  0.30000000000000004,
"greedy000":  0.3508294125119221,
"greedy050":  0.43070310792769756,
"greedy100":  0.4896939758900244,
"DP_05":  0.4896939758900244,
"DP_30":  0.4896939758900244,
"DP_60":  0.4896939758900244,
"DP_95":  0.5528945044397487,
"QL":  0.30303835278818647}
,
{ "x":  0.35,
"greedy000":  0.3328507521058979,
"greedy050":  0.4164012394720678,
"greedy100":  0.4782644933562099,
"DP_05":  0.4782644933562099,
"DP_30":  0.4782644933562099,
"DP_60":  0.4782644933562099,
"DP_95":  0.5355130412714073,
"QL":  0.34493307941880186}
,
{ "x":  0.4,
"greedy000":  0.33745160370217475,
"greedy050":  0.4077859277598793,
"greedy100":  0.45188591596523675,
"DP_05":  0.45188591596523675,
"DP_30":  0.45188591596523675,
"DP_60":  0.45188591596523675,
"DP_95":  0.48938070686619894,
"QL":  0.36357770987119903}
,
{ "x":  0.45000000000000007,
"greedy000":  0.3152395605874716,
"greedy050":  0.3754787400577447,
"greedy100":  0.41435629675671287,
"DP_05":  0.41435629675671287,
"DP_30":  0.41435629675671287,
"DP_60":  0.41435629675671287,
"DP_95":  0.47254632388117834,
"QL":  0.34012612025880773}
,
{ "x":  0.5,
"greedy000":  0.2952555046015058,
"greedy050":  0.3479979683202068,
"greedy100":  0.38454864198701166,
"DP_05":  0.38454864198701166,
"DP_30":  0.38454864198701166,
"DP_60":  0.38454864198701166,
"DP_95":  0.44446707799783364,
"QL":  0.3212635518317658}
,
{ "x":  0.55,
"greedy000":  0.29796439287629883,
"greedy050":  0.34570805375063945,
"greedy100":  0.37331738509129375,
"DP_05":  0.37331738509129375,
"DP_30":  0.37331738509129375,
"DP_60":  0.37331738509129375,
"DP_95":  0.38933946094822713,
"QL":  0.3086370043344765}
,
{ "x":  0.6,
"greedy000":  0.27649020662420276,
"greedy050":  0.3185613522556431,
"greedy100":  0.34249678672835915,
"DP_05":  0.34249678672835915,
"DP_30":  0.34249678672835915,
"DP_60":  0.34249678672835915,
"DP_95":  0.3811550503220098,
"QL":  0.3127654528591989}
,
{ "x":  0.65,
"greedy000":  0.26883586576706653,
"greedy050":  0.30166454835085454,
"greedy100":  0.32047837934327295,
"DP_05":  0.32047837934327295,
"DP_30":  0.32047837934327295,
"DP_60":  0.32047837934327295,
"DP_95":  0.33960549683559205,
"QL":  0.290249126541641}
,
{ "x":  0.7000000000000001,
"greedy000":  0.27255545648805113,
"greedy050":  0.3127774740585587,
"greedy100":  0.33538277553964935,
"DP_05":  0.33538277553964935,
"DP_30":  0.33538277553964935,
"DP_60":  0.33538277553964935,
"DP_95":  0.3533240229834402,
"QL":  0.2942387308398334}
,
{ "x":  0.7500000000000001,
"greedy000":  0.27403102099980386,
"greedy050":  0.3109639886682324,
"greedy100":  0.3313363017174916,
"DP_05":  0.3313363017174916,
"DP_30":  0.3313363017174916,
"DP_60":  0.3313363017174916,
"DP_95":  0.3313363017174916,
"QL":  0.29402734623973475}
,
{ "x":  0.8,
"greedy000":  0.25553965553170654,
"greedy050":  0.29625706429632565,
"greedy100":  0.3207475039045761,
"DP_05":  0.3207475039045761,
"DP_30":  0.3207475039045761,
"DP_60":  0.3207475039045761,
"DP_95":  0.3327251380311892,
"QL":  0.28706762712252076}
,
{ "x":  0.8500000000000001,
"greedy000":  0.2056941892532041,
"greedy050":  0.22788522139618209,
"greedy100":  0.23927309838382332,
"DP_05":  0.23927309838382332,
"DP_30":  0.23927309838382332,
"DP_60":  0.23927309838382332,
"DP_95":  0.23927309838382332,
"QL":  0.21269911900845448}
,
{ "x":  0.9,
"greedy000":  0.21132965786760383,
"greedy050":  0.23197089968960038,
"greedy100":  0.24456848428709024,
"DP_05":  0.24456848428709024,
"DP_30":  0.24456848428709024,
"DP_60":  0.24456848428709024,
"DP_95":  0.24456848428709024,
"QL":  0.22255491563432278}
]}
