{ "x_label":"eta",
"y_label":"Federation Rate",
 "results":[
{ "x":  0.15,
"greedy000":  0.61532588896112,
"greedy050":  0.4896294376032846,
"greedy100":  0.37035747711228323,
"DP_05":  0.03961234423138467,
"DP_30":  0.03961234423138467,
"DP_60":  0.03961234423138467,
"DP_95":  0.006655506903399775,
"QL":  0.23811293008814527}
,
{ "x":  0.2,
"greedy000":  0.6088709558531773,
"greedy050":  0.49370062136415116,
"greedy100":  0.40904249680552773,
"DP_05":  0.07174458290628952,
"DP_30":  0.07174458290628952,
"DP_60":  0.07174458290628952,
"DP_95":  0.02444587708784099,
"QL":  0.3751506520911959}
,
{ "x":  0.25,
"greedy000":  0.6341265796182516,
"greedy050":  0.5432413377137145,
"greedy100":  0.47112580862707587,
"DP_05":  0.13012484451543088,
"DP_30":  0.13012484451543088,
"DP_60":  0.13012484451543088,
"DP_95":  0.020283780937682943,
"QL":  0.36087345476795935}
,
{ "x":  0.30000000000000004,
"greedy000":  0.6491705874880779,
"greedy050":  0.5692968920723025,
"greedy100":  0.5103060241099756,
"DP_05":  0.15760330824911414,
"DP_30":  0.15760330824911414,
"DP_60":  0.15760330824911414,
"DP_95":  0.07685467253316142,
"QL":  0.491324180410753}
,
{ "x":  0.35,
"greedy000":  0.667149247894102,
"greedy050":  0.5835987605279321,
"greedy100":  0.5217355066437903,
"DP_05":  0.5217355066437903,
"DP_30":  0.5217355066437903,
"DP_60":  0.5217355066437903,
"DP_95":  0.4644869587285928,
"QL":  0.4742495002739009}
,
{ "x":  0.4,
"greedy000":  0.6625483962978251,
"greedy050":  0.5922140722401206,
"greedy100":  0.5481140840347632,
"DP_05":  0.5481140840347632,
"DP_30":  0.5481140840347632,
"DP_60":  0.5481140840347632,
"DP_95":  0.5106192931338012,
"QL":  0.547639850458445}
,
{ "x":  0.45000000000000007,
"greedy000":  0.6847604394125285,
"greedy050":  0.6245212599422553,
"greedy100":  0.5856437032432871,
"DP_05":  0.5856437032432871,
"DP_30":  0.5856437032432871,
"DP_60":  0.5856437032432871,
"DP_95":  0.5274536761188215,
"QL":  0.602973177640534}
,
{ "x":  0.5,
"greedy000":  0.7047444953984942,
"greedy050":  0.652002031679793,
"greedy100":  0.6154513580129883,
"DP_05":  0.6154513580129883,
"DP_30":  0.6154513580129883,
"DP_60":  0.6154513580129883,
"DP_95":  0.5555329220021663,
"QL":  0.6472166644629207}
,
{ "x":  0.55,
"greedy000":  0.7020356071237009,
"greedy050":  0.6542919462493604,
"greedy100":  0.6266826149087062,
"DP_05":  0.6266826149087062,
"DP_30":  0.6266826149087062,
"DP_60":  0.6266826149087062,
"DP_95":  0.6106605390517728,
"QL":  0.6489208736768124}
,
{ "x":  0.6,
"greedy000":  0.7235097933757972,
"greedy050":  0.6814386477443571,
"greedy100":  0.6575032132716409,
"DP_05":  0.6575032132716409,
"DP_30":  0.6575032132716409,
"DP_60":  0.6575032132716409,
"DP_95":  0.6188449496779902,
"QL":  0.6744932340074423}
,
{ "x":  0.65,
"greedy000":  0.7311641342329335,
"greedy050":  0.6983354516491455,
"greedy100":  0.679521620656727,
"DP_05":  0.679521620656727,
"DP_30":  0.679521620656727,
"DP_60":  0.679521620656727,
"DP_95":  0.660394503164408,
"QL":  0.7097508734583589}
,
{ "x":  0.7000000000000001,
"greedy000":  0.7274445435119488,
"greedy050":  0.6872225259414413,
"greedy100":  0.6646172244603505,
"DP_05":  0.6646172244603505,
"DP_30":  0.6646172244603505,
"DP_60":  0.6646172244603505,
"DP_95":  0.6466759770165598,
"QL":  0.7057612691601667}
,
{ "x":  0.7500000000000001,
"greedy000":  0.7259689790001961,
"greedy050":  0.6890360113317676,
"greedy100":  0.6686636982825085,
"DP_05":  0.6686636982825085,
"DP_30":  0.6686636982825085,
"DP_60":  0.6686636982825085,
"DP_95":  0.6686636982825085,
"QL":  0.7059726537602654}
,
{ "x":  0.8,
"greedy000":  0.7444603444682933,
"greedy050":  0.7037429357036744,
"greedy100":  0.6792524960954239,
"DP_05":  0.6792524960954239,
"DP_30":  0.6792524960954239,
"DP_60":  0.6792524960954239,
"DP_95":  0.6672748619688109,
"QL":  0.7129323728774792}
,
{ "x":  0.8500000000000001,
"greedy000":  0.7943058107467958,
"greedy050":  0.7721147786038178,
"greedy100":  0.7607269016161766,
"DP_05":  0.7607269016161766,
"DP_30":  0.7607269016161766,
"DP_60":  0.7607269016161766,
"DP_95":  0.7607269016161766,
"QL":  0.7873008809915456}
,
{ "x":  0.9,
"greedy000":  0.7886703421323962,
"greedy050":  0.7680291003103996,
"greedy100":  0.7554315157129097,
"DP_05":  0.7554315157129097,
"DP_30":  0.7554315157129097,
"DP_60":  0.7554315157129097,
"DP_95":  0.7554315157129097,
"QL":  0.7774450843656772}
]}
