{ "x_label":"eta",
"y_label":"Average Profit",
 "results":[
{ "x":  0.15,
"greedy000":  31.989791702767214,
"greedy050":  33.83656649799684,
"greedy100":  35.18800624499006,
"DP_05":  52.05600802191587,
"DP_30":  52.05600802191587,
"DP_60":  52.05600802191587,
"DP_95":  52.33779647058891,
"QL":  45.82581926378582}
,
{ "x":  0.2,
"greedy000":  39.621732156046015,
"greedy050":  41.2981205087351,
"greedy100":  42.26573959486478,
"DP_05":  52.38467701184194,
"DP_30":  52.38467701184194,
"DP_60":  52.38467701184194,
"DP_95":  52.65303591901613,
"QL":  45.342741665392126}
,
{ "x":  0.25,
"greedy000":  45.55805424489371,
"greedy050":  46.756852889553,
"greedy100":  47.56690479192805,
"DP_05":  52.68191925360272,
"DP_30":  52.68191925360272,
"DP_60":  52.68191925360272,
"DP_95":  53.19965031857269,
"QL":  48.24867617545565}
,
{ "x":  0.30000000000000004,
"greedy000":  50.146464442238106,
"greedy050":  51.16558798045433,
"greedy100":  51.807055932533295,
"DP_05":  52.86516408011589,
"DP_30":  52.86516408011589,
"DP_60":  52.86516408011589,
"DP_95":  53.14620722228857,
"QL":  46.72168100697157}
,
{ "x":  0.35,
"greedy000":  54.12625108189782,
"greedy050":  55.10527849824199,
"greedy100":  55.744264224502864,
"DP_05":  55.744264224502864,
"DP_30":  55.744264224502864,
"DP_60":  55.744264224502864,
"DP_95":  55.96487071993977,
"QL":  52.41374723871435}
,
{ "x":  0.4,
"greedy000":  57.83636048794491,
"greedy050":  58.6866683933538,
"greedy100":  59.16584509052931,
"DP_05":  59.16584509052931,
"DP_30":  59.16584509052931,
"DP_60":  59.16584509052931,
"DP_95":  59.23291330765128,
"QL":  55.85389099424292}
,
{ "x":  0.45000000000000007,
"greedy000":  61.22715374297162,
"greedy050":  61.934431397196285,
"greedy100":  62.33780445943455,
"DP_05":  62.33780445943455,
"DP_30":  62.33780445943455,
"DP_60":  62.33780445943455,
"DP_95":  62.47013561344063,
"QL":  60.10913275467986}
,
{ "x":  0.5,
"greedy000":  64.00472338577667,
"greedy050":  64.60269777207914,
"greedy100":  64.96631828497473,
"DP_05":  64.96631828497473,
"DP_30":  64.96631828497473,
"DP_60":  64.96631828497473,
"DP_95":  65.13000864118342,
"QL":  63.1155833726765}
,
{ "x":  0.55,
"greedy000":  67.66282717069059,
"greedy050":  68.2096259619341,
"greedy100":  68.49795022442501,
"DP_05":  68.49795022442501,
"DP_30":  68.49795022442501,
"DP_60":  68.49795022442501,
"DP_95":  68.55459816187533,
"QL":  66.08867650190957}
,
{ "x":  0.6,
"greedy000":  70.5219082627119,
"greedy050":  70.99328262337633,
"greedy100":  71.24779362588411,
"DP_05":  71.24779362588411,
"DP_30":  71.24779362588411,
"DP_60":  71.24779362588411,
"DP_95":  71.37897974875976,
"QL":  70.31645767822866}
,
{ "x":  0.65,
"greedy000":  73.41013877646789,
"greedy050":  73.8080199647073,
"greedy100":  74.02559903096349,
"DP_05":  74.02559903096349,
"DP_30":  74.02559903096349,
"DP_60":  74.02559903096349,
"DP_95":  74.05168285220881,
"QL":  73.69484877161827}
,
{ "x":  0.7000000000000001,
"greedy000":  76.22334584955927,
"greedy050":  76.66642606268464,
"greedy100":  76.9008509824689,
"DP_05":  76.9008509824689,
"DP_30":  76.9008509824689,
"DP_60":  76.9008509824689,
"DP_95":  76.94558468507115,
"QL":  76.4635426742315}
,
{ "x":  0.7500000000000001,
"greedy000":  79.07871866253484,
"greedy050":  79.48799569947856,
"greedy100":  79.71161440337728,
"DP_05":  79.71161440337728,
"DP_30":  79.71161440337728,
"DP_60":  79.71161440337728,
"DP_95":  79.71161440337728,
"QL":  79.31705825901845}
,
{ "x":  0.8,
"greedy000":  81.79678788930116,
"greedy050":  82.21599224080325,
"greedy100":  82.46172887682215,
"DP_05":  82.46172887682215,
"DP_30":  82.46172887682215,
"DP_60":  82.46172887682215,
"DP_95":  82.54181506625306,
"QL":  82.11853657621188}
,
{ "x":  0.8500000000000001,
"greedy000":  84.18463891386462,
"greedy050":  84.41818981734619,
"greedy100":  84.53805179530508,
"DP_05":  84.53805179530508,
"DP_30":  84.53805179530508,
"DP_60":  84.53805179530508,
"DP_95":  84.53805179530508,
"QL":  84.24712789036884}
,
{ "x":  0.9,
"greedy000":  86.75343534979852,
"greedy050":  86.96896553631923,
"greedy100":  87.10140763622422,
"DP_05":  87.10140763622422,
"DP_30":  87.10140763622422,
"DP_60":  87.10140763622422,
"DP_95":  87.10140763622422,
"QL":  86.89067941007077}
]}
