{ "x_label":"N",
"y_label":"Acceptance Rate",
 "results":[
{ "x":  1,
"greedy000":  20,
"greedy050":  0.2606029405503588,
"greedy100":  0.3016058919787535,
"DP_05":  0.32218436562634806,
"DP_30":  0.32218436562634806,
"DP_60":  0.32218436562634806,
"DP_95":  0.32218436562634806,
"QL":  0.32218436562634806}
,
{ "x":  2,
"greedy000":  3,
"greedy050":  0.4066935122038468,
"greedy100":  0.5972870768339433,
"DP_05":  0.7774236121307615,
"DP_30":  0.7774236121307615,
"DP_60":  0.7774236121307615,
"DP_95":  0.7774236121307615,
"QL":  0.7774236121307615}
,
{ "x":  3,
"greedy000":  24,
"greedy050":  0.34811108008255676,
"greedy100":  0.4434135203668492,
"DP_05":  0.5139128579335313,
"DP_30":  0.5139128579335313,
"DP_60":  0.5139128579335313,
"DP_95":  0.5936601875000708,
"QL":  0.6922321107996678}
,
{ "x":  4,
"greedy000":  3,
"greedy050":  0.1811559386254636,
"greedy100":  0.2154079054990336,
"DP_05":  0.23706707560452225,
"DP_30":  0.23706707560452225,
"DP_60":  0.23706707560452225,
"DP_95":  0.23706707560452225,
"QL":  0.23706707560452225}
,
{ "x":  5,
"greedy000":  15,
"greedy050":  0.26493337115879106,
"greedy100":  0.31849710013628896,
"DP_05":  0.3574801131279206,
"DP_30":  0.3574801131279206,
"DP_60":  0.3574801131279206,
"DP_95":  0.3613895074872616,
"QL":  0.40232034079006435}
,
{ "x":  6,
"greedy000":  18,
"greedy050":  0.2917892207800984,
"greedy100":  0.347086184002825,
"DP_05":  0.3862293025944593,
"DP_30":  0.3862293025944593,
"DP_60":  0.3862293025944593,
"DP_95":  0.42188825278732783,
"QL":  0.2935907664636368}
]}
