{ "x_label":"N",
"y_label":"Federation Rate",
 "results":[
{ "x":  1,
"greedy000":  0.7393970594496413,
"greedy050":  0.6983941080212465,
"greedy100":  0.6778156343736518,
"DP_05":  0.6778156343736518,
"DP_30":  0.6778156343736518,
"DP_60":  0.6778156343736518,
"DP_95":  0.6778156343736518,
"QL":  0.0}
,
{ "x":  2,
"greedy000":  0.5933064877961532,
"greedy050":  0.4027129231660568,
"greedy100":  0.22257638786923847,
"DP_05":  0.22257638786923847,
"DP_30":  0.22257638786923847,
"DP_60":  0.22257638786923847,
"DP_95":  0.22257638786923847,
"QL":  0.0}
,
{ "x":  3,
"greedy000":  0.6518889199174432,
"greedy050":  0.5565864796331506,
"greedy100":  0.48608714206646875,
"DP_05":  0.2660990690793653,
"DP_30":  0.2660990690793653,
"DP_60":  0.17192109776947812,
"DP_95":  0.009913098295745848,
"QL":  0.0}
,
{ "x":  4,
"greedy000":  0.8188440613745366,
"greedy050":  0.7845920945009665,
"greedy100":  0.7629329243954777,
"DP_05":  0.6501274241641822,
"DP_30":  0.6501274241641822,
"DP_60":  0.6501274241641822,
"DP_95":  0.6501274241641822,
"QL":  0.0}
,
{ "x":  5,
"greedy000":  0.7350666288412089,
"greedy050":  0.681502899863711,
"greedy100":  0.6425198868720796,
"DP_05":  0.3679251642744462,
"DP_30":  0.3679251642744462,
"DP_60":  0.3755321247169275,
"DP_95":  0.368459356626305,
"QL":  0.0}
,
{ "x":  6,
"greedy000":  0.7082107792199016,
"greedy050":  0.6529138159971749,
"greedy100":  0.6137706974055406,
"DP_05":  0.4284602244468708,
"DP_30":  0.4284602244468708,
"DP_60":  0.40166056567991715,
"DP_95":  0.44883683245041056,
"QL":  0.0}
]}
