{ "x_label":"N",
"y_label":"Average Profit",
 "results":[
{ "x":  1,
"greedy000":  20,
"greedy050":  6.26060294055036,
"greedy100":  6.301605891978754,
"DP_05":  6.322184365626348,
"DP_30":  6.322184365626348,
"DP_60":  6.322184365626348,
"DP_95":  6.322184365626348,
"QL":  6.322184365626348}
,
{ "x":  2,
"greedy000":  3,
"greedy050":  3.2253235637110493,
"greedy100":  3.415917128341145,
"DP_05":  3.5960536636379636,
"DP_30":  3.5960536636379636,
"DP_60":  3.5960536636379636,
"DP_95":  3.5960536636379636,
"QL":  3.5960536636379636}
,
{ "x":  3,
"greedy000":  24,
"greedy050":  4.530977237639131,
"greedy100":  4.772076777618707,
"DP_05":  4.953685573159573,
"DP_30":  4.953685573159573,
"DP_60":  4.953685573159573,
"DP_95":  5.201036520702761,
"QL":  5.584008348257655}
,
{ "x":  4,
"greedy000":  3,
"greedy050":  2.6717010063711792,
"greedy100":  2.7822674460276478,
"DP_05":  2.85176107797041,
"DP_30":  2.85176107797041,
"DP_60":  2.85176107797041,
"DP_95":  2.85176107797041,
"QL":  2.85176107797041}
,
{ "x":  5,
"greedy000":  15,
"greedy050":  2.1834134966694827,
"greedy100":  2.322334457491952,
"DP_05":  2.4280672337384024,
"DP_30":  2.4280672337384024,
"DP_60":  2.4280672337384024,
"DP_95":  2.4668237890604034,
"QL":  2.6417304268012516}
,
{ "x":  6,
"greedy000":  18,
"greedy050":  3.300883429005618,
"greedy100":  3.433304391628547,
"DP_05":  3.5317661095838324,
"DP_30":  3.5317661095838324,
"DP_60":  3.5317661095838324,
"DP_95":  3.7269398582490725,
"QL":  3.8109198901585706}
]}
