{ "x_label":"episode",
"y_label":"Federation Rate",
 "results":[
{ "x":  20,
"greedy000":  0.0,
"greedy050":  0.0,
"greedy100":  0.34926,
"DP_05":  0.0,
"DP_30":  0.0,
"DP_60":  0.0,
"DP_95":  0.15997999999999996,
"QL_09":  0.29379999999999995,
"QL_05":  0.29396000000000005,
"RL":  0.27266}
,
{ "x":  60,
"greedy000":  0.0,
"greedy050":  0.0,
"greedy100":  0.34902000000000005,
"DP_05":  0.0,
"DP_30":  0.0,
"DP_60":  0.0,
"DP_95":  0.16406,
"QL_09":  0.29504,
"QL_05":  0.2953800000000001,
"RL":  0.23452}
,
{ "x":  100,
"greedy000":  0.0,
"greedy050":  0.0,
"greedy100":  0.34676000000000007,
"DP_05":  0.0,
"DP_30":  0.0,
"DP_60":  0.0,
"DP_95":  0.16516,
"QL_09":  0.29266000000000003,
"QL_05":  0.30039999999999994,
"RL":  0.25223999999999996}
,
{ "x":  140,
"greedy000":  0.0,
"greedy050":  0.0,
"greedy100":  0.35078000000000004,
"DP_05":  0.0,
"DP_30":  0.0,
"DP_60":  0.0,
"DP_95":  0.16143999999999997,
"QL_09":  0.29131999999999997,
"QL_05":  0.30176,
"RL":  0.27476}
,
{ "x":  180,
"greedy000":  0.0,
"greedy050":  0.0,
"greedy100":  0.3502,
"DP_05":  0.0,
"DP_30":  0.0,
"DP_60":  0.0,
"DP_95":  0.16299999999999998,
"QL_09":  0.28672,
"QL_05":  0.3076,
"RL":  0.29050000000000004}
,
{ "x":  220,
"greedy000":  0.0,
"greedy050":  0.0,
"greedy100":  0.34932,
"DP_05":  0.0,
"DP_30":  0.0,
"DP_60":  0.0,
"DP_95":  0.1638,
"QL_09":  0.28712,
"QL_05":  0.30836,
"RL":  0.28869999999999996}
,
{ "x":  260,
"greedy000":  0.0,
"greedy050":  0.0,
"greedy100":  0.34878000000000003,
"DP_05":  0.0,
"DP_30":  0.0,
"DP_60":  0.0,
"DP_95":  0.16286,
"QL_09":  0.28376,
"QL_05":  0.30994,
"RL":  0.29662}
,
{ "x":  300,
"greedy000":  0.0,
"greedy050":  0.0,
"greedy100":  0.35829999999999995,
"DP_05":  0.0,
"DP_30":  0.0,
"DP_60":  0.0,
"DP_95":  0.16282,
"QL_09":  0.28312,
"QL_05":  0.30916000000000005,
"RL":  0.29916}
,
{ "x":  340,
"greedy000":  0.0,
"greedy050":  0.0,
"greedy100":  0.35483999999999993,
"DP_05":  0.0,
"DP_30":  0.0,
"DP_60":  0.0,
"DP_95":  0.16162,
"QL_09":  0.27812000000000003,
"QL_05":  0.30828,
"RL":  0.30016000000000004}
,
{ "x":  380,
"greedy000":  0.0,
"greedy050":  0.0,
"greedy100":  0.34728000000000003,
"DP_05":  0.0,
"DP_30":  0.0,
"DP_60":  0.0,
"DP_95":  0.16044000000000003,
"QL_09":  0.2727800000000001,
"QL_05":  0.30928,
"RL":  0.2992}
,
{ "x":  420,
"greedy000":  0.0,
"greedy050":  0.0,
"greedy100":  0.3494,
"DP_05":  0.0,
"DP_30":  0.0,
"DP_60":  0.0,
"DP_95":  0.16154,
"QL_09":  0.27254000000000006,
"QL_05":  0.30706,
"RL":  0.29926}
]}
