{ "x_label":"episode",
"y_label":"Average Profit",
 "results":[
{ "x":  20,
"greedy000":  0.0,
"greedy050":  0.0,
"greedy100":  4.9901800000000005,
"DP_05":  0.0,
"DP_30":  0.0,
"DP_60":  0.0,
"DP_95":  7.061780000000001,
"QL_09":  3.5998799999999997,
"QL_05":  3.62352,
"RL":  3.7492600000000005}
,
{ "x":  60,
"greedy000":  0.0,
"greedy050":  0.0,
"greedy100":  4.990259999999999,
"DP_05":  0.0,
"DP_30":  0.0,
"DP_60":  0.0,
"DP_95":  7.0265,
"QL_09":  3.97412,
"QL_05":  4.128380000000001,
"RL":  4.82728}
,
{ "x":  100,
"greedy000":  0.0,
"greedy050":  0.0,
"greedy100":  5.02404,
"DP_05":  0.0,
"DP_30":  0.0,
"DP_60":  0.0,
"DP_95":  7.016040000000001,
"QL_09":  4.32254,
"QL_05":  4.527880000000001,
"RL":  5.18044}
,
{ "x":  140,
"greedy000":  0.0,
"greedy050":  0.0,
"greedy100":  5.000259999999999,
"DP_05":  0.0,
"DP_30":  0.0,
"DP_60":  0.0,
"DP_95":  7.0350399999999995,
"QL_09":  4.5110399999999995,
"QL_05":  4.60944,
"RL":  5.21064}
,
{ "x":  180,
"greedy000":  0.0,
"greedy050":  0.0,
"greedy100":  5.0062,
"DP_05":  0.0,
"DP_30":  0.0,
"DP_60":  0.0,
"DP_95":  7.04868,
"QL_09":  4.625,
"QL_05":  4.71692,
"RL":  5.2665}
,
{ "x":  220,
"greedy000":  0.0,
"greedy050":  0.0,
"greedy100":  4.96308,
"DP_05":  0.0,
"DP_30":  0.0,
"DP_60":  0.0,
"DP_95":  7.014280000000001,
"QL_09":  4.715680000000001,
"QL_05":  4.7976,
"RL":  5.2323}
,
{ "x":  260,
"greedy000":  0.0,
"greedy050":  0.0,
"greedy100":  5.012739999999999,
"DP_05":  0.0,
"DP_30":  0.0,
"DP_60":  0.0,
"DP_95":  7.040299999999999,
"QL_09":  4.71936,
"QL_05":  4.85662,
"RL":  5.18898}
,
{ "x":  300,
"greedy000":  0.0,
"greedy050":  0.0,
"greedy100":  5.0297,
"DP_05":  0.0,
"DP_30":  0.0,
"DP_60":  0.0,
"DP_95":  7.05586,
"QL_09":  4.874599999999999,
"QL_05":  4.950720000000001,
"RL":  5.348759999999999}
,
{ "x":  340,
"greedy000":  0.0,
"greedy050":  0.0,
"greedy100":  4.97988,
"DP_05":  0.0,
"DP_30":  0.0,
"DP_60":  0.0,
"DP_95":  7.044619999999999,
"QL_09":  4.90696,
"QL_05":  5.04424,
"RL":  5.30952}
,
{ "x":  380,
"greedy000":  0.0,
"greedy050":  0.0,
"greedy100":  5.0098,
"DP_05":  0.0,
"DP_30":  0.0,
"DP_60":  0.0,
"DP_95":  7.05168,
"QL_09":  4.950419999999999,
"QL_05":  4.98448,
"RL":  5.3639600000000005}
,
{ "x":  420,
"greedy000":  0.0,
"greedy050":  0.0,
"greedy100":  4.9226399999999995,
"DP_05":  0.0,
"DP_30":  0.0,
"DP_60":  0.0,
"DP_95":  6.994580000000001,
"QL_09":  4.93726,
"QL_05":  4.98814,
"RL":  5.22682}
]}
