{ "x_label":"eta",
"y_label":"Acceptance Rate",
 "results":[
{ "x":  0.1,
"greedy000":  0.4078582891068471,
"greedy050":  0.5123830907201525,
"greedy100":  0.6305215302090137,
"DP_05":  0.6305215302090137,
"DP_30":  0.6305215302090137,
"DP_60":  0.6305215302090137,
"DP_95":  0.6860309135130536,
"QL":  0.3803575983139472}
,
{ "x":  0.125,
"greedy000":  0.40385013726120167,
"greedy050":  0.5129452410634275,
"greedy100":  0.6267450862572455,
"DP_05":  0.6267450862572455,
"DP_30":  0.6267450862572455,
"DP_60":  0.6267450862572455,
"DP_95":  0.6800615993658445,
"QL":  0.5211028613076086}
,
{ "x":  0.15000000000000002,
"greedy000":  0.41138943299165864,
"greedy050":  0.5136765671774125,
"greedy100":  0.5993548827972003,
"DP_05":  0.5993548827972003,
"DP_30":  0.5993548827972003,
"DP_60":  0.5993548827972003,
"DP_95":  0.6721472437170966,
"QL":  0.46819652868756173}
,
{ "x":  0.17500000000000002,
"greedy000":  0.4034447663508476,
"greedy050":  0.5041657606853571,
"greedy100":  0.5868481336032902,
"DP_05":  0.5868481336032902,
"DP_30":  0.5868481336032902,
"DP_60":  0.5868481336032902,
"DP_95":  0.6622551717776568,
"QL":  0.3927316525402607}
,
{ "x":  0.2,
"greedy000":  0.3918377718192497,
"greedy050":  0.486947194888098,
"greedy100":  0.5833487673257125,
"DP_05":  0.5833487673257125,
"DP_30":  0.5833487673257125,
"DP_60":  0.5833487673257125,
"DP_95":  0.6472732163065247,
"QL":  0.40798884079736003}
,
{ "x":  0.225,
"greedy000":  0.3810761912600259,
"greedy050":  0.4777936576568356,
"greedy100":  0.5594925304935392,
"DP_05":  0.5594925304935392,
"DP_30":  0.5594925304935392,
"DP_60":  0.5594925304935392,
"DP_95":  0.6395975642963249,
"QL":  0.3933303275182326}
,
{ "x":  0.25,
"greedy000":  0.3793739720771963,
"greedy050":  0.4727482054616584,
"greedy100":  0.5522395734925383,
"DP_05":  0.5522395734925383,
"DP_30":  0.5522395734925383,
"DP_60":  0.5522395734925383,
"DP_95":  0.6300612333913502,
"QL":  0.3937889539776151}
,
{ "x":  0.275,
"greedy000":  0.37073606723525615,
"greedy050":  0.46003882277091146,
"greedy100":  0.53914441283528,
"DP_05":  0.53914441283528,
"DP_30":  0.53914441283528,
"DP_60":  0.53914441283528,
"DP_95":  0.6173077582212492,
"QL":  0.3793497817482815}
,
{ "x":  0.30000000000000004,
"greedy000":  0.37639767369651767,
"greedy050":  0.4662996272060139,
"greedy100":  0.534645683293461,
"DP_05":  0.534645683293461,
"DP_30":  0.534645683293461,
"DP_60":  0.534645683293461,
"DP_95":  0.5967640509420701,
"QL":  0.40475075621696516}
,
{ "x":  0.325,
"greedy000":  0.3632745729670008,
"greedy050":  0.4407464997047709,
"greedy100":  0.5044249617864653,
"DP_05":  0.5044249617864653,
"DP_30":  0.5044249617864653,
"DP_60":  0.5044249617864653,
"DP_95":  0.5761796224386841,
"QL":  0.3288415979693381}
,
{ "x":  0.35,
"greedy000":  0.3613550756033299,
"greedy050":  0.44056327394330336,
"greedy100":  0.49396928895421127,
"DP_05":  0.49396928895421127,
"DP_30":  0.49396928895421127,
"DP_60":  0.49396928895421127,
"DP_95":  0.5560560862399666,
"QL":  0.3364751359206797}
,
{ "x":  0.375,
"greedy000":  0.34668708422317923,
"greedy050":  0.42088345041502134,
"greedy100":  0.476983448079442,
"DP_05":  0.476983448079442,
"DP_30":  0.476983448079442,
"DP_60":  0.476983448079442,
"DP_95":  0.5574826579564278,
"QL":  0.4264430256516099}
,
{ "x":  0.4,
"greedy000":  0.35124110244387247,
"greedy050":  0.41510289832581587,
"greedy100":  0.4540078269848662,
"DP_05":  0.4540078269848662,
"DP_30":  0.4540078269848662,
"DP_60":  0.4540078269848662,
"DP_95":  0.5191168700557822,
"QL":  0.3650767988795594}
,
{ "x":  0.42500000000000004,
"greedy000":  0.3359521286127912,
"greedy050":  0.3946103371496587,
"greedy100":  0.4305453687936849,
"DP_05":  0.4305453687936849,
"DP_30":  0.4305453687936849,
"DP_60":  0.4305453687936849,
"DP_95":  0.5029073958772663,
"QL":  0.30348661041836317}
,
{ "x":  0.45000000000000007,
"greedy000":  0.33185418515804505,
"greedy050":  0.40122778037565177,
"greedy100":  0.45289048469864407,
"DP_05":  0.45289048469864407,
"DP_30":  0.45289048469864407,
"DP_60":  0.45289048469864407,
"DP_95":  0.5197562828447431,
"QL":  0.3803046127105406}
,
{ "x":  0.475,
"greedy000":  0.3307330833706713,
"greedy050":  0.38761980684557656,
"greedy100":  0.42499815121283707,
"DP_05":  0.42499815121283707,
"DP_30":  0.42499815121283707,
"DP_60":  0.42499815121283707,
"DP_95":  0.4859113303687561,
"QL":  0.31997705034916235}
,
{ "x":  0.5,
"greedy000":  0.33767572728924444,
"greedy050":  0.39510881265162323,
"greedy100":  0.43398545200981264,
"DP_05":  0.43398545200981264,
"DP_30":  0.43398545200981264,
"DP_60":  0.43398545200981264,
"DP_95":  0.49429837736682547,
"QL":  0.39241783756476795}
,
{ "x":  0.525,
"greedy000":  0.3219957941333574,
"greedy050":  0.3757593196133745,
"greedy100":  0.40936796117498525,
"DP_05":  0.40936796117498525,
"DP_30":  0.40936796117498525,
"DP_60":  0.40936796117498525,
"DP_95":  0.4689289697374515,
"QL":  0.34688696800665675}
,
{ "x":  0.55,
"greedy000":  0.3200484449260437,
"greedy050":  0.3671281717978573,
"greedy100":  0.39424259287196756,
"DP_05":  0.39424259287196756,
"DP_30":  0.39424259287196756,
"DP_60":  0.39424259287196756,
"DP_95":  0.423962394566854,
"QL":  0.3502074893812636}
,
{ "x":  0.5750000000000001,
"greedy000":  0.3069024158694639,
"greedy050":  0.3474353749744048,
"greedy100":  0.36976853170573437,
"DP_05":  0.36976853170573437,
"DP_30":  0.36976853170573437,
"DP_60":  0.36976853170573437,
"DP_95":  0.41293174378390496,
"QL":  0.3294767216679699}
,
{ "x":  0.6,
"greedy000":  0.3062447153948144,
"greedy050":  0.3576540507214359,
"greedy100":  0.3864971167610857,
"DP_05":  0.3864971167610857,
"DP_30":  0.3864971167610857,
"DP_60":  0.3864971167610857,
"DP_95":  0.41765178375852396,
"QL":  0.3854894034856517}
]}
