{ "x_label":"eta",
"y_label":"Federation Rate",
 "results":[
{ "x":  0.1,
"greedy000":  0.5921417108931529,
"greedy050":  0.48761690927984763,
"greedy100":  0.3694784697909862,
"DP_05":  0.05852318927876027,
"DP_30":  0.05852318927876027,
"DP_60":  0.05852318927876027,
"DP_95":  0.0006490909550504254,
"QL":  0.2500739070642845}
,
{ "x":  0.125,
"greedy000":  0.5961498627387982,
"greedy050":  0.48705475893657246,
"greedy100":  0.37325491374275466,
"DP_05":  0.05985174736014228,
"DP_30":  0.05985174736014228,
"DP_60":  0.05985174736014228,
"DP_95":  0.0021610542450295174,
"QL":  0.14384628173889094}
,
{ "x":  0.15000000000000002,
"greedy000":  0.5886105670083414,
"greedy050":  0.48632343282258744,
"greedy100":  0.40064511720279966,
"DP_05":  0.08754927488953271,
"DP_30":  0.08754927488953271,
"DP_60":  0.08754927488953271,
"DP_95":  0.003600955162549603,
"QL":  0.18153704271094917}
,
{ "x":  0.17500000000000002,
"greedy000":  0.5965552336491523,
"greedy050":  0.4958342393146428,
"greedy100":  0.4131518663967098,
"DP_05":  0.09220902198764655,
"DP_30":  0.09220902198764655,
"DP_60":  0.09220902198764655,
"DP_95":  0.004145772240906906,
"QL":  0.23965930788024342}
,
{ "x":  0.2,
"greedy000":  0.6081622281807504,
"greedy050":  0.5130528051119019,
"greedy100":  0.4166512326742876,
"DP_05":  0.09151338067995163,
"DP_30":  0.09151338067995163,
"DP_60":  0.09151338067995163,
"DP_95":  0.017029674557854778,
"QL":  0.2432229069612295}
,
{ "x":  0.225,
"greedy000":  0.6189238087399742,
"greedy050":  0.5222063423431644,
"greedy100":  0.44050746950646086,
"DP_05":  0.10845978636839941,
"DP_30":  0.10845978636839941,
"DP_60":  0.10845978636839941,
"DP_95":  0.011750352307788555,
"QL":  0.2778422415219996}
,
{ "x":  0.25,
"greedy000":  0.6206260279228039,
"greedy050":  0.5272517945383415,
"greedy100":  0.4477604265074616,
"DP_05":  0.1173110980520679,
"DP_30":  0.1173110980520679,
"DP_60":  0.1173110980520679,
"DP_95":  0.024145898413145624,
"QL":  0.28991964310272716}
,
{ "x":  0.275,
"greedy000":  0.6292639327647439,
"greedy050":  0.5399611772290887,
"greedy100":  0.46085558716471997,
"DP_05":  0.12176862635197352,
"DP_30":  0.12176862635197352,
"DP_60":  0.12176862635197352,
"DP_95":  0.02677482001613009,
"QL":  0.2601208108367602}
,
{ "x":  0.30000000000000004,
"greedy000":  0.6236023263034824,
"greedy050":  0.5337003727939862,
"greedy100":  0.46535431670653915,
"DP_05":  0.12542793219968526,
"DP_30":  0.12542793219968526,
"DP_60":  0.12542793219968526,
"DP_95":  0.0447223741451993,
"QL":  0.2914876222626489}
,
{ "x":  0.325,
"greedy000":  0.6367254270329994,
"greedy050":  0.559253500295229,
"greedy100":  0.49557503821353466,
"DP_05":  0.49557503821353466,
"DP_30":  0.49557503821353466,
"DP_60":  0.49557503821353466,
"DP_95":  0.4238203775613158,
"QL":  0.5716061218591917}
,
{ "x":  0.35,
"greedy000":  0.6386449243966702,
"greedy050":  0.5594367260566966,
"greedy100":  0.5060307110457889,
"DP_05":  0.5060307110457889,
"DP_30":  0.5060307110457889,
"DP_60":  0.5060307110457889,
"DP_95":  0.4439439137600334,
"QL":  0.6305230123853003}
,
{ "x":  0.375,
"greedy000":  0.6533129157768209,
"greedy050":  0.5791165495849786,
"greedy100":  0.5230165519205581,
"DP_05":  0.5230165519205581,
"DP_30":  0.5230165519205581,
"DP_60":  0.5230165519205581,
"DP_95":  0.44251734204357207,
"QL":  0.5266592711682844}
,
{ "x":  0.4,
"greedy000":  0.6487588975561275,
"greedy050":  0.5848971016741841,
"greedy100":  0.5459921730151338,
"DP_05":  0.5459921730151338,
"DP_30":  0.5459921730151338,
"DP_60":  0.5459921730151338,
"DP_95":  0.4808831299442177,
"QL":  0.6096978077522519}
,
{ "x":  0.42500000000000004,
"greedy000":  0.6640478713872087,
"greedy050":  0.6053896628503413,
"greedy100":  0.5694546312063151,
"DP_05":  0.5694546312063151,
"DP_30":  0.5694546312063151,
"DP_60":  0.5694546312063151,
"DP_95":  0.49709260412273365,
"QL":  0.6206379257167691}
,
{ "x":  0.45000000000000007,
"greedy000":  0.668145814841955,
"greedy050":  0.5987722196243482,
"greedy100":  0.5471095153013559,
"DP_05":  0.5471095153013559,
"DP_30":  0.5471095153013559,
"DP_60":  0.5471095153013559,
"DP_95":  0.4802437171552568,
"QL":  0.5695812790301444}
,
{ "x":  0.475,
"greedy000":  0.6692669166293288,
"greedy050":  0.6123801931544234,
"greedy100":  0.5750018487871629,
"DP_05":  0.5750018487871629,
"DP_30":  0.5750018487871629,
"DP_60":  0.5750018487871629,
"DP_95":  0.5140886696312438,
"QL":  0.6799694003505283}
,
{ "x":  0.5,
"greedy000":  0.6623242727107557,
"greedy050":  0.6048911873483765,
"greedy100":  0.5660145479901875,
"DP_05":  0.5660145479901875,
"DP_30":  0.5660145479901875,
"DP_60":  0.5660145479901875,
"DP_95":  0.5057016226331745,
"QL":  0.6072962292924713}
,
{ "x":  0.525,
"greedy000":  0.6780042058666427,
"greedy050":  0.6242406803866255,
"greedy100":  0.5906320388250147,
"DP_05":  0.5906320388250147,
"DP_30":  0.5906320388250147,
"DP_60":  0.5906320388250147,
"DP_95":  0.5310710302625483,
"QL":  0.6530256877286086}
,
{ "x":  0.55,
"greedy000":  0.6799515550739563,
"greedy050":  0.6328718282021427,
"greedy100":  0.6057574071280324,
"DP_05":  0.6057574071280324,
"DP_30":  0.6057574071280324,
"DP_60":  0.6057574071280324,
"DP_95":  0.5760376054331461,
"QL":  0.649700013986245}
,
{ "x":  0.5750000000000001,
"greedy000":  0.6930975841305361,
"greedy050":  0.6525646250255953,
"greedy100":  0.6302314682942655,
"DP_05":  0.6302314682942655,
"DP_30":  0.6302314682942655,
"DP_60":  0.6302314682942655,
"DP_95":  0.5870682562160947,
"QL":  0.6705232783320298}
,
{ "x":  0.6,
"greedy000":  0.6937552846051857,
"greedy050":  0.6423459492785641,
"greedy100":  0.6135028832389141,
"DP_05":  0.6135028832389141,
"DP_30":  0.6135028832389141,
"DP_60":  0.6135028832389141,
"DP_95":  0.5823482162414761,
"QL":  0.6145105965143481}
]}
