{ "x_label":"eta",
"y_label":"Average Profit",
 "results":[
{ "x":  0.1,
"greedy000":  20.10411026391635,
"greedy050":  21.76444950788268,
"greedy100":  23.259509992239067,
"DP_05":  51.24548523833939,
"DP_30":  51.24548523833939,
"DP_60":  51.24548523833939,
"DP_95":  51.80057907137979,
"QL":  48.708786495473845}
,
{ "x":  0.125,
"greedy000":  27.395240243181235,
"greedy050":  29.183165863332658,
"greedy100":  30.420430327688273,
"DP_05":  51.73184564170591,
"DP_30":  51.73184564170591,
"DP_60":  51.73184564170591,
"DP_95":  52.25626241277888,
"QL":  50.37716094992646}
,
{ "x":  0.15000000000000002,
"greedy000":  33.506293707014635,
"greedy050":  35.061596847361116,
"greedy100":  36.15624658163079,
"DP_05":  52.12413453960742,
"DP_30":  52.12413453960742,
"DP_60":  52.12413453960742,
"DP_95":  52.796278354770934,
"QL":  50.608117953805035}
,
{ "x":  0.17500000000000002,
"greedy000":  36.77023866984968,
"greedy050":  38.330219985443414,
"greedy100":  39.26212984486085,
"DP_05":  52.0998436212234,
"DP_30":  52.0998436212234,
"DP_60":  52.0998436212234,
"DP_95":  52.76532052196044,
"QL":  49.37041180772968}
,
{ "x":  0.2,
"greedy000":  40.48345284529311,
"greedy050":  41.707614304051205,
"greedy100":  42.80215848964493,
"DP_05":  52.55629404947503,
"DP_30":  52.55629404947503,
"DP_60":  52.55629404947503,
"DP_95":  53.08994596787029,
"QL":  49.67305698277385}
,
{ "x":  0.225,
"greedy000":  43.03322219472441,
"greedy050":  44.29671196471024,
"greedy100":  45.17472497816594,
"DP_05":  52.47977400720329,
"DP_30":  52.47977400720329,
"DP_60":  52.47977400720329,
"DP_95":  53.08157154213724,
"QL":  48.994746946152375}
,
{ "x":  0.25,
"greedy000":  46.09170298436609,
"greedy050":  47.28839234259338,
"greedy100":  48.1338039276943,
"DP_05":  53.09054385452521,
"DP_30":  53.09054385452521,
"DP_60":  53.09054385452521,
"DP_95":  53.638607357411686,
"QL":  49.865369721376766}
,
{ "x":  0.275,
"greedy000":  48.19230258083108,
"greedy050":  49.28911449127965,
"greedy100":  50.12571228582008,
"DP_05":  53.17749493313479,
"DP_30":  53.17749493313479,
"DP_60":  53.17749493313479,
"DP_95":  53.67301055084663,
"QL":  50.642477271059185}
,
{ "x":  0.30000000000000004,
"greedy000":  50.67194096928781,
"greedy050":  51.790163217532005,
"greedy100":  52.50816705928054,
"DP_05":  53.52794621280109,
"DP_30":  53.52794621280109,
"DP_60":  53.52794621280109,
"DP_95":  53.77738608116964,
"QL":  51.21434685174823}
,
{ "x":  0.325,
"greedy000":  52.628057197335956,
"greedy050":  53.56403739575778,
"greedy100":  54.21336861899821,
"DP_05":  54.21336861899821,
"DP_30":  54.21336861899821,
"DP_60":  54.21336861899821,
"DP_95":  54.59184357741465,
"QL":  51.25287696664401}
,
{ "x":  0.35,
"greedy000":  54.8404231750455,
"greedy050":  55.800830953318595,
"greedy100":  56.344122724696525,
"DP_05":  56.344122724696525,
"DP_30":  56.344122724696525,
"DP_60":  56.344122724696525,
"DP_95":  56.609090516668786,
"QL":  53.68104938537404}
,
{ "x":  0.375,
"greedy000":  56.33955088496191,
"greedy050":  57.179168363648515,
"greedy100":  57.739004439970415,
"DP_05":  57.739004439970415,
"DP_30":  57.739004439970415,
"DP_60":  57.739004439970415,
"DP_95":  58.17694877645886,
"QL":  56.45969355287921}
,
{ "x":  0.4,
"greedy000":  58.110647258927486,
"greedy050":  58.89028958624027,
"greedy100":  59.29695456090953,
"DP_05":  59.29695456090953,
"DP_30":  59.29695456090953,
"DP_60":  59.29695456090953,
"DP_95":  59.519114525501735,
"QL":  57.63191875701223}
,
{ "x":  0.42500000000000004,
"greedy000":  59.63229955022858,
"greedy050":  60.31843241482388,
"greedy100":  60.68258649790056,
"DP_05":  60.68258649790056,
"DP_30":  60.68258649790056,
"DP_60":  60.68258649790056,
"DP_95":  60.971503963180886,
"QL":  57.40333662645421}
,
{ "x":  0.45000000000000007,
"greedy000":  61.467732917251695,
"greedy050":  62.2223720382255,
"greedy100":  62.722117078398654,
"DP_05":  62.722117078398654,
"DP_30":  62.722117078398654,
"DP_60":  62.722117078398654,
"DP_95":  63.03396035200999,
"QL":  60.58130257293321}
,
{ "x":  0.475,
"greedy000":  62.83238516764038,
"greedy050":  63.48260966209864,
"greedy100":  63.84976563420994,
"DP_05":  63.84976563420994,
"DP_30":  63.84976563420994,
"DP_60":  63.84976563420994,
"DP_95":  64.05426106684735,
"QL":  62.39372060167464}
,
{ "x":  0.5,
"greedy000":  64.93530941724586,
"greedy050":  65.57202189401728,
"greedy100":  65.97817937865132,
"DP_05":  65.97817937865132,
"DP_30":  65.97817937865132,
"DP_60":  65.97817937865132,
"DP_95":  66.20848017348104,
"QL":  65.44699498523421}
,
{ "x":  0.525,
"greedy000":  65.8649663015125,
"greedy050":  66.4637111998035,
"greedy100":  66.78571558676677,
"DP_05":  66.78571558676677,
"DP_30":  66.78571558676677,
"DP_60":  66.78571558676677,
"DP_95":  67.03384573344748,
"QL":  65.97404289657645}
,
{ "x":  0.55,
"greedy000":  67.84247758518492,
"greedy050":  68.38504068057756,
"greedy100":  68.66610449045594,
"DP_05":  68.66610449045594,
"DP_30":  68.66610449045594,
"DP_60":  68.66610449045594,
"DP_95":  68.76026013395834,
"QL":  68.10414765200595}
,
{ "x":  0.5750000000000001,
"greedy000":  69.00952770253694,
"greedy050":  69.46678333948763,
"greedy100":  69.70669538653564,
"DP_05":  69.70669538653564,
"DP_30":  69.70669538653564,
"DP_60":  69.70669538653564,
"DP_95":  69.8345598732707,
"QL":  69.19094867367042}
,
{ "x":  0.6,
"greedy000":  70.7683243348806,
"greedy050":  71.33442093123323,
"greedy100":  71.61987532154707,
"DP_05":  71.61987532154707,
"DP_30":  71.61987532154707,
"DP_60":  71.61987532154707,
"DP_95":  71.76023072697225,
"QL":  71.61126052019195}
]}
