{ "x_label":"Theta",
"y_label":"AR",
 "results":[
{ "x":  0.0,
"greedy000":  0.0,
"greedy050":  0.0,
"greedy100":  0.4575875,
"DP_05":  0.0,
"DP_30":  0.0,
"DP_60":  0.0,
"DP_99":  0.5305625,
"QL_95":  0.47716250000000004,
"QL_55":  0.46757499999999996,
"QL_20":  0.46535000000000004,
"RL":  0.5087249999999999}
,
{ "x":  0.2,
"greedy000":  0.0,
"greedy050":  0.0,
"greedy100":  0.45525000000000004,
"DP_05":  0.0,
"DP_30":  0.0,
"DP_60":  0.0,
"DP_99":  0.5287,
"QL_95":  0.4751250000000001,
"QL_55":  0.47037499999999993,
"QL_20":  0.46129999999999993,
"RL":  0.513925}
,
{ "x":  0.4,
"greedy000":  0.0,
"greedy050":  0.0,
"greedy100":  0.4554250000000001,
"DP_05":  0.0,
"DP_30":  0.0,
"DP_60":  0.0,
"DP_99":  0.5291874999999999,
"QL_95":  0.46420000000000006,
"QL_55":  0.4698125,
"QL_20":  0.4600749999999999,
"RL":  0.517225}
,
{ "x":  0.6,
"greedy000":  0.0,
"greedy050":  0.0,
"greedy100":  0.4620875,
"DP_05":  0.0,
"DP_30":  0.0,
"DP_60":  0.0,
"DP_99":  0.5343125000000001,
"QL_95":  0.46399999999999986,
"QL_55":  0.4769,
"QL_20":  0.46491249999999995,
"RL":  0.5187124999999999}
,
{ "x":  0.8,
"greedy000":  0.0,
"greedy050":  0.0,
"greedy100":  0.45925000000000005,
"DP_05":  0.0,
"DP_30":  0.0,
"DP_60":  0.0,
"DP_99":  0.5331,
"QL_95":  0.4571375000000001,
"QL_55":  0.4769625000000001,
"QL_20":  0.4624625,
"RL":  0.518825}
,
{ "x":  1.0,
"greedy000":  0.0,
"greedy050":  0.0,
"greedy100":  0.4561250000000001,
"DP_05":  0.0,
"DP_30":  0.0,
"DP_60":  0.0,
"DP_99":  0.5306375,
"QL_95":  0.4496375,
"QL_55":  0.47165,
"QL_20":  0.4619,
"RL":  0.5138875}
,
{ "x":  1.2,
"greedy000":  0.0,
"greedy050":  0.0,
"greedy100":  0.4563125,
"DP_05":  0.0,
"DP_30":  0.0,
"DP_60":  0.0,
"DP_99":  0.5326875,
"QL_95":  0.448025,
"QL_55":  0.47221250000000003,
"QL_20":  0.4645125,
"RL":  0.5164375}
,
{ "x":  1.4,
"greedy000":  0.0,
"greedy050":  0.0,
"greedy100":  0.4564750000000001,
"DP_05":  0.0,
"DP_30":  0.0,
"DP_60":  0.0,
"DP_99":  0.5332375,
"QL_95":  0.4436,
"QL_55":  0.4746625000000001,
"QL_20":  0.4665375000000001,
"RL":  0.5152}
,
{ "x":  1.6,
"greedy000":  0.0,
"greedy050":  0.0,
"greedy100":  0.45622500000000005,
"DP_05":  0.0,
"DP_30":  0.0,
"DP_60":  0.0,
"DP_99":  0.5327750000000001,
"QL_95":  0.4405875,
"QL_55":  0.47113749999999993,
"QL_20":  0.46281249999999996,
"RL":  0.5148375}
,
{ "x":  1.8,
"greedy000":  0.0,
"greedy050":  0.0,
"greedy100":  0.45966250000000003,
"DP_05":  0.0,
"DP_30":  0.0,
"DP_60":  0.0,
"DP_99":  0.5326875000000001,
"QL_95":  0.44706250000000003,
"QL_55":  0.4729874999999999,
"QL_20":  0.4653124999999999,
"RL":  0.5144249999999999}
,
{ "x":  2.0,
"greedy000":  0.0,
"greedy050":  0.0,
"greedy100":  0.45766250000000003,
"DP_05":  0.0,
"DP_30":  0.0,
"DP_60":  0.0,
"DP_99":  0.5346875000000001,
"QL_95":  0.44506250000000003,
"QL_55":  0.4732874999999999,
"QL_20":  0.4663124999999999,
"RL":  0.514249999999999}
]}
