{ "x_label":"episode",
"y_label":"Acceptance Rate",
"results":[
{ "x":  5,
"DP_05":  0.5295477401709925,
"DP_30":  0.5856255600922063,
"DP_60":  0.578640187377477,
"DP_95":  0.5011834034662161,
"QL-Dynamic": 0.29350065077596244,
"QL-Static": 0.2568165885394218}
,
{ "x":  25,
"DP_05":  0.5229608859977595,
"DP_30":  0.5842924223249943,
"DP_60":  0.5778847367757908,
"DP_95":  0.49953207045723347,
"QL-Dynamic": 0.36518724501708905,
"QL-Static": 0.3895024567751222}
,
{ "x":  45,
"DP_05":  0.5221790260710334,
"DP_30":  0.5828869431177883,
"DP_60":  0.5765372841029026,
"DP_95":  0.4997818387220005,
"QL-Dynamic": 0.3347910436432182,
"QL-Static": 0.38550293355893667}
,
{ "x":  65,
"DP_05":  0.527320323938547,
"DP_30":  0.5833771702903193,
"DP_60":  0.576796007275993,
"DP_95":  0.49933144843459976,
"QL-Dynamic": 0.33892293049554384,
"QL-Static": 0.34640151498957267}
,
{ "x":  85,
"DP_05":  0.5277179366904879,
"DP_30":  0.5850284838537059,
"DP_60":  0.5772151011852099,
"DP_95":  0.5005393566125897,
"QL-Dynamic": 0.3142577086897859,
"QL-Static": 0.40048566722561857}
]}
