{ "x_label":"episode",
"y_label":"Acceptance Rate",
"results":[
{ "x":  5,
"DP_05":  0.5259114459766242,
"DP_30":  0.583561331936294,
"DP_60":  0.5754986334891722,
"DP_95":  0.49961502901584814,
"QL-Dynamic": 0.2580177798071162,
"QL-Static": 0.3530343359550903}
,
{ "x":  10,
"DP_05":  0.5229787004718901,
"DP_30":  0.5828098482143323,
"DP_60":  0.576482808464497,
"DP_95":  0.49971798425869685,
"QL-Dynamic": 0.29075868331705973,
"QL-Static": 0.40946751548878896}
,
{ "x":  15,
"DP_05":  0.5248602124628453,
"DP_30":  0.5827366501452387,
"DP_60":  0.5756068827428438,
"DP_95":  0.4997030616982523,
"QL-Dynamic": 0.3266033370403235,
"QL-Static": 0.3914500058531833}
,
{ "x":  20,
"DP_05":  0.5252722876155294,
"DP_30":  0.5853815173247136,
"DP_60":  0.5779053639976165,
"DP_95":  0.5012000052931023,
"QL-Dynamic": 0.3549489653280817,
"QL-Static": 0.39665307038806785}
,
{ "x":  25,
"DP_05":  0.521848867372935,
"DP_30":  0.5817687777183531,
"DP_60":  0.5746161914055271,
"DP_95":  0.4977804399938902,
"QL-Dynamic": 0.39751718853331186,
"QL-Static": 0.3968200967602339}
,
{ "x":  30,
"DP_05":  0.5220199008890382,
"DP_30":  0.5836028589917015,
"DP_60":  0.5761310691234321,
"DP_95":  0.49930479568230396,
"QL-Dynamic": 0.40840280329425505,
"QL-Static": 0.4098505529000552}
,
{ "x":  35,
"DP_05":  0.5267334655108931,
"DP_30":  0.5862498549960743,
"DP_60":  0.5787847084527897,
"DP_95":  0.5030481497078958,
"QL-Dynamic": 0.4146245171806657,
"QL-Static": 0.4031957339616361}
,
{ "x":  40,
"DP_05":  0.5229359260864166,
"DP_30":  0.5843881368536779,
"DP_60":  0.5763590634258537,
"DP_95":  0.49939072495153175,
"QL-Dynamic": 0.45423095716405243,
"QL-Static": 0.38260589549460233}
,
{ "x":  45,
"DP_05":  0.5227938957339496,
"DP_30":  0.5862710140649554,
"DP_60":  0.5779081800379001,
"DP_95":  0.5018895879651618,
"QL-Dynamic": 0.3990652606668159,
"QL-Static": 0.4029280465618242}
,
{ "x":  50,
"DP_05":  0.5216834951428535,
"DP_30":  0.5830900615885007,
"DP_60":  0.5758319607824695,
"DP_95":  0.4994422144381509,
"QL-Dynamic": 0.43970608503170916,
"QL-Static": 0.43104141348106795}
,
{ "x":  55,
"DP_05":  0.5209144886090414,
"DP_30":  0.5824899636883021,
"DP_60":  0.5766115013850438,
"DP_95":  0.5002150939067745,
"QL-Dynamic": 0.4475929030309658,
"QL-Static": 0.4293761858460543}
,
{ "x":  60,
"DP_05":  0.5252704187173316,
"DP_30":  0.5848914491877337,
"DP_60":  0.5770722408382283,
"DP_95":  0.4993627622628668,
"QL-Dynamic": 0.465461440541574,
"QL-Static": 0.4400400169716599}
,
{ "x":  65,
"DP_05":  0.5226710723480625,
"DP_30":  0.58372189670188,
"DP_60":  0.5767589016588291,
"DP_95":  0.49935423164296283,
"QL-Dynamic": 0.43010553504464105,
"QL-Static": 0.41778511114436023}
,
{ "x":  70,
"DP_05":  0.5245022249283832,
"DP_30":  0.5852948996435479,
"DP_60":  0.5776234585818864,
"DP_95":  0.501025552796185,
"QL-Dynamic": 0.46442512456932383,
"QL-Static": 0.435735696962462}
,
{ "x":  75,
"DP_05":  0.5204084522015268,
"DP_30":  0.5825791015411553,
"DP_60":  0.5756259752541135,
"DP_95":  0.4997840025124864,
"QL-Dynamic": 0.47616712975811404,
"QL-Static": 0.43984631067275326}
,
{ "x":  80,
"DP_05":  0.5264526306501786,
"DP_30":  0.5837619393249229,
"DP_60":  0.5767037222259779,
"DP_95":  0.4987953426898518,
"QL-Dynamic": 0.4959785600092443,
"QL-Static": 0.4268883504297266}
,
{ "x":  85,
"DP_05":  0.528738990192692,
"DP_30":  0.5860363222757292,
"DP_60":  0.5784259243034695,
"DP_95":  0.501787064437584,
"QL-Dynamic": 0.4616675340273529,
"QL-Static": 0.42249689384942696}
,
{ "x":  90,
"DP_05":  0.5246317623712041,
"DP_30":  0.5850032663179082,
"DP_60":  0.5788806179626608,
"DP_95":  0.500843112527621,
"QL-Dynamic": 0.471001287655755,
"QL-Static": 0.43395016208582776}
,
{ "x":  95,
"DP_05":  0.5231272307939069,
"DP_30":  0.5838400102443655,
"DP_60":  0.576777070602863,
"DP_95":  0.4999767068936697,
"QL-Dynamic": 0.46912376454325977,
"QL-Static": 0.42508809779394824}
,
{ "x":  100,
"DP_05":  0.5280235684284,
"DP_30":  0.5853479269617198,
"DP_60":  0.5773474431639967,
"DP_95":  0.5010589622229379,
"QL-Dynamic": 0.4461122840883779,
"QL-Static": 0.4176877633262253}
,
{ "x":  105,
"DP_05":  0.5249856858865135,
"DP_30":  0.5831905019033738,
"DP_60":  0.5753260746794185,
"DP_95":  0.4988156864650067,
"QL-Dynamic": 0.43972556815697345,
"QL-Static": 0.4763956673301435}
,
{ "x":  110,
"DP_05":  0.5263803222395037,
"DP_30":  0.583579102552037,
"DP_60":  0.5761890034161095,
"DP_95":  0.4991856062231146,
"QL-Dynamic": 0.4678362481352219,
"QL-Static": 0.43499057046129896}
,
{ "x":  115,
"DP_05":  0.5243491251654434,
"DP_30":  0.5855414871263362,
"DP_60":  0.577957870778616,
"DP_95":  0.5002399979221501,
"QL-Dynamic": 0.43633107123624576,
"QL-Static": 0.4339777967668747}
,
{ "x":  120,
"DP_05":  0.5231261070254891,
"DP_30":  0.5853492748736004,
"DP_60":  0.5775713653025586,
"DP_95":  0.5020095090219182,
"QL-Dynamic": 0.47301738691063766,
"QL-Static": 0.39679421028755685}
,
{ "x":  125,
"DP_05":  0.5230619664448234,
"DP_30":  0.5820406984398437,
"DP_60":  0.5756953313432428,
"DP_95":  0.49941082066310266,
"QL-Dynamic": 0.45811879735739625,
"QL-Static": 0.4677556500324377}
,
{ "x":  130,
"DP_05":  0.5200160313966705,
"DP_30":  0.5830552950552609,
"DP_60":  0.5753790197334357,
"DP_95":  0.49905013203103654,
"QL-Dynamic": 0.45693543646471985,
"QL-Static": 0.3783335074267937}
,
{ "x":  135,
"DP_05":  0.5256803132295415,
"DP_30":  0.5848015601472396,
"DP_60":  0.5775672695413188,
"DP_95":  0.49919915990364283,
"QL-Dynamic": 0.4578910488923436,
"QL-Static": 0.41043602815317615}
,
{ "x":  140,
"DP_05":  0.5231837434313193,
"DP_30":  0.584107763262588,
"DP_60":  0.5763471876967328,
"DP_95":  0.49962289935995735,
"QL-Dynamic": 0.45352806582020705,
"QL-Static": 0.4222899330704022}
,
{ "x":  145,
"DP_05":  0.524512798711002,
"DP_30":  0.5824855564442708,
"DP_60":  0.5756585245108599,
"DP_95":  0.4974306962741954,
"QL-Dynamic": 0.4120864050290792,
"QL-Static": 0.421912813772022}
,
{ "x":  150,
"DP_05":  0.5243263519671856,
"DP_30":  0.5827857348452261,
"DP_60":  0.5759099125337086,
"DP_95":  0.49832634728571046,
"QL-Dynamic": 0.46668750297967376,
"QL-Static": 0.4291399565494487}
,
{ "x":  155,
"DP_05":  0.5264711896876814,
"DP_30":  0.5856464472853801,
"DP_60":  0.5779752694627903,
"DP_95":  0.5000348162034391,
"QL-Dynamic": 0.39599565340874215,
"QL-Static": 0.41916812447447016}
,
{ "x":  160,
"DP_05":  0.5250556607133041,
"DP_30":  0.5850105979747373,
"DP_60":  0.5776231807696139,
"DP_95":  0.5000197836035906,
"QL-Dynamic": 0.4231778690683518,
"QL-Static": 0.4081603751808712}
,
{ "x":  165,
"DP_05":  0.5246691065254351,
"DP_30":  0.583933707544778,
"DP_60":  0.5761685881943215,
"DP_95":  0.49948381513179974,
"QL-Dynamic": 0.4212458111272205,
"QL-Static": 0.4709098548058769}
,
{ "x":  170,
"DP_05":  0.5260901077847094,
"DP_30":  0.5842077331434209,
"DP_60":  0.5761136476230055,
"DP_95":  0.501558510197427,
"QL-Dynamic": 0.412525733208597,
"QL-Static": 0.41302982249569953}
,
{ "x":  175,
"DP_05":  0.5216602799319623,
"DP_30":  0.5836461382355921,
"DP_60":  0.5761895191645051,
"DP_95":  0.49938097730087805,
"QL-Dynamic": 0.364531586467885,
"QL-Static": 0.4412877446240769}
,
{ "x":  180,
"DP_05":  0.5256481005929388,
"DP_30":  0.5848073449004262,
"DP_60":  0.5779178343509318,
"DP_95":  0.5000952348654659,
"QL-Dynamic": 0.4027701200704022,
"QL-Static": 0.3955747674090213}
,
{ "x":  185,
"DP_05":  0.5196885485274971,
"DP_30":  0.5826179184228529,
"DP_60":  0.5749165248752712,
"DP_95":  0.49751141170358004,
"QL-Dynamic": 0.3760804125660298,
"QL-Static": 0.4335834027376144}
,
{ "x":  190,
"DP_05":  0.521074069869462,
"DP_30":  0.5825814274402162,
"DP_60":  0.5754382680951058,
"DP_95":  0.4977674158975895,
"QL-Dynamic": 0.35431373702938823,
"QL-Static": 0.4005863487811553}
,
{ "x":  195,
"DP_05":  0.5219793794295812,
"DP_30":  0.5832372765228865,
"DP_60":  0.5758118491984964,
"DP_95":  0.4989135044731187,
"QL-Dynamic": 0.3988238754086854,
"QL-Static": 0.4046037459278699}
,
{ "x":  200,
"DP_05":  0.5230649726558342,