{ "x_label":"episode",
"y_label":"Federation Rate",
"results":[
{ "x":  5,
"DP_05":  0.47408855402337585,
"DP_30":  0.4164386680637061,
"DP_60":  0.4245013665108279,
"DP_95":  0.5003849709841518,
"QL-Dynamic": 0.4074705850367878,
"QL-Static": 0.4136989272615385}
,
{ "x":  10,
"DP_05":  0.4770212995281099,
"DP_30":  0.41719015178566776,
"DP_60":  0.423517191535503,
"DP_95":  0.500282015741303,
"QL-Dynamic": 0.4418983778256256,
"QL-Static": 0.3329002905331673}
,
{ "x":  15,
"DP_05":  0.47513978753715463,
"DP_30":  0.41726334985476127,
"DP_60":  0.424393117257156,
"DP_95":  0.5002969383017477,
"QL-Dynamic": 0.38622056400288984,
"QL-Static": 0.2958330616096784}
,
{ "x":  20,
"DP_05":  0.47472771238447076,
"DP_30":  0.4146184826752864,
"DP_60":  0.42209463600238356,
"DP_95":  0.4987999947068977,
"QL-Dynamic": 0.3661980140318849,
"QL-Static": 0.35508257832674256}
,
{ "x":  25,
"DP_05":  0.47815113262706505,
"DP_30":  0.41823122228164694,
"DP_60":  0.4253838085944729,
"DP_95":  0.5022195600061098,
"QL-Dynamic": 0.3625414982604952,
"QL-Static": 0.33466526943918046}
,
{ "x":  30,
"DP_05":  0.47798009911096173,
"DP_30":  0.4163971410082985,
"DP_60":  0.423868930876568,
"DP_95":  0.500695204317696,
"QL-Dynamic": 0.35247606807618,
"QL-Static": 0.30452494584841794}
,
{ "x":  35,
"DP_05":  0.473266534489107,
"DP_30":  0.41375014500392554,
"DP_60":  0.42121529154721016,
"DP_95":  0.496951850292104,
"QL-Dynamic": 0.32474154690742923,
"QL-Static": 0.30014190611659014}
,
{ "x":  40,
"DP_05":  0.4770640739135834,
"DP_30":  0.41561186314632215,
"DP_60":  0.4236409365741462,
"DP_95":  0.5006092750484683,
"QL-Dynamic": 0.32321438313786954,
"QL-Static": 0.3743081385959806}
,
{ "x":  45,
"DP_05":  0.4772061042660504,
"DP_30":  0.4137289859350448,
"DP_60":  0.42209181996209977,
"DP_95":  0.4981104120348381,
"QL-Dynamic": 0.34044751874239376,
"QL-Static": 0.3187080298379746}
,
{ "x":  50,
"DP_05":  0.47831650485714655,
"DP_30":  0.4169099384114991,
"DP_60":  0.4241680392175305,
"DP_95":  0.5005577855618492,
"QL-Dynamic": 0.33448827401375786,
"QL-Static": 0.3079808599309468}
,
{ "x":  55,
"DP_05":  0.47908551139095856,
"DP_30":  0.41751003631169764,
"DP_60":  0.42338849861495637,
"DP_95":  0.49978490609322557,
"QL-Dynamic": 0.30635361362360747,
"QL-Static": 0.28483777879168887}
,
{ "x":  60,
"DP_05":  0.47472958128266846,
"DP_30":  0.41510855081226594,
"DP_60":  0.4229277591617717,
"DP_95":  0.5006372377371332,
"QL-Dynamic": 0.3216663038975588,
"QL-Static": 0.32129544819918143}
,
{ "x":  65,
"DP_05":  0.4773289276519374,
"DP_30":  0.41627810329811993,
"DP_60":  0.42324109834117096,
"DP_95":  0.5006457683570372,
"QL-Dynamic": 0.2825657802662081,
"QL-Static": 0.32210707207039035}
,
{ "x":  70,
"DP_05":  0.4754977750716168,
"DP_30":  0.41470510035645197,
"DP_60":  0.4223765414181133,
"DP_95":  0.49897444720381506,
"QL-Dynamic": 0.3420474545005458,
"QL-Static": 0.2877513003303104}
,
{ "x":  75,
"DP_05":  0.47959154779847324,
"DP_30":  0.41742089845884495,
"DP_60":  0.4243740247458863,
"DP_95":  0.5002159974875137,
"QL-Dynamic": 0.3019749580498416,
"QL-Static": 0.3353281657977956}
,
{ "x":  80,
"DP_05":  0.47354736934982145,
"DP_30":  0.41623806067507707,
"DP_60":  0.42329627777402207,
"DP_95":  0.5012046573101483,
"QL-Dynamic": 0.28388022357669085,
"QL-Static": 0.34149568829136584}
,
{ "x":  85,
"DP_05":  0.47126100980730806,
"DP_30":  0.4139636777242706,
"DP_60":  0.4215740756965304,
"DP_95":  0.49821293556241597,
"QL-Dynamic": 0.2897521058629347,
"QL-Static": 0.32399331879274385}
,
{ "x":  90,
"DP_05":  0.4753682376287959,
"DP_30":  0.4149967336820917,
"DP_60":  0.42111938203733923,
"DP_95":  0.499156887472379,
"QL-Dynamic": 0.32621048634271443,
"QL-Static": 0.294695928354218}
,
{ "x":  95,
"DP_05":  0.4768727692060931,
"DP_30":  0.4161599897556345,
"DP_60":  0.4232229293971371,
"DP_95":  0.5000232931063304,
"QL-Dynamic": 0.29191801098970727,
"QL-Static": 0.3309959052783816}
,
{ "x":  100,
"DP_05":  0.4719764315716,
"DP_30":  0.4146520730382804,
"DP_60":  0.4226525568360034,
"DP_95":  0.498941037777062,
"QL-Dynamic": 0.3428543396675156,
"QL-Static": 0.3364281793890701}
,
{ "x":  105,
"DP_05":  0.4750143141134865,
"DP_30":  0.4168094980966262,
"DP_60":  0.4246739253205815,
"DP_95":  0.5011843135349934,
"QL-Dynamic": 0.3495320279699366,
"QL-Static": 0.28789331371612875}
,
{ "x":  110,
"DP_05":  0.4736196777604963,
"DP_30":  0.4164208974479628,
"DP_60":  0.4238109965838904,
"DP_95":  0.5008143937768853,
"QL-Dynamic": 0.34359455114843995,
"QL-Static": 0.32562079818503675}
,
{ "x":  115,
"DP_05":  0.47565087483455665,
"DP_30":  0.4144585128736638,
"DP_60":  0.4220421292213841,
"DP_95":  0.4997600020778499,
"QL-Dynamic": 0.36868638167571677,
"QL-Static": 0.2972428488857947}
,
{ "x":  120,
"DP_05":  0.4768738929745109,
"DP_30":  0.4146507251263997,
"DP_60":  0.42242863469744113,
"DP_95":  0.4979904909780818,
"QL-Dynamic": 0.27940834510068435,
"QL-Static": 0.3341113597268724}
,
{ "x":  125,
"DP_05":  0.4769380335551766,
"DP_30":  0.41795930156015637,
"DP_60":  0.4243046686567573,
"DP_95":  0.5005891793368974,
"QL-Dynamic": 0.3376683043909427,
"QL-Static": 0.2999200520461608}
,
{ "x":  130,
"DP_05":  0.4799839686033295,
"DP_30":  0.41694470494473934,
"DP_60":  0.4246209802665644,
"DP_95":  0.5009498679689635,
"QL-Dynamic": 0.3110752137958406,
"QL-Static": 0.3125768425000028}
,
{ "x":  135,
"DP_05":  0.47431968677045844,
"DP_30":  0.4151984398527603,
"DP_60":  0.42243273045868124,
"DP_95":  0.5008008400963573,
"QL-Dynamic": 0.30515961043584094,
"QL-Static": 0.3196544861901726}
,
{ "x":  140,
"DP_05":  0.47681625656868065,
"DP_30":  0.41589223673741194,
"DP_60":  0.4236528123032673,
"DP_95":  0.5003771006400427,
"QL-Dynamic": 0.343007709613717,
"QL-Static": 0.33117013475275586}
,
{ "x":  145,
"DP_05":  0.475487201288998,
"DP_30":  0.41751444355572914,
"DP_60":  0.42434147548914014,
"DP_95":  0.5025693037258047,
"QL-Dynamic": 0.34162880195465495,
"QL-Static": 0.32522079743085075}
,
{ "x":  150,
"DP_05":  0.4756736480328144,
"DP_30":  0.41721426515477394,
"DP_60":  0.4240900874662914,
"DP_95":  0.5016736527142895,
"QL-Dynamic": 0.32514620747643685,
"QL-Static": 0.3359949863719003}
,
{ "x":  155,
"DP_05":  0.4735288103123186,
"DP_30":  0.4143535527146199,
"DP_60":  0.4220247305372098,
"DP_95":  0.4999651837965608,
"QL-Dynamic": 0.3820177092555397,
"QL-Static": 0.31376458147180275}
,
{ "x":  160,
"DP_05":  0.47494433928669594,
"DP_30":  0.4149894020252628,
"DP_60":  0.42237681923038606,
"DP_95":  0.4999802163964094,
"QL-Dynamic": 0.3238774335821517,
"QL-Static": 0.3452499158154957}
,
{ "x":  165,
"DP_05":  0.47533089347456503,
"DP_30":  0.416066292455222,
"DP_60":  0.4238314118056785,
"DP_95":  0.5005161848682003,
"QL-Dynamic": 0.333592238971566,
"QL-Static": 0.2760145739064936}
,
{ "x":  170,
"DP_05":  0.47390989221529045,
"DP_30":  0.41579226685657905,
"DP_60":  0.42388635237699446,
"DP_95":  0.49844148980257297,
"QL-Dynamic": 0.37308329930085726,
"QL-Static": 0.3388124290098722}
,
{ "x":  175,
"DP_05":  0.47833972006803777,
"DP_30":  0.41635386176440803,
"DP_60":  0.4238104808354948,
"DP_95":  0.5006190226991218,
"QL-Dynamic": 0.39407444870376607,
"QL-Static": 0.308173727093414}
,
{ "x":  180,
"DP_05":  0.4743518994070611,
"DP_30":  0.41519265509957387,
"DP_60":  0.4220821656490682,
"DP_95":  0.499904765134534,
"QL-Dynamic": 0.3731227362107939,
"QL-Static": 0.31892912668355744}
,
{ "x":  185,
"DP_05":  0.4803114514725029,
"DP_30":  0.41738208157714696,
"DP_60":  0.4250834751247286,
"DP_95":  0.50248858829642,
"QL-Dynamic": 0.34225646168976553,
"QL-Static": 0.31908745828996793}
,
{ "x":  190,
"DP_05":  0.47892593013053797,
"DP_30":  0.4174185725597838,
"DP_60":  0.4245617319048943,
"DP_95":  0.5022325841024106,
"QL-Dynamic": 0.35429790554122575,
"QL-Static": 0.301397746570202}
,
{ "x":  195,
"DP_05":  0.47802062057041894,
"DP_30":  0.41676272347711346,
"DP_60":  0.42418815080150374,
"DP_95":  0.5010864955268812,
"QL-Dynamic": 0.36734343546274173,