{ "x_label":"episode",
"y_label":"Average Profit",
"results":[
{ "x":  5,
"DP_05":  218.87965626829538,
"DP_30":  255.16599763369453,
"DP_60":  255.99864621763132,
"DP_95":  259.31644015559516,
"QL-Dynamic": 127.78474733506101,
"QL-Static": 163.11304247383922}
,
{ "x":  10,
"DP_05":  217.78545342996563,
"DP_30":  255.29771423151732,
"DP_60":  256.28680732482405,
"DP_95":  259.3643504284332,
"QL-Dynamic": 142.09755112652033,
"QL-Static": 184.13698325708694}
,
{ "x":  15,
"DP_05":  219.15490304989646,
"DP_30":  255.0457740560723,
"DP_60":  256.1374967979004,
"DP_95":  259.35824434735497,
"QL-Dynamic": 158.08975933191584,
"QL-Static": 178.1021085956385}
,
{ "x":  20,
"DP_05":  219.0189603174652,
"DP_30":  255.77595068309472,
"DP_60":  256.90666978133635,
"DP_95":  260.07880280940003,
"QL-Dynamic": 168.580575582735,
"QL-Static": 180.73877705012248}
,
{ "x":  25,
"DP_05":  217.39516671830089,
"DP_30":  254.5316505741379,
"DP_60":  255.38455186822586,
"DP_95":  258.4345693979974,
"QL-Dynamic": 190.57999973417083,
"QL-Static": 184.21223898711236}
,
{ "x":  30,
"DP_05":  217.83227951281424,
"DP_30":  255.18092527878045,
"DP_60":  256.09535611341346,
"DP_95":  259.16669033522834,
"QL-Dynamic": 194.53168202398055,
"QL-Static": 185.3256082543816}
,
{ "x":  35,
"DP_05":  220.317434223896,
"DP_30":  256.8041869617063,
"DP_60":  257.62995423571255,
"DP_95":  260.96724050124175,
"QL-Dynamic": 196.23572039005793,
"QL-Static": 182.87354657489922}
,
{ "x":  40,
"DP_05":  217.3522696351056,
"DP_30":  255.10141545245682,
"DP_60":  256.0611367333097,
"DP_95":  259.2074689799192,
"QL-Dynamic": 213.49238443733108,
"QL-Static": 174.78335357049957}
,
{ "x":  45,
"DP_05":  218.56818390119787,
"DP_30":  256.1245947265402,
"DP_60":  257.1669654788128,
"DP_95":  260.40889181124277,
"QL-Dynamic": 192.23538079213944,
"QL-Static": 185.3103636460586}
,
{ "x":  50,
"DP_05":  217.64355425813937,
"DP_30":  255.0538660837279,
"DP_60":  255.99465670327433,
"DP_95":  259.23170514475055,
"QL-Dynamic": 206.63661102148694,
"QL-Static": 192.93301800413263}
,
{ "x":  55,
"DP_05":  217.44411499883103,
"DP_30":  255.11033457452376,
"DP_60":  256.3670926952285,
"DP_95":  259.6088753484061,
"QL-Dynamic": 210.3697239404497,
"QL-Static": 191.33291023843668}
,
{ "x":  60,
"DP_05":  218.90448334881447,
"DP_30":  255.1987462335308,
"DP_60":  256.17134996724326,
"DP_95":  259.19560162253055,
"QL-Dynamic": 219.0605186552097,
"QL-Static": 202.19662543697515}
,
{ "x":  65,
"DP_05":  217.79204117375903,
"DP_30":  255.04057182067083,
"DP_60":  256.0684710400416,
"DP_95":  259.1910136550346,
"QL-Dynamic": 202.7554164545967,
"QL-Static": 189.03475447488216}
,
{ "x":  70,
"DP_05":  219.0127662081096,
"DP_30":  255.83910170070016,
"DP_60":  256.8095559678037,
"DP_95":  259.9943695000313,
"QL-Dynamic": 215.8903021947136,
"QL-Static": 196.63092018715608}
,
{ "x":  75,
"DP_05":  217.61253250633,
"DP_30":  255.29555713010708,
"DP_60":  256.31136896305054,
"DP_95":  259.39773345307594,
"QL-Dynamic": 220.85034777593484,
"QL-Static": 200.00095265507048}
,
{ "x":  80,
"DP_05":  219.15751458549988,
"DP_30":  254.8840289303445,
"DP_60":  255.8739832855576,
"DP_95":  258.9227321465622,
"QL-Dynamic": 227.26829046919156,
"QL-Static": 195.43291256367112}
,
{ "x":  85,
"DP_05":  220.42819773159738,
"DP_30":  256.30722284779824,
"DP_60":  257.2110012643627,
"DP_95":  260.36119447979763,
"QL-Dynamic": 213.43926327318735,
"QL-Static": 193.9872654752831}
,
{ "x":  90,
"DP_05":  218.67968032594754,
"DP_30":  255.91160993917896,
"DP_60":  257.02139063711167,
"DP_95":  259.90606967016447,
"QL-Dynamic": 218.83035534181346,
"QL-Static": 195.78072095161744}
,
{ "x":  95,
"DP_05":  217.60637800529648,
"DP_30":  255.43330993082506,
"DP_60":  256.3707601636348,
"DP_95":  259.48985797233763,
"QL-Dynamic": 214.93199597347058,
"QL-Static": 195.3807490705258}
,
{ "x":  100,
"DP_05":  220.3714243148637,
"DP_30":  255.85792367165234,
"DP_60":  256.8407480414308,
"DP_95":  260.0109892324709,
"QL-Dynamic": 210.74939053336198,
"QL-Static": 190.32171590168747}
,
{ "x":  105,
"DP_05":  219.16545916853275,
"DP_30":  254.8396137925332,
"DP_60":  255.79705006287764,
"DP_95":  258.9308958354873,
"QL-Dynamic": 206.9568140325517,
"QL-Static": 214.71920727102196}
,
{ "x":  110,
"DP_05":  218.88580383940095,
"DP_30":  254.909800533975,
"DP_60":  255.8840744729442,
"DP_95":  259.1115725067517,
"QL-Dynamic": 217.5126862978889,
"QL-Static": 196.4441689772001}
,
{ "x":  115,
"DP_05":  218.3804480922658,
"DP_30":  255.7004888939943,
"DP_60":  256.70722514444515,
"DP_95":  259.6192382309826,
"QL-Dynamic": 207.81512003922862,
"QL-Static": 196.91381757609807}
,
{ "x":  120,
"DP_05":  218.5210574921705,
"DP_30":  256.2327404677349,
"DP_60":  257.2318936348796,
"DP_95":  260.4681481334352,
"QL-Dynamic": 221.6869555757091,
"QL-Static": 178.16502661743652}
,
{ "x":  125,
"DP_05":  218.32123638249027,
"DP_30":  254.85302969458206,
"DP_60":  255.94519360157128,
"DP_95":  259.2176642804693,
"QL-Dynamic": 217.09973112873456,
"QL-Static": 211.20011897268384}
,
{ "x":  130,
"DP_05":  216.9376333568377,
"DP_30":  255.06142962569734,
"DP_60":  256.04448719544683,
"DP_95":  259.0442034463255,
"QL-Dynamic": 212.18640030658634,
"QL-Static": 172.9952626562005}
,
{ "x":  135,
"DP_05":  218.97312552655185,
"DP_30":  255.2312412315889,
"DP_60":  256.29618174900924,
"DP_95":  259.11479591365224,
"QL-Dynamic": 214.05280772550634,
"QL-Static": 188.29470559739232}
,
{ "x":  140,
"DP_05":  218.22822904523846,
"DP_30":  255.09613769369014,
"DP_60":  256.1105207263324,
"DP_95":  259.31967899465417,
"QL-Dynamic": 213.26436656068034,
"QL-Static": 193.56482049213926}
,
{ "x":  145,
"DP_05":  217.95535376313273,
"DP_30":  254.33175806351454,
"DP_60":  255.29866401514494,
"DP_95":  258.26576960251083,
"QL-Dynamic": 197.4617179761628,
"QL-Static": 190.8529962530474}
,
{ "x":  150,
"DP_05":  218.1101873801765,
"DP_30":  254.7103616192879,
"DP_60":  255.85449717512995,
"DP_95":  258.69655647415095,
"QL-Dynamic": 216.68749880825223,
"QL-Static": 193.5577818718867}
,
{ "x":  155,
"DP_05":  218.92105525860939,
"DP_30":  255.37175143384786,
"DP_60":  256.33931441608513,
"DP_95":  259.51837808394487,
"QL-Dynamic": 189.93924093047895,
"QL-Static": 190.997590469138}
,
{ "x":  160,
"DP_05":  218.7600092599765,
"DP_30":  255.39366713171603,
"DP_60":  256.5531500677923,
"DP_95":  259.51109853561405,
"QL-Dynamic": 200.3757706053192,
"QL-Static": 188.71954412326934}
,
{ "x":  165,
"DP_05":  219.0059193117787,
"DP_30":  255.29056042156736,
"DP_60":  256.1979696961925,
"DP_95":  259.2549382024354,
"QL-Dynamic": 197.11333309882778,
"QL-Static": 211.6505412771486}
,
{ "x":  170,
"DP_05":  220.18757800836062,
"DP_30":  256.0307091621834,
"DP_60":  257.0790519357917,
"DP_95":  260.25126819422104,
"QL-Dynamic": 197.339078732323,
"QL-Static": 191.14083246810077}
,
{ "x":  175,
"DP_05":  217.58472198616562,
"DP_30":  255.09345034649127,
"DP_60":  256.30412729923194,
"DP_95":  259.20278561891257,
"QL-Dynamic": 179.0276340667945,
"QL-Static": 198.2542644600484}
,
{ "x":  180,
"DP_05":  218.882040363663,
"DP_30":  255.4312531302593,
"DP_60":  256.3748813089585,
"DP_95":  259.546881259182,
"QL-Dynamic": 191.77652362546687,
"QL-Static": 184.5023982064976}
,
{ "x":  185,
"DP_05":  216.10709767735182,
"DP_30":  254.3233155868677,
"DP_60":  255.40718022833755,
"DP_95":  258.306224473175,
"QL-Dynamic": 181.03256765119139,
"QL-Static": 194.28353467758166}
,
{ "x":  190,
"DP_05":  216.4185694246957,
"DP_30":  254.37308210866567,
"DP_60":  255.46189502870607,
"DP_95":  258.42612704674065,
"QL-Dynamic": 172.0282401523408,
"QL-Static": 181.3051440728836}
,
{ "x":  195,
"DP_05":  216.82515571026582,
"DP_30":  254.93352551592918,
"DP_60":  256.00622496383306,
"DP_95":  258.9784648463696,
"QL-Dynamic": 188.2345901017848,
"QL-Static": 185.0652228438171}
,
{ "x":  200,
"DP_05":  218.122161394637,
"DP_30":  255.67115762380115,
"DP_60":  256.765099576722,
"DP_95":  259.7230685907634,
"QL-Dynamic": 184.84346547439566,