{ "x_label":"episode",
"y_label":"Federation Rate",
 "results":[
{ "x":  20,
"greedy000":  0.0,
"greedy050":  0.0,
"greedy100":  0.18688000000000002,
"DP_05":  0.0,
"DP_30":  0.0,
"DP_60":  0.0,
"DP_95":  0.14168,
"QL_09":  0.21514000000000003,
"QL_05":  0.22290000000000001,
"RL":  0.18084}
,
{ "x":  60,
"greedy000":  0.0,
"greedy050":  0.0,
"greedy100":  0.186,
"DP_05":  0.0,
"DP_30":  0.0,
"DP_60":  0.0,
"DP_95":  0.14018,
"QL_09":  0.221,
"QL_05":  0.23606,
"RL":  0.19422}
,
{ "x":  100,
"greedy000":  0.0,
"greedy050":  0.0,
"greedy100":  0.18348000000000003,
"DP_05":  0.0,
"DP_30":  0.0,
"DP_60":  0.0,
"DP_95":  0.1406,
"QL_09":  0.23611999999999997,
"QL_05":  0.22563999999999998,
"RL":  0.19144}
,
{ "x":  140,
"greedy000":  0.0,
"greedy050":  0.0,
"greedy100":  0.18704,
"DP_05":  0.0,
"DP_30":  0.0,
"DP_60":  0.0,
"DP_95":  0.14144000000000004,
"QL_09":  0.23411999999999997,
"QL_05":  0.21066,
"RL":  0.18791999999999998}
,
{ "x":  180,
"greedy000":  0.0,
"greedy050":  0.0,
"greedy100":  0.18471999999999997,
"DP_05":  0.0,
"DP_30":  0.0,
"DP_60":  0.0,
"DP_95":  0.14298000000000002,
"QL_09":  0.22796000000000002,
"QL_05":  0.20352,
"RL":  0.18756}
,
{ "x":  220,
"greedy000":  0.0,
"greedy050":  0.0,
"greedy100":  0.18281999999999998,
"DP_05":  0.0,
"DP_30":  0.0,
"DP_60":  0.0,
"DP_95":  0.13974,
"QL_09":  0.22505999999999998,
"QL_05":  0.19906,
"RL":  0.18294}
,
{ "x":  260,
"greedy000":  0.0,
"greedy050":  0.0,
"greedy100":  0.18486,
"DP_05":  0.0,
"DP_30":  0.0,
"DP_60":  0.0,
"DP_95":  0.14167999999999997,
"QL_09":  0.21722000000000002,
"QL_05":  0.1971,
"RL":  0.17985999999999996}
,
{ "x":  300,
"greedy000":  0.0,
"greedy050":  0.0,
"greedy100":  0.18558000000000002,
"DP_05":  0.0,
"DP_30":  0.0,
"DP_60":  0.0,
"DP_95":  0.14062000000000002,
"QL_09":  0.21352,
"QL_05":  0.19619999999999999,
"RL":  0.1851}
,
{ "x":  340,
"greedy000":  0.0,
"greedy050":  0.0,
"greedy100":  0.18502000000000002,
"DP_05":  0.0,
"DP_30":  0.0,
"DP_60":  0.0,
"DP_95":  0.1432,
"QL_09":  0.21098000000000003,
"QL_05":  0.19366,
"RL":  0.17518}
,
{ "x":  380,
"greedy000":  0.0,
"greedy050":  0.0,
"greedy100":  0.18516000000000005,
"DP_05":  0.0,
"DP_30":  0.0,
"DP_60":  0.0,
"DP_95":  0.1439,
"QL_09":  0.20573999999999998,
"QL_05":  0.19324000000000002,
"RL":  0.1635}
,
{ "x":  420,
"greedy000":  0.0,
"greedy050":  0.0,
"greedy100":  0.18436,
"DP_05":  0.0,
"DP_30":  0.0,
"DP_60":  0.0,
"DP_95":  0.1429,
"QL_09":  0.20789999999999997,
"QL_05":  0.19252,
"RL":  0.16832}
]}
