{ "x_label":"capacity",
"y_label":"Federation Rate",
 "results":[
{ "x":  5,
"greedy000":  0.0,
"greedy050":  0.0,
"greedy100":  0.4546089715198166,
"DP_05":  0.0,
"DP_30":  0.0,
"DP_60":  0.0,
"DP_95":  0.4546089715198166,
"QL":  0.4546089715198166,
"RL":  0.4546089715198166}
,
{ "x":  10,
"greedy000":  0.0,
"greedy050":  0.0,
"greedy100":  0.23325702732206915,
"DP_05":  0.0,
"DP_30":  0.0,
"DP_60":  0.0,
"DP_95":  0.23325702732206915,
"QL":  0.23325702732206915,
"RL":  0.23325702732206915}
,
{ "x":  15,
"greedy000":  0.0,
"greedy050":  0.0,
"greedy100":  0.29198195580915043,
"DP_05":  0.0,
"DP_30":  0.0,
"DP_60":  0.0,
"DP_95":  0.18152215704198676,
"QL":  0.18152215704198676,
"RL":  0.15797090484594195}
,
{ "x":  20,
"greedy000":  0.0,
"greedy050":  0.0,
"greedy100":  0.14865802661931607,
"DP_05":  0.0,
"DP_30":  0.0,
"DP_60":  0.0,
"DP_95":  0.168942337327272,
"QL":  0.1493117311539992,
"RL":  0.14076786677951408}
,
{ "x":  25,
"greedy000":  0.0,
"greedy050":  0.0,
"greedy100":  0.08638496628144202,
"DP_05":  0.0,
"DP_30":  0.0,
"DP_60":  0.0,
"DP_95":  0.10285019531758008,
"QL":  0.0891756278432779,
"RL":  0.08509720255053929}
,
{ "x":  30,
"greedy000":  0.0,
"greedy050":  0.0,
"greedy100":  0.07722924654282169,
"DP_05":  0.0,
"DP_30":  0.0,
"DP_60":  0.0,
"DP_95":  0.060492511753959796,
"QL":  0.06836005463102662,
"RL":  0.06461460194314637}
,
{ "x":  35,
"greedy000":  0.0,
"greedy050":  0.0,
"greedy100":  0.03996767168386951,
"DP_05":  0.0,
"DP_30":  0.0,
"DP_60":  0.0,
"DP_95":  0.06189096294246023,
"QL":  0.06956767257924246,
"RL":  0.048081635239076256}
,
{ "x":  40,
"greedy000":  0.0,
"greedy050":  0.0,
"greedy100":  0.021571061025632006,
"DP_05":  0.0,
"DP_30":  0.0,
"DP_60":  0.0,
"DP_95":  0.021887253472974783,
"QL":  0.0653928609818402,
"RL":  0.02160249364571374}
,
{ "x":  45,
"greedy000":  0.0,
"greedy050":  0.0,
"greedy100":  0.006777163297597874,
"DP_05":  0.0,
"DP_30":  0.0,
"DP_60":  0.0,
"DP_95":  0.009854180659792948,
"QL":  0.05072953418726942,
"RL":  0.009183570777781347}
,
{ "x":  50,
"greedy000":  0.0,
"greedy050":  0.0,
"greedy100":  0.004877464860064387,
"DP_05":  0.0,
"DP_30":  0.0,
"DP_60":  0.0,
"DP_95":  0.012435179981500195,
"QL":  0.05426280155145331,
"RL":  0.00918302607953034}
,
{ "x":  55,
"greedy000":  0.0,
"greedy050":  0.0,
"greedy100":  0.0019970254565909755,
"DP_05":  0.0,
"DP_30":  0.0,
"DP_60":  0.0,
"DP_95":  0.0019970254565909755,
"QL":  0.06875298676708239,
"RL":  0.00768910081575003}
]}
