{ "x_label":"capacity",
"y_label":"Average Profit",
 "results":[
{ "x":  25,
"greedy000":  25.168917434901296,
"greedy050":  25.309736154148837,
"greedy100":  25.388458417829355,
"DP_05":  25.388458417829355,
"DP_30":  26.409192147583344,
"DP_60":  26.618263825317786,
"DP_95":  26.618263825317786,
"QL":  26.407914089652884}
,
{ "x":  50,
"greedy000":  26.81971667298966,
"greedy050":  27.257102697229055,
"greedy100":  27.548786989886718,
"DP_05":  27.548786989886718,
"DP_30":  30.572088386936645,
"DP_60":  31.505995258977663,
"DP_95":  31.706859301091576,
"QL":  31.466488258542675}
,
{ "x":  75,
"greedy000":  28.23147097199729,
"greedy050":  28.877479002187318,
"greedy100":  29.269213329154564,
"DP_05":  29.269213329154564,
"DP_30":  32.76811725828564,
"DP_60":  34.06808816831564,
"DP_95":  34.87891034860768,
"QL":  34.808855681671055}
,
{ "x":  100,
"greedy000":  29.4595029934032,
"greedy050":  30.289955366171274,
"greedy100":  31.006353986436714,
"DP_05":  31.006353986436714,
"DP_30":  34.730191412703945,
"DP_60":  36.52833650643838,
"DP_95":  38.74826225521574,
"QL":  37.42800455806159}
,
{ "x":  125,
"greedy000":  30.5488162491391,
"greedy050":  31.734125683908577,
"greedy100":  32.489041044891465,
"DP_05":  32.489041044891465,
"DP_30":  36.26852661116703,
"DP_60":  37.59540116472764,
"DP_95":  40.66203253576583,
"QL":  37.67456317674977}
,
{ "x":  150,
"greedy000":  31.349612562273517,
"greedy050":  32.816784831066,
"greedy100":  33.703047344792154,
"DP_05":  33.703047344792154,
"DP_30":  37.56558016129431,
"DP_60":  38.33268831946754,
"DP_95":  42.24398732411017,
"QL":  38.00003934281541}
,
{ "x":  175,
"greedy000":  32.26559260222686,
"greedy050":  33.97282859895035,
"greedy100":  35.07716510674436,
"DP_05":  35.07716510674436,
"DP_30":  38.676089257655526,
"DP_60":  38.86323986768907,
"DP_95":  42.75083431772604,
"QL":  39.1216165372328}
,
{ "x":  200,
"greedy000":  33.00244234463261,
"greedy050":  35.19268996467066,
"greedy100":  36.58428388493983,
"DP_05":  36.58428388493983,
"DP_30":  39.78825198972908,
"DP_60":  39.816042554137866,
"DP_95":  43.07695573767828,
"QL":  39.61734925605598}
,
{ "x":  225,
"greedy000":  33.40375103846759,
"greedy050":  36.0910287796943,
"greedy100":  37.59472316515172,
"DP_05":  37.59472316515172,
"DP_30":  40.56358849583071,
"DP_60":  40.57913737584782,
"DP_95":  43.331995409554644,
"QL":  39.476606163176896}
,
{ "x":  250,
"greedy000":  33.6245740302363,
"greedy050":  37.00729486328958,
"greedy100":  38.783472934900146,
"DP_05":  38.783472934900146,
"DP_30":  41.23630272233493,
"DP_60":  41.36264041464376,
"DP_95":  43.54407440576001,
"QL":  39.87122449155603}
,
{ "x":  275,
"greedy000":  33.84008268891175,
"greedy050":  37.70026419606776,
"greedy100":  39.833383995795685,
"DP_05":  39.833383995795685,
"DP_30":  41.685326846518805,
"DP_60":  42.07669340574578,
"DP_95":  43.76213025350376,
"QL":  39.95607217774556}
,
{ "x":  300,
"greedy000":  33.99903224533243,
"greedy050":  38.28804962820409,
"greedy100":  40.79190773361832,
"DP_05":  40.79190773361832,
"DP_30":  41.96145173774768,
"DP_60":  42.65107233143658,
"DP_95":  43.95591367822824,
"QL":  39.88232515119986}
,
{ "x":  325,
"greedy000":  33.95721466583247,
"greedy050":  38.747440008624366,
"greedy100":  41.69079914429432,
"DP_05":  41.69079914429432,
"DP_30":  42.218706551106294,
"DP_60":  43.18642816387204,
"DP_95":  44.13774723831855,
"QL":  39.828685400984455}
,
{ "x":  350,
"greedy000":  34.108597259236504,
"greedy050":  39.041082578767636,
"greedy100":  42.49904175789265,
"DP_05":  42.49904175789265,
"DP_30":  42.63680295690956,
"DP_60":  43.6423028970499,
"DP_95":  44.307810125897404,
"QL":  39.988488702741165}
,
{ "x":  375,
"greedy000":  34.05853653079611,
"greedy050":  39.2862338942164,
"greedy100":  43.138134768229115,
"DP_05":  43.138134768229115,
"DP_30":  43.15780586099281,
"DP_60":  43.97950196342163,
"DP_95":  44.47073773017094,
"QL":  39.77567480211875}
,
{ "x":  400,
"greedy000":  33.99861126486634,
"greedy050":  39.40002445616027,
"greedy100":  43.71610733356947,
"DP_05":  43.71610733356947,
"DP_30":  43.71602732491574,
"DP_60":  44.30156483804127,
"DP_95":  44.6185549772902,
"QL":  39.81301799380006}
,
{ "x":  425,
"greedy000":  34.0088017496379,
"greedy050":  39.45971652627814,
"greedy100":  44.17537858286475,
"DP_05":  44.17537858286475,
"DP_30":  44.17537858286475,
"DP_60":  44.53746895295558,
"DP_95":  44.73205102734822,
"QL":  39.88748719824052}
,
{ "x":  450,
"greedy000":  33.953370499420465,
"greedy050":  39.52351226609809,
"greedy100":  44.47584925425083,
"DP_05":  44.47584925425083,
"DP_30":  44.47584925425083,
"DP_60":  44.70725328080373,
"DP_95":  44.801458441421644,
"QL":  39.87716445591266}
,
{ "x":  475,
"greedy000":  33.9961620132062,
"greedy050":  39.458962155747365,
"greedy100":  44.76838648918998,
"DP_05":  44.76838648918998,
"DP_30":  44.76838648918998,
"DP_60":  44.89362548146711,
"DP_95":  44.93182653005406,
"QL":  40.10324919595716}
,
{ "x":  500,
"greedy000":  34.110058645173396,
"greedy050":  39.43232377141001,
"greedy100":  44.85658703070352,
"DP_05":  44.85658703070352,
"DP_30":  44.85658703070352,
"DP_60":  44.92154073774353,
"DP_95":  44.94629449796158,
"QL":  39.81179585678462}
,
{ "x":  525,
"greedy000":  34.0371304212514,
"greedy050":  39.57151919227117,
"greedy100":  44.91589022409421,
"DP_05":  44.91589022409421,
"DP_30":  44.91589022409421,
"DP_60":  44.94787710443158,
"DP_95":  44.962685476833485,
"QL":  39.91572975910863}
]}
