{ "x_label":"episode",
"y_label":"Acceptance Rate",
 "results":[
{ "x":  10,
"greedy000":  0.0,
"greedy050":  0.0,
"greedy100":  0.6861883271197472,
"DP_05":  0.0,
"DP_30":  0.0,
"DP_60":  0.0,
"DP_95":  0.7815921405772925,
"QL_09":  0.5153335893863543,
"QL_05":  0.6568719186529178,
"RL":  0.7387251043649388}
,
{ "x":  30,
"greedy000":  0.0,
"greedy050":  0.0,
"greedy100":  0.6757841088210801,
"DP_05":  0.0,
"DP_30":  0.0,
"DP_60":  0.0,
"DP_95":  0.7801909858963121,
"QL_09":  0.5889440149284251,
"QL_05":  0.6930811780042022,
"RL":  0.7590453505371751}
,
{ "x":  50,
"greedy000":  0.0,
"greedy050":  0.0,
"greedy100":  0.681030231674636,
"DP_05":  0.0,
"DP_30":  0.0,
"DP_60":  0.0,
"DP_95":  0.7847259789961225,
"QL_09":  0.6233464281033237,
"QL_05":  0.7203197521916993,
"RL":  0.7711849542876373}
,
{ "x":  70,
"greedy000":  0.0,
"greedy050":  0.0,
"greedy100":  0.6943043498503758,
"DP_05":  0.0,
"DP_30":  0.0,
"DP_60":  0.0,
"DP_95":  0.7897487421878417,
"QL_09":  0.6491871528546723,
"QL_05":  0.7392135898848777,
"RL":  0.7764905987505955}
,
{ "x":  90,
"greedy000":  0.0,
"greedy050":  0.0,
"greedy100":  0.6736272838187997,
"DP_05":  0.0,
"DP_30":  0.0,
"DP_60":  0.0,
"DP_95":  0.7781639066379393,
"QL_09":  0.6489322984408921,
"QL_05":  0.7341759465459833,
"RL":  0.771052974618016}
,
{ "x":  110,
"greedy000":  0.0,
"greedy050":  0.0,
"greedy100":  0.6896686281307816,
"DP_05":  0.0,
"DP_30":  0.0,
"DP_60":  0.0,
"DP_95":  0.7866517357750646,
"QL_09":  0.6784361221593362,
"QL_05":  0.7457393385336336,
"RL":  0.7799952716472341}
,
{ "x":  130,
"greedy000":  0.0,
"greedy050":  0.0,
"greedy100":  0.6765463585680735,
"DP_05":  0.0,
"DP_30":  0.0,
"DP_60":  0.0,
"DP_95":  0.781733294385926,
"QL_09":  0.6887110872904336,
"QL_05":  0.7390005795535675,
"RL":  0.7786625972782505}
,
{ "x":  150,
"greedy000":  0.0,
"greedy050":  0.0,
"greedy100":  0.6883391219939343,
"DP_05":  0.0,
"DP_30":  0.0,
"DP_60":  0.0,
"DP_95":  0.784117162257502,
"QL_09":  0.7093449672212767,
"QL_05":  0.7501059179480272,
"RL":  0.7819769044686862}
,
{ "x":  170,
"greedy000":  0.0,
"greedy050":  0.0,
"greedy100":  0.6960689065791571,
"DP_05":  0.0,
"DP_30":  0.0,
"DP_60":  0.0,
"DP_95":  0.7919671422389423,
"QL_09":  0.7158070472793057,
"QL_05":  0.7554147337075866,
"RL":  0.7812656742755266}
]}
