{ "x_label":"episode",
"y_label":"Average Profit",
 "results":[
{ "x":  10,
"greedy000":  0.0,
"greedy050":  0.0,
"greedy100":  63.97473573029665,
"DP_05":  0.0,
"DP_30":  0.0,
"DP_60":  0.0,
"DP_95":  70.61029918170522,
"QL_09":  57.24050696028653,
"QL_05":  64.83811454930435,
"RL":  67.09295408536977}
,
{ "x":  30,
"greedy000":  0.0,
"greedy050":  0.0,
"greedy100":  63.471206787432926,
"DP_05":  0.0,
"DP_30":  0.0,
"DP_60":  0.0,
"DP_95":  70.44305075728253,
"QL_09":  61.86305900706416,
"QL_05":  66.17946391636227,
"RL":  68.510720375251}
,
{ "x":  50,
"greedy000":  0.0,
"greedy050":  0.0,
"greedy100":  63.9270800006223,
"DP_05":  0.0,
"DP_30":  0.0,
"DP_60":  0.0,
"DP_95":  70.82659298817696,
"QL_09":  64.09527118535205,
"QL_05":  67.73893667840203,
"RL":  69.5081722147788}
,
{ "x":  70,
"greedy000":  0.0,
"greedy050":  0.0,
"greedy100":  64.48838080665797,
"DP_05":  0.0,
"DP_30":  0.0,
"DP_60":  0.0,
"DP_95":  71.19111477799504,
"QL_09":  65.13564978942998,
"QL_05":  68.44364558762912,
"RL":  70.10658564350267}
,
{ "x":  90,
"greedy000":  0.0,
"greedy050":  0.0,
"greedy100":  62.912561129497284,
"DP_05":  0.0,
"DP_30":  0.0,
"DP_60":  0.0,
"DP_95":  70.26618076461781,
"QL_09":  64.95050013632529,
"QL_05":  67.25903168292004,
"RL":  69.46711032165737}
,
{ "x":  110,
"greedy000":  0.0,
"greedy050":  0.0,
"greedy100":  64.27824702073103,
"DP_05":  0.0,
"DP_30":  0.0,
"DP_60":  0.0,
"DP_95":  70.95241652108902,
"QL_09":  66.3838696192349,
"QL_05":  68.18272620896059,
"RL":  70.25720351327433}
,
{ "x":  130,
"greedy000":  0.0,
"greedy050":  0.0,
"greedy100":  63.466359618884084,
"DP_05":  0.0,
"DP_30":  0.0,
"DP_60":  0.0,
"DP_95":  70.61011675183792,
"QL_09":  66.63018704481861,
"QL_05":  67.66145182958742,
"RL":  70.13455996123268}
,
{ "x":  150,
"greedy000":  0.0,
"greedy050":  0.0,
"greedy100":  64.0054980959375,
"DP_05":  0.0,
"DP_30":  0.0,
"DP_60":  0.0,
"DP_95":  70.84520708826213,
"QL_09":  67.55823125827956,
"QL_05":  68.06352099190127,
"RL":  70.34517586459083}
,
{ "x":  170,
"greedy000":  0.0,
"greedy050":  0.0,
"greedy100":  64.90557740660554,
"DP_05":  0.0,
"DP_30":  0.0,
"DP_60":  0.0,
"DP_95":  71.33422767057309,
"QL_09":  68.03999266315526,
"QL_05":  68.50919067914046,
"RL":  70.73785287791479}
]}
