{ "x_label":"Capacity",
"y_label":"Federation Rate",
 "results":[
{ "x":  50,
"greedy000":  0.8606781441397381,
"greedy050":  0.8168128704714384,
"greedy100":  0.7982213444509577,
"DP_05":  0.7982213444509577,
"DP_30":  0.7814515598142695,
"DP_60":  0.7814515598142695,
"DP_95":  0.7814515598142695,
"QL":  0.0}
,
{ "x":  150,
"greedy000":  0.7491942528422647,
"greedy050":  0.6898931792650471,
"greedy100":  0.6417095683098887,
"DP_05":  0.6417095683098887,
"DP_30":  0.5843113356192512,
"DP_60":  0.5384826881452811,
"DP_95":  0.517640361294776,
"QL":  0.0}
,
{ "x":  250,
"greedy000":  0.6628654621724644,
"greedy050":  0.5911082994032613,
"greedy100":  0.5301607662268937,
"DP_05":  0.5301607662268937,
"DP_30":  0.47771196521419695,
"DP_60":  0.44731240776567366,
"DP_95":  0.47337495641971394,
"QL":  0.0}
,
{ "x":  350,
"greedy000":  0.5986328884909418,
"greedy050":  0.5008312227892182,
"greedy100":  0.4287119014858646,
"DP_05":  0.4287119014858646,
"DP_30":  0.3867886856343302,
"DP_60":  0.36790182051421755,
"DP_95":  0.3908318814882943,
"QL":  0.0}
,
{ "x":  450,
"greedy000":  0.5473487428276747,
"greedy050":  0.42332535975818075,
"greedy100":  0.33551847593739675,
"DP_05":  0.33551847593739675,
"DP_30":  0.30574239576627005,
"DP_60":  0.2954287706218279,
"DP_95":  0.31419896433496003,
"QL":  0.0}
,
{ "x":  550,
"greedy000":  0.5165739501838094,
"greedy050":  0.35920612830038934,
"greedy100":  0.253879802448853,
"DP_05":  0.253879802448853,
"DP_30":  0.23191906414570362,
"DP_60":  0.22698627423695933,
"DP_95":  0.24637757249086775,
"QL":  0.0}
,
{ "x":  650,
"greedy000":  0.5064378234270656,
"greedy050":  0.3110263068622109,
"greedy100":  0.1866941103806626,
"DP_05":  0.1866941103806626,
"DP_30":  0.17116905999508375,
"DP_60":  0.16867559149443073,
"DP_95":  0.1820969335272609,
"QL":  0.0}
,
{ "x":  750,
"greedy000":  0.500058042383468,
"greedy050":  0.2766748750402948,
"greedy100":  0.12429637945690653,
"DP_05":  0.12429637945690653,
"DP_30":  0.11537640793179633,
"DP_60":  0.11457331371021273,
"DP_95":  0.12763902838604674,
"QL":  0.0}
,
{ "x":  850,
"greedy000":  0.5004934829871083,
"greedy050":  0.2610412685420997,
"greedy100":  0.07215542259784388,
"DP_05":  0.07215542259784388,
"DP_30":  0.06741554283637477,
"DP_60":  0.06843489097391284,
"DP_95":  0.07724795111649203,
"QL":  0.0}
,
{ "x":  950,
"greedy000":  0.4976471940215371,
"greedy050":  0.25635767405267734,
"greedy100":  0.03837132834776529,
"DP_05":  0.03837132834776529,
"DP_30":  0.036935452576829994,
"DP_60":  0.03825890128265389,
"DP_95":  0.04342432029904752,
"QL":  0.0}
,
{ "x":  1050,
"greedy000":  0.5026799846749785,
"greedy050":  0.2513954854957531,
"greedy100":  0.014697410691568222,
"DP_05":  0.014697410691568222,
"DP_30":  0.014275579687673049,
"DP_60":  0.015064168344835227,
"DP_95":  0.017896772011739913,
"QL":  0.0}
]}
