{ "x_label":"zeta",
"y_label":"Average Profit",
 "results":[
{ "x":  0.0,
"greedy000":  0.0,
"greedy050":  0.0,
"greedy100":  67.8140623414726,
"DP_05":  0.0,
"DP_30":  0.0,
"DP_60":  0.0,
"DP_95":  71.2996489490077,
"QL_09":  70.48979465598855,
"QL_05":  69.25595521734448,
"RL":  70.98489764398954}
,
{ "x":  0.3,
"greedy000":  0.0,
"greedy050":  0.0,
"greedy100":  66.38955317404998,
"DP_05":  0.0,
"DP_30":  0.0,
"DP_60":  0.0,
"DP_95":  71.02457138028674,
"QL_09":  68.23974386315692,
"QL_05":  68.48810618651332,
"RL":  70.35024060096526}
,
{ "x":  0.6,
"greedy000":  0.0,
"greedy050":  0.0,
"greedy100":  65.25276007701544,
"DP_05":  0.0,
"DP_30":  0.0,
"DP_60":  0.0,
"DP_95":  70.90051633244244,
"QL_09":  67.01779142216719,
"QL_05":  67.77380105387041,
"RL":  70.311153959854}
,
{ "x":  0.8999999999999999,
"greedy000":  0.0,
"greedy050":  0.0,
"greedy100":  63.945910836643705,
"DP_05":  0.0,
"DP_30":  0.0,
"DP_60":  0.0,
"DP_95":  70.7980629278169,
"QL_09":  66.03919467320176,
"QL_05":  66.99341678182213,
"RL":  70.5008264953718}
,
{ "x":  1.2,
"greedy000":  0.0,
"greedy050":  0.0,
"greedy100":  62.58440756901488,
"DP_05":  0.0,
"DP_30":  0.0,
"DP_60":  0.0,
"DP_95":  70.66837325011545,
"QL_09":  66.43076854407823,
"QL_05":  66.26914821072089,
"RL":  70.2599264162376}
,
{ "x":  1.5,
"greedy000":  0.0,
"greedy050":  0.0,
"greedy100":  61.77817060135686,
"DP_05":  0.0,
"DP_30":  0.0,
"DP_60":  0.0,
"DP_95":  70.6111248753013,
"QL_09":  67.66744972901417,
"QL_05":  65.84516806281238,
"RL":  70.15914547783751}
,
{ "x":  1.7999999999999998,
"greedy000":  0.0,
"greedy050":  0.0,
"greedy100":  60.31519386741219,
"DP_05":  0.0,
"DP_30":  0.0,
"DP_60":  0.0,
"DP_95":  70.15667625729164,
"QL_09":  67.67028347409362,
"QL_05":  64.90039867539869,
"RL":  69.71128842320874}
,
{ "x":  2.1,
"greedy000":  0.0,
"greedy050":  0.0,
"greedy100":  58.677967933642705,
"DP_05":  0.0,
"DP_30":  0.0,
"DP_60":  0.0,
"DP_95":  69.60194490167005,
"QL_09":  66.4094995161586,
"QL_05":  64.08059723345647,
"RL":  69.21446826644039}
,
{ "x":  2.4,
"greedy000":  0.0,
"greedy050":  0.0,
"greedy100":  57.853838015830135,
"DP_05":  0.0,
"DP_30":  0.0,
"DP_60":  0.0,
"DP_95":  69.66200042366458,
"QL_09":  67.16750265055175,
"QL_05":  63.80089555265332,
"RL":  69.34300554791972}
,
{ "x":  2.6999999999999997,
"greedy000":  0.0,
"greedy050":  0.0,
"greedy100":  56.7965392749267,
"DP_05":  0.0,
"DP_30":  0.0,
"DP_60":  0.0,
"DP_95":  69.56962199232412,
"QL_09":  66.0595330194221,
"QL_05":  63.150255270045264,
"RL":  69.10062921986159}
,
{ "x":  3.0,
"greedy000":  0.0,
"greedy050":  0.0,
"greedy100":  55.446451140427214,
"DP_05":  0.0,
"DP_30":  0.0,
"DP_60":  0.0,
"DP_95":  69.24473287690915,
"QL_09":  66.56698929383617,
"QL_05":  62.20730404617857,
"RL":  68.86638780780514}
]}
