{ "x_label":"episode",
"y_label":"Acceptance Rate",
 "results":[
{ "x":  100,
"greedy000":  0.0,
"greedy050":  0.0,
"greedy100":  0.52582,
"DP_05":  0.0,
"DP_30":  0.0,
"DP_60":  0.0,
"DP_95":  0.6130899999999999,
"QL_09":  0.35166000000000003,
"QL_05":  0.36365,
"RL":  0.39508999999999994}
,
{ "x":  350,
"greedy000":  0.0,
"greedy050":  0.0,
"greedy100":  0.52581,
"DP_05":  0.0,
"DP_30":  0.0,
"DP_60":  0.0,
"DP_95":  0.61464,
"QL_09":  0.44688,
"QL_05":  0.46446999999999994,
"RL":  0.5609}
,
{ "x":  600,
"greedy000":  0.0,
"greedy050":  0.0,
"greedy100":  0.52844,
"DP_05":  0.0,
"DP_30":  0.0,
"DP_60":  0.0,
"DP_95":  0.6142099999999999,
"QL_09":  0.47849,
"QL_05":  0.501,
"RL":  0.5834300000000001}
,
{ "x":  850,
"greedy000":  0.0,
"greedy050":  0.0,
"greedy100":  0.52515,
"DP_05":  0.0,
"DP_30":  0.0,
"DP_60":  0.0,
"DP_95":  0.6140100000000002,
"QL_09":  0.4934000000000001,
"QL_05":  0.5094400000000001,
"RL":  0.5871199999999999}
,
{ "x":  1100,
"greedy000":  0.0,
"greedy050":  0.0,
"greedy100":  0.5258800000000001,
"DP_05":  0.0,
"DP_30":  0.0,
"DP_60":  0.0,
"DP_95":  0.6137400000000002,
"QL_09":  0.5131300000000001,
"QL_05":  0.5201600000000001,
"RL":  0.59515}
,
{ "x":  1350,
"greedy000":  0.0,
"greedy050":  0.0,
"greedy100":  0.5251499999999998,
"DP_05":  0.0,
"DP_30":  0.0,
"DP_60":  0.0,
"DP_95":  0.6114200000000001,
"QL_09":  0.52572,
"QL_05":  0.5238399999999999,
"RL":  0.5967399999999999}
,
{ "x":  1600,
"greedy000":  0.0,
"greedy050":  0.0,
"greedy100":  0.5275299999999999,
"DP_05":  0.0,
"DP_30":  0.0,
"DP_60":  0.0,
"DP_95":  0.6155100000000001,
"QL_09":  0.5354399999999999,
"QL_05":  0.53172,
"RL":  0.60173}
,
{ "x":  1850,
"greedy000":  0.0,
"greedy050":  0.0,
"greedy100":  0.52941,
"DP_05":  0.0,
"DP_30":  0.0,
"DP_60":  0.0,
"DP_95":  0.6152300000000002,
"QL_09":  0.54475,
"QL_05":  0.53795,
"RL":  0.6051500000000001}
,
{ "x":  2100,
"greedy000":  0.0,
"greedy050":  0.0,
"greedy100":  0.5264899999999999,
"DP_05":  0.0,
"DP_30":  0.0,
"DP_60":  0.0,
"DP_95":  0.6135999999999999,
"QL_09":  0.5470700000000002,
"QL_05":  0.5357200000000001,
"RL":  0.60809}
,
{ "x":  2350,
"greedy000":  0.0,
"greedy050":  0.0,
"greedy100":  0.52417,
"DP_05":  0.0,
"DP_30":  0.0,
"DP_60":  0.0,
"DP_95":  0.6124599999999999,
"QL_09":  0.5524,
"QL_05":  0.5339700000000001,
"RL":  0.6038399999999999}
,
{ "x":  2600,
"greedy000":  0.0,
"greedy050":  0.0,
"greedy100":  0.5257200000000001,
"DP_05":  0.0,
"DP_30":  0.0,
"DP_60":  0.0,
"DP_95":  0.6128100000000001,
"QL_09":  0.55495,
"QL_05":  0.53813,
"RL":  0.60382}
]}
