{ "x_label":"episode",
"y_label":"Acceptance Rate",
 "results":[
{ "x":  100,
"greedy000":  0.0,
"greedy050":  0.0,
"greedy100":  0.35863000000000006,
"DP_05":  0.0,
"DP_30":  0.0,
"DP_60":  0.0,
"DP_95":  0.33743,
"QL_09":  0.28927,
"QL_05":  0.2919599999999999,
"RL":  0.2947000000000001}
,
{ "x":  400,
"greedy000":  0.0,
"greedy050":  0.0,
"greedy100":  0.35691,
"DP_05":  0.0,
"DP_30":  0.0,
"DP_60":  0.0,
"DP_95":  0.33236000000000004,
"QL_09":  0.32005999999999996,
"QL_05":  0.32769,
"RL":  0.33704}
,
{ "x":  700,
"greedy000":  0.0,
"greedy050":  0.0,
"greedy100":  0.35786000000000007,
"DP_05":  0.0,
"DP_30":  0.0,
"DP_60":  0.0,
"DP_95":  0.33376,
"QL_09":  0.33314,
"QL_05":  0.3370700000000001,
"RL":  0.3346700000000001}
,
{ "x":  1000,
"greedy000":  0.0,
"greedy050":  0.0,
"greedy100":  0.3544,
"DP_05":  0.0,
"DP_30":  0.0,
"DP_60":  0.0,
"DP_95":  0.3323499999999999,
"QL_09":  0.33132999999999996,
"QL_05":  0.33729,
"RL":  0.33002}
,
{ "x":  1300,
"greedy000":  0.0,
"greedy050":  0.0,
"greedy100":  0.35671,
"DP_05":  0.0,
"DP_30":  0.0,
"DP_60":  0.0,
"DP_95":  0.33659000000000006,
"QL_09":  0.33797999999999995,
"QL_05":  0.3442199999999999,
"RL":  0.33142}
,
{ "x":  1600,
"greedy000":  0.0,
"greedy050":  0.0,
"greedy100":  0.35673999999999995,
"DP_05":  0.0,
"DP_30":  0.0,
"DP_60":  0.0,
"DP_95":  0.3338900000000001,
"QL_09":  0.33846999999999994,
"QL_05":  0.34421,
"RL":  0.32869000000000004}
,
{ "x":  1900,
"greedy000":  0.0,
"greedy050":  0.0,
"greedy100":  0.35612,
"DP_05":  0.0,
"DP_30":  0.0,
"DP_60":  0.0,
"DP_95":  0.33507,
"QL_09":  0.34070999999999996,
"QL_05":  0.3479799999999999,
"RL":  0.3292599999999999}
,
{ "x":  2200,
"greedy000":  0.0,
"greedy050":  0.0,
"greedy100":  0.35580999999999996,
"DP_05":  0.0,
"DP_30":  0.0,
"DP_60":  0.0,
"DP_95":  0.33444,
"QL_09":  0.33730999999999994,
"QL_05":  0.3443599999999999,
"RL":  0.3255100000000001}
]}
