{ "x_label":"episode",
"y_label":"Acceptance Rate",
 "results":[
{ "x":  10,
"greedy000":  0.0,
"greedy050":  0.0,
"greedy100":  0.266825,
"DP_05":  0.0,
"DP_30":  0.0,
"DP_60":  0.0,
"DP_95":  0.5216500000000001,
"QL_09":  0.22249999999999998,
"QL_05":  0.219775,
"RL":  0.21695000000000003}
,
{ "x":  40,
"greedy000":  0.0,
"greedy050":  0.0,
"greedy100":  0.26650000000000007,
"DP_05":  0.0,
"DP_30":  0.0,
"DP_60":  0.0,
"DP_95":  0.51985,
"QL_09":  0.230825,
"QL_05":  0.22852500000000003,
"RL":  0.24007500000000004}
,
{ "x":  70,
"greedy000":  0.0,
"greedy050":  0.0,
"greedy100":  0.27060000000000006,
"DP_05":  0.0,
"DP_30":  0.0,
"DP_60":  0.0,
"DP_95":  0.5211,
"QL_09":  0.248975,
"QL_05":  0.255375,
"RL":  0.28375}
,
{ "x":  100,
"greedy000":  0.0,
"greedy050":  0.0,
"greedy100":  0.27675,
"DP_05":  0.0,
"DP_30":  0.0,
"DP_60":  0.0,
"DP_95":  0.5125500000000001,
"QL_09":  0.26154999999999995,
"QL_05":  0.26877500000000004,
"RL":  0.292125}
,
{ "x":  130,
"greedy000":  0.0,
"greedy050":  0.0,
"greedy100":  0.274925,
"DP_05":  0.0,
"DP_30":  0.0,
"DP_60":  0.0,
"DP_95":  0.5232,
"QL_09":  0.2643,
"QL_05":  0.2715,
"RL":  0.290775}
,
{ "x":  160,
"greedy000":  0.0,
"greedy050":  0.0,
"greedy100":  0.27005,
"DP_05":  0.0,
"DP_30":  0.0,
"DP_60":  0.0,
"DP_95":  0.51845,
"QL_09":  0.26807499999999995,
"QL_05":  0.274725,
"RL":  0.287875}
,
{ "x":  190,
"greedy000":  0.0,
"greedy050":  0.0,
"greedy100":  0.262575,
"DP_05":  0.0,
"DP_30":  0.0,
"DP_60":  0.0,
"DP_95":  0.5170000000000001,
"QL_09":  0.27417499999999995,
"QL_05":  0.2800250000000001,
"RL":  0.28595000000000004}
,
{ "x":  220,
"greedy000":  0.0,
"greedy050":  0.0,
"greedy100":  0.2687,
"DP_05":  0.0,
"DP_30":  0.0,
"DP_60":  0.0,
"DP_95":  0.51385,
"QL_09":  0.27344999999999997,
"QL_05":  0.2862,
"RL":  0.2871}
,
{ "x":  250,
"greedy000":  0.0,
"greedy050":  0.0,
"greedy100":  0.2713,
"DP_05":  0.0,
"DP_30":  0.0,
"DP_60":  0.0,
"DP_95":  0.516375,
"QL_09":  0.286175,
"QL_05":  0.28622500000000006,
"RL":  0.29502500000000004}
,
{ "x":  280,
"greedy000":  0.0,
"greedy050":  0.0,
"greedy100":  0.273625,
"DP_05":  0.0,
"DP_30":  0.0,
"DP_60":  0.0,
"DP_95":  0.5163249999999999,
"QL_09":  0.28209999999999996,
"QL_05":  0.28615,
"RL":  0.29505}
,
{ "x":  310,
"greedy000":  0.0,
"greedy050":  0.0,
"greedy100":  0.27945,
"DP_05":  0.0,
"DP_30":  0.0,
"DP_60":  0.0,
"DP_95":  0.518025,
"QL_09":  0.28185000000000004,
"QL_05":  0.28862499999999996,
"RL":  0.29985}
]}
