{ "x_label":"episode",
"y_label":"Federation Rate",
 "results":[
{ "x":  100,
"greedy000":  0.0,
"greedy050":  0.0,
"greedy100":  0.3347200000000001,
"DP_05":  0.0,
"DP_30":  0.0,
"DP_60":  0.0,
"DP_95":  0.29964,
"QL_09":  0.28635,
"QL_05":  0.29107999999999995,
"RL":  0.26147999999999993}
,
{ "x":  400,
"greedy000":  0.0,
"greedy050":  0.0,
"greedy100":  0.33343999999999996,
"DP_05":  0.0,
"DP_30":  0.0,
"DP_60":  0.0,
"DP_95":  0.30010000000000003,
"QL_09":  0.31312000000000006,
"QL_05":  0.32112999999999997,
"RL":  0.3048800000000001}
,
{ "x":  700,
"greedy000":  0.0,
"greedy050":  0.0,
"greedy100":  0.33398,
"DP_05":  0.0,
"DP_30":  0.0,
"DP_60":  0.0,
"DP_95":  0.30056999999999995,
"QL_09":  0.31685,
"QL_05":  0.32747,
"RL":  0.31303000000000003}
,
{ "x":  1000,
"greedy000":  0.0,
"greedy050":  0.0,
"greedy100":  0.33210999999999996,
"DP_05":  0.0,
"DP_30":  0.0,
"DP_60":  0.0,
"DP_95":  0.29967,
"QL_09":  0.32233999999999996,
"QL_05":  0.32819999999999994,
"RL":  0.31482}
,
{ "x":  1300,
"greedy000":  0.0,
"greedy050":  0.0,
"greedy100":  0.33377,
"DP_05":  0.0,
"DP_30":  0.0,
"DP_60":  0.0,
"DP_95":  0.29931,
"QL_09":  0.32643999999999995,
"QL_05":  0.3320199999999999,
"RL":  0.31623999999999997}
,
{ "x":  1600,
"greedy000":  0.0,
"greedy050":  0.0,
"greedy100":  0.33404999999999985,
"DP_05":  0.0,
"DP_30":  0.0,
"DP_60":  0.0,
"DP_95":  0.30121999999999993,
"QL_09":  0.32882999999999996,
"QL_05":  0.33663000000000004,
"RL":  0.31849}
,
{ "x":  1900,
"greedy000":  0.0,
"greedy050":  0.0,
"greedy100":  0.33504999999999996,
"DP_05":  0.0,
"DP_30":  0.0,
"DP_60":  0.0,
"DP_95":  0.29659,
"QL_09":  0.32842000000000005,
"QL_05":  0.33381,
"RL":  0.31527}
,
{ "x":  2200,
"greedy000":  0.0,
"greedy050":  0.0,
"greedy100":  0.33218000000000003,
"DP_05":  0.0,
"DP_30":  0.0,
"DP_60":  0.0,
"DP_95":  0.29728,
"QL_09":  0.32954,
"QL_05":  0.33511,
"RL":  0.31418999999999986}
]}
