{ "x_label":"episode",
"y_label":"Federation Rate",
 "results":[
{ "x":  10,
"greedy000":  0.0,
"greedy050":  0.0,
"greedy100":  0.26315,
"DP_05":  0.0,
"DP_30":  0.0,
"DP_60":  0.0,
"DP_95":  0.15457500000000002,
"QL_09":  0.219075,
"QL_05":  0.22205,
"RL":  0.21805}
,
{ "x":  40,
"greedy000":  0.0,
"greedy050":  0.0,
"greedy100":  0.255775,
"DP_05":  0.0,
"DP_30":  0.0,
"DP_60":  0.0,
"DP_95":  0.15675,
"QL_09":  0.22247499999999998,
"QL_05":  0.22797500000000004,
"RL":  0.206275}
,
{ "x":  70,
"greedy000":  0.0,
"greedy050":  0.0,
"greedy100":  0.264875,
"DP_05":  0.0,
"DP_30":  0.0,
"DP_60":  0.0,
"DP_95":  0.156375,
"QL_09":  0.22735,
"QL_05":  0.23729999999999998,
"RL":  0.2031}
,
{ "x":  100,
"greedy000":  0.0,
"greedy050":  0.0,
"greedy100":  0.24979999999999997,
"DP_05":  0.0,
"DP_30":  0.0,
"DP_60":  0.0,
"DP_95":  0.157275,
"QL_09":  0.22910000000000003,
"QL_05":  0.23932499999999995,
"RL":  0.20245000000000002}
,
{ "x":  130,
"greedy000":  0.0,
"greedy050":  0.0,
"greedy100":  0.25795,
"DP_05":  0.0,
"DP_30":  0.0,
"DP_60":  0.0,
"DP_95":  0.154975,
"QL_09":  0.24320000000000003,
"QL_05":  0.25502499999999995,
"RL":  0.20165000000000002}
,
{ "x":  160,
"greedy000":  0.0,
"greedy050":  0.0,
"greedy100":  0.25484999999999997,
"DP_05":  0.0,
"DP_30":  0.0,
"DP_60":  0.0,
"DP_95":  0.155775,
"QL_09":  0.23467499999999997,
"QL_05":  0.24772500000000003,
"RL":  0.22117499999999998}
,
{ "x":  190,
"greedy000":  0.0,
"greedy050":  0.0,
"greedy100":  0.254625,
"DP_05":  0.0,
"DP_30":  0.0,
"DP_60":  0.0,
"DP_95":  0.15562499999999999,
"QL_09":  0.24282499999999999,
"QL_05":  0.24050000000000002,
"RL":  0.22205}
,
{ "x":  220,
"greedy000":  0.0,
"greedy050":  0.0,
"greedy100":  0.2553,
"DP_05":  0.0,
"DP_30":  0.0,
"DP_60":  0.0,
"DP_95":  0.15745,
"QL_09":  0.24285,
"QL_05":  0.24514999999999998,
"RL":  0.236775}
,
{ "x":  250,
"greedy000":  0.0,
"greedy050":  0.0,
"greedy100":  0.262625,
"DP_05":  0.0,
"DP_30":  0.0,
"DP_60":  0.0,
"DP_95":  0.16185,
"QL_09":  0.23964999999999997,
"QL_05":  0.24872500000000003,
"RL":  0.23955}
,
{ "x":  280,
"greedy000":  0.0,
"greedy050":  0.0,
"greedy100":  0.26094999999999996,
"DP_05":  0.0,
"DP_30":  0.0,
"DP_60":  0.0,
"DP_95":  0.16055000000000003,
"QL_09":  0.24417499999999998,
"QL_05":  0.25645,
"RL":  0.24315000000000003}
,
{ "x":  310,
"greedy000":  0.0,
"greedy050":  0.0,
"greedy100":  0.255525,
"DP_05":  0.0,
"DP_30":  0.0,
"DP_60":  0.0,
"DP_95":  0.1525,
"QL_09":  0.24575,
"QL_05":  0.25525,
"RL":  0.251}
]}
