{ "x_label":"episode",
"y_label":"Federation Rate",
 "results":[
{ "x":  100,
"greedy000":  0.0,
"greedy050":  0.0,
"greedy100":  0.26519,
"DP_05":  0.0,
"DP_30":  0.0,
"DP_60":  0.0,
"DP_95":  0.17177,
"QL_09":  0.26503,
"QL_05":  0.26491999999999993,
"RL":  0.22596999999999995}
,
{ "x":  350,
"greedy000":  0.0,
"greedy050":  0.0,
"greedy100":  0.2634599999999999,
"DP_05":  0.0,
"DP_30":  0.0,
"DP_60":  0.0,
"DP_95":  0.17146999999999998,
"QL_09":  0.24520000000000003,
"QL_05":  0.25037,
"RL":  0.18624}
,
{ "x":  600,
"greedy000":  0.0,
"greedy050":  0.0,
"greedy100":  0.26484,
"DP_05":  0.0,
"DP_30":  0.0,
"DP_60":  0.0,
"DP_95":  0.17282000000000003,
"QL_09":  0.23725999999999997,
"QL_05":  0.23832,
"RL":  0.19149}
,
{ "x":  850,
"greedy000":  0.0,
"greedy050":  0.0,
"greedy100":  0.26774000000000003,
"DP_05":  0.0,
"DP_30":  0.0,
"DP_60":  0.0,
"DP_95":  0.17381,
"QL_09":  0.22869999999999996,
"QL_05":  0.23526000000000002,
"RL":  0.19508999999999999}
,
{ "x":  1100,
"greedy000":  0.0,
"greedy050":  0.0,
"greedy100":  0.26839,
"DP_05":  0.0,
"DP_30":  0.0,
"DP_60":  0.0,
"DP_95":  0.17470000000000002,
"QL_09":  0.22044999999999998,
"QL_05":  0.23040000000000002,
"RL":  0.19622}
,
{ "x":  1350,
"greedy000":  0.0,
"greedy050":  0.0,
"greedy100":  0.26366,
"DP_05":  0.0,
"DP_30":  0.0,
"DP_60":  0.0,
"DP_95":  0.17167,
"QL_09":  0.20919999999999997,
"QL_05":  0.22569,
"RL":  0.19391000000000003}
,
{ "x":  1600,
"greedy000":  0.0,
"greedy050":  0.0,
"greedy100":  0.26469,
"DP_05":  0.0,
"DP_30":  0.0,
"DP_60":  0.0,
"DP_95":  0.1716,
"QL_09":  0.20376999999999992,
"QL_05":  0.22102,
"RL":  0.19253}
,
{ "x":  1850,
"greedy000":  0.0,
"greedy050":  0.0,
"greedy100":  0.26335,
"DP_05":  0.0,
"DP_30":  0.0,
"DP_60":  0.0,
"DP_95":  0.17096999999999998,
"QL_09":  0.20075000000000004,
"QL_05":  0.22023,
"RL":  0.19234999999999997}
,
{ "x":  2100,
"greedy000":  0.0,
"greedy050":  0.0,
"greedy100":  0.26381,
"DP_05":  0.0,
"DP_30":  0.0,
"DP_60":  0.0,
"DP_95":  0.17089000000000004,
"QL_09":  0.19809000000000002,
"QL_05":  0.22263000000000002,
"RL":  0.19124999999999998}
,
{ "x":  2350,
"greedy000":  0.0,
"greedy050":  0.0,
"greedy100":  0.26200999999999997,
"DP_05":  0.0,
"DP_30":  0.0,
"DP_60":  0.0,
"DP_95":  0.1723,
"QL_09":  0.19267000000000004,
"QL_05":  0.22033,
"RL":  0.19078}
,
{ "x":  2600,
"greedy000":  0.0,
"greedy050":  0.0,
"greedy100":  0.26358,
"DP_05":  0.0,
"DP_30":  0.0,
"DP_60":  0.0,
"DP_95":  0.17103000000000002,
"QL_09":  0.19285999999999998,
"QL_05":  0.21982999999999997,
"RL":  0.1922}
]}
