{ "x_label":"episode",
"y_label":"Average Profit",
 "results":[
{ "x":  100,
"greedy000":  0.0,
"greedy050":  0.0,
"greedy100":  32.22543749999999,
"DP_05":  0.0,
"DP_30":  0.0,
"DP_60":  0.0,
"DP_95":  44.5984625,
"QL_09":  22.0527875,
"QL_05":  22.641862500000002,
"RL":  25.812562499999995}
,
{ "x":  350,
"greedy000":  0.0,
"greedy050":  0.0,
"greedy100":  32.227075,
"DP_05":  0.0,
"DP_30":  0.0,
"DP_60":  0.0,
"DP_95":  44.74065,
"QL_09":  28.382912499999993,
"QL_05":  29.414225,
"RL":  36.28630000000001}
,
{ "x":  600,
"greedy000":  0.0,
"greedy050":  0.0,
"greedy100":  32.3544875,
"DP_05":  0.0,
"DP_30":  0.0,
"DP_60":  0.0,
"DP_95":  44.6936625,
"QL_09":  30.499424999999995,
"QL_05":  31.713725000000004,
"RL":  38.16958749999999}
,
{ "x":  850,
"greedy000":  0.0,
"greedy050":  0.0,
"greedy100":  32.1596125,
"DP_05":  0.0,
"DP_30":  0.0,
"DP_60":  0.0,
"DP_95":  44.6880625,
"QL_09":  31.50555,
"QL_05":  32.2405875,
"RL":  38.849599999999995}
,
{ "x":  1100,
"greedy000":  0.0,
"greedy050":  0.0,
"greedy100":  32.2797125,
"DP_05":  0.0,
"DP_30":  0.0,
"DP_60":  0.0,
"DP_95":  44.70125,
"QL_09":  32.878125,
"QL_05":  32.90967500000001,
"RL":  39.7458875}
,
{ "x":  1350,
"greedy000":  0.0,
"greedy050":  0.0,
"greedy100":  32.211875,
"DP_05":  0.0,
"DP_30":  0.0,
"DP_60":  0.0,
"DP_95":  44.45742500000001,
"QL_09":  33.79293750000001,
"QL_05":  33.102850000000004,
"RL":  40.0718375}
,
{ "x":  1600,
"greedy000":  0.0,
"greedy050":  0.0,
"greedy100":  32.4374375,
"DP_05":  0.0,
"DP_30":  0.0,
"DP_60":  0.0,
"DP_95":  44.75927500000001,
"QL_09":  34.49377500000001,
"QL_05":  33.54526249999999,
"RL":  40.6399125}
,
{ "x":  1850,
"greedy000":  0.0,
"greedy050":  0.0,
"greedy100":  32.56387500000001,
"DP_05":  0.0,
"DP_30":  0.0,
"DP_60":  0.0,
"DP_95":  44.812687499999996,
"QL_09":  35.256062500000006,
"QL_05":  34.0122,
"RL":  41.155125}
,
{ "x":  2100,
"greedy000":  0.0,
"greedy050":  0.0,
"greedy100":  32.2653875,
"DP_05":  0.0,
"DP_30":  0.0,
"DP_60":  0.0,
"DP_95":  44.6213,
"QL_09":  35.301624999999994,
"QL_05":  33.7319375,
"RL":  41.42356249999999}
,
{ "x":  2350,
"greedy000":  0.0,
"greedy050":  0.0,
"greedy100":  32.184337500000005,
"DP_05":  0.0,
"DP_30":  0.0,
"DP_60":  0.0,
"DP_95":  44.57108749999999,
"QL_09":  35.713675,
"QL_05":  33.7160375,
"RL":  41.305324999999996}
,
{ "x":  2600,
"greedy000":  0.0,
"greedy050":  0.0,
"greedy100":  32.25226249999999,
"DP_05":  0.0,
"DP_30":  0.0,
"DP_60":  0.0,
"DP_95":  44.54928749999999,
"QL_09":  36.03467500000001,
"QL_05":  33.93477500000001,
"RL":  41.39755000000001}
]}
