{ "x_label":"episode",
"y_label":"Average Profit",
 "results":[
{ "x":  10,
"greedy000":  0.0,
"greedy050":  0.0,
"greedy100":  2.9556999999999998,
"DP_05":  0.0,
"DP_30":  0.0,
"DP_60":  0.0,
"DP_95":  6.0580750000000005,
"QL_09":  2.5273250000000003,
"QL_05":  2.5132499999999998,
"RL":  2.4747}
,
{ "x":  40,
"greedy000":  0.0,
"greedy050":  0.0,
"greedy100":  2.943575,
"DP_05":  0.0,
"DP_30":  0.0,
"DP_60":  0.0,
"DP_95":  6.0553,
"QL_09":  2.6208750000000003,
"QL_05":  2.5928750000000003,
"RL":  2.703325}
,
{ "x":  70,
"greedy000":  0.0,
"greedy050":  0.0,
"greedy100":  3.0011750000000004,
"DP_05":  0.0,
"DP_30":  0.0,
"DP_60":  0.0,
"DP_95":  6.058575,
"QL_09":  2.8057499999999997,
"QL_05":  2.8715999999999995,
"RL":  3.1609000000000003}
,
{ "x":  100,
"greedy000":  0.0,
"greedy050":  0.0,
"greedy100":  3.04745,
"DP_05":  0.0,
"DP_30":  0.0,
"DP_60":  0.0,
"DP_95":  5.973975,
"QL_09":  2.9226,
"QL_05":  2.9968250000000003,
"RL":  3.2283999999999993}
,
{ "x":  130,
"greedy000":  0.0,
"greedy050":  0.0,
"greedy100":  3.0317999999999996,
"DP_05":  0.0,
"DP_30":  0.0,
"DP_60":  0.0,
"DP_95":  6.073975,
"QL_09":  2.9687,
"QL_05":  3.0447250000000006,
"RL":  3.2006}
,
{ "x":  160,
"greedy000":  0.0,
"greedy050":  0.0,
"greedy100":  2.9831000000000003,
"DP_05":  0.0,
"DP_30":  0.0,
"DP_60":  0.0,
"DP_95":  6.031625,
"QL_09":  2.986975,
"QL_05":  3.057075,
"RL":  3.2049250000000002}
,
{ "x":  190,
"greedy000":  0.0,
"greedy050":  0.0,
"greedy100":  2.9117249999999997,
"DP_05":  0.0,
"DP_30":  0.0,
"DP_60":  0.0,
"DP_95":  6.015174999999999,
"QL_09":  3.048775,
"QL_05":  3.10015,
"RL":  3.1713999999999998}
,
{ "x":  220,
"greedy000":  0.0,
"greedy050":  0.0,
"greedy100":  2.966,
"DP_05":  0.0,
"DP_30":  0.0,
"DP_60":  0.0,
"DP_95":  5.98985,
"QL_09":  3.0446999999999997,
"QL_05":  3.1622000000000003,
"RL":  3.2039250000000004}
,
{ "x":  250,
"greedy000":  0.0,
"greedy050":  0.0,
"greedy100":  3.0039749999999996,
"DP_05":  0.0,
"DP_30":  0.0,
"DP_60":  0.0,
"DP_95":  6.03255,
"QL_09":  3.1626000000000003,
"QL_05":  3.1754749999999996,
"RL":  3.29135}
,
{ "x":  280,
"greedy000":  0.0,
"greedy050":  0.0,
"greedy100":  3.0243499999999996,
"DP_05":  0.0,
"DP_30":  0.0,
"DP_60":  0.0,
"DP_95":  6.0168,
"QL_09":  3.144225,
"QL_05":  3.17735,
"RL":  3.2967}
,
{ "x":  310,
"greedy000":  0.0,
"greedy050":  0.0,
"greedy100":  3.0789750000000002,
"DP_05":  0.0,
"DP_30":  0.0,
"DP_60":  0.0,
"DP_95":  6.0103,
"QL_09":  3.13565,
"QL_05":  3.20855,
"RL":  3.3457999999999997}
]}
