{ "x_label":"episode",
"y_label":"Average Profit",
 "results":[
{ "x":  100,
"greedy000":  0.0,
"greedy050":  0.0,
"greedy100":  46.78815000000001,
"DP_05":  0.0,
"DP_30":  0.0,
"DP_60":  0.0,
"DP_95":  52.223375,
"QL_09":  38.15525000000001,
"QL_05":  38.756074999999996,
"RL":  40.317675000000015}
,
{ "x":  400,
"greedy000":  0.0,
"greedy050":  0.0,
"greedy100":  46.629850000000005,
"DP_05":  0.0,
"DP_30":  0.0,
"DP_60":  0.0,
"DP_95":  51.75815,
"QL_09":  42.755025,
"QL_05":  43.466174999999986,
"RL":  47.373825}
,
{ "x":  700,
"greedy000":  0.0,
"greedy050":  0.0,
"greedy100":  46.713825,
"DP_05":  0.0,
"DP_30":  0.0,
"DP_60":  0.0,
"DP_95":  51.92494999999999,
"QL_09":  44.459900000000005,
"QL_05":  45.01022499999999,
"RL":  48.1976}
,
{ "x":  1000,
"greedy000":  0.0,
"greedy050":  0.0,
"greedy100":  46.340025,
"DP_05":  0.0,
"DP_30":  0.0,
"DP_60":  0.0,
"DP_95":  51.72715000000001,
"QL_09":  44.561449999999994,
"QL_05":  45.0307,
"RL":  48.207775}
,
{ "x":  1300,
"greedy000":  0.0,
"greedy050":  0.0,
"greedy100":  46.793000000000006,
"DP_05":  0.0,
"DP_30":  0.0,
"DP_60":  0.0,
"DP_95":  52.16187500000001,
"QL_09":  45.619800000000005,
"QL_05":  46.030025,
"RL":  48.62955000000001}
,
{ "x":  1600,
"greedy000":  0.0,
"greedy050":  0.0,
"greedy100":  46.6237,
"DP_05":  0.0,
"DP_30":  0.0,
"DP_60":  0.0,
"DP_95":  52.034225000000006,
"QL_09":  46.07177500000001,
"QL_05":  46.10075,
"RL":  48.60764999999999}
,
{ "x":  1900,
"greedy000":  0.0,
"greedy050":  0.0,
"greedy100":  46.599450000000004,
"DP_05":  0.0,
"DP_30":  0.0,
"DP_60":  0.0,
"DP_95":  51.93097499999999,
"QL_09":  46.514375,
"QL_05":  46.4028,
"RL":  48.641825000000004}
,
{ "x":  2200,
"greedy000":  0.0,
"greedy050":  0.0,
"greedy100":  46.460899999999995,
"DP_05":  0.0,
"DP_30":  0.0,
"DP_60":  0.0,
"DP_95":  51.92895,
"QL_09":  46.335475,
"QL_05":  45.99415,
"RL":  48.347049999999996}
]}
