{ "x_label":"episode",
"y_label":"Acceptance Rate",
 "results":[
{ "x":  100,
"greedy000":  1.0,
"greedy050":  1.0,
"greedy100":  0.20899,
"DP_05":  1.0,
"DP_30":  1.0,
"DP_60":  1.0,
"DP_95":  0.2151400000000001,
"QL_09":  0.38331000000000004,
"QL_05":  0.37143000000000004,
"RL":  0.37894000000000005}
,
{ "x":  350,
"greedy000":  1.0,
"greedy050":  1.0,
"greedy100":  0.21073000000000008,
"DP_05":  1.0,
"DP_30":  1.0,
"DP_60":  1.0,
"DP_95":  0.21389000000000002,
"QL_09":  0.30791999999999997,
"QL_05":  0.2851600000000001,
"RL":  0.2528600000000001}
,
{ "x":  600,
"greedy000":  1.0,
"greedy050":  1.0,
"greedy100":  0.20672000000000001,
"DP_05":  1.0,
"DP_30":  1.0,
"DP_60":  1.0,
"DP_95":  0.2129700000000001,
"QL_09":  0.2842499999999999,
"QL_05":  0.26068,
"RL":  0.22507999999999984}
,
{ "x":  850,
"greedy000":  1.0,
"greedy050":  1.0,
"greedy100":  0.2071099999999999,
"DP_05":  1.0,
"DP_30":  1.0,
"DP_60":  1.0,
"DP_95":  0.2121799999999998,
"QL_09":  0.27790000000000004,
"QL_05":  0.25529999999999986,
"RL":  0.21779000000000015}
,
{ "x":  1100,
"greedy000":  1.0,
"greedy050":  1.0,
"greedy100":  0.20572999999999997,
"DP_05":  1.0,
"DP_30":  1.0,
"DP_60":  1.0,
"DP_95":  0.21155999999999975,
"QL_09":  0.2664199999999999,
"QL_05":  0.24943999999999988,
"RL":  0.2086300000000001}
,
{ "x":  1350,
"greedy000":  1.0,
"greedy050":  1.0,
"greedy100":  0.2111900000000002,
"DP_05":  1.0,
"DP_30":  1.0,
"DP_60":  1.0,
"DP_95":  0.21690999999999983,
"QL_09":  0.26508,
"QL_05":  0.2504700000000002,
"RL":  0.20935000000000004}
,
{ "x":  1600,
"greedy000":  1.0,
"greedy050":  1.0,
"greedy100":  0.20777999999999996,
"DP_05":  1.0,
"DP_30":  1.0,
"DP_60":  1.0,
"DP_95":  0.2128899999999999,
"QL_09":  0.2607900000000002,
"QL_05":  0.24726000000000004,
"RL":  0.20574000000000003}
,
{ "x":  1850,
"greedy000":  1.0,
"greedy050":  1.0,
"greedy100":  0.20723999999999998,
"DP_05":  1.0,
"DP_30":  1.0,
"DP_60":  1.0,
"DP_95":  0.21379999999999988,
"QL_09":  0.25449999999999995,
"QL_05":  0.24181999999999992,
"RL":  0.2024999999999999}
,
{ "x":  2100,
"greedy000":  1.0,
"greedy050":  1.0,
"greedy100":  0.2097000000000001,
"DP_05":  1.0,
"DP_30":  1.0,
"DP_60":  1.0,
"DP_95":  0.2155100000000001,
"QL_09":  0.25483999999999984,
"QL_05":  0.24164999999999992,
"RL":  0.20065999999999995}
,
{ "x":  2350,
"greedy000":  1.0,
"greedy050":  1.0,
"greedy100":  0.21382,
"DP_05":  1.0,
"DP_30":  1.0,
"DP_60":  1.0,
"DP_95":  0.2152400000000001,
"QL_09":  0.25493,
"QL_05":  0.24569999999999992,
"RL":  0.20538000000000012}
,
{ "x":  2600,
"greedy000":  1.0,
"greedy050":  1.0,
"greedy100":  0.2106999999999999,
"DP_05":  1.0,
"DP_30":  1.0,
"DP_60":  1.0,
"DP_95":  0.2161599999999999,
"QL_09":  0.2521899999999999,
"QL_05":  0.24204000000000003,
"RL":  0.20397999999999994}
]}
