{ "x_label":"episode",
"y_label":"Acceptance Rate",
"results":[
{ "x":  10,
"DP_05":  0.5554172937175426,
"DP_30":  0.6109660341221378,
"DP_60":  0.6287986607542357,
"DP_95":  0.5921069444436706,
"QL-Dynamic": 0.2893065188733245,
"QL-Static": 0.31364906107106033}
,
{ "x":  20,
"DP_05":  0.5558297634324819,
"DP_30":  0.6111983969413441,
"DP_60":  0.6285160207645777,
"DP_95":  0.5912568835020349,
"QL-Dynamic": 0.3009809510162917,
"QL-Static": 0.30685651208563636}
,
{ "x":  30,
"DP_05":  0.5558801255416818,
"DP_30":  0.6112403502446748,
"DP_60":  0.6287895309755498,
"DP_95":  0.5935665140794151,
"QL-Dynamic": 0.29628089437481475,
"QL-Static": 0.29827580854149394}
,
{ "x":  40,
"DP_05":  0.5513789477604473,
"DP_30":  0.6082251455754606,
"DP_60":  0.6254395607533438,
"DP_95":  0.5909607173117575,
"QL-Dynamic": 0.2938709776397037,
"QL-Static": 0.2891528797532026}
,
{ "x":  50,
"DP_05":  0.554751909682049,
"DP_30":  0.6100281469252856,
"DP_60":  0.6288507190321302,
"DP_95":  0.592638350345545,
"QL-Dynamic": 0.2870155456408382,
"QL-Static": 0.2963626654362582}
,
{ "x":  60,
"DP_05":  0.5536261999926754,
"DP_30":  0.6085626045823745,
"DP_60":  0.6264673819019612,
"DP_95":  0.5908803660333735,
"QL-Dynamic": 0.3037958889291201,
"QL-Static": 0.3048567866833267}
,
{ "x":  70,
"DP_05":  0.5564331781925691,
"DP_30":  0.6125182682830768,
"DP_60":  0.6274272784681467,
"DP_95":  0.5927029242521887,
"QL-Dynamic": 0.2886019382187378,
"QL-Static": 0.280683877616185}
,
{ "x":  80,
"DP_05":  0.5547730429138134,
"DP_30":  0.6099093571941595,
"DP_60":  0.6285564461445545,
"DP_95":  0.5918234916119672,
"QL-Dynamic": 0.29430286800616917,
"QL-Static": 0.2981564000240275}
,
{ "x":  90,
"DP_05":  0.5537001243616606,
"DP_30":  0.6083121869743147,
"DP_60":  0.6260483090303329,
"DP_95":  0.5901686150178564,
"QL-Dynamic": 0.284074569420623,
"QL-Static": 0.28452934826547344}
,
{ "x":  100,
"DP_05":  0.5547558185105232,
"DP_30":  0.60948695575749,
"DP_60":  0.6280825322764688,
"DP_95":  0.5910322008975132,
"QL-Dynamic": 0.29460939687601934,
"QL-Static": 0.2958980149892601}
,
{ "x":  110,
"DP_05":  0.5550330940551148,
"DP_30":  0.6097099938818795,
"DP_60":  0.6274481877328912,
"DP_95":  0.5909919363835322,
"QL-Dynamic": 0.28751468314516154,
"QL-Static": 0.2936776035116673}
,
{ "x":  120,
"DP_05":  0.5524771990851012,
"DP_30":  0.6096747225331838,
"DP_60":  0.6263490814041358,
"DP_95":  0.5917858239457807,
"QL-Dynamic": 0.2782708846005961,
"QL-Static": 0.28480381116822745}
,
{ "x":  130,
"DP_05":  0.5548020918298291,
"DP_30":  0.6088357350054519,
"DP_60":  0.6269723360774967,
"DP_95":  0.5921518276947557,
"QL-Dynamic": 0.276135864728237,
"QL-Static": 0.29551876192289595}
,
{ "x":  140,
"DP_05":  0.5592471352199828,
"DP_30":  0.6136329520428103,
"DP_60":  0.6306058381351803,
"DP_95":  0.5934041783326819,
"QL-Dynamic": 0.276538428979684,
"QL-Static": 0.3192937844907881}
,
{ "x":  150,
"DP_05":  0.5545616443531954,
"DP_30":  0.6111941531534977,
"DP_60":  0.6279360564736471,
"DP_95":  0.5919081492146753,
"QL-Dynamic": 0.2851796125977964,
"QL-Static": 0.2877877195057817}
,
{ "x":  160,
"DP_05":  0.555672069860377,
"DP_30":  0.6100718592811333,
"DP_60":  0.6291283176511333,
"DP_95":  0.5916417873567945,
"QL-Dynamic": 0.2814171490623623,
"QL-Static": 0.2971041427218243}
,
{ "x":  170,
"DP_05":  0.5542574770973,
"DP_30":  0.6102889723478634,
"DP_60":  0.6276478148299792,
"DP_95":  0.5925575621850758,
"QL-Dynamic": 0.28606720598898366,
"QL-Static": 0.2970128810558617}
,
{ "x":  180,
"DP_05":  0.5547756335556797,
"DP_30":  0.6103894351503558,
"DP_60":  0.6271950218844426,
"DP_95":  0.5927492394271482,
"QL-Dynamic": 0.2631031281444568,
"QL-Static": 0.2880635841379857}
,
{ "x":  190,
"DP_05":  0.5531539168767486,
"DP_30":  0.6089926066898039,
"DP_60":  0.6256981817257641,
"DP_95":  0.5905099995305766,
"QL-Dynamic": 0.24745752471778565,
"QL-Static": 0.2825623855160475}
,
{ "x":  200,
"DP_05":  0.5553475453757564,
"DP_30":  0.6096802793515043,
"DP_60":  0.6273962539124658,
"DP_95":  0.5933786985846004,
"QL-Dynamic": 0.27920072442793287,
"QL-Static": 0.2844174111870721}
,
{ "x":  210,
"DP_05":  0.5545902303060349,
"DP_30":  0.6108744423824589,
"DP_60":  0.6282767394797192,
"DP_95":  0.5920702565145107,
"QL-Dynamic": 0.28347823438576114,
"QL-Static": 0.3074020971195592}
,
{ "x":  220,
"DP_05":  0.5567477186409877,
"DP_30":  0.6118491332745162,
"DP_60":  0.628640420594598,
"DP_95":  0.5922895009241109,
"QL-Dynamic": 0.27375828366780885,
"QL-Static": 0.30179181577447767}
,
{ "x":  230,
"DP_05":  0.5567085953607388,
"DP_30":  0.6109909473682799,
"DP_60":  0.6280601786582681,
"DP_95":  0.5919390152122582,
"QL-Dynamic": 0.2592777971933323,
"QL-Static": 0.2851667323449218}
,
{ "x":  240,
"DP_05":  0.5526826903994535,
"DP_30":  0.6085989780059573,
"DP_60":  0.6273451353344689,
"DP_95":  0.5912728186179304,
"QL-Dynamic": 0.25780531406969354,
"QL-Static": 0.30109117747093167}
,
{ "x":  250,
"DP_05":  0.554670194110311,
"DP_30":  0.6095719137127631,
"DP_60":  0.6280009755961675,
"DP_95":  0.5922655707565792,
"QL-Dynamic": 0.26176636561933087,
"QL-Static": 0.305615792163081}
]}
