{ "x_label":"episode",
"y_label":"Federation Rate",
"results":[
{ "x":  10,
"DP_05":  0.44458270628245733,
"DP_30":  0.3890339658778623,
"DP_60":  0.3712013392457644,
"DP_95":  0.4078930555563296,
"QL-Dynamic": 0.39550245502322,
"QL-Static": 0.4862678156691384}
,
{ "x":  20,
"DP_05":  0.44417023656751803,
"DP_30":  0.38880160305865585,
"DP_60":  0.3714839792354222,
"DP_95":  0.40874311649796513,
"QL-Dynamic": 0.3909648689832701,
"QL-Static": 0.48176719933909773}
,
{ "x":  30,
"DP_05":  0.4441198744583182,
"DP_30":  0.3887596497553252,
"DP_60":  0.3712104690244504,
"DP_95":  0.40643348592058504,
"QL-Dynamic": 0.3712963419045595,
"QL-Static": 0.4560069858413806}
,
{ "x":  40,
"DP_05":  0.4486210522395527,
"DP_30":  0.3917748544245394,
"DP_60":  0.37456043924665616,
"DP_95":  0.4090392826882425,
"QL-Dynamic": 0.37157764019868017,
"QL-Static": 0.48080128332662736}
,
{ "x":  50,
"DP_05":  0.445248090317951,
"DP_30":  0.38997185307471427,
"DP_60":  0.3711492809678699,
"DP_95":  0.407361649654455,
"QL-Dynamic": 0.4205441864906895,
"QL-Static": 0.4945069794975598}
,
{ "x":  60,
"DP_05":  0.44637380000732463,
"DP_30":  0.39143739541762557,
"DP_60":  0.37353261809803867,
"DP_95":  0.4091196339666265,
"QL-Dynamic": 0.35572337847495816,
"QL-Static": 0.4735864359967544}
,
{ "x":  70,
"DP_05":  0.44356682180743084,
"DP_30":  0.3874817317169233,
"DP_60":  0.37257272153185333,
"DP_95":  0.4072970757478114,
"QL-Dynamic": 0.408348661327616,
"QL-Static": 0.5288199819314807}
,
{ "x":  80,
"DP_05":  0.44522695708618665,
"DP_30":  0.3900906428058405,
"DP_60":  0.3714435538554455,
"DP_95":  0.40817650838803277,
"QL-Dynamic": 0.37321187498664105,
"QL-Static": 0.49385056935138344}
,
{ "x":  90,
"DP_05":  0.44629987563833917,
"DP_30":  0.39168781302568534,
"DP_60":  0.37395169096966696,
"DP_95":  0.4098313849821435,
"QL-Dynamic": 0.3453827524917845,
"QL-Static": 0.5220695117138532}
,
{ "x":  100,
"DP_05":  0.44524418148947686,
"DP_30":  0.39051304424250993,
"DP_60":  0.3719174677235312,
"DP_95":  0.40896779910248676,
"QL-Dynamic": 0.38926185310927996,
"QL-Static": 0.5022347537891619}
,
{ "x":  110,
"DP_05":  0.4449669059448852,
"DP_30":  0.3902900061181204,
"DP_60":  0.3725518122671089,
"DP_95":  0.40900806361646774,
"QL-Dynamic": 0.39277061986035994,
"QL-Static": 0.469688081235718}
,
{ "x":  120,
"DP_05":  0.4475228009148989,
"DP_30":  0.3903252774668161,
"DP_60":  0.3736509185958641,
"DP_95":  0.4082141760542193,
"QL-Dynamic": 0.34655634350058273,
"QL-Static": 0.5473795591844098}
,
{ "x":  130,
"DP_05":  0.44519790817017096,
"DP_30":  0.39116426499454815,
"DP_60":  0.37302766392250336,
"DP_95":  0.40784817230524417,
"QL-Dynamic": 0.37613986015984097,
"QL-Static": 0.4596280627657723}
,
{ "x":  140,
"DP_05":  0.44075286478001724,
"DP_30":  0.3863670479571898,
"DP_60":  0.36939416186481966,
"DP_95":  0.40659582166731817,
"QL-Dynamic": 0.4058858753908764,
"QL-Static": 0.47325362484401895}
,
{ "x":  150,
"DP_05":  0.4454383556468046,
"DP_30":  0.3888058468465022,
"DP_60":  0.3720639435263527,
"DP_95":  0.4080918507853247,
"QL-Dynamic": 0.3228420106592646,
"QL-Static": 0.48114702528834796}
,
{ "x":  160,
"DP_05":  0.444327930139623,
"DP_30":  0.3899281407188666,
"DP_60":  0.3708716823488667,
"DP_95":  0.4083582126432055,
"QL-Dynamic": 0.37155333450861716,
"QL-Static": 0.5059393750217186}
,
{ "x":  170,
"DP_05":  0.4457425229026999,
"DP_30":  0.3897110276521363,
"DP_60":  0.37235218517002105,
"DP_95":  0.40744243781492445,
"QL-Dynamic": 0.4302109504738383,
"QL-Static": 0.47286614229570634}
,
{ "x":  180,
"DP_05":  0.4452243664443202,
"DP_30":  0.3896105648496442,
"DP_60":  0.3728049781155576,
"DP_95":  0.4072507605728518,
"QL-Dynamic": 0.35346500391037206,
"QL-Static": 0.473394318199543}
,
{ "x":  190,
"DP_05":  0.4468460831232514,
"DP_30":  0.391007393310196,
"DP_60":  0.374301818274236,
"DP_95":  0.40949000046942335,
"QL-Dynamic": 0.41562445104003004,
"QL-Static": 0.5203641644676935}
,
{ "x":  200,
"DP_05":  0.44465245462424363,
"DP_30":  0.39031972064849574,
"DP_60":  0.3726037460875343,
"DP_95":  0.4066213014153998,
"QL-Dynamic": 0.3255461005457565,
"QL-Static": 0.4776790287639574}
,
{ "x":  210,
"DP_05":  0.44540976969396495,
"DP_30":  0.3891255576175411,
"DP_60":  0.37172326052028104,
"DP_95":  0.4079297434854893,
"QL-Dynamic": 0.3731084675495105,
"QL-Static": 0.471377251819245}
,
{ "x":  220,
"DP_05":  0.4432522813590125,
"DP_30":  0.3881508667254838,
"DP_60":  0.37135957940540204,
"DP_95":  0.407710499075889,
"QL-Dynamic": 0.35362553125399626,
"QL-Static": 0.4638304124172015}
,
{ "x":  230,
"DP_05":  0.44329140463926114,
"DP_30":  0.38900905263172014,
"DP_60":  0.3719398213417318,
"DP_95":  0.40806098478774183,
"QL-Dynamic": 0.39595018833491585,
"QL-Static": 0.4651274820493355}
,
{ "x":  240,
"DP_05":  0.4473173096005465,
"DP_30":  0.3914010219940428,
"DP_60":  0.372654864665531,
"DP_95":  0.4087271813820697,
"QL-Dynamic": 0.3906562144382779,
"QL-Static": 0.49449100963330805}
,
{ "x":  250,
"DP_05":  0.4453298058896891,
"DP_30":  0.39042808628723696,
"DP_60":  0.3719990244038323,
"DP_95":  0.4077344292434209,
"QL-Dynamic": 0.43008771101867427,
"QL-Static": 0.4684856003972856}
]}
