{ "x_label":"episode",
"y_label":"Average Profit",
"results":[
{ "x":  5,
"DP_05":  60.3995511984924,
"DP_30":  67.0511065924488,
"DP_60":  69.91360941336046,
"DP_95":  72.6547007472417,
"QL-Dynamic": 41.122740991421516,
"QL-Static": 43.7037265117106}
,
{ "x":  25,
"DP_05":  60.44904492397976,
"DP_30":  66.99664837432402,
"DP_60":  70.1013460737888,
"DP_95":  72.76652462399117,
"QL-Dynamic": 50.60835661050568,
"QL-Static": 49.23166563170614}
,
{ "x":  45,
"DP_05":  60.5499615921362,
"DP_30":  67.22773302839474,
"DP_60":  70.18240372335728,
"DP_95":  72.98089096787956,
"QL-Dynamic": 56.82791909681589,
"QL-Static": 54.77026434385499}
,
{ "x":  65,
"DP_05":  60.35734548512486,
"DP_30":  67.23570058654835,
"DP_60":  70.14817226709667,
"DP_95":  72.91009953037386,
"QL-Dynamic": 60.76533654478491,
"QL-Static": 51.96273280613168}
,
{ "x":  85,
"DP_05":  60.72844376251267,
"DP_30":  67.26410455676684,
"DP_60":  70.16852958066116,
"DP_95":  72.90956996532273,
"QL-Dynamic": 62.801933295581065,
"QL-Static": 57.39297763476844}
,
{ "x":  105,
"DP_05":  60.5044991531779,
"DP_30":  67.12481954170369,
"DP_60":  70.02006824118926,
"DP_95":  72.6627391624237,
"QL-Dynamic": 61.57532520457355,
"QL-Static": 61.047817003791366}
,
{ "x":  125,
"DP_05":  60.62986736454366,
"DP_30":  67.02727552849385,
"DP_60":  70.0185355948078,
"DP_95":  72.80850375645204,
"QL-Dynamic": 64.11507050612182,
"QL-Static": 62.605266324400006}
,
{ "x":  145,
"DP_05":  60.21731828320056,
"DP_30":  66.93498823435499,
"DP_60":  69.92877936082043,
"DP_95":  72.62051523528261,
"QL-Dynamic": 65.56830313935184,
"QL-Static": 63.627743657389146}
,
{ "x":  165,
"DP_05":  60.561087002330076,
"DP_30":  67.15252084137043,
"DP_60":  70.25899138496563,
"DP_95":  72.90394076220193,
"QL-Dynamic": 66.80371024363055,
"QL-Static": 64.06149965891825}
,
{ "x":  185,
"DP_05":  60.73035345598426,
"DP_30":  67.16236930702712,
"DP_60":  70.14763168390466,
"DP_95":  72.80909976766262,
"QL-Dynamic": 67.41853921120993,
"QL-Static": 64.76274361783815}
,
{ "x":  205,
"DP_05":  60.57128207173925,
"DP_30":  67.20152927674383,
"DP_60":  70.04424724481446,
"DP_95":  72.83217771712434,
"QL-Dynamic": 67.07061376173975,
"QL-Static": 65.53751218224086}
,
{ "x":  225,
"DP_05":  60.42176116934174,
"DP_30":  67.06546159344845,
"DP_60":  69.99719738880074,
"DP_95":  72.70705643038256,
"QL-Dynamic": 67.88132202063855,
"QL-Static": 65.9600241214666}
,
{ "x":  245,
"DP_05":  60.37602007643221,
"DP_30":  67.15642277408696,
"DP_60":  70.15176203263401,
"DP_95":  72.8977031352788,
"QL-Dynamic": 67.55789913287994,
"QL-Static": 65.82643818093725}
,
{ "x":  265,
"DP_05":  60.49498701751001,
"DP_30":  67.33211055988036,
"DP_60":  70.16357608504029,
"DP_95":  72.9559646817301,
"QL-Dynamic": 67.43520594532092,
"QL-Static": 65.59502669791455}
]}
