{ "x_label":"episode",
"y_label":"Average Profit",
"results":[
{ "x":  10,
"DP_05":  60.481069028500855,
"DP_30":  67.16431359867117,
"DP_60":  70.11006044850258,
"DP_95":  72.81293899953502,
"QL-Dynamic": 33.4420477705139,
"QL-Static": 40.368320557835816}
,
{ "x":  20,
"DP_05":  60.562925224563585,
"DP_30":  67.18148265974007,
"DP_60":  70.13028251639163,
"DP_95":  72.78057039092138,
"QL-Dynamic": 33.86820396826141,
"QL-Static": 39.12935793743258}
,
{ "x":  30,
"DP_05":  60.573900975774094,
"DP_30":  67.21705585541201,
"DP_60":  70.15830959939777,
"DP_95":  72.90213865316272,
"QL-Dynamic": 32.491669251336276,
"QL-Static": 38.0235276600207}
,
{ "x":  40,
"DP_05":  60.30292019062498,
"DP_30":  67.04088105552029,
"DP_60":  69.95032208317845,
"DP_95":  72.76992013636445,
"QL-Dynamic": 32.685087276529934,
"QL-Static": 37.06237083511897}
,
{ "x":  50,
"DP_05":  60.527222031967824,
"DP_30":  67.11330640056141,
"DP_60":  70.12992973932064,
"DP_95":  72.84680031048475,
"QL-Dynamic": 33.46075555355447,
"QL-Static": 38.55121042972812}
,
{ "x":  60,
"DP_05":  60.43252753748935,
"DP_30":  67.03490012155774,
"DP_60":  70.03169497940772,
"DP_95":  72.73001813738738,
"QL-Dynamic": 33.18893884178522,
"QL-Static": 38.259887697656964}
,
{ "x":  70,
"DP_05":  60.59841852261587,
"DP_30":  67.2259405947138,
"DP_60":  70.0714928183655,
"DP_95":  72.83193192695502,
"QL-Dynamic": 32.20308502013797,
"QL-Static": 38.30566723429351}
,
{ "x":  80,
"DP_05":  60.492244990758564,
"DP_30":  67.13321018781306,
"DP_60":  70.15302499650642,
"DP_95":  72.81824135523209,
"QL-Dynamic": 32.39066675441321,
"QL-Static": 38.550649715835334}
,
{ "x":  90,
"DP_05":  60.46191929126202,
"DP_30":  67.0495470340159,
"DP_60":  70.02542705243381,
"DP_95":  72.75937571976975,
"QL-Dynamic": 30.563342238146436,
"QL-Static": 38.495390418630706}
,
{ "x":  100,
"DP_05":  60.46790910975582,
"DP_30":  67.05176388749756,
"DP_60":  70.09220885189694,
"DP_95":  72.7764580430973,
"QL-Dynamic": 32.5577898742429,
"QL-Static": 39.01582964351148}
,
{ "x":  110,
"DP_05":  60.534787492957264,
"DP_30":  67.09542316178333,
"DP_60":  70.08149070951723,
"DP_95":  72.77976360040397,
"QL-Dynamic": 31.468742441300876,
"QL-Static": 37.383406696269475}
,
{ "x":  120,
"DP_05":  60.38410021596912,
"DP_30":  67.14504304461084,
"DP_60":  70.0007913990402,
"DP_95":  72.80098017188944,
"QL-Dynamic": 29.60548280285442,
"QL-Static": 38.898877406234185}
,
{ "x":  130,
"DP_05":  60.48688264705905,
"DP_30":  67.05647475582822,
"DP_60":  70.06129449283391,
"DP_95":  72.83799726647214,
"QL-Dynamic": 30.7324588241166,
"QL-Static": 37.24343361117918}
,
{ "x":  140,
"DP_05":  60.67427761585801,
"DP_30":  67.26283054527853,
"DP_60":  70.18729110932283,
"DP_95":  72.85568545847187,
"QL-Dynamic": 31.936521635556442,
"QL-Static": 39.85025793901372}
,
{ "x":  150,
"DP_05":  60.51244811411275,
"DP_30":  67.18031497728882,
"DP_60":  70.09430486714771,
"DP_95":  72.82401709129462,
"QL-Dynamic": 29.26601174575912,
"QL-Static": 37.33793902928919}
,
{ "x":  160,
"DP_05":  60.60160967301067,
"DP_30":  67.15345392788973,
"DP_60":  70.18831452583515,
"DP_95":  72.84011902998341,
"QL-Dynamic": 30.63103949351806,
"QL-Static": 38.64766161562361}
,
{ "x":  170,
"DP_05":  60.449068155225596,
"DP_30":  67.1677931241844,
"DP_60":  70.06842609677855,
"DP_95":  72.85228129186146,
"QL-Dynamic": 33.14499720300845,
"QL-Static": 38.11362128937066}
,
{ "x":  180,
"DP_05":  60.56871540851985,
"DP_30":  67.19192543796082,
"DP_60":  70.10639612172062,
"DP_95":  72.89248535599131,
"QL-Dynamic": 28.963130134826155,
"QL-Static": 37.059024774198804}
,
{ "x":  190,
"DP_05":  60.41766416399458,
"DP_30":  67.05448330286131,
"DP_60":  70.02686464898669,
"DP_95":  72.76429775877963,
"QL-Dynamic": 29.238055877875485,
"QL-Static": 38.172274875276074}
,
{ "x":  200,
"DP_05":  60.47901223739522,
"DP_30":  67.11058261323164,
"DP_60":  70.03720741425128,
"DP_95":  72.88650321475662,
"QL-Dynamic": 29.339310247342155,
"QL-Static": 37.13728745553296}
,
{ "x":  210,
"DP_05":  60.547155801501674,
"DP_30":  67.18743866419935,
"DP_60":  70.11633524488005,
"DP_95":  72.85009452496159,
"QL-Dynamic": 31.402436903696607,
"QL-Static": 39.73781305590303}
,
{ "x":  220,
"DP_05":  60.60062486288241,
"DP_30":  67.19093269539061,
"DP_60":  70.13434607698343,
"DP_95":  72.82239857363965,
"QL-Dynamic": 29.222161180370552,
"QL-Static": 37.97454867969778}
,
{ "x":  230,
"DP_05":  60.53751509124411,
"DP_30":  67.13417732018075,
"DP_60":  70.05763619388432,
"DP_95":  72.81186994258702,
"QL-Dynamic": 30.353876755831006,
"QL-Static": 36.58136089575426}
,
{ "x":  240,
"DP_05":  60.32497672909283,
"DP_30":  67.01225211432126,
"DP_60":  70.02323432100665,
"DP_95":  72.75971686237047,
"QL-Dynamic": 30.319413520621072,
"QL-Static": 38.77940137370353}
,
{ "x":  250,
"DP_05":  60.43353352389471,
"DP_30":  67.08505681110296,
"DP_60":  70.10070143475883,
"DP_95":  72.85548281303814,
"QL-Dynamic": 31.2350028181521,
"QL-Static": 38.56860384006136}
]}
