{ "x_label":"Omega",
"y_label":"FR",
 "results":[
{ "x":  1.0,
"greedy000":  0.0,
"greedy050":  0.0,
"greedy100":  0.2797124999999999,
"DP_05":  0.0,
"DP_30":  0.0,
"DP_60":  0.0,
"DP_99":  0.24057500000000004,
"QL_95":  0.270125,
"QL_55":  0.2637875,
"QL_20":  0.27401250000000005,
"RL":  0.25965}
,
{ "x":  1.1,
"greedy000":  0.0,
"greedy050":  0.0,
"greedy100":  0.2765625,
"DP_05":  0.0,
"DP_30":  0.0,
"DP_60":  0.0,
"DP_99":  0.23847500000000005,
"QL_95":  0.2662125,
"QL_55":  0.2610125,
"QL_20":  0.27080000000000004,
"RL":  0.2550125}
,
{ "x":  1.2,
"greedy000":  0.0,
"greedy050":  0.0,
"greedy100":  0.2604625,
"DP_05":  0.0,
"DP_30":  0.0,
"DP_60":  0.0,
"DP_99":  0.23661249999999998,
"QL_95":  0.260075,
"QL_55":  0.25606249999999997,
"QL_20":  0.25844999999999996,
"RL":  0.25403749999999997}
,
{ "x":  1.3,
"greedy000":  0.0,
"greedy050":  0.0,
"greedy100":  0.2608375,
"DP_05":  0.0,
"DP_30":  0.0,
"DP_60":  0.0,
"DP_99":  0.23347500000000004,
"QL_95":  0.25587499999999996,
"QL_55":  0.25082499999999996,
"QL_20":  0.2549125,
"RL":  0.24846249999999995}
,
{ "x":  1.4,
"greedy000":  0.0,
"greedy050":  0.0,
"greedy100":  0.2593375,
"DP_05":  0.0,
"DP_30":  0.0,
"DP_60":  0.0,
"DP_99":  0.2339375,
"QL_95":  0.24543750000000003,
"QL_55":  0.25146250000000003,
"QL_20":  0.25397499999999995,
"RL":  0.24318749999999997}
,
{ "x":  1.5,
"greedy000":  0.0,
"greedy050":  0.0,
"greedy100":  0.25912499999999994,
"DP_05":  0.0,
"DP_30":  0.0,
"DP_60":  0.0,
"DP_99":  0.2337625,
"QL_95":  0.2476125,
"QL_55":  0.247775,
"QL_20":  0.2541125,
"RL":  0.24201250000000002}
,
{ "x":  1.6,
"greedy000":  0.0,
"greedy050":  0.0,
"greedy100":  0.2592,
"DP_05":  0.0,
"DP_30":  0.0,
"DP_60":  0.0,
"DP_99":  0.2307875,
"QL_95":  0.24269999999999997,
"QL_55":  0.24833749999999993,
"QL_20":  0.2559874999999999,
"RL":  0.24128749999999996}
,
{ "x":  1.7,
"greedy000":  0.0,
"greedy050":  0.0,
"greedy100":  0.26263749999999997,
"DP_05":  0.0,
"DP_30":  0.0,
"DP_60":  0.0,
"DP_99":  0.219825,
"QL_95":  0.24366250000000003,
"QL_55":  0.24939999999999998,
"QL_20":  0.25793750000000004,
"RL":  0.23818750000000005}
,
{ "x":  1.8,
"greedy000":  0.0,
"greedy050":  0.0,
"greedy100":  0.26028749999999995,
"DP_05":  0.0,
"DP_30":  0.0,
"DP_60":  0.0,
"DP_99":  0.21302499999999996,
"QL_95":  0.240825,
"QL_55":  0.24606250000000002,
"QL_20":  0.25571250000000006,
"RL":  0.23331250000000003}
,
{ "x":  1.9,
"greedy000":  0.0,
"greedy050":  0.0,
"greedy100":  0.26034999999999997,
"DP_05":  0.0,
"DP_30":  0.0,
"DP_60":  0.0,
"DP_99":  0.20328749999999998,
"QL_95":  0.23823749999999996,
"QL_55":  0.24057499999999998,
"QL_20":  0.25555,
"RL":  0.22786250000000002}
,
{ "x":  2.0,
"greedy000":  0.0,
"greedy050":  0.0,
"greedy100":  0.2608125,
"DP_05":  0.0,
"DP_30":  0.0,
"DP_60":  0.0,
"DP_99":  0.2059625,
"QL_95":  0.23762500000000006,
"QL_55":  0.22856249999999992,
"QL_20":  0.255625,
"RL":  0.225225}
]}
