{ "x_label":"episode",
"y_label":"Acceptance Rate",
"results":[
{ "x":  5,
"DP_05":  0.5527618262965719,
"DP_30":  0.6097813516398957,
"DP_60":  0.6279203668093147,
"DP_95":  0.591253419303701,
"QL-Dynamic": 0.3436808524409725,
"QL-Static": 0.37741210507345635}
,
{ "x":  10,
"DP_05":  0.556915891230789,
"DP_30":  0.6153085076649724,
"DP_60":  0.6316171580721118,
"DP_95":  0.5952192270992428,
"QL-Dynamic": 0.39321667673504185,
"QL-Static": 0.46607000635020857}
,
{ "x":  15,
"DP_05":  0.5554261816900407,
"DP_30":  0.6116826352729566,
"DP_60":  0.628698116601323,
"DP_95":  0.5918300298414351,
"QL-Dynamic": 0.4292021184567366,
"QL-Static": 0.5117963718158272}
,
{ "x":  20,
"DP_05":  0.5573143121349993,
"DP_30":  0.6134904257824207,
"DP_60":  0.6294092138461289,
"DP_95":  0.5934838776080504,
"QL-Dynamic": 0.47425901068170234,
"QL-Static": 0.46167174197461236}
,
{ "x":  25,
"DP_05":  0.5508561611631173,
"DP_30":  0.6079683500027596,
"DP_60":  0.6270159720080988,
"DP_95":  0.5922388472969071,
"QL-Dynamic": 0.46236320434233047,
"QL-Static": 0.5223262944362826}
,
{ "x":  30,
"DP_05":  0.5532309009705303,
"DP_30":  0.612262421639652,
"DP_60":  0.6284943753301404,
"DP_95":  0.5932386449539719,
"QL-Dynamic": 0.4994744066164186,
"QL-Static": 0.5077242143223796}
,
{ "x":  35,
"DP_05":  0.5587577484798205,
"DP_30":  0.6142725859759272,
"DP_60":  0.6305824824952633,
"DP_95":  0.5940307038725693,
"QL-Dynamic": 0.5119759688410596,
"QL-Static": 0.5009789479706471}
,
{ "x":  40,
"DP_05":  0.551109475493951,
"DP_30":  0.6087777730707671,
"DP_60":  0.6242730951470639,
"DP_95":  0.5902217315785848,
"QL-Dynamic": 0.5197874857895589,
"QL-Static": 0.5309154473524997}
,
{ "x":  45,
"DP_05":  0.55101373321345,
"DP_30":  0.6073698553726985,
"DP_60":  0.6255043801999267,
"DP_95":  0.590899153306989,
"QL-Dynamic": 0.5365674684949232,
"QL-Static": 0.5247905968883317}
,
{ "x":  50,
"DP_05":  0.5522355684757758,
"DP_30":  0.6077085994577025,
"DP_60":  0.6253454330792905,
"DP_95":  0.5913638392182388,
"QL-Dynamic": 0.5410118809647595,
"QL-Static": 0.5410955642339513}
,
{ "x":  55,
"DP_05":  0.5555075930147872,
"DP_30":  0.6104072214002623,
"DP_60":  0.6280820294399547,
"DP_95":  0.5920824523310952,
"QL-Dynamic": 0.5213009387091357,
"QL-Static": 0.5469101030967376}
,
{ "x":  60,
"DP_05":  0.5523432498207186,
"DP_30":  0.607977290162794,
"DP_60":  0.6262616303874254,
"DP_95":  0.5919388251192137,
"QL-Dynamic": 0.5487123381490182,
"QL-Static": 0.5389047670770224}
,
{ "x":  65,
"DP_05":  0.5544920479224674,
"DP_30":  0.6109051569195759,
"DP_60":  0.6282336071462051,
"DP_95":  0.591724621118536,
"QL-Dynamic": 0.5406146527904037,
"QL-Static": 0.5143535417208686}
,
{ "x":  70,
"DP_05":  0.5562708468947493,
"DP_30":  0.6122004818242639,
"DP_60":  0.629498720575207,
"DP_95":  0.5932092424689357,
"QL-Dynamic": 0.5463391230446709,
"QL-Static": 0.5520107198944798}
,
{ "x":  75,
"DP_05":  0.5521861194616304,
"DP_30":  0.6092249650629935,
"DP_60":  0.6265269692808031,
"DP_95":  0.5924053952312089,
"QL-Dynamic": 0.5472639616570248,
"QL-Static": 0.5024834185622763}
,
{ "x":  80,
"DP_05":  0.5533699132871881,
"DP_30":  0.6081982278524153,
"DP_60":  0.6260598227944448,
"DP_95":  0.590346540665081,
"QL-Dynamic": 0.544441151320522,
"QL-Static": 0.5458205742771512}
,
{ "x":  85,
"DP_05":  0.5529411191921092,
"DP_30":  0.6085978131558425,
"DP_60":  0.6271342420273001,
"DP_95":  0.5903156848520129,
"QL-Dynamic": 0.5536434609129883,
"QL-Static": 0.5296238600057561}
,
{ "x":  90,
"DP_05":  0.5511569875371449,
"DP_30":  0.6070905367870921,
"DP_60":  0.6247141368916308,
"DP_95":  0.5902726691250226,
"QL-Dynamic": 0.553779977365806,
"QL-Static": 0.4960316022281689}
,
{ "x":  95,
"DP_05":  0.5501925488191963,
"DP_30":  0.6071036306042685,
"DP_60":  0.62610507415432,
"DP_95":  0.591580042945467,
"QL-Dynamic": 0.5505890860531336,
"QL-Static": 0.5270529788449181}
,
{ "x":  100,
"DP_05":  0.556597028135902,
"DP_30":  0.6116640853709566,
"DP_60":  0.6276894288830783,
"DP_95":  0.5910717780262391,
"QL-Dynamic": 0.547878688802576,
"QL-Static": 0.5500103290282763}
,
{ "x":  105,
"DP_05":  0.5538424708582568,
"DP_30":  0.610327132621977,
"DP_60":  0.6273766170191817,
"DP_95":  0.5923272917686864,
"QL-Dynamic": 0.5582906168304119,
"QL-Static": 0.5518401699329913}
,
{ "x":  110,
"DP_05":  0.5561693991102815,
"DP_30":  0.6107066656084533,
"DP_60":  0.6278718463066721,
"DP_95":  0.590995648191601,
"QL-Dynamic": 0.5472742356256737,
"QL-Static": 0.5555417370439721}
,
{ "x":  115,
"DP_05":  0.5540802071332247,
"DP_30":  0.6107078249331775,
"DP_60":  0.6278104890444554,
"DP_95":  0.5911709738066608,
"QL-Dynamic": 0.5517250523750596,
"QL-Static": 0.5513878915313881}
,
{ "x":  120,
"DP_05":  0.5537620726637968,
"DP_30":  0.6103599169574914,
"DP_60":  0.628289461739857,
"DP_95":  0.5941808274429256,
"QL-Dynamic": 0.548883468004986,
"QL-Static": 0.559565382517266}
,
{ "x":  125,
"DP_05":  0.5543374188841653,
"DP_30":  0.610748171660592,
"DP_60":  0.6268011387708063,
"DP_95":  0.5913558170778785,
"QL-Dynamic": 0.5405434301010181,
"QL-Static": 0.5455233496805623}
,
{ "x":  130,
"DP_05":  0.5525639772858297,
"DP_30":  0.6088570171309168,
"DP_60":  0.6265393684442592,
"DP_95":  0.5906922486101163,
"QL-Dynamic": 0.5558811302382096,
"QL-Static": 0.5414645335563935}
,
{ "x":  135,
"DP_05":  0.5531100601168534,
"DP_30":  0.6077085068746505,
"DP_60":  0.6261474022207131,
"DP_95":  0.5908921207168919,
"QL-Dynamic": 0.5485584005837063,
"QL-Static": 0.5296064596942174}
,
{ "x":  140,
"DP_05":  0.5606393507307877,
"DP_30":  0.6123845545525948,
"DP_60":  0.6289385751924484,
"DP_95":  0.5918995006073225,
"QL-Dynamic": 0.5408854048049916,
"QL-Static": 0.5408001074091027}
,
{ "x":  145,
"DP_05":  0.5519578211572418,
"DP_30":  0.6093830584532781,
"DP_60":  0.6273143614743327,
"DP_95":  0.5915650553149827,
"QL-Dynamic": 0.5158478207726339,
"QL-Static": 0.5451874252874108}
,
{ "x":  150,
"DP_05":  0.5546760480136257,
"DP_30":  0.6114521874333556,
"DP_60":  0.6290333752462839,
"DP_95":  0.5928778401570332,
"QL-Dynamic": 0.5396711174693019,
"QL-Static": 0.5591810842942351}
,
{ "x":  155,
"DP_05":  0.5551768780725136,
"DP_30":  0.6104105322365863,
"DP_60":  0.6264000624245842,
"DP_95":  0.590741610923369,
"QL-Dynamic": 0.5149006605417215,
"QL-Static": 0.4994929534565105}
,
{ "x":  160,
"DP_05":  0.5520199042314621,
"DP_30":  0.6083327356953975,
"DP_60":  0.6259989785805486,
"DP_95":  0.5915286188354161,
"QL-Dynamic": 0.5090643171139357,
"QL-Static": 0.5459595133700448}
,
{ "x":  165,
"DP_05":  0.5554298855658133,
"DP_30":  0.6116546884437917,
"DP_60":  0.6290996154427476,
"DP_95":  0.5921059782816891,
"QL-Dynamic": 0.4705189867150185,
"QL-Static": 0.5420727605460364}
,
{ "x":  170,
"DP_05":  0.5509600768686582,
"DP_30":  0.6069263339035633,
"DP_60":  0.6250681275459015,
"DP_95":  0.5904619276473805,
"QL-Dynamic": 0.46724811686490825,
"QL-Static": 0.5435495838634985}
,
{ "x":  175,
"DP_05":  0.552472696819583,
"DP_30":  0.6082899311430991,
"DP_60":  0.6262630431016167,
"DP_95":  0.5898173771581556,
"QL-Dynamic": 0.419469014758527,
"QL-Static": 0.536751411591543}
,
{ "x":  180,
"DP_05":  0.5542523578923453,
"DP_30":  0.612536230706678,
"DP_60":  0.6292486409454561,
"DP_95":  0.5927945214101148,
"QL-Dynamic": 0.42223705652499,
"QL-Static": 0.5607037194495558}
,
{ "x":  185,
"DP_05":  0.5503531212208097,
"DP_30":  0.6090218032681851,
"DP_60":  0.6254195197184743,
"DP_95":  0.5909576819924997,
"QL-Dynamic": 0.40217393174474686,
"QL-Static": 0.5417823844446282}
,
{ "x":  190,
"DP_05":  0.5565301231581963,
"DP_30":  0.6101535130581122,
"DP_60":  0.6277607497166318,
"DP_95":  0.5916895651051557,
"QL-Dynamic": 0.3900462106510969,
"QL-Static": 0.5317699468656493}
,
{ "x":  195,
"DP_05":  0.5582863585617786,
"DP_30":  0.612634310843498,
"DP_60":  0.6297240024418439,
"DP_95":  0.5922464341174676,
"QL-Dynamic": 0.309021219476561,
"QL-Static": 0.5447630344486429}
,
{ "x":  200,
"DP_05":  0.5545180330815171,
"DP_30":  0.6122592266891291,
"DP_60":  0.6283325193706389,