{ "x_label":"episode",
"y_label":"Federation Rate",
"results":[
{ "x":  5,
"DP_05":  0.4486767251456351,
"DP_30":  0.3898113281075727,
"DP_60":  0.371394604192835,
"DP_95":  0.40797300761722044,
"QL-Dynamic": 0.47806893874827044,
"QL-Static": 0.501193381628581}
,
{ "x":  25,
"DP_05":  0.44616496011375756,
"DP_30":  0.38861971398769274,
"DP_60":  0.3718787674136355,
"DP_95":  0.40900700426760095,
"QL-Dynamic": 0.41350211904843687,
"QL-Static": 0.41073405863008683}
,
{ "x":  45,
"DP_05":  0.4472488768648203,
"DP_30":  0.389643890373579,
"DP_60":  0.3730254653160299,
"DP_95":  0.4074244105995531,
"QL-Dynamic": 0.3979562640661459,
"QL-Static": 0.4376428477526848}
,
{ "x":  65,
"DP_05":  0.44434921005085454,
"DP_30":  0.39060183623863404,
"DP_60":  0.3722885888534323,
"DP_95":  0.40922576072522876,
"QL-Dynamic": 0.4302475759011514,
"QL-Static": 0.3972359381490199}
,
{ "x":  85,
"DP_05":  0.4432750208304368,
"DP_30":  0.38882655947826444,
"DP_60":  0.3720719599011127,
"DP_95":  0.4074775561377787,
"QL-Dynamic": 0.40430680095715205,
"QL-Static": 0.3843138719040058}
]}
