{ "x_label":"episode",
"y_label":"Federation Rate",
"results":[
{ "x":  5,
"DP_05":  0.4472381737034281,
"DP_30":  0.3902186483601043,
"DP_60":  0.3720796331906852,
"DP_95":  0.408746580696299,
"QL-Dynamic": 0.4516536673193719,
"QL-Static": 0.48112497436336155}
,
{ "x":  10,
"DP_05":  0.44308410876921095,
"DP_30":  0.3846914923350276,
"DP_60":  0.36838284192788806,
"DP_95":  0.4047807729007572,
"QL-Dynamic": 0.45415572878657473,
"QL-Static": 0.43576623425031985}
,
{ "x":  15,
"DP_05":  0.44457381830995935,
"DP_30":  0.3883173647270435,
"DP_60":  0.3713018833986768,
"DP_95":  0.40816997015856504,
"QL-Dynamic": 0.43888505621977975,
"QL-Static": 0.38920241047919835}
,
{ "x":  20,
"DP_05":  0.44268568786500084,
"DP_30":  0.3865095742175795,
"DP_60":  0.37059078615387114,
"DP_95":  0.4065161223919496,
"QL-Dynamic": 0.4210976854006276,
"QL-Static": 0.3547525815925508}
,
{ "x":  25,
"DP_05":  0.44914383883688264,
"DP_30":  0.39203164999724033,
"DP_60":  0.3729840279919013,
"DP_95":  0.4077611527030928,
"QL-Dynamic": 0.45272774041131053,
"QL-Static": 0.3948550392113792}
,
{ "x":  30,
"DP_05":  0.4467690990294697,
"DP_30":  0.38773757836034795,
"DP_60":  0.3715056246698595,
"DP_95":  0.40676135504602806,
"QL-Dynamic": 0.4203328369412187,
"QL-Static": 0.37527260015003716}
,
{ "x":  35,
"DP_05":  0.44124225152017954,
"DP_30":  0.38572741402407296,
"DP_60":  0.3694175175047366,
"DP_95":  0.4059692961274308,
"QL-Dynamic": 0.412459497463192,
"QL-Static": 0.40848383398400767}
,
{ "x":  40,
"DP_05":  0.448890524506049,
"DP_30":  0.39122222692923303,
"DP_60":  0.3757269048529363,
"DP_95":  0.4097782684214152,
"QL-Dynamic": 0.41916607935482586,
"QL-Static": 0.3864284346875834}
,
{ "x":  45,
"DP_05":  0.44898626678654985,
"DP_30":  0.39263014462730145,
"DP_60":  0.37449561980007323,
"DP_95":  0.409100846693011,
"QL-Dynamic": 0.4047317947811873,
"QL-Static": 0.4025133236136701}
,
{ "x":  50,
"DP_05":  0.44776443152422407,
"DP_30":  0.39229140054229744,
"DP_60":  0.37465456692070964,
"DP_95":  0.40863616078176135,
"QL-Dynamic": 0.4078424153631941,
"QL-Static": 0.36349970778926555}
,
{ "x":  55,
"DP_05":  0.4444924069852127,
"DP_30":  0.3895927785997378,
"DP_60":  0.37191797056004516,
"DP_95":  0.40791754766890487,
"QL-Dynamic": 0.43023519908182273,
"QL-Static": 0.372027927419918}
,
{ "x":  60,
"DP_05":  0.44765675017928136,
"DP_30":  0.392022709837206,
"DP_60":  0.37373836961257456,
"DP_95":  0.4080611748807864,
"QL-Dynamic": 0.40516208010588317,
"QL-Static": 0.38020564147278646}
,
{ "x":  65,
"DP_05":  0.4455079520775326,
"DP_30":  0.38909484308042414,
"DP_60":  0.37176639285379476,
"DP_95":  0.40827537888146403,
"QL-Dynamic": 0.42753162653932186,
"QL-Static": 0.3772495567089159}
,
{ "x":  70,
"DP_05":  0.4437291531052507,
"DP_30":  0.38779951817573616,
"DP_60":  0.37050127942479305,
"DP_95":  0.40679075753106436,
"QL-Dynamic": 0.4008530237218653,
"QL-Static": 0.36415971640993605}
,
{ "x":  75,
"DP_05":  0.4478138805383695,
"DP_30":  0.39077503493700655,
"DP_60":  0.3734730307191968,
"DP_95":  0.40759460476879106,
"QL-Dynamic": 0.4143271801354172,
"QL-Static": 0.41520423055611466}
,
{ "x":  80,
"DP_05":  0.446630086712812,
"DP_30":  0.3918017721475846,
"DP_60":  0.3739401772055551,
"DP_95":  0.40965345933491903,
"QL-Dynamic": 0.41751852271449674,
"QL-Static": 0.37787385737178836}
,
{ "x":  85,
"DP_05":  0.4470588808078907,
"DP_30":  0.3914021868441576,
"DP_60":  0.37286575797270005,
"DP_95":  0.40968431514798703,
"QL-Dynamic": 0.4014625815521904,
"QL-Static": 0.3811267872996359}
,
{ "x":  90,
"DP_05":  0.44884301246285513,
"DP_30":  0.3929094632129078,
"DP_60":  0.37528586310836914,
"DP_95":  0.4097273308749775,
"QL-Dynamic": 0.4257725268198952,
"QL-Static": 0.4175742468046244}
,
{ "x":  95,
"DP_05":  0.4498074511808038,
"DP_30":  0.39289636939573164,
"DP_60":  0.37389492584567996,
"DP_95":  0.4084199570545331,
"QL-Dynamic": 0.4135869442635238,
"QL-Static": 0.37488817252077966}
,
{ "x":  100,
"DP_05":  0.44340297186409805,
"DP_30":  0.3883359146290435,
"DP_60":  0.3723105711169216,
"DP_95":  0.40892822197376094,
"QL-Dynamic": 0.42302293461871654,
"QL-Static": 0.38639283837175775}
,
{ "x":  105,
"DP_05":  0.4461575291417432,
"DP_30":  0.38967286737802287,
"DP_60":  0.37262338298081815,
"DP_95":  0.4076727082313137,
"QL-Dynamic": 0.4223309008095578,
"QL-Static": 0.369720720079029}
,
{ "x":  110,
"DP_05":  0.4438306008897185,
"DP_30":  0.38929333439154684,
"DP_60":  0.3721281536933277,
"DP_95":  0.40900435180839906,
"QL-Dynamic": 0.43312219184925826,
"QL-Static": 0.37002381999034445}
,
{ "x":  115,
"DP_05":  0.4459197928667753,
"DP_30":  0.38929217506682257,
"DP_60":  0.37218951095554464,
"DP_95":  0.4088290261933391,
"QL-Dynamic": 0.42048892285441475,
"QL-Static": 0.3944659315712148}
,
{ "x":  120,
"DP_05":  0.44623792733620327,
"DP_30":  0.3896400830425086,
"DP_60":  0.37171053826014316,
"DP_95":  0.40581917255707445,
"QL-Dynamic": 0.4287944310255433,
"QL-Static": 0.37509975881290153}
,
{ "x":  125,
"DP_05":  0.44566258111583473,
"DP_30":  0.38925182833940786,
"DP_60":  0.3731988612291937,
"DP_95":  0.4086441829221215,
"QL-Dynamic": 0.4326294187795871,
"QL-Static": 0.3816465963356398}
,
{ "x":  130,
"DP_05":  0.44743602271417016,
"DP_30":  0.39114298286908317,
"DP_60":  0.37346063155574083,
"DP_95":  0.40930775138988384,
"QL-Dynamic": 0.4088991243196528,
"QL-Static": 0.4118162477893491}
,
{ "x":  135,
"DP_05":  0.4468899398831466,
"DP_30":  0.39229149312534944,
"DP_60":  0.3738525977792869,
"DP_95":  0.4091078792831082,
"QL-Dynamic": 0.4296457352154178,
"QL-Static": 0.38661921279747724}
,
{ "x":  140,
"DP_05":  0.4393606492692125,
"DP_30":  0.3876154454474054,
"DP_60":  0.37106142480755144,
"DP_95":  0.40810049939267745,
"QL-Dynamic": 0.4228237002947364,
"QL-Static": 0.3621718607664377}
,
{ "x":  145,
"DP_05":  0.44804217884275815,
"DP_30":  0.3906169415467219,
"DP_60":  0.3726856385256673,
"DP_95":  0.40843494468501734,
"QL-Dynamic": 0.45141175471434664,
"QL-Static": 0.38521973350382593}
,
{ "x":  150,
"DP_05":  0.4453239519863743,
"DP_30":  0.3885478125666445,
"DP_60":  0.37096662475371606,
"DP_95":  0.4071221598429669,
"QL-Dynamic": 0.4301400746601537,
"QL-Static": 0.3859911799273949}
,
{ "x":  155,
"DP_05":  0.4448231219274863,
"DP_30":  0.38958946776341385,
"DP_60":  0.37359993757541576,
"DP_95":  0.409258389076631,
"QL-Dynamic": 0.4400108469529734,
"QL-Static": 0.40228614574059307}
,
{ "x":  160,
"DP_05":  0.4479800957685379,
"DP_30":  0.3916672643046025,
"DP_60":  0.3740010214194514,
"DP_95":  0.4084713811645838,
"QL-Dynamic": 0.46597145786635374,
"QL-Static": 0.38947488947210757}
,
{ "x":  165,
"DP_05":  0.4445701144341868,
"DP_30":  0.3883453115562082,
"DP_60":  0.3709003845572524,
"DP_95":  0.4078940217183109,
"QL-Dynamic": 0.4796566302675333,
"QL-Static": 0.3885807213384182}
,
{ "x":  170,
"DP_05":  0.4490399231313417,
"DP_30":  0.3930736660964366,
"DP_60":  0.3749318724540986,
"DP_95":  0.4095380723526195,
"QL-Dynamic": 0.49189758727194477,
"QL-Static": 0.3894188538704828}
,
{ "x":  175,
"DP_05":  0.44752730318041706,
"DP_30":  0.3917100688569008,
"DP_60":  0.3737369568983833,
"DP_95":  0.4101826228418443,
"QL-Dynamic": 0.4612072963118251,
"QL-Static": 0.38223059729702585}
,
{ "x":  180,
"DP_05":  0.44574764210765466,
"DP_30":  0.3874637692933221,
"DP_60":  0.3707513590545439,
"DP_95":  0.4072054785898853,
"QL-Dynamic": 0.5455353446076782,
"QL-Static": 0.3649050500506525}
,
{ "x":  185,
"DP_05":  0.4496468787791904,
"DP_30":  0.3909781967318148,
"DP_60":  0.3745804802815257,
"DP_95":  0.40904231800750035,
"QL-Dynamic": 0.5290393883248805,
"QL-Static": 0.3930600787758409}
,
{ "x":  190,
"DP_05":  0.44346987684180367,
"DP_30":  0.3898464869418877,
"DP_60":  0.37223925028336824,
"DP_95":  0.4083104348948442,
"QL-Dynamic": 0.5262717078184818,
"QL-Static": 0.3641011421887105}
,
{ "x":  195,
"DP_05":  0.4417136414382215,
"DP_30":  0.38736568915650205,
"DP_60":  0.3702759975581561,
"DP_95":  0.4077535658825326,
"QL-Dynamic": 0.6154147047371772,