{ "x_label":"episode",
"y_label":"Average Profit",
"results":[
{ "x":  5,
"DP_05":  60.294097891658836,
"DP_30":  67.12549400433737,
"DP_60":  70.12198159769677,
"DP_95":  72.76151979604579,
"QL-Dynamic": 45.57852185450513,
"QL-Static": 41.63056618577208}
,
{ "x":  25,
"DP_05":  60.319152808681864,
"DP_30":  67.15761801302693,
"DP_60":  70.02877968860902,
"DP_95":  72.7276622759812,
"QL-Dynamic": 56.47622079230931,
"QL-Static": 51.707527957394085}
,
{ "x":  45,
"DP_05":  60.45461989988198,
"DP_30":  67.15671498871792,
"DP_60":  70.04689027896345,
"DP_95":  72.85366753156806,
"QL-Dynamic": 58.535851172402694,
"QL-Static": 55.33282971990585}
,
{ "x":  65,
"DP_05":  60.57456807711181,
"DP_30":  67.13994683178863,
"DP_60":  70.0489785963252,
"DP_95":  72.76205365831318,
"QL-Dynamic": 56.79104167439978,
"QL-Static": 57.87501377510013}
,
{ "x":  85,
"DP_05":  60.58206841202692,
"DP_30":  67.12697331723167,
"DP_60":  70.09588379309571,
"DP_95":  72.84349473958903,
"QL-Dynamic": 58.259719939002295,
"QL-Static": 58.97630502807182}
]}
