{ "x_label":"episode",
"y_label":"Average Profit",
"results":[
{ "x":  5,
"DP_05":  60.37006366631799,
"DP_30":  67.12130337133951,
"DP_60":  70.09189308460647,
"DP_95":  72.7830700560955,
"QL-Dynamic": 43.03710392041025,
"QL-Static": 48.39906976622355}
,
{ "x":  10,
"DP_05":  60.53106612949987,
"DP_30":  67.33433576294075,
"DP_60":  70.27016612178026,
"DP_95":  72.92418923853388,
"QL-Dynamic": 48.43369981900566,
"QL-Static": 55.66848278130838}
,
{ "x":  15,
"DP_05":  60.433272649232094,
"DP_30":  67.13695483840131,
"DP_60":  70.08068010277275,
"DP_95":  72.77814683617638,
"QL-Dynamic": 51.6861297330316,
"QL-Static": 57.982433198625884}
,
{ "x":  20,
"DP_05":  60.62157080253401,
"DP_30":  67.31415847652171,
"DP_60":  70.16451853452517,
"DP_95":  72.90568829993425,
"QL-Dynamic": 55.27280286042571,
"QL-Static": 52.84340866013523}
,
{ "x":  25,
"DP_05":  60.368118628656745,
"DP_30":  67.08710410137266,
"DP_60":  70.13455515963042,
"DP_95":  72.91551630116822,
"QL-Dynamic": 55.64234127829768,
"QL-Static": 59.90020112308387}
,
{ "x":  30,
"DP_05":  60.30100928406678,
"DP_30":  67.17858815089748,
"DP_60":  70.0947834879186,
"DP_95":  72.87846593280912,
"QL-Dynamic": 58.78567577717648,
"QL-Static": 57.92303831352454}
,
{ "x":  35,
"DP_05":  60.703138005957875,
"DP_30":  67.3167853195192,
"DP_60":  70.21289935906815,
"DP_95":  72.88434660579534,
"QL-Dynamic": 59.459671994899296,
"QL-Static": 58.2634418760083}
,
{ "x":  40,
"DP_05":  60.28849043340223,
"DP_30":  67.03877324641644,
"DP_60":  69.9318682738223,
"DP_95":  72.72635785861124,
"QL-Dynamic": 61.1035357391901,
"QL-Static": 60.97900692527421}
,
{ "x":  45,
"DP_05":  60.333150419152695,
"DP_30":  66.98823195375186,
"DP_60":  69.99522639542042,
"DP_95":  72.76270834833295,
"QL-Dynamic": 62.07871705634375,
"QL-Static": 61.21579111426432}
,
{ "x":  50,
"DP_05":  60.40130722469401,
"DP_30":  67.02781255285053,
"DP_60":  70.00191810162687,
"DP_95":  72.83193807854374,
"QL-Dynamic": 63.08712198963011,
"QL-Static": 61.959753988311114}
,
{ "x":  55,
"DP_05":  60.5213830830826,
"DP_30":  67.19195837235287,
"DP_60":  70.16725729197647,
"DP_95":  72.84269794428238,
"QL-Dynamic": 62.605086765493034,
"QL-Static": 62.725676879984476}
,
{ "x":  60,
"DP_05":  60.36319615840388,
"DP_30":  67.042368904045,
"DP_60":  70.02884167058315,
"DP_95":  72.84189479655628,
"QL-Dynamic": 63.916625865294144,
"QL-Static": 62.09370964665679}
,
{ "x":  65,
"DP_05":  60.46317966146914,
"DP_30":  67.1287883897281,
"DP_60":  70.11557843853414,
"DP_95":  72.85165318038737,
"QL-Dynamic": 64.32240270695465,
"QL-Static": 60.128797974492706}
,
{ "x":  70,
"DP_05":  60.45777867574956,
"DP_30":  67.23500748133847,
"DP_60":  70.16424855248005,
"DP_95":  72.82446748236183,
"QL-Dynamic": 64.14680787567796,
"QL-Static": 62.592349979813264}
,
{ "x":  75,
"DP_05":  60.36605001314683,
"DP_30":  67.08406117507374,
"DP_60":  70.0232038928887,
"DP_95":  72.85077861312588,
"QL-Dynamic": 65.02461575769824,
"QL-Static": 59.81822931084264}
,
{ "x":  80,
"DP_05":  60.356618981666784,
"DP_30":  66.97578814934901,
"DP_60":  69.9292142406712,
"DP_95":  72.72271521926245,
"QL-Dynamic": 64.79520565031245,
"QL-Static": 62.896916235985586}
,
{ "x":  85,
"DP_05":  60.34627800869324,
"DP_30":  67.04341459802423,
"DP_60":  69.99028386254444,
"DP_95":  72.70837374728826,
"QL-Dynamic": 64.99499539041665,
"QL-Static": 62.27105175465884}
,
{ "x":  90,
"DP_05":  60.313951855851556,
"DP_30":  66.99861609078252,
"DP_60":  69.96745126840767,
"DP_95":  72.77057630661972,
"QL-Dynamic": 65.78431838600197,
"QL-Static": 59.34648948183288}
,
{ "x":  95,
"DP_05":  60.24125194066344,
"DP_30":  67.01851590161445,
"DP_60":  70.03022888809647,
"DP_95":  72.80424356525579,
"QL-Dynamic": 65.00970998179702,
"QL-Static": 61.58455070090812}
,
{ "x":  100,
"DP_05":  60.595841440597745,
"DP_30":  67.18742524151983,
"DP_60":  70.0368435625414,
"DP_95":  72.76391855846472,
"QL-Dynamic": 65.2774010623344,
"QL-Static": 63.9964176677782}
,
{ "x":  105,
"DP_05":  60.50726814782644,
"DP_30":  67.17594963766709,
"DP_60":  70.07801024331184,
"DP_95":  72.88121425228312,
"QL-Dynamic": 66.2545061268484,
"QL-Static": 62.74399653336085}
,
{ "x":  110,
"DP_05":  60.500945605218064,
"DP_30":  67.22443824095191,
"DP_60":  70.1170357628037,
"DP_95":  72.78943254033354,
"QL-Dynamic": 65.68456888855849,
"QL-Static": 63.949014266575695}
,
{ "x":  115,
"DP_05":  60.38776296671972,
"DP_30":  67.12877644501036,
"DP_60":  70.06890838402909,
"DP_95":  72.7072836833672,
"QL-Dynamic": 65.82473273095704,
"QL-Static": 64.58790818709117}
,
{ "x":  120,
"DP_05":  60.42043464895778,
"DP_30":  67.11388909256421,
"DP_60":  70.14948271734985,
"DP_95":  72.94549913982766,
"QL-Dynamic": 65.43187339396057,
"QL-Static": 63.99519824140815}
,
{ "x":  125,
"DP_05":  60.4998358365669,
"DP_30":  67.135077704158,
"DP_60":  70.03182502870916,
"DP_95":  72.76447152827585,
"QL-Dynamic": 65.1291006285015,
"QL-Static": 63.70658836795796}
,
{ "x":  130,
"DP_05":  60.43948368975818,
"DP_30":  67.14245381424674,
"DP_60":  70.08148764881183,
"DP_95":  72.75711995336886,
"QL-Dynamic": 66.05441042101458,
"QL-Static": 64.05512311747147}
,
{ "x":  135,
"DP_05":  60.49934925430176,
"DP_30":  67.04404188448532,
"DP_60":  70.09804676857273,
"DP_95":  72.78642737809544,
"QL-Dynamic": 65.50049465859873,
"QL-Static": 61.96727776772822}
,
{ "x":  140,
"DP_05":  60.755770976349574,
"DP_30":  67.16618883442858,
"DP_60":  70.04996986425782,
"DP_95":  72.79458033568486,
"QL-Dynamic": 65.09780318405544,
"QL-Static": 61.752537225495985}
,
{ "x":  145,
"DP_05":  60.33363794782567,
"DP_30":  67.12265809536942,
"DP_60":  70.11255290784597,
"DP_95":  72.8788233484816,
"QL-Dynamic": 63.747816988155684,
"QL-Static": 63.317516631687205}
,
{ "x":  150,
"DP_05":  60.52522316570609,
"DP_30":  67.26164044973027,
"DP_60":  70.13290307570853,
"DP_95":  72.84469213334458,
"QL-Dynamic": 64.67127776460009,
"QL-Static": 65.19510056113371}
,
{ "x":  155,
"DP_05":  60.55856452010043,
"DP_30":  67.16139861749988,
"DP_60":  70.06676666217284,
"DP_95":  72.72262035205647,
"QL-Dynamic": 63.16559345907018,
"QL-Static": 60.88089825369902}
,
{ "x":  160,
"DP_05":  60.45222907039401,
"DP_30":  67.09206441657797,
"DP_60":  70.07478639346098,
"DP_95":  72.82449518134158,
"QL-Dynamic": 63.68981981478422,
"QL-Static": 63.624942124012684}
,
{ "x":  165,
"DP_05":  60.60880003435665,
"DP_30":  67.26950817512135,
"DP_60":  70.25336697951893,
"DP_95":  72.80946182918709,
"QL-Dynamic": 60.75348167878244,
"QL-Static": 63.836979329606926}
,
{ "x":  170,
"DP_05":  60.301578637378476,
"DP_30":  66.99302870151479,
"DP_60":  70.02115172679633,
"DP_95":  72.82389344865668,
"QL-Dynamic": 60.714806239433265,
"QL-Static": 63.18202786400205}
,
{ "x":  175,
"DP_05":  60.28965353894849,
"DP_30":  66.97363504666664,
"DP_60":  69.96879972831618,
"DP_95":  72.72278511783985,
"QL-Dynamic": 55.39301959300377,
"QL-Static": 62.24718389795419}
,
{ "x":  180,
"DP_05":  60.49313988789855,
"DP_30":  67.2221943446569,
"DP_60":  70.14926360425412,
"DP_95":  72.86920114261832,
"QL-Dynamic": 58.6308221310555,
"QL-Static": 64.1310674835099}
,
{ "x":  185,
"DP_05":  60.23733171772744,
"DP_30":  67.08682598032661,
"DP_60":  70.00622814051252,
"DP_95":  72.83188452687041,
"QL-Dynamic": 56.03837711873537,
"QL-Static": 63.71535945317745}
,
{ "x":  190,
"DP_05":  60.591324900299085,
"DP_30":  67.1123877081321,
"DP_60":  70.03574531125079,
"DP_95":  72.78042144596364,
"QL-Dynamic": 55.36521361155981,
"QL-Static": 61.65491433322519}
,
{ "x":  195,
"DP_05":  60.62453220182721,
"DP_30":  67.21093656605817,
"DP_60":  70.12217310038105,
"DP_95":  72.7311925440886,
"QL-Dynamic": 50.19183270771909,
"QL-Static": 63.78371341218083}
,
{ "x":  200,
"DP_05":  60.38298140481201,
"DP_30":  67.21432986609459,
"DP_60":  70.13224837453258,
"DP_95":  72.8166378851254,
"QL-Dynamic": 50.12312918064602,
"QL-Static": 60.79366742138269}
,
{ "x":  205,
"DP_05":  60.38773867999589,
"DP_30":  67.19354241867619,
"DP_60":  70.16321454657012,