{ "x_label":"capacity",
"y_label":"Acceptance Rate",
 "results":[
{ "x":  20,
"greedy000":  0.0,
"greedy050":  0.0,
"greedy100":  0.14004530401857845,
"DP_05":  0.0,
"DP_30":  0.0,
"DP_60":  0.0,
"DP_95":  0.27230348885591316,
"QL":  0.27230348885591316,
"RL":  0.27230348885591316}
,
{ "x":  60,
"greedy000":  0.0,
"greedy050":  0.0,
"greedy100":  0.3283622011378492,
"DP_05":  0.0,
"DP_30":  0.0,
"DP_60":  0.0,
"DP_95":  0.47943810115096974,
"QL":  0.4706026655385777,
"RL":  0.4698359024033046}
,
{ "x":  100,
"greedy000":  0.0,
"greedy050":  0.0,
"greedy100":  0.5449658116955416,
"DP_05":  0.0,
"DP_30":  0.0,
"DP_60":  0.0,
"DP_95":  0.5867585180404804,
"QL":  0.610194871564042,
"RL":  0.622882606420676}
,
{ "x":  140,
"greedy000":  0.0,
"greedy050":  0.0,
"greedy100":  0.7002201138747642,
"DP_05":  0.0,
"DP_30":  0.0,
"DP_60":  0.0,
"DP_95":  0.701014224665267,
"QL":  0.7304962127278578,
"RL":  0.7385269347094806}
,
{ "x":  180,
"greedy000":  0.0,
"greedy050":  0.0,
"greedy100":  0.8301547252566372,
"DP_05":  0.0,
"DP_30":  0.0,
"DP_60":  0.0,
"DP_95":  0.8230888806191636,
"QL":  0.791985909640949,
"RL":  0.842696938975062}
,
{ "x":  220,
"greedy000":  0.0,
"greedy050":  0.0,
"greedy100":  0.9176082023881831,
"DP_05":  0.0,
"DP_30":  0.0,
"DP_60":  0.0,
"DP_95":  0.9052717867677694,
"QL":  0.8073854144184448,
"RL":  0.9002059048216646}
]}
