{ "x_label":"zeta",
"y_label":"Average Profit",
 "results":[
{ "x":  0.0,
"greedy000":  0.0,
"greedy050":  0.0,
"greedy100":  67.90500078718435,
"DP_05":  0.0,
"DP_30":  0.0,
"DP_60":  0.0,
"DP_95":  71.39308731165004,
"QL_09":  67.89544526502402,
"QL_05":  67.91663003778865,
"RL":  70.92041715465423}
,
{ "x":  0.3,
"greedy000":  0.0,
"greedy050":  0.0,
"greedy100":  66.47490806127131,
"DP_05":  0.0,
"DP_30":  0.0,
"DP_60":  0.0,
"DP_95":  71.0373735673267,
"QL_09":  66.3749342857888,
"QL_05":  66.36110286153068,
"RL":  69.70401101849652}
,
{ "x":  0.6,
"greedy000":  0.0,
"greedy050":  0.0,
"greedy100":  65.32230758944938,
"DP_05":  0.0,
"DP_30":  0.0,
"DP_60":  0.0,
"DP_95":  70.87308811516908,
"QL_09":  65.22989856221253,
"QL_05":  65.2380471453545,
"RL":  69.99301138525793}
,
{ "x":  0.8999999999999999,
"greedy000":  0.0,
"greedy050":  0.0,
"greedy100":  63.73326152776059,
"DP_05":  0.0,
"DP_30":  0.0,
"DP_60":  0.0,
"DP_95":  70.53665005548656,
"QL_09":  63.61160261419881,
"QL_05":  63.66024782673916,
"RL":  69.70423708337496}
]}
