{ "x_label":"capacity",
"y_label":"Acceptance Rate",
 "results":[
{ "x":  5,
"greedy000":  0.0,
"greedy050":  0.0,
"greedy100":  0.0,
"DP_05":  0.0,
"DP_30":  0.0,
"DP_60":  0.0,
"DP_95":  0.0,
"QL":  0.0,
"RL":  0.0}
,
{ "x":  25,
"greedy000":  0.0,
"greedy050":  0.0,
"greedy100":  0.20237540650365732,
"DP_05":  0.0,
"DP_30":  0.0,
"DP_60":  0.0,
"DP_95":  0.2666970857971531,
"QL":  0.2666970857971531,
"RL":  0.2666970857971531}
,
{ "x":  45,
"greedy000":  0.0,
"greedy050":  0.0,
"greedy100":  0.2417561215758787,
"DP_05":  0.0,
"DP_30":  0.0,
"DP_60":  0.0,
"DP_95":  0.4248465669899703,
"QL":  0.4117384480537233,
"RL":  0.40871574425250606}
,
{ "x":  65,
"greedy000":  0.0,
"greedy050":  0.0,
"greedy100":  0.38341636113859645,
"DP_05":  0.0,
"DP_30":  0.0,
"DP_60":  0.0,
"DP_95":  0.48909927637814815,
"QL":  0.46805408619219796,
"RL":  0.4820966312407601}
,
{ "x":  85,
"greedy000":  0.0,
"greedy050":  0.0,
"greedy100":  0.4727238911525359,
"DP_05":  0.0,
"DP_30":  0.0,
"DP_60":  0.0,
"DP_95":  0.538177724893765,
"QL":  0.5590345455230974,
"RL":  0.5670180358625722}
,
{ "x":  105,
"greedy000":  0.0,
"greedy050":  0.0,
"greedy100":  0.5615741168533226,
"DP_05":  0.0,
"DP_30":  0.0,
"DP_60":  0.0,
"DP_95":  0.6043554686407648,
"QL":  0.6419280795614466,
"RL":  0.6460194103771448}
,
{ "x":  125,
"greedy000":  0.0,
"greedy050":  0.0,
"greedy100":  0.6433237026632144,
"DP_05":  0.0,
"DP_30":  0.0,
"DP_60":  0.0,
"DP_95":  0.6507932206631828,
"QL":  0.6870926543946761,
"RL":  0.6915078279609387}
,
{ "x":  145,
"greedy000":  0.0,
"greedy050":  0.0,
"greedy100":  0.72644160414677,
"DP_05":  0.0,
"DP_30":  0.0,
"DP_60":  0.0,
"DP_95":  0.7216541102261655,
"QL":  0.7573819170523849,
"RL":  0.7604820585930623}
,
{ "x":  165,
"greedy000":  0.0,
"greedy050":  0.0,
"greedy100":  0.7939054451701056,
"DP_05":  0.0,
"DP_30":  0.0,
"DP_60":  0.0,
"DP_95":  0.7872458960723516,
"QL":  0.8141315803398136,
"RL":  0.8197987000242165}
,
{ "x":  185,
"greedy000":  0.0,
"greedy050":  0.0,
"greedy100":  0.8346754947040713,
"DP_05":  0.0,
"DP_30":  0.0,
"DP_60":  0.0,
"DP_95":  0.8217161884561562,
"QL":  0.8352703823383838,
"RL":  0.8463879333322939}
,
{ "x":  205,
"greedy000":  0.0,
"greedy050":  0.0,
"greedy100":  0.8963922467158041,
"DP_05":  0.0,
"DP_30":  0.0,
"DP_60":  0.0,
"DP_95":  0.8807725676532513,
"QL":  0.8736888527217553,
"RL":  0.9043505623990473}
,
{ "x":  225,
"greedy000":  0.0,
"greedy050":  0.0,
"greedy100":  0.9348502501347233,
"DP_05":  0.0,
"DP_30":  0.0,
"DP_60":  0.0,
"DP_95":  0.9185799126524739,
"QL":  0.8740188479297958,
"RL":  0.933019800292937}
,
{ "x":  245,
"greedy000":  0.0,
"greedy050":  0.0,
"greedy100":  0.9581087804076895,
"DP_05":  0.0,
"DP_30":  0.0,
"DP_60":  0.0,
"DP_95":  0.9439783567469231,
"QL":  0.8663113670114078,
"RL":  0.9504643276785305}
,
{ "x":  265,
"greedy000":  0.0,
"greedy050":  0.0,
"greedy100":  0.9787908471421819,
"DP_05":  0.0,
"DP_30":  0.0,
"DP_60":  0.0,
"DP_95":  0.9695564648516173,
"QL":  0.875756040483628,
"RL":  0.9666968727431003}
]}
