{ "x_label":"capacity",
"y_label":"Average Profit",
 "results":[
{ "x":  5,
"greedy000":  0.0,
"greedy050":  0.0,
"greedy100":  22.953468402402148,
"DP_05":  0.0,
"DP_30":  0.0,
"DP_60":  0.0,
"DP_95":  22.953468402402148,
"QL":  22.953468402402148,
"RL":  22.953468402402148}
,
{ "x":  25,
"greedy000":  0.0,
"greedy050":  0.0,
"greedy100":  29.623824334249598,
"DP_05":  0.0,
"DP_30":  0.0,
"DP_60":  0.0,
"DP_95":  33.698895817159055,
"QL":  33.698895817159055,
"RL":  33.698895817159055}
,
{ "x":  45,
"greedy000":  0.0,
"greedy050":  0.0,
"greedy100":  28.86728890387969,
"DP_05":  0.0,
"DP_30":  0.0,
"DP_60":  0.0,
"DP_95":  39.97071669769548,
"QL":  38.083834280845366,
"RL":  38.014553826101164}
,
{ "x":  65,
"greedy000":  0.0,
"greedy050":  0.0,
"greedy100":  33.07660280790274,
"DP_05":  0.0,
"DP_30":  0.0,
"DP_60":  0.0,
"DP_95":  42.4669105983563,
"QL":  38.13742012610983,
"RL":  39.05545159731399}
,
{ "x":  85,
"greedy000":  0.0,
"greedy050":  0.0,
"greedy100":  34.822795049274305,
"DP_05":  0.0,
"DP_30":  0.0,
"DP_60":  0.0,
"DP_95":  42.99980195270305,
"QL":  40.44272511545533,
"RL":  40.95831117258559}
,
{ "x":  105,
"greedy000":  0.0,
"greedy050":  0.0,
"greedy100":  36.51336240412167,
"DP_05":  0.0,
"DP_30":  0.0,
"DP_60":  0.0,
"DP_95":  43.32633163215179,
"QL":  41.21948584371249,
"RL":  41.542226940411936}
,
{ "x":  125,
"greedy000":  0.0,
"greedy050":  0.0,
"greedy100":  38.33647231830849,
"DP_05":  0.0,
"DP_30":  0.0,
"DP_60":  0.0,
"DP_95":  43.58210158160421,
"QL":  41.26878420038575,
"RL":  41.685065133295296}
,
{ "x":  145,
"greedy000":  0.0,
"greedy050":  0.0,
"greedy100":  39.857853202357106,
"DP_05":  0.0,
"DP_30":  0.0,
"DP_60":  0.0,
"DP_95":  43.814274646491285,
"QL":  42.32295809737904,
"RL":  42.666137677502306}
,
{ "x":  165,
"greedy000":  0.0,
"greedy050":  0.0,
"greedy100":  41.201198742593284,
"DP_05":  0.0,
"DP_30":  0.0,
"DP_60":  0.0,
"DP_95":  44.08393102883497,
"QL":  42.96584501986355,
"RL":  43.13878155662557}
,
{ "x":  185,
"greedy000":  0.0,
"greedy050":  0.0,
"greedy100":  42.00109142087458,
"DP_05":  0.0,
"DP_30":  0.0,
"DP_60":  0.0,
"DP_95":  44.15481953914874,
"QL":  43.14841399675618,
"RL":  43.27902354093618}
,
{ "x":  205,
"greedy000":  0.0,
"greedy050":  0.0,
"greedy100":  43.19152006282884,
"DP_05":  0.0,
"DP_30":  0.0,
"DP_60":  0.0,
"DP_95":  44.532841983733725,
"QL":  43.91063657912174,
"RL":  44.135416724247975}
,
{ "x":  225,
"greedy000":  0.0,
"greedy050":  0.0,
"greedy100":  43.84441203192335,
"DP_05":  0.0,
"DP_30":  0.0,
"DP_60":  0.0,
"DP_95":  44.62448169756694,
"QL":  43.90691953078649,
"RL":  44.22963685908356}
,
{ "x":  245,
"greedy000":  0.0,
"greedy050":  0.0,
"greedy100":  44.20240941585508,
"DP_05":  0.0,
"DP_30":  0.0,
"DP_60":  0.0,
"DP_95":  44.67115899571967,
"QL":  43.73229615992974,
"RL":  44.16312007944462}
,
{ "x":  265,
"greedy000":  0.0,
"greedy050":  0.0,
"greedy100":  44.70328737644258,
"DP_05":  0.0,
"DP_30":  0.0,
"DP_60":  0.0,
"DP_95":  44.92872835857221,
"QL":  43.88521054251683,
"RL":  44.46161504751225}
]}
