{ "x_label":"PC",
"y_label":"Acceptance Rate",
 "results":[
{ "x":  1.0,
"greedy000":  0.0,
"greedy050":  0.0,
"greedy100":  0.3597666666666667,
"DP_05":  0.0,
"DP_30":  0.0,
"DP_60":  0.0,
"DP_95":  0.3371666666666667,
"QL_09":  0.3433333333333334,
"QL_05":  0.34469999999999995,
"RL":  0.3403}
,
{ "x":  1.1,
"greedy000":  0.0,
"greedy050":  0.0,
"greedy100":  0.3566,
"DP_05":  0.0,
"DP_30":  0.0,
"DP_60":  0.0,
"DP_95":  0.3349,
"QL_09":  0.3396666666666667,
"QL_05":  0.3442333333333333,
"RL":  0.3312333333333333}
,
{ "x":  1.2,
"greedy000":  0.0,
"greedy050":  0.0,
"greedy100":  0.3557666666666667,
"DP_05":  0.0,
"DP_30":  0.0,
"DP_60":  0.0,
"DP_95":  0.33230000000000004,
"QL_09":  0.3307666666666666,
"QL_05":  0.3435333333333333,
"RL":  0.3303}
,
{ "x":  1.3,
"greedy000":  0.0,
"greedy050":  0.0,
"greedy100":  0.3603666666666666,
"DP_05":  0.0,
"DP_30":  0.0,
"DP_60":  0.0,
"DP_95":  0.33526666666666666,
"QL_09":  0.34209999999999996,
"QL_05":  0.3474,
"RL":  0.3306999999999999}
,
{ "x":  1.4,
"greedy000":  0.0,
"greedy050":  0.0,
"greedy100":  0.3562666666666666,
"DP_05":  0.0,
"DP_30":  0.0,
"DP_60":  0.0,
"DP_95":  0.3308666666666667,
"QL_09":  0.3341666666666667,
"QL_05":  0.34529999999999994,
"RL":  0.3245}
,
{ "x":  1.5,
"greedy000":  0.0,
"greedy050":  0.0,
"greedy100":  0.3563666666666666,
"DP_05":  0.0,
"DP_30":  0.0,
"DP_60":  0.0,
"DP_95":  0.33290000000000003,
"QL_09":  0.3362333333333334,
"QL_05":  0.34526666666666667,
"RL":  0.32789999999999997}
,
{ "x":  1.6,
"greedy000":  0.0,
"greedy050":  0.0,
"greedy100":  0.35750000000000004,
"DP_05":  0.0,
"DP_30":  0.0,
"DP_60":  0.0,
"DP_95":  0.33723333333333333,
"QL_09":  0.34099999999999997,
"QL_05":  0.34543333333333337,
"RL":  0.33080000000000004}
]}
