{ "x_label":"PC",
"y_label":"Acceptance Rate",
 "results":[
{ "x":  1.0,
"greedy000":  0.0,
"greedy050":  0.0,
"greedy100":  0.5285375000000001,
"DP_05":  0.0,
"DP_30":  0.0,
"DP_60":  0.0,
"DP_95":  0.615425,
"QL_09":  0.5319125,
"QL_05":  0.5270375,
"RL":  0.6046375}
,
{ "x":  1.1,
"greedy000":  0.0,
"greedy050":  0.0,
"greedy100":  0.5298125,
"DP_05":  0.0,
"DP_30":  0.0,
"DP_60":  0.0,
"DP_95":  0.6163125,
"QL_09":  0.5358625000000001,
"QL_05":  0.5295624999999999,
"RL":  0.6069500000000001}
,
{ "x":  1.2,
"greedy000":  0.0,
"greedy050":  0.0,
"greedy100":  0.5265000000000001,
"DP_05":  0.0,
"DP_30":  0.0,
"DP_60":  0.0,
"DP_95":  0.6152374999999999,
"QL_09":  0.5358375000000001,
"QL_05":  0.528725,
"RL":  0.6046874999999999}
,
{ "x":  1.3,
"greedy000":  0.0,
"greedy050":  0.0,
"greedy100":  0.5271875,
"DP_05":  0.0,
"DP_30":  0.0,
"DP_60":  0.0,
"DP_95":  0.6151125,
"QL_09":  0.5426875000000001,
"QL_05":  0.5354374999999999,
"RL":  0.6080375}
,
{ "x":  1.4,
"greedy000":  0.0,
"greedy050":  0.0,
"greedy100":  0.51875,
"DP_05":  0.0,
"DP_30":  0.0,
"DP_60":  0.0,
"DP_95":  0.6097874999999999,
"QL_09":  0.53935,
"QL_05":  0.5287249999999999,
"RL":  0.6034250000000001}
,
{ "x":  1.5,
"greedy000":  0.0,
"greedy050":  0.0,
"greedy100":  0.526275,
"DP_05":  0.0,
"DP_30":  0.0,
"DP_60":  0.0,
"DP_95":  0.6115,
"QL_09":  0.5435874999999999,
"QL_05":  0.5312874999999999,
"RL":  0.6066374999999999}
,
{ "x":  1.6,
"greedy000":  0.0,
"greedy050":  0.0,
"greedy100":  0.5277999999999999,
"DP_05":  0.0,
"DP_30":  0.0,
"DP_60":  0.0,
"DP_95":  0.6154125,
"QL_09":  0.546725,
"QL_05":  0.5365624999999999,
"RL":  0.61005}
,
{ "x":  1.7000000000000002,
"greedy000":  0.0,
"greedy050":  0.0,
"greedy100":  0.5222249999999999,
"DP_05":  0.0,
"DP_30":  0.0,
"DP_60":  0.0,
"DP_95":  0.6134000000000001,
"QL_09":  0.5528125,
"QL_05":  0.535025,
"RL":  0.6075125}
]}
