{ "x_label":"PC",
"y_label":"Federation Rate",
 "results":[
{ "x":  1.0,
"greedy000":  0.0,
"greedy050":  0.0,
"greedy100":  0.3313666666666667,
"DP_05":  0.0,
"DP_30":  0.0,
"DP_60":  0.0,
"DP_95":  0.3243666666666667,
"QL_09":  0.3322333333333333,
"QL_05":  0.3357,
"RL":  0.31776666666666664}
,
{ "x":  1.1,
"greedy000":  0.0,
"greedy050":  0.0,
"greedy100":  0.33663333333333334,
"DP_05":  0.0,
"DP_30":  0.0,
"DP_60":  0.0,
"DP_95":  0.3248333333333333,
"QL_09":  0.3327666666666667,
"QL_05":  0.33573333333333333,
"RL":  0.3208}
,
{ "x":  1.2,
"greedy000":  0.0,
"greedy050":  0.0,
"greedy100":  0.32720000000000005,
"DP_05":  0.0,
"DP_30":  0.0,
"DP_60":  0.0,
"DP_95":  0.3230333333333333,
"QL_09":  0.3309,
"QL_05":  0.3327666666666666,
"RL":  0.3133666666666667}
,
{ "x":  1.3,
"greedy000":  0.0,
"greedy050":  0.0,
"greedy100":  0.33130000000000004,
"DP_05":  0.0,
"DP_30":  0.0,
"DP_60":  0.0,
"DP_95":  0.33086666666666664,
"QL_09":  0.33186666666666664,
"QL_05":  0.3359666666666667,
"RL":  0.32060000000000005}
,
{ "x":  1.4,
"greedy000":  0.0,
"greedy050":  0.0,
"greedy100":  0.32699999999999996,
"DP_05":  0.0,
"DP_30":  0.0,
"DP_60":  0.0,
"DP_95":  0.32543333333333335,
"QL_09":  0.3311,
"QL_05":  0.33043333333333336,
"RL":  0.3141}
,
{ "x":  1.5,
"greedy000":  0.0,
"greedy050":  0.0,
"greedy100":  0.32786666666666664,
"DP_05":  0.0,
"DP_30":  0.0,
"DP_60":  0.0,
"DP_95":  0.3275,
"QL_09":  0.33313333333333334,
"QL_05":  0.32686666666666664,
"RL":  0.3113666666666667}
,
{ "x":  1.6,
"greedy000":  0.0,
"greedy050":  0.0,
"greedy100":  0.3377666666666667,
"DP_05":  0.0,
"DP_30":  0.0,
"DP_60":  0.0,
"DP_95":  0.3280666666666666,
"QL_09":  0.33390000000000003,
"QL_05":  0.3384666666666667,
"RL":  0.3127}
]}
