{ "x_label":"PC",
"y_label":"Federation Rate",
 "results":[
{ "x":  1.0,
"greedy000":  0.0,
"greedy050":  0.0,
"greedy100":  0.2638625,
"DP_05":  0.0,
"DP_30":  0.0,
"DP_60":  0.0,
"DP_95":  0.19327500000000003,
"QL_09":  0.24422499999999997,
"QL_05":  0.25559999999999994,
"RL":  0.2117625}
,
{ "x":  1.1,
"greedy000":  0.0,
"greedy050":  0.0,
"greedy100":  0.2687125,
"DP_05":  0.0,
"DP_30":  0.0,
"DP_60":  0.0,
"DP_95":  0.191825,
"QL_09":  0.24445,
"QL_05":  0.25495,
"RL":  0.20977499999999996}
,
{ "x":  1.2,
"greedy000":  0.0,
"greedy050":  0.0,
"greedy100":  0.2671625,
"DP_05":  0.0,
"DP_30":  0.0,
"DP_60":  0.0,
"DP_95":  0.1908875,
"QL_09":  0.23543749999999997,
"QL_05":  0.25366249999999996,
"RL":  0.20696249999999994}
,
{ "x":  1.3,
"greedy000":  0.0,
"greedy050":  0.0,
"greedy100":  0.2699375,
"DP_05":  0.0,
"DP_30":  0.0,
"DP_60":  0.0,
"DP_95":  0.19195,
"QL_09":  0.23372500000000004,
"QL_05":  0.24967499999999992,
"RL":  0.20550000000000002}
,
{ "x":  1.4,
"greedy000":  0.0,
"greedy050":  0.0,
"greedy100":  0.27091249999999995,
"DP_05":  0.0,
"DP_30":  0.0,
"DP_60":  0.0,
"DP_95":  0.19173749999999998,
"QL_09":  0.22782499999999994,
"QL_05":  0.24707500000000002,
"RL":  0.20212500000000003}
,
{ "x":  1.5,
"greedy000":  0.0,
"greedy050":  0.0,
"greedy100":  0.2640375,
"DP_05":  0.0,
"DP_30":  0.0,
"DP_60":  0.0,
"DP_95":  0.187575,
"QL_09":  0.22080000000000002,
"QL_05":  0.24323749999999994,
"RL":  0.1962625}
,
{ "x":  1.6,
"greedy000":  0.0,
"greedy050":  0.0,
"greedy100":  0.2677875,
"DP_05":  0.0,
"DP_30":  0.0,
"DP_60":  0.0,
"DP_95":  0.1886875,
"QL_09":  0.21973749999999997,
"QL_05":  0.2426375,
"RL":  0.1964}
]}
