{ "x_label":"PC",
"y_label":"Average Profit",
 "results":[
{ "x":  1.0,
"greedy000":  0.0,
"greedy050":  0.0,
"greedy100":  56.47533333333333,
"DP_05":  0.0,
"DP_30":  0.0,
"DP_60":  0.0,
"DP_95":  60.30733333333334,
"QL_09":  55.612,
"QL_05":  55.61233333333333,
"RL":  58.46233333333335}
,
{ "x":  1.1,
"greedy000":  0.0,
"greedy050":  0.0,
"greedy100":  55.016133333333336,
"DP_05":  0.0,
"DP_30":  0.0,
"DP_60":  0.0,
"DP_95":  58.73643333333333,
"QL_09":  54.0989,
"QL_05":  54.15893333333334,
"RL":  56.45793333333334}
,
{ "x":  1.2,
"greedy000":  0.0,
"greedy050":  0.0,
"greedy100":  53.388733333333334,
"DP_05":  0.0,
"DP_30":  0.0,
"DP_60":  0.0,
"DP_95":  57.110466666666674,
"QL_09":  52.0564,
"QL_05":  52.81333333333335,
"RL":  54.915600000000005}
,
{ "x":  1.3,
"greedy000":  0.0,
"greedy050":  0.0,
"greedy100":  52.68983333333333,
"DP_05":  0.0,
"DP_30":  0.0,
"DP_60":  0.0,
"DP_95":  56.434000000000005,
"QL_09":  51.98596666666666,
"QL_05":  51.9901,
"RL":  54.08546666666666}
,
{ "x":  1.4,
"greedy000":  0.0,
"greedy050":  0.0,
"greedy100":  50.773199999999996,
"DP_05":  0.0,
"DP_30":  0.0,
"DP_60":  0.0,
"DP_95":  54.381600000000006,
"QL_09":  49.93126666666667,
"QL_05":  50.34753333333334,
"RL":  51.8352}
,
{ "x":  1.5,
"greedy000":  0.0,
"greedy050":  0.0,
"greedy100":  49.788666666666664,
"DP_05":  0.0,
"DP_30":  0.0,
"DP_60":  0.0,
"DP_95":  53.58233333333334,
"QL_09":  49.04683333333334,
"QL_05":  49.088,
"RL":  51.23366666666666}
,
{ "x":  1.6,
"greedy000":  0.0,
"greedy050":  0.0,
"greedy100":  48.92600000000001,
"DP_05":  0.0,
"DP_30":  0.0,
"DP_60":  0.0,
"DP_95":  52.92633333333333,
"QL_09":  48.656333333333336,
"QL_05":  48.3,
"RL":  50.453066666666665}
]}
