{ "x_label":"PC",
"y_label":"Average Profit",
 "results":[
{ "x":  1.0,
"greedy000":  0.0,
"greedy050":  0.0,
"greedy100":  36.902,
"DP_05":  0.0,
"DP_30":  0.0,
"DP_60":  0.0,
"DP_95":  46.441125,
"QL_09":  37.8326875,
"QL_05":  37.23881250000001,
"RL":  43.971312499999996}
,
{ "x":  1.1,
"greedy000":  0.0,
"greedy050":  0.0,
"greedy100":  36.430037500000005,
"DP_05":  0.0,
"DP_30":  0.0,
"DP_60":  0.0,
"DP_95":  46.113693749999996,
"QL_09":  37.56096875,
"QL_05":  36.705181249999995,
"RL":  43.698356249999996}
,
{ "x":  1.2,
"greedy000":  0.0,
"greedy050":  0.0,
"greedy100":  35.6355125,
"DP_05":  0.0,
"DP_30":  0.0,
"DP_60":  0.0,
"DP_95":  45.861975,
"QL_09":  36.958625,
"QL_05":  36.179325,
"RL":  43.178525}
,
{ "x":  1.3,
"greedy000":  0.0,
"greedy050":  0.0,
"greedy100":  35.07803124999999,
"DP_05":  0.0,
"DP_30":  0.0,
"DP_60":  0.0,
"DP_95":  45.641293749999996,
"QL_09":  36.879875,
"QL_05":  35.954449999999994,
"RL":  43.087843750000005}
,
{ "x":  1.4,
"greedy000":  0.0,
"greedy050":  0.0,
"greedy100":  33.961225,
"DP_05":  0.0,
"DP_30":  0.0,
"DP_60":  0.0,
"DP_95":  45.1285875,
"QL_09":  36.180175,
"QL_05":  34.885425,
"RL":  42.4353625}
,
{ "x":  1.5,
"greedy000":  0.0,
"greedy050":  0.0,
"greedy100":  33.816500000000005,
"DP_05":  0.0,
"DP_30":  0.0,
"DP_60":  0.0,
"DP_95":  44.988406250000004,
"QL_09":  36.058125000000004,
"QL_05":  34.64209375,
"RL":  42.38584375000001}
,
{ "x":  1.6,
"greedy000":  0.0,
"greedy050":  0.0,
"greedy100":  33.3162875,
"DP_05":  0.0,
"DP_30":  0.0,
"DP_60":  0.0,
"DP_95":  45.076875,
"QL_09":  35.906400000000005,
"QL_05":  34.51768750000001,
"RL":  42.378187499999996}
]}
