{ "x_label":"PC",
"y_label":"Rejection Rate",
 "results":[
{ "x":  1.0,
"greedy000":  1.0,
"greedy050":  1.0,
"greedy100":  0.2075999999999999,
"DP_05":  1.0,
"DP_30":  1.0,
"DP_60":  1.0,
"DP_95":  0.19130000000000003,
"QL_09":  0.22386250000000008,
"QL_05":  0.2173624999999999,
"RL":  0.18359999999999999}
,
{ "x":  1.1,
"greedy000":  1.0,
"greedy050":  1.0,
"greedy100":  0.20147500000000007,
"DP_05":  1.0,
"DP_30":  1.0,
"DP_60":  1.0,
"DP_95":  0.19186250000000005,
"QL_09":  0.2196874999999998,
"QL_05":  0.21548750000000005,
"RL":  0.18327500000000008}
,
{ "x":  1.2,
"greedy000":  1.0,
"greedy050":  1.0,
"greedy100":  0.20633749999999984,
"DP_05":  1.0,
"DP_30":  1.0,
"DP_60":  1.0,
"DP_95":  0.19387500000000002,
"QL_09":  0.22872500000000007,
"QL_05":  0.2176125000000001,
"RL":  0.18835000000000013}
,
{ "x":  1.3,
"greedy000":  1.0,
"greedy050":  1.0,
"greedy100":  0.20287499999999992,
"DP_05":  1.0,
"DP_30":  1.0,
"DP_60":  1.0,
"DP_95":  0.19293749999999998,
"QL_09":  0.22358749999999983,
"QL_05":  0.21488750000000023,
"RL":  0.18646249999999998}
,
{ "x":  1.4,
"greedy000":  1.0,
"greedy050":  1.0,
"greedy100":  0.21033749999999996,
"DP_05":  1.0,
"DP_30":  1.0,
"DP_60":  1.0,
"DP_95":  0.19847500000000018,
"QL_09":  0.23282500000000006,
"QL_05":  0.22420000000000007,
"RL":  0.1944499999999998}
,
{ "x":  1.5,
"greedy000":  1.0,
"greedy050":  1.0,
"greedy100":  0.20968750000000003,
"DP_05":  1.0,
"DP_30":  1.0,
"DP_60":  1.0,
"DP_95":  0.20092500000000002,
"QL_09":  0.2356125,
"QL_05":  0.2254750000000001,
"RL":  0.19710000000000005}
,
{ "x":  1.6,
"greedy000":  1.0,
"greedy050":  1.0,
"greedy100":  0.2044125,
"DP_05":  1.0,
"DP_30":  1.0,
"DP_60":  1.0,
"DP_95":  0.19589999999999996,
"QL_09":  0.23353750000000006,
"QL_05":  0.2208,
"RL":  0.1935499999999999}
,
{ "x":  1.7000000000000002,
"greedy000":  1.0,
"greedy050":  1.0,
"greedy100":  0.21353749999999994,
"DP_05":  1.0,
"DP_30":  1.0,
"DP_60":  1.0,
"DP_95":  0.21262499999999984,
"QL_09":  0.24696249999999997,
"QL_05":  0.2331375,
"RL":  0.203125}
,
{ "x":  1.8,
"greedy000":  1.0,
"greedy050":  1.0,
"greedy100":  0.20622499999999988,
"DP_05":  1.0,
"DP_30":  1.0,
"DP_60":  1.0,
"DP_95":  0.21377500000000005,
"QL_09":  0.250475,
"QL_05":  0.26197499999999996,
"RL":  0.205225}
,
{ "x":  1.9,
"greedy000":  1.0,
"greedy050":  1.0,
"greedy100":  0.20898749999999988,
"DP_05":  1.0,
"DP_30":  1.0,
"DP_60":  1.0,
"DP_95":  0.23614999999999997,
"QL_09":  0.26754999999999995,
"QL_05":  0.3066500000000001,
"RL":  0.210075}
,
{ "x":  2.0,
"greedy000":  1.0,
"greedy050":  1.0,
"greedy100":  0.2096125000000001,
"DP_05":  1.0,
"DP_30":  1.0,
"DP_60":  1.0,
"DP_95":  0.23787499999999984,
"QL_09":  0.2781374999999999,
"QL_05":  0.3151125,
"RL":  0.21605000000000008}
]}
