{ "x_label":"eta",
"y_label":"Average Profit",
 "results":[
{ "x":  0.1,
"greedy000":  20.382738183778642,
"greedy050":  22.092930834572353,
"greedy100":  23.43605296055233,
"DP_05":  51.45220528032512,
"DP_30":  51.45220528032512,
"DP_60":  51.45220528032512,
"DP_95":  51.97401261691094,
"QL":  50.31366822007399}
,
{ "x":  0.125,
"greedy000":  27.02731742984953,
"greedy050":  28.83103212019136,
"greedy100":  29.928618938528977,
"DP_05":  51.463241354691796,
"DP_30":  51.463241354691796,
"DP_60":  51.463241354691796,
"DP_95":  52.03461216684592,
"QL":  44.09563520761536}
,
{ "x":  0.15000000000000002,
"greedy000":  33.22752675911291,
"greedy050":  34.82657647337583,
"greedy100":  35.891604612488024,
"DP_05":  51.918562941024504,
"DP_30":  51.918562941024504,
"DP_60":  51.918562941024504,
"DP_95":  52.59874803953345,
"QL":  41.93139408385562}
,
{ "x":  0.17500000000000002,
"greedy000":  36.76639690309774,
"greedy050":  38.22247439488097,
"greedy100":  39.18604733013381,
"DP_05":  52.07010116285126,
"DP_30":  52.07010116285126,
"DP_60":  52.07010116285126,
"DP_95":  52.72830686556838,
"QL":  48.4017209015163}
,
{ "x":  0.2,
"greedy000":  40.767917925875764,
"greedy050":  42.1396634161383,
"greedy100":  43.08991259219444,
"DP_05":  52.76379054775496,
"DP_30":  52.76379054775496,
"DP_60":  52.76379054775496,
"DP_95":  53.32811744029014,
"QL":  49.08026353126938}
,
{ "x":  0.225,
"greedy000":  43.25824988394497,
"greedy050":  44.52719238548947,
"greedy100":  45.390394372554304,
"DP_05":  52.65803088653074,
"DP_30":  52.65803088653074,
"DP_60":  52.65803088653074,
"DP_95":  53.288187323944385,
"QL":  50.85080797672111}
,
{ "x":  0.25,
"greedy000":  46.05027036859639,
"greedy050":  47.23738749231949,
"greedy100":  48.08520736815422,
"DP_05":  53.03980967509591,
"DP_30":  53.03980967509591,
"DP_60":  53.03980967509591,
"DP_95":  53.53580972803771,
"QL":  52.41868340688255}
,
{ "x":  0.275,
"greedy000":  48.07789916855354,
"greedy050":  49.208073289348306,
"greedy100":  49.97579952999861,
"DP_05":  53.039607835295826,
"DP_30":  53.039607835295826,
"DP_60":  53.039607835295826,
"DP_95":  53.543431286464184,
"QL":  51.1623416282855}
,
{ "x":  0.30000000000000004,
"greedy000":  50.546765688214535,
"greedy050":  51.703379064725866,
"greedy100":  52.38660288543656,
"DP_05":  53.4120852693306,
"DP_30":  53.4120852693306,
"DP_60":  53.4120852693306,
"DP_95":  53.68410634503179,
"QL":  50.977948990881714}
,
{ "x":  0.325,
"greedy000":  52.69506021166527,
"greedy050":  53.624003628684854,
"greedy100":  54.27178648674785,
"DP_05":  54.27178648674785,
"DP_30":  54.27178648674785,
"DP_60":  54.27178648674785,
"DP_95":  54.60884726434607,
"QL":  52.7025741888826}
,
{ "x":  0.35,
"greedy000":  54.663719495494945,
"greedy050":  55.58294412376947,
"greedy100":  56.13786603377393,
"DP_05":  56.13786603377393,
"DP_30":  56.13786603377393,
"DP_60":  56.13786603377393,
"DP_95":  56.36864999733832,
"QL":  52.463935072222725}
,
{ "x":  0.375,
"greedy000":  56.280280153887794,
"greedy050":  57.16267671644998,
"greedy100":  57.66652569759093,
"DP_05":  57.66652569759093,
"DP_30":  57.66652569759093,
"DP_60":  57.66652569759093,
"DP_95":  58.101031549622405,
"QL":  55.108413059639005}
,
{ "x":  0.4,
"greedy000":  58.23395561652561,
"greedy050":  58.96782119697252,
"greedy100":  59.41098926382593,
"DP_05":  59.41098926382593,
"DP_30":  59.41098926382593,
"DP_60":  59.41098926382593,
"DP_95":  59.635082777108764,
"QL":  55.83561691123357}
,
{ "x":  0.42500000000000004,
"greedy000":  59.62356530432949,
"greedy050":  60.300546068012636,
"greedy100":  60.68495799086929,
"DP_05":  60.68495799086929,
"DP_30":  60.68495799086929,
"DP_60":  60.68495799086929,
"DP_95":  60.95429396957117,
"QL":  59.145618784818375}
,
{ "x":  0.45000000000000007,
"greedy000":  61.50111607976277,
"greedy050":  62.25697682974844,
"greedy100":  62.74780698397848,
"DP_05":  62.74780698397848,
"DP_30":  62.74780698397848,
"DP_60":  62.74780698397848,
"DP_95":  63.088238571030374,
"QL":  60.95321089423122}
,
{ "x":  0.475,
"greedy000":  62.850232575548105,
"greedy050":  63.49049812566439,
"greedy100":  63.855203258237495,
"DP_05":  63.855203258237495,
"DP_30":  63.855203258237495,
"DP_60":  63.855203258237495,
"DP_95":  64.08589248922829,
"QL":  62.41189059976439}
,
{ "x":  0.5,
"greedy000":  64.84064311047098,
"greedy050":  65.4936338213258,
"greedy100":  65.87139839745863,
"DP_05":  65.87139839745863,
"DP_30":  65.87139839745863,
"DP_60":  65.87139839745863,
"DP_95":  66.12074614157562,
"QL":  64.94949464597077}
,
{ "x":  0.525,
"greedy000":  65.90891244003794,
"greedy050":  66.48299841822106,
"greedy100":  66.83077191727723,
"DP_05":  66.83077191727723,
"DP_30":  66.83077191727723,
"DP_60":  66.83077191727723,
"DP_95":  67.07799753132743,
"QL":  66.15684935932171}
,
{ "x":  0.55,
"greedy000":  67.72449882787069,
"greedy050":  68.25616572150685,
"greedy100":  68.56126410780685,
"DP_05":  68.56126410780685,
"DP_30":  68.56126410780685,
"DP_60":  68.56126410780685,
"DP_95":  68.641979178494,
"QL":  67.90646188599348}
,
{ "x":  0.5750000000000001,
"greedy000":  68.98171202992258,
"greedy050":  69.44239678956883,
"greedy100":  69.70793917040099,
"DP_05":  69.70793917040099,
"DP_30":  69.70793917040099,
"DP_60":  69.70793917040099,
"DP_95":  69.79649016068913,
"QL":  69.11339570237509}
,
{ "x":  0.6,
"greedy000":  70.93977601210688,
"greedy050":  71.46161411906047,
"greedy100":  71.75405384908896,
"DP_05":  71.75405384908896,
"DP_30":  71.75405384908896,
"DP_60":  71.75405384908896,
"DP_95":  71.92105856518522,
"QL":  71.22793543098788}
]}
