{ "x_label":"episode",
"y_label":"Average Profit",
 "results":[
{ "x":  20,
"greedy000":  0.0,
"greedy050":  0.0,
"greedy100":  5.486039999999999,
"DP_05":  0.0,
"DP_30":  0.0,
"DP_60":  0.0,
"DP_95":  7.00962,
"QL_09":  4.27368,
"QL_05":  4.34446,
"RL":  4.47116}
,
{ "x":  60,
"greedy000":  0.0,
"greedy050":  0.0,
"greedy100":  5.50822,
"DP_05":  0.0,
"DP_30":  0.0,
"DP_60":  0.0,
"DP_95":  7.01264,
"QL_09":  5.15564,
"QL_05":  5.2827399999999995,
"RL":  5.52148}
,
{ "x":  100,
"greedy000":  0.0,
"greedy050":  0.0,
"greedy100":  5.51346,
"DP_05":  0.0,
"DP_30":  0.0,
"DP_60":  0.0,
"DP_95":  7.020359999999999,
"QL_09":  5.3762,
"QL_05":  5.49788,
"RL":  5.608579999999999}
,
{ "x":  140,
"greedy000":  0.0,
"greedy050":  0.0,
"greedy100":  5.58914,
"DP_05":  0.0,
"DP_30":  0.0,
"DP_60":  0.0,
"DP_95":  7.013599999999999,
"QL_09":  5.535400000000001,
"QL_05":  5.62136,
"RL":  5.69164}
,
{ "x":  180,
"greedy000":  0.0,
"greedy050":  0.0,
"greedy100":  5.58882,
"DP_05":  0.0,
"DP_30":  0.0,
"DP_60":  0.0,
"DP_95":  7.069080000000001,
"QL_09":  5.557519999999999,
"QL_05":  5.65202,
"RL":  5.820220000000001}
,
{ "x":  220,
"greedy000":  0.0,
"greedy050":  0.0,
"greedy100":  5.50506,
"DP_05":  0.0,
"DP_30":  0.0,
"DP_60":  0.0,
"DP_95":  7.011279999999999,
"QL_09":  5.594099999999999,
"QL_05":  5.556380000000001,
"RL":  5.75234}
,
{ "x":  260,
"greedy000":  0.0,
"greedy050":  0.0,
"greedy100":  5.6689,
"DP_05":  0.0,
"DP_30":  0.0,
"DP_60":  0.0,
"DP_95":  7.11614,
"QL_09":  5.68808,
"QL_05":  5.73606,
"RL":  5.9911}
,
{ "x":  300,
"greedy000":  0.0,
"greedy050":  0.0,
"greedy100":  5.561240000000001,
"DP_05":  0.0,
"DP_30":  0.0,
"DP_60":  0.0,
"DP_95":  7.06668,
"QL_09":  5.687759999999999,
"QL_05":  5.663079999999999,
"RL":  5.9922200000000005}
,
{ "x":  340,
"greedy000":  0.0,
"greedy050":  0.0,
"greedy100":  5.48692,
"DP_05":  0.0,
"DP_30":  0.0,
"DP_60":  0.0,
"DP_95":  7.041200000000001,
"QL_09":  5.631899999999999,
"QL_05":  5.599880000000001,
"RL":  5.9409}
,
{ "x":  380,
"greedy000":  0.0,
"greedy050":  0.0,
"greedy100":  5.51806,
"DP_05":  0.0,
"DP_30":  0.0,
"DP_60":  0.0,
"DP_95":  7.033440000000001,
"QL_09":  5.63862,
"QL_05":  5.5844000000000005,
"RL":  6.11388}
,
{ "x":  420,
"greedy000":  0.0,
"greedy050":  0.0,
"greedy100":  5.541320000000001,
"DP_05":  0.0,
"DP_30":  0.0,
"DP_60":  0.0,
"DP_95":  7.045299999999999,
"QL_09":  5.6482600000000005,
"QL_05":  5.60694,
"RL":  6.09838}
]}
