{ "x_label":"l",
"y_label":"Federation Rate",
 "results":[
{ "x":  0.2,
"greedy000":  0.0,
"greedy050":  0.0,
"greedy100":  0.001739639595642713,
"DP_05":  0.0,
"DP_30":  0.0,
"DP_60":  0.0,
"DP_95":  0.0026731483271429254,
"QL_09":  0.12637275446405194,
"QL_05":  0.1239817379650251,
"RL":  0.05879882435827251}
,
{ "x":  0.4,
"greedy000":  0.0,
"greedy050":  0.0,
"greedy100":  0.04567953045093931,
"DP_05":  0.0,
"DP_30":  0.0,
"DP_60":  0.0,
"DP_95":  0.046943987566501,
"QL_09":  0.18567143713301762,
"QL_05":  0.18949881072098335,
"RL":  0.05787850038538291}
,
{ "x":  0.6000000000000001,
"greedy000":  0.0,
"greedy050":  0.0,
"greedy100":  0.1303783949968717,
"DP_05":  0.0,
"DP_30":  0.0,
"DP_60":  0.0,
"DP_95":  0.10906474318048016,
"QL_09":  0.23924678700237206,
"QL_05":  0.22676681661184986,
"RL":  0.09610740614773841}
,
{ "x":  0.8,
"greedy000":  0.0,
"greedy050":  0.0,
"greedy100":  0.19711048294953137,
"DP_05":  0.0,
"DP_30":  0.0,
"DP_60":  0.0,
"DP_95":  0.13239363318223016,
"QL_09":  0.2637868869109711,
"QL_05":  0.22670994694930888,
"RL":  0.1424519458271178}
,
{ "x":  1.0,
"greedy000":  0.0,
"greedy050":  0.0,
"greedy100":  0.2197973190681986,
"DP_05":  0.0,
"DP_30":  0.0,
"DP_60":  0.0,
"DP_95":  0.13094835861154194,
"QL_09":  0.27075749103571534,
"QL_05":  0.21596599732249722,
"RL":  0.13672916173162308}
,
{ "x":  1.2,
"greedy000":  0.0,
"greedy050":  0.0,
"greedy100":  0.2245903734990129,
"DP_05":  0.0,
"DP_30":  0.0,
"DP_60":  0.0,
"DP_95":  0.11811384939305795,
"QL_09":  0.2675167504880238,
"QL_05":  0.20170924369170953,
"RL":  0.12398799070529147}
,
{ "x":  1.4000000000000001,
"greedy000":  0.0,
"greedy050":  0.0,
"greedy100":  0.2221287694609916,
"DP_05":  0.0,
"DP_30":  0.0,
"DP_60":  0.0,
"DP_95":  0.1087324879508483,
"QL_09":  0.2601737560587007,
"QL_05":  0.19209328285567187,
"RL":  0.11497483488071183}
,
{ "x":  1.6,
"greedy000":  0.0,
"greedy050":  0.0,
"greedy100":  0.21234309661204925,
"DP_05":  0.0,
"DP_30":  0.0,
"DP_60":  0.0,
"DP_95":  0.0947020201300502,
"QL_09":  0.24881731680855515,
"QL_05":  0.17802616643445096,
"RL":  0.10518444209584658}
,
{ "x":  1.8,
"greedy000":  0.0,
"greedy050":  0.0,
"greedy100":  0.20970422044721443,
"DP_05":  0.0,
"DP_30":  0.0,
"DP_60":  0.0,
"DP_95":  0.08727047871873382,
"QL_09":  0.24926132620340974,
"QL_05":  0.17877275293148642,
"RL":  0.09908502251492066}
,
{ "x":  2.0,
"greedy000":  0.0,
"greedy050":  0.0,
"greedy100":  0.20315959055005878,
"DP_05":  0.0,
"DP_30":  0.0,
"DP_60":  0.0,
"DP_95":  0.08043177074779155,
"QL_09":  0.22917336596363538,
"QL_05":  0.17612712025176921,
"RL":  0.09254451529318107}
,
{ "x":  2.2,
"greedy000":  0.0,
"greedy050":  0.0,
"greedy100":  0.19036243214790008,
"DP_05":  0.0,
"DP_30":  0.0,
"DP_60":  0.0,
"DP_95":  0.07425512284868278,
"QL_09":  0.21231033516981251,
"QL_05":  0.1733244555620474,
"RL":  0.09401947973681117}
]}
