{ "x_label":"l",
"y_label":"Average Profit",
 "results":[
{ "x":  0.2,
"greedy000":  0.0,
"greedy050":  0.0,
"greedy100":  73.33756964383926,
"DP_05":  0.0,
"DP_30":  0.0,
"DP_60":  0.0,
"DP_95":  73.3362133584599,
"QL_09":  66.5117839897124,
"QL_05":  70.59945441425464,
"RL":  72.70437670543144}
,
{ "x":  0.4,
"greedy000":  0.0,
"greedy050":  0.0,
"greedy100":  72.25129039265434,
"DP_05":  0.0,
"DP_30":  0.0,
"DP_60":  0.0,
"DP_95":  72.69801207678947,
"QL_09":  65.9035809388794,
"QL_05":  68.7421160065027,
"RL":  72.01254559244362}
,
{ "x":  0.6000000000000001,
"greedy000":  0.0,
"greedy050":  0.0,
"greedy100":  70.72221819876647,
"DP_05":  0.0,
"DP_30":  0.0,
"DP_60":  0.0,
"DP_95":  72.58779136514843,
"QL_09":  65.67106941099681,
"QL_05":  68.0812910263212,
"RL":  71.49635085889926}
,
{ "x":  0.8,
"greedy000":  0.0,
"greedy050":  0.0,
"greedy100":  67.32935664318103,
"DP_05":  0.0,
"DP_30":  0.0,
"DP_60":  0.0,
"DP_95":  71.56740825049943,
"QL_09":  65.44296466019577,
"QL_05":  67.27796365298812,
"RL":  70.56179495440557}
,
{ "x":  1.0,
"greedy000":  0.0,
"greedy050":  0.0,
"greedy100":  64.35982839266191,
"DP_05":  0.0,
"DP_30":  0.0,
"DP_60":  0.0,
"DP_95":  70.91212734700244,
"QL_09":  64.65589099936302,
"QL_05":  65.73061071267796,
"RL":  70.12083311402226}
,
{ "x":  1.2,
"greedy000":  0.0,
"greedy050":  0.0,
"greedy100":  59.56712258876828,
"DP_05":  0.0,
"DP_30":  0.0,
"DP_60":  0.0,
"DP_95":  70.10629801132819,
"QL_09":  62.118118568893884,
"QL_05":  63.99256478929143,
"RL":  69.24967995070001}
,
{ "x":  1.4000000000000001,
"greedy000":  0.0,
"greedy050":  0.0,
"greedy100":  56.24450872693721,
"DP_05":  0.0,
"DP_30":  0.0,
"DP_60":  0.0,
"DP_95":  69.36524394879442,
"QL_09":  59.021649342344446,
"QL_05":  61.73466636061024,
"RL":  68.58749795522583}
,
{ "x":  1.6,
"greedy000":  0.0,
"greedy050":  0.0,
"greedy100":  53.717023835694384,
"DP_05":  0.0,
"DP_30":  0.0,
"DP_60":  0.0,
"DP_95":  69.21878488499718,
"QL_09":  57.96847913606464,
"QL_05":  59.78675799838826,
"RL":  68.21604711458397}
,
{ "x":  1.8,
"greedy000":  0.0,
"greedy050":  0.0,
"greedy100":  50.96981867832967,
"DP_05":  0.0,
"DP_30":  0.0,
"DP_60":  0.0,
"DP_95":  68.47951213143183,
"QL_09":  57.08913779059942,
"QL_05":  58.58680940536876,
"RL":  67.60098987962729}
,
{ "x":  2.0,
"greedy000":  0.0,
"greedy050":  0.0,
"greedy100":  49.13030717309196,
"DP_05":  0.0,
"DP_30":  0.0,
"DP_60":  0.0,
"DP_95":  68.4305556149582,
"QL_09":  56.83985279898768,
"QL_05":  56.85697514434255,
"RL":  67.22237528332084}
,
{ "x":  2.2,
"greedy000":  0.0,
"greedy050":  0.0,
"greedy100":  46.637040392814995,
"DP_05":  0.0,
"DP_30":  0.0,
"DP_60":  0.0,
"DP_95":  67.97812567568907,
"QL_09":  54.50733325151786,
"QL_05":  54.98143770199923,
"RL":  66.33628678755028}
]}
