{ "x_label":"capacity",
"y_label":"Acceptance Rate",
 "results":[
{ "x":  50,
"greedy000":  0.1403956030025595,
"greedy050":  0.15206130493277753,
"greedy100":  0.15847944530798247,
"DP_05":  0.15847944530798247,
"DP_30":  0.20362981236594,
"DP_60":  0.21549108673359235,
"DP_95":  0.21790377960976234,
"QL":  0.19239058312882396}
,
{ "x":  250,
"greedy000":  0.4814283918901417,
"greedy050":  0.6103333149100733,
"greedy100":  0.6660065565126916,
"DP_05":  0.6660065565126916,
"DP_30":  0.6953516871134524,
"DP_60":  0.6961080124903408,
"DP_95":  0.6638857632349868,
"QL":  0.6812855638378895}
,
{ "x":  450,
"greedy000":  0.4977290961209824,
"greedy050":  0.7483344437219981,
"greedy100":  0.9687627637618782,
"DP_05":  0.9687627637618782,
"DP_30":  0.9687627637618782,
"DP_60":  0.9688952799997365,
"DP_95":  0.9595469624404279,
"QL":  0.7985756848995285}
,
{ "x":  650,
"greedy000":  0.49930563190774313,
"greedy050":  0.750744889931666,
"greedy100":  1.0,
"DP_05":  1.0,
"DP_30":  1.0,
"DP_60":  1.0,
"DP_95":  1.0,
"QL":  0.8086628667091766}
]}
