{ "x_label":"capacity",
"y_label":"Acceptance Rate",
 "results":[
{ "x":  50,
"greedy000":  0.14134393462656933,
"greedy050":  0.14898937178725902,
"greedy100":  0.15726469691007713,
"DP_05":  0.15726469691007713,
"DP_30":  0.1992864862766214,
"DP_60":  0.21520641370931604,
"DP_95":  0.2184397812069617,
"QL":  0.13133886554235266}
,
{ "x":  250,
"greedy000":  0.4815238033138612,
"greedy050":  0.6099832501313995,
"greedy100":  0.6652410287567763,
"DP_05":  0.6652410287567763,
"DP_30":  0.6964908433148883,
"DP_60":  0.6970395377634547,
"DP_95":  0.6655431596467497,
"QL":  0.6747465709626522}
,
{ "x":  450,
"greedy000":  0.4990018127096465,
"greedy050":  0.7484098840506445,
"greedy100":  0.9732357103000373,
"DP_05":  0.9732357103000373,
"DP_30":  0.9732357103000373,
"DP_60":  0.9727322492083484,
"DP_95":  0.9638802914921483,
"QL":  0.7979839424418286}
,
{ "x":  650,
"greedy000":  0.49722895817095214,
"greedy050":  0.7491902496396524,
"greedy100":  1.0,
"DP_05":  1.0,
"DP_30":  1.0,
"DP_60":  0.9999834909943374,
"DP_95":  0.9999834909943374,
"QL":  0.8096786922992356}
]}
