{ "x_label":"capacity",
"y_label":"Federation Rate",
 "results":[
{ "x":  50,
"greedy000":  0.8586560653734306,
"greedy050":  0.851010628212741,
"greedy100":  0.8427353030899228,
"DP_05":  0.8427353030899228,
"DP_30":  0.8007135137233785,
"DP_60":  0.784793586290684,
"DP_95":  0.7815602187930383,
"QL":  0.8686611344576475}
,
{ "x":  250,
"greedy000":  0.5184761966861388,
"greedy050":  0.39001674986860047,
"greedy100":  0.3347589712432237,
"DP_05":  0.3347589712432237,
"DP_30":  0.3035091566851118,
"DP_60":  0.3029604622365453,
"DP_95":  0.33445684035325035,
"QL":  0.3245025234994654}
,
{ "x":  450,
"greedy000":  0.5009981872903534,
"greedy050":  0.25159011594935543,
"greedy100":  0.026764289699962678,
"DP_05":  0.026764289699962678,
"DP_30":  0.026764289699962678,
"DP_60":  0.02726775079165154,
"DP_95":  0.03611970850785174,
"QL":  0.19952535904431823}
,
{ "x":  650,
"greedy000":  0.5027710418290479,
"greedy050":  0.25080975036034764,
"greedy100":  0.0,
"DP_05":  0.0,
"DP_30":  0.0,
"DP_60":  1.6509005662588942e-05,
"DP_95":  1.6509005662588942e-05,
"QL":  0.18618351589765414}
]}
