{ "x_label":"capacity",
"y_label":"Federation Rate",
 "results":[
{ "x":  50,
"greedy000":  0.8596043969974405,
"greedy050":  0.8479386950672223,
"greedy100":  0.8415205546920175,
"DP_05":  0.8415205546920175,
"DP_30":  0.79637018763406,
"DP_60":  0.7845089132664077,
"DP_95":  0.7820962203902377,
"QL":  0.807609416871176}
,
{ "x":  250,
"greedy000":  0.5185716081098584,
"greedy050":  0.38966668508992675,
"greedy100":  0.33399344348730853,
"DP_05":  0.33399344348730853,
"DP_30":  0.3046483128865476,
"DP_60":  0.3038919875096592,
"DP_95":  0.3361142367650132,
"QL":  0.31798432040283375}
,
{ "x":  450,
"greedy000":  0.5022709038790176,
"greedy050":  0.2516655562780019,
"greedy100":  0.031237236238121757,
"DP_05":  0.031237236238121757,
"DP_30":  0.031237236238121757,
"DP_60":  0.031104720000263413,
"DP_95":  0.04045303755957215,
"QL":  0.20049717433081232}
,
{ "x":  650,
"greedy000":  0.5006943680922569,
"greedy050":  0.24925511006833395,
"greedy100":  0.0,
"DP_05":  0.0,
"DP_30":  0.0,
"DP_60":  0.0,
"DP_95":  0.0,
"QL":  0.1904116484155807}
]}
