{ "x_label":"capacity",
"y_label":"Average Profit",
 "results":[
{ "x":  50,
"greedy000":  26.814986261322133,
"greedy050":  27.318978751516607,
"greedy100":  27.6162994318416,
"DP_05":  27.6162994318416,
"DP_30":  30.72576289762648,
"DP_60":  31.538048340685684,
"DP_95":  31.688126516253142,
"QL":  30.6675986570156}
,
{ "x":  250,
"greedy000":  33.6992797747052,
"greedy050":  36.90946914690989,
"greedy100":  38.63720013530713,
"DP_05":  38.63720013530713,
"DP_30":  41.192772248119596,
"DP_60":  41.307722062072706,
"DP_95":  43.486843722810235,
"QL":  42.46497482507054}
,
{ "x":  450,
"greedy000":  33.95693116955546,
"greedy050":  39.47571590775294,
"greedy100":  44.40525703931573,
"DP_05":  44.40525703931573,
"DP_30":  44.40525703931573,
"DP_60":  44.669155264576226,
"DP_95":  44.77993349293303,
"QL":  43.20579959332318}
,
{ "x":  650,
"greedy000":  34.01271682344038,
"greedy050":  39.55869258404441,
"greedy100":  44.9985558641787,
"DP_05":  44.9985558641787,
"DP_30":  44.9985558641787,
"DP_60":  44.9985558641787,
"DP_95":  44.9985558641787,
"QL":  43.424660895429824}
]}
