{ "x_label":"capacity",
"y_label":"Average Profit",
 "results":[
{ "x":  50,
"greedy000":  0.0,
"greedy050":  0.0,
"greedy100":  27.530124081942972,
"DP_05":  0.0,
"DP_30":  0.0,
"DP_60":  0.0,
"DP_95":  31.776998759869702,
"QL":  31.20075797852627}
,
{ "x":  250,
"greedy000":  0.0,
"greedy050":  0.0,
"greedy100":  38.9478089840659,
"DP_05":  0.0,
"DP_30":  0.0,
"DP_60":  0.0,
"DP_95":  43.54626082521268,
"QL":  42.30089159066082}
,
{ "x":  450,
"greedy000":  0.0,
"greedy050":  0.0,
"greedy100":  44.54379836120477,
"DP_05":  0.0,
"DP_30":  0.0,
"DP_60":  0.0,
"DP_95":  44.85559206560275,
"QL":  42.785101098509905}
]}
