{ "x_label":"capacity",
"y_label":"Average Profit",
 "results":[
{ "x":  50,
"greedy000":  0.0,
"greedy050":  0.0,
"greedy100":  27.577002473106592,
"DP_05":  0.0,
"DP_30":  0.0,
"DP_60":  0.0,
"DP_95":  31.729973673951037,
"QL":  30.02931771556458}
,
{ "x":  250,
"greedy000":  0.0,
"greedy050":  0.0,
"greedy100":  38.70717428854795,
"DP_05":  0.0,
"DP_30":  0.0,
"DP_60":  0.0,
"DP_95":  43.50865212750073,
"QL":  42.12690366511404}
,
{ "x":  450,
"greedy000":  0.0,
"greedy050":  0.0,
"greedy100":  44.521635580985105,
"DP_05":  0.0,
"DP_30":  0.0,
"DP_60":  0.0,
"DP_95":  44.82553091348518,
"QL":  42.364795441104846}
]}
