{ "x_label":"capacity",
"y_label":"Average Profit",
 "results":[
{ "x":  50,
"greedy000":  26.881531134263714,
"greedy050":  27.305692844694466,
"greedy100":  27.65297627329879,
"DP_05":  27.65297627329879,
"DP_30":  30.620965638228625,
"DP_60":  31.598668444298514,
"DP_95":  31.806139728987358,
"QL":  28.322103102403002}
,
{ "x":  250,
"greedy000":  33.6571771662193,
"greedy050":  36.92195553879756,
"greedy100":  38.64347290603706,
"DP_05":  38.64347290603706,
"DP_30":  41.183424778207446,
"DP_60":  41.269623887268416,
"DP_95":  43.48595068462723,
"QL":  42.59778139485011}
,
{ "x":  450,
"greedy000":  33.92953376155232,
"greedy050":  39.51475001613295,
"greedy100":  44.515503981898746,
"DP_05":  44.515503981898746,
"DP_30":  44.515503981898746,
"DP_60":  44.73464077294619,
"DP_95":  44.80806772655465,
"QL":  43.35881211821643}
,
{ "x":  650,
"greedy000":  33.9635005657426,
"greedy050":  39.54144356657606,
"greedy100":  45.02714969050093,
"DP_05":  45.02714969050093,
"DP_30":  45.02714969050093,
"DP_60":  45.027083654478275,
"DP_95":  45.027083654478275,
"QL":  43.365528303129175}
]}
