{ "x_label":"Capacity",
"y_label":"Acceptance Rate",
 "results":[
{ "x":  20,
"greedy100":  0.0712789985650955,
"DP_01":  0.07596525496416442,
"DP_30":  0.07918202563201601,
"DP_60":  0.07918202563201601,
"DP_99":  0.09137346604896464}
,
{ "x":  40,
"greedy100":  0.11603458003725305,
"DP_01":  0.1232447542200773,
"DP_30":  0.1313948941855822,
"DP_60":  0.1313948941855822,
"DP_99":  0.16774214383439073}
,
{ "x":  60,
"greedy100":  0.17894892755523142,
"DP_01":  0.18658654041760908,
"DP_30":  0.2001856220161602,
"DP_60":  0.2001856220161602,
"DP_99":  0.2428061367047843}
,
{ "x":  80,
"greedy100":  0.22142687680817402,
"DP_01":  0.2406710623920139,
"DP_30":  0.24883043626017437,
"DP_60":  0.24883043626017437,
"DP_99":  0.3055974443520591}
,
{ "x":  100,
"greedy100":  0.2757984601892207,
"DP_01":  0.2985674295760588,
"DP_30":  0.3162590468245065,
"DP_60":  0.3162590468245065,
"DP_99":  0.3647628130657162}
,
{ "x":  120,
"greedy100":  0.31434203029680363,
"DP_01":  0.340287146655524,
"DP_30":  0.3574866019620837,
"DP_60":  0.3574866019620837,
"DP_99":  0.412927888819229}
,
{ "x":  140,
"greedy100":  0.354056587443571,
"DP_01":  0.3995713135999276,
"DP_30":  0.4235029097480262,
"DP_60":  0.4235029097480262,
"DP_99":  0.4631347561480873}
,
{ "x":  160,
"greedy100":  0.38860783953844824,
"DP_01":  0.43890797382782465,
"DP_30":  0.47927125176150626,
"DP_60":  0.47927125176150626,
"DP_99":  0.5190780286128682}
,
{ "x":  180,
"greedy100":  0.4170884586103124,
"DP_01":  0.4881499021259136,
"DP_30":  0.5177308654869566,
"DP_60":  0.5177308654869566,
"DP_99":  0.5578535802067628}
,
{ "x":  200,
"greedy100":  0.43745436328860077,
"DP_01":  0.5213494541295443,
"DP_30":  0.57278234284901,
"DP_60":  0.57278234284901,
"DP_99":  0.6006717222581516}
,
{ "x":  220,
"greedy100":  0.4642095499807491,
"DP_01":  0.5787951158680499,
"DP_30":  0.623252538287707,
"DP_60":  0.623252538287707,
"DP_99":  0.6556825757946448}
,
{ "x":  240,
"greedy100":  0.4779274235085332,
"DP_01":  0.5942149082411224,
"DP_30":  0.6652755591496041,
"DP_60":  0.6652755591496041,
"DP_99":  0.688750626735262}
,
{ "x":  260,
"greedy100":  0.4862786636870312,
"DP_01":  0.6475407359564247,
"DP_30":  0.7121066009160728,
"DP_60":  0.7121066009160728,
"DP_99":  0.7316336857876998}
,
{ "x":  280,
"greedy100":  0.4993206842097556,
"DP_01":  0.6689536428671633,
"DP_30":  0.7571063660227904,
"DP_60":  0.7571063660227904,
"DP_99":  0.770343037512853}
,
{ "x":  300,
"greedy100":  0.5041796737290133,
"DP_01":  0.6946270009648147,
"DP_30":  0.7962835275938942,
"DP_60":  0.7962835275938942,
"DP_99":  0.8039793147170734}
,
{ "x":  320,
"greedy100":  0.4891781409831098,
"DP_01":  0.7114882421835045,
"DP_30":  0.8318025559514158,
"DP_60":  0.8318025559514158,
"DP_99":  0.8371903434013429}
,
{ "x":  340,
"greedy100":  0.5030378933624611,
"DP_01":  0.7217302637968461,
"DP_30":  0.8661260286924606,
"DP_60":  0.8661260286924606,
"DP_99":  0.8660037288335845}
,
{ "x":  360,
"greedy100":  0.4988184764098163,
"DP_01":  0.7309603929019197,
"DP_30":  0.8816459316054763,
"DP_60":  0.8816459316054763,
"DP_99":  0.8816459316054763}
,
{ "x":  380,
"greedy100":  0.498951297611828,
"DP_01":  0.743476761754158,
"DP_30":  0.9219254101367614,
"DP_60":  0.9219254101367614,
"DP_99":  0.9224304606418119}
,
{ "x":  400,
"greedy100":  0.49863943812838685,
"DP_01":  0.7433682612977826,
"DP_30":  0.944223362126112,
"DP_60":  0.944223362126112,
"DP_99":  0.944328404142919}
,
{ "x":  420,
"greedy100":  0.5009460242901123,
"DP_01":  0.7451284946736698,
"DP_30":  0.9627379551251563,
"DP_60":  0.9627379551251563,
"DP_99":  0.9627379551251563}
,
{ "x":  440,
"greedy100":  0.4980521048389862,
"DP_01":  0.7494781723775951,
"DP_30":  0.9712658073852133,
"DP_60":  0.9712658073852133,
"DP_99":  0.9712658073852133}
,
{ "x":  460,
"greedy100":  0.5083088541879632,
"DP_01":  0.7558356920982434,
"DP_30":  0.9830116926467634,
"DP_60":  0.9830116926467634,
"DP_99":  0.9830116926467634}
,
{ "x":  480,
"greedy100":  0.4979903788100585,
"DP_01":  0.7438821704893159,
"DP_30":  0.9862499762307989,
"DP_60":  0.9862499762307989,
"DP_99":  0.9862499762307989}
,
{ "x":  500,
"greedy100":  0.5029457056852458,
"DP_01":  0.7469702055616003,
"DP_30":  0.9923357587683798,
"DP_60":  0.9923357587683798,
"DP_99":  0.9923357587683798}
,
{ "x":  520,
"greedy100":  0.5030839824392922,
"DP_01":  0.7532653656209524,
"DP_30":  0.9977636948246088,
"DP_60":  0.9977636948246088,
"DP_99":  0.9977636948246088}
]}
