{ "x_label":"Capacity",
"y_label":"Federation Rate",
 "results":[
{ "x":  20,
"greedy100":  0.9287210014349047,
"DP_01":  0.9240347450358357,
"DP_30":  0.9208179743679838,
"DP_60":  0.9208179743679838,
"DP_99":  0.9086265339510353}
,
{ "x":  40,
"greedy100":  0.8839654199627469,
"DP_01":  0.8767552457799226,
"DP_30":  0.8686051058144176,
"DP_60":  0.8686051058144176,
"DP_99":  0.8322578561656091}
,
{ "x":  60,
"greedy100":  0.8210510724447685,
"DP_01":  0.8134134595823909,
"DP_30":  0.7998143779838398,
"DP_60":  0.7998143779838398,
"DP_99":  0.7571938632952155}
,
{ "x":  80,
"greedy100":  0.778573123191826,
"DP_01":  0.7593289376079861,
"DP_30":  0.7511695637398256,
"DP_60":  0.7511695637398256,
"DP_99":  0.694402555647941}
,
{ "x":  100,
"greedy100":  0.7242015398107793,
"DP_01":  0.7014325704239412,
"DP_30":  0.6837409531754934,
"DP_60":  0.6837409531754934,
"DP_99":  0.6352371869342838}
,
{ "x":  120,
"greedy100":  0.6856579697031964,
"DP_01":  0.6597128533444759,
"DP_30":  0.6425133980379163,
"DP_60":  0.6425133980379163,
"DP_99":  0.587072111180771}
,
{ "x":  140,
"greedy100":  0.645943412556429,
"DP_01":  0.6004286864000725,
"DP_30":  0.5764970902519737,
"DP_60":  0.5764970902519737,
"DP_99":  0.5368652438519126}
,
{ "x":  160,
"greedy100":  0.6113921604615518,
"DP_01":  0.5610920261721752,
"DP_30":  0.5207287482384938,
"DP_60":  0.5207287482384938,
"DP_99":  0.48092197138713183}
,
{ "x":  180,
"greedy100":  0.5829115413896876,
"DP_01":  0.5118500978740864,
"DP_30":  0.48226913451304343,
"DP_60":  0.48226913451304343,
"DP_99":  0.4421464197932374}
,
{ "x":  200,
"greedy100":  0.5625456367113992,
"DP_01":  0.47865054587045563,
"DP_30":  0.4272176571509901,
"DP_60":  0.4272176571509901,
"DP_99":  0.3993282777418484}
,
{ "x":  220,
"greedy100":  0.535790450019251,
"DP_01":  0.42120488413195006,
"DP_30":  0.37674746171229306,
"DP_60":  0.37674746171229306,
"DP_99":  0.34431742420535516}
,
{ "x":  240,
"greedy100":  0.5220725764914669,
"DP_01":  0.40578509175887767,
"DP_30":  0.3347244408503959,
"DP_60":  0.3347244408503959,
"DP_99":  0.31124937326473806}
,
{ "x":  260,
"greedy100":  0.5137213363129688,
"DP_01":  0.35245926404357525,
"DP_30":  0.28789339908392714,
"DP_60":  0.28789339908392714,
"DP_99":  0.26836631421230034}
,
{ "x":  280,
"greedy100":  0.5006793157902445,
"DP_01":  0.3310463571328366,
"DP_30":  0.2428936339772095,
"DP_60":  0.2428936339772095,
"DP_99":  0.22965696248714704}
,
{ "x":  300,
"greedy100":  0.49582032627098666,
"DP_01":  0.3053729990351854,
"DP_30":  0.20371647240610588,
"DP_60":  0.20371647240610588,
"DP_99":  0.19602068528292654}
,
{ "x":  320,
"greedy100":  0.5108218590168903,
"DP_01":  0.2885117578164954,
"DP_30":  0.1681974440485843,
"DP_60":  0.1681974440485843,
"DP_99":  0.16280965659865693}
,
{ "x":  340,
"greedy100":  0.496962106637539,
"DP_01":  0.278269736203154,
"DP_30":  0.13387397130753942,
"DP_60":  0.13387397130753942,
"DP_99":  0.13399627116641538}
,
{ "x":  360,
"greedy100":  0.5011815235901838,
"DP_01":  0.2690396070980802,
"DP_30":  0.11835406839452375,
"DP_60":  0.11835406839452375,
"DP_99":  0.11835406839452375}
,
{ "x":  380,
"greedy100":  0.501048702388172,
"DP_01":  0.25652323824584206,
"DP_30":  0.07807458986323876,
"DP_60":  0.07807458986323876,
"DP_99":  0.07756953935818825}
,
{ "x":  400,
"greedy100":  0.5013605618716132,
"DP_01":  0.2566317387022173,
"DP_30":  0.055776637873887966,
"DP_60":  0.055776637873887966,
"DP_99":  0.055671595857081244}
,
{ "x":  420,
"greedy100":  0.4990539757098878,
"DP_01":  0.25487150532633013,
"DP_30":  0.0372620448748434,
"DP_60":  0.0372620448748434,
"DP_99":  0.0372620448748434}
,
{ "x":  440,
"greedy100":  0.5019478951610138,
"DP_01":  0.25052182762240494,
"DP_30":  0.02873419261478668,
"DP_60":  0.02873419261478668,
"DP_99":  0.02873419261478668}
,
{ "x":  460,
"greedy100":  0.4916911458120369,
"DP_01":  0.24416430790175658,
"DP_30":  0.016988307353236528,
"DP_60":  0.016988307353236528,
"DP_99":  0.016988307353236528}
,
{ "x":  480,
"greedy100":  0.5020096211899414,
"DP_01":  0.2561178295106842,
"DP_30":  0.013750023769201074,
"DP_60":  0.013750023769201074,
"DP_99":  0.013750023769201074}
,
{ "x":  500,
"greedy100":  0.4970542943147541,
"DP_01":  0.2530297944383998,
"DP_30":  0.007664241231620368,
"DP_60":  0.007664241231620368,
"DP_99":  0.007664241231620368}
,
{ "x":  520,
"greedy100":  0.4969160175607077,
"DP_01":  0.24673463437904775,
"DP_30":  0.0022363051753912775,
"DP_60":  0.0022363051753912775,
"DP_99":  0.0022363051753912775}
]}
