{ "x_label":"Capacity",
"y_label":"Federation Rate",
 "results":[
{ "x":  20,
"greedy000":  0.9287210014349047,
"greedy050":  0.9240347450358357,
"greedy100":  0.9208179743679838,
"DP_05":  0.9208179743679838,
"DP_30":  0.9086265339510353,
"DP_60":  0.9086265339510353,
"DP_95":  0.9086265339510353,
"QL":  0.0}
,
{ "x":  40,
"greedy000":  0.8839654199627469,
"greedy050":  0.8767552457799226,
"greedy100":  0.8686051058144176,
"DP_05":  0.8686051058144176,
"DP_30":  0.8322578561656091,
"DP_60":  0.8228297064950516,
"DP_95":  0.822627107432359,
"QL":  0.0}
,
{ "x":  60,
"greedy000":  0.8210510724447685,
"greedy050":  0.8134134595823909,
"greedy100":  0.7998143779838398,
"DP_05":  0.7998143779838398,
"DP_30":  0.7571938632952155,
"DP_60":  0.7398758241865429,
"DP_95":  0.7288441760589418,
"QL":  0.0}
,
{ "x":  80,
"greedy000":  0.778573123191826,
"greedy050":  0.7593289376079861,
"greedy100":  0.7511695637398256,
"DP_05":  0.7511695637398256,
"DP_30":  0.694402555647941,
"DP_60":  0.6765302569928944,
"DP_95":  0.6627833624130945,
"QL":  0.0}
,
{ "x":  100,
"greedy000":  0.7242015398107793,
"greedy050":  0.7014325704239412,
"greedy100":  0.6837409531754934,
"DP_05":  0.6837409531754934,
"DP_30":  0.6352371869342838,
"DP_60":  0.6131630714283614,
"DP_95":  0.597983737313072,
"QL":  0.0}
,
{ "x":  120,
"greedy000":  0.6856579697031964,
"greedy050":  0.6597128533444759,
"greedy100":  0.6425133980379163,
"DP_05":  0.6425133980379163,
"DP_30":  0.587072111180771,
"DP_60":  0.5717916356593646,
"DP_95":  0.5579141061257676,
"QL":  0.0}
,
{ "x":  140,
"greedy000":  0.645943412556429,
"greedy050":  0.6004286864000725,
"greedy100":  0.5764970902519737,
"DP_05":  0.5764970902519737,
"DP_30":  0.5368652438519126,
"DP_60":  0.5252048597950262,
"DP_95":  0.527731127268017,
"QL":  0.0}
,
{ "x":  160,
"greedy000":  0.6113921604615518,
"greedy050":  0.5610920261721752,
"greedy100":  0.5207287482384938,
"DP_05":  0.5207287482384938,
"DP_30":  0.48092197138713183,
"DP_60":  0.4703009991149016,
"DP_95":  0.5095497893769039,
"QL":  0.0}
,
{ "x":  180,
"greedy000":  0.5829115413896876,
"greedy050":  0.5118500978740864,
"greedy100":  0.48226913451304343,
"DP_05":  0.48226913451304343,
"DP_30":  0.4421464197932374,
"DP_60":  0.4402941224282443,
"DP_95":  0.48276540637168,
"QL":  0.0}
,
{ "x":  200,
"greedy000":  0.5625456367113992,
"greedy050":  0.47865054587045563,
"greedy100":  0.4272176571509901,
"DP_05":  0.4272176571509901,
"DP_30":  0.3993282777418484,
"DP_60":  0.3992436866486795,
"DP_95":  0.43163135988530954,
"QL":  0.0}
,
{ "x":  220,
"greedy000":  0.535790450019251,
"greedy050":  0.42120488413195006,
"greedy100":  0.37674746171229306,
"DP_05":  0.37674746171229306,
"DP_30":  0.34431742420535516,
"DP_60":  0.34411658946886275,
"DP_95":  0.38820273460695565,
"QL":  0.0}
,
{ "x":  240,
"greedy000":  0.5220725764914669,
"greedy050":  0.40578509175887767,
"greedy100":  0.3347244408503959,
"DP_05":  0.3347244408503959,
"DP_30":  0.31124937326473806,
"DP_60":  0.31016447554958754,
"DP_95":  0.34307538361818085,
"QL":  0.0}
,
{ "x":  260,
"greedy000":  0.5137213363129688,
"greedy050":  0.35245926404357525,
"greedy100":  0.28789339908392714,
"DP_05":  0.28789339908392714,
"DP_30":  0.26836631421230034,
"DP_60":  0.2609603814911002,
"DP_95":  0.29871453914830426,
"QL":  0.0}
,
{ "x":  280,
"greedy000":  0.5006793157902445,
"greedy050":  0.3310463571328366,
"greedy100":  0.2428936339772095,
"DP_05":  0.2428936339772095,
"DP_30":  0.22965696248714704,
"DP_60":  0.2235760501853678,
"DP_95":  0.2576421617967659,
"QL":  0.0}
,
{ "x":  300,
"greedy000":  0.49582032627098666,
"greedy050":  0.3053729990351854,
"greedy100":  0.20371647240610588,
"DP_05":  0.20371647240610588,
"DP_30":  0.19602068528292654,
"DP_60":  0.18776679541680072,
"DP_95":  0.2230942860702735,
"QL":  0.0}
,
{ "x":  320,
"greedy000":  0.5108218590168903,
"greedy050":  0.2885117578164954,
"greedy100":  0.1681974440485843,
"DP_05":  0.1681974440485843,
"DP_30":  0.16280965659865693,
"DP_60":  0.15668814689475316,
"DP_95":  0.1871915159779943,
"QL":  0.0}
,
{ "x":  340,
"greedy000":  0.496962106637539,
"greedy050":  0.278269736203154,
"greedy100":  0.13387397130753942,
"DP_05":  0.13387397130753942,
"DP_30":  0.13399627116641538,
"DP_60":  0.12755232990821944,
"DP_95":  0.1520226920462185,
"QL":  0.0}
,
{ "x":  360,
"greedy000":  0.5011815235901838,
"greedy050":  0.2690396070980802,
"greedy100":  0.11835406839452375,
"DP_05":  0.11835406839452375,
"DP_30":  0.11835406839452375,
"DP_60":  0.11082577693346166,
"DP_95":  0.1320752033275163,
"QL":  0.0}
,
{ "x":  380,
"greedy000":  0.501048702388172,
"greedy050":  0.25652323824584206,
"greedy100":  0.07807458986323876,
"DP_05":  0.07807458986323876,
"DP_30":  0.07756953935818825,
"DP_60":  0.07403578743799441,
"DP_95":  0.09428901769101015,
"QL":  0.0}
,
{ "x":  400,
"greedy000":  0.5013605618716132,
"greedy050":  0.2566317387022173,
"greedy100":  0.055776637873887966,
"DP_05":  0.055776637873887966,
"DP_30":  0.055671595857081244,
"DP_60":  0.05544513151091416,
"DP_95":  0.06858168799735537,
"QL":  0.0}
,
{ "x":  420,
"greedy000":  0.4990539757098878,
"greedy050":  0.25487150532633013,
"greedy100":  0.0372620448748434,
"DP_05":  0.0372620448748434,
"DP_30":  0.0372620448748434,
"DP_60":  0.03621343360865909,
"DP_95":  0.04837561952431217,
"QL":  0.0}
,
{ "x":  440,
"greedy000":  0.5019478951610138,
"greedy050":  0.25052182762240494,
"greedy100":  0.02873419261478668,
"DP_05":  0.02873419261478668,
"DP_30":  0.02873419261478668,
"DP_60":  0.028648098614735162,
"DP_95":  0.03676195564423046,
"QL":  0.0}
,
{ "x":  460,
"greedy000":  0.4916911458120369,
"greedy050":  0.24416430790175658,
"greedy100":  0.016988307353236528,
"DP_05":  0.016988307353236528,
"DP_30":  0.016988307353236528,
"DP_60":  0.017955601926896696,
"DP_95":  0.023831207832143007,
"QL":  0.0}
,
{ "x":  480,
"greedy000":  0.5020096211899414,
"greedy050":  0.2561178295106842,
"greedy100":  0.013750023769201074,
"DP_05":  0.013750023769201074,
"DP_30":  0.013750023769201074,
"DP_60":  0.013117530072756156,
"DP_95":  0.01958936266416545,
"QL":  0.0}
,
{ "x":  500,
"greedy000":  0.4970542943147541,
"greedy050":  0.2530297944383998,
"greedy100":  0.007664241231620368,
"DP_05":  0.007664241231620368,
"DP_30":  0.007664241231620368,
"DP_60":  0.008459712465766432,
"DP_95":  0.011428503495739397,
"QL":  0.0}
,
{ "x":  520,
"greedy000":  0.4969160175607077,
"greedy050":  0.24673463437904775,
"greedy100":  0.0022363051753912775,
"DP_05":  0.0022363051753912775,
"DP_30":  0.0022363051753912775,
"DP_60":  0.0025351293598009127,
"DP_95":  0.0039013258569119856,
"QL":  0.0}
]}
