{ "x_label":"Capacity",
"y_label":"Average Profit",
 "results":[
{ "x":  20,
"greedy100":  25.357574463095798,
"DP_01":  25.644484879713183,
"DP_30":  25.766622969501327,
"DP_60":  25.766622969501327,
"DP_99":  26.517334475486916}
,
{ "x":  40,
"greedy100":  26.234622752156874,
"DP_01":  26.601699132157677,
"DP_30":  26.9637644093141,
"DP_60":  26.9637644093141,
"DP_99":  29.58310769429906}
,
{ "x":  60,
"greedy100":  27.80034332395787,
"DP_01":  28.104540564239535,
"DP_30":  28.625719717960454,
"DP_60":  28.625719717960454,
"DP_99":  31.804853491661742}
,
{ "x":  80,
"greedy100":  28.499489456148627,
"DP_01":  29.516621760548322,
"DP_30":  29.861646618261993,
"DP_60":  29.861646618261993,
"DP_99":  33.53945272258762}
,
{ "x":  100,
"greedy100":  29.857252043782598,
"DP_01":  30.680618451786575,
"DP_30":  31.382481569784243,
"DP_60":  31.382481569784243,
"DP_99":  35.09540216731189}
,
{ "x":  120,
"greedy100":  30.55286583007824,
"DP_01":  31.45691634097007,
"DP_30":  32.18446364310516,
"DP_60":  32.18446364310516,
"DP_99":  36.167772319409174}
,
{ "x":  140,
"greedy100":  31.309309527610445,
"DP_01":  32.72309950184052,
"DP_30":  33.80659399195146,
"DP_60":  33.80659399195146,
"DP_99":  37.13747752460718}
,
{ "x":  160,
"greedy100":  31.873542293884537,
"DP_01":  33.63249610102439,
"DP_30":  34.95131387340923,
"DP_60":  34.95131387340923,
"DP_99":  38.357760290724386}
,
{ "x":  180,
"greedy100":  32.50161164681582,
"DP_01":  34.68454938775212,
"DP_30":  35.744101601936755,
"DP_60":  35.744101601936755,
"DP_99":  38.9575596408698}
,
{ "x":  200,
"greedy100":  32.88236581149733,
"DP_01":  35.15488143454736,
"DP_30":  36.847817645437644,
"DP_60":  36.847817645437644,
"DP_99":  39.656693273538814}
,
{ "x":  220,
"greedy100":  33.41905035288462,
"DP_01":  36.272494989649985,
"DP_30":  37.884769323174226,
"DP_60":  37.884769323174226,
"DP_99":  40.69141056355239}
,
{ "x":  240,
"greedy100":  33.715433062991416,
"DP_01":  36.45741772488477,
"DP_30":  38.555532452103556,
"DP_60":  38.555532452103556,
"DP_99":  40.99791032431759}
,
{ "x":  260,
"greedy100":  33.875626934287695,
"DP_01":  37.71893604683107,
"DP_30":  39.59346835764441,
"DP_60":  39.59346835764441,
"DP_99":  41.40968146587125}
,
{ "x":  280,
"greedy100":  34.148228180154,
"DP_01":  37.847743474878634,
"DP_30":  40.43606379284482,
"DP_60":  40.43606379284482,
"DP_99":  41.826481606616866}
,
{ "x":  300,
"greedy100":  34.274974229644386,
"DP_01":  38.55888819396664,
"DP_30":  41.1439658045483,
"DP_60":  41.1439658045483,
"DP_99":  42.09377566137203}
,
{ "x":  320,
"greedy100":  33.798971529554294,
"DP_01":  38.74277803981495,
"DP_30":  41.81191362055398,
"DP_60":  41.81191362055398,
"DP_99":  42.45382287481955}
,
{ "x":  340,
"greedy100":  33.98925626883606,
"DP_01":  39.04565730176749,
"DP_30":  42.54908664632054,
"DP_60":  42.54908664632054,
"DP_99":  42.63731085818456}
,
{ "x":  360,
"greedy100":  33.941327550112355,
"DP_01":  39.22312432756932,
"DP_30":  42.804209772208075,
"DP_60":  42.804209772208075,
"DP_99":  42.807928780472544}
,
{ "x":  380,
"greedy100":  33.79239693025275,
"DP_01":  39.274221374359094,
"DP_30":  43.661564297259474,
"DP_60":  43.661564297259474,
"DP_99":  43.678129953825135}
,
{ "x":  400,
"greedy100":  34.014340804011184,
"DP_01":  39.38623282824301,
"DP_30":  43.95541302226178,
"DP_60":  43.95541302226178,
"DP_99":  43.96717772814414}
,
{ "x":  420,
"greedy100":  33.843792206119346,
"DP_01":  39.42371106068665,
"DP_30":  44.39737991518625,
"DP_60":  44.39737991518625,
"DP_99":  44.39737991518625}
,
{ "x":  440,
"greedy100":  33.93615968785843,
"DP_01":  39.45726752523415,
"DP_30":  44.52902093147476,
"DP_60":  44.52902093147476,
"DP_99":  44.52902093147476}
,
{ "x":  460,
"greedy100":  34.17639390873081,
"DP_01":  39.630236275622,
"DP_30":  44.751565969331,
"DP_60":  44.751565969331,
"DP_99":  44.751565969331}
,
{ "x":  480,
"greedy100":  34.01610649894518,
"DP_01":  39.40751731053291,
"DP_30":  44.63976349850491,
"DP_60":  44.63976349850491,
"DP_99":  44.63976349850491}
,
{ "x":  500,
"greedy100":  34.039768953908656,
"DP_01":  39.43186181291489,
"DP_30":  44.799144968073236,
"DP_60":  44.799144968073236,
"DP_99":  44.799144968073236}
,
{ "x":  520,
"greedy100":  34.11757531684793,
"DP_01":  39.53359291863146,
"DP_30":  44.9393898844214,
"DP_60":  44.9393898844214,
"DP_99":  44.9393898844214}
]}
