{ "x_label":"load",
"y_label":"Average Profit",
 "results":[
{ "x":  30,
"greedy000":  0.0,
"greedy050":  0.0,
"greedy100":  73.74753105580956,
"DP_05":  0.0,
"DP_30":  0.0,
"DP_60":  0.0,
"DP_95":  73.75506221253409,
"QL":  67.58252143567017,
"RL":  73.14332689990314}
,
{ "x":  30,
"greedy000":  0.0,
"greedy050":  0.0,
"greedy100":  72.3167766552863,
"DP_05":  0.0,
"DP_30":  0.0,
"DP_60":  0.0,
"DP_95":  72.80218471212315,
"QL":  66.64914031724713,
"RL":  72.13248508529647}
,
{ "x":  30,
"greedy000":  0.0,
"greedy050":  0.0,
"greedy100":  70.16995502044584,
"DP_05":  0.0,
"DP_30":  0.0,
"DP_60":  0.0,
"DP_95":  72.10102755372586,
"QL":  66.01084685625058,
"RL":  71.40043807636012}
,
{ "x":  30,
"greedy000":  0.0,
"greedy050":  0.0,
"greedy100":  67.05902744176103,
"DP_05":  0.0,
"DP_30":  0.0,
"DP_60":  0.0,
"DP_95":  71.2871535076928,
"QL":  65.92601900190995,
"RL":  70.56729005186592}
,
{ "x":  30,
"greedy000":  0.0,
"greedy050":  0.0,
"greedy100":  63.65857004514463,
"DP_05":  0.0,
"DP_30":  0.0,
"DP_60":  0.0,
"DP_95":  70.58550938585351,
"QL":  65.49547985876673,
"RL":  69.64335496415988}
,
{ "x":  30,
"greedy000":  0.0,
"greedy050":  0.0,
"greedy100":  60.40767850599879,
"DP_05":  0.0,
"DP_30":  0.0,
"DP_60":  0.0,
"DP_95":  70.16747927773453,
"QL":  65.45381424967374,
"RL":  69.25348796473045}
,
{ "x":  30,
"greedy000":  0.0,
"greedy050":  0.0,
"greedy100":  56.25045574968404,
"DP_05":  0.0,
"DP_30":  0.0,
"DP_60":  0.0,
"DP_95":  69.18827890894593,
"QL":  64.16472579586681,
"RL":  67.87019250909921}
,
{ "x":  30,
"greedy000":  0.0,
"greedy050":  0.0,
"greedy100":  53.41037229963401,
"DP_05":  0.0,
"DP_30":  0.0,
"DP_60":  0.0,
"DP_95":  68.6625957486063,
"QL":  63.72848502697963,
"RL":  67.31984388920765}
,
{ "x":  30,
"greedy000":  0.0,
"greedy050":  0.0,
"greedy100":  51.186681557237776,
"DP_05":  0.0,
"DP_30":  0.0,
"DP_60":  0.0,
"DP_95":  68.4223890205349,
"QL":  63.050001249243756,
"RL":  66.94795230809015}
,
{ "x":  30,
"greedy000":  0.0,
"greedy050":  0.0,
"greedy100":  48.21390679558586,
"DP_05":  0.0,
"DP_30":  0.0,
"DP_60":  0.0,
"DP_95":  67.98329170283193,
"QL":  61.813936568767886,
"RL":  66.12723975256645}
,
{ "x":  30,
"greedy000":  0.0,
"greedy050":  0.0,
"greedy100":  46.38137954411697,
"DP_05":  0.0,
"DP_30":  0.0,
"DP_60":  0.0,
"DP_95":  67.83046178649187,
"QL":  61.7100929956643,
"RL":  65.51973436580438}
]}
