{ "x_label":"Capacity",
"y_label":"Acceptance Rate",
 "results":[
{ "x":  50,
"greedy000":  0.13932185586026202,
"greedy050":  0.18318712952856148,
"greedy100":  0.20177865554904234,
"DP_05":  0.20177865554904234,
"DP_30":  0.2185484401857305,
"DP_60":  0.2185484401857305,
"DP_95":  0.2185484401857305,
"QL":  0.0}
,
{ "x":  150,
"greedy000":  0.25080574715773524,
"greedy050":  0.310106820734953,
"greedy100":  0.3582904316901113,
"DP_05":  0.3582904316901113,
"DP_30":  0.4156886643807489,
"DP_60":  0.46151731185471895,
"DP_95":  0.482359638705224,
"QL":  0.0}
,
{ "x":  250,
"greedy000":  0.3371345378275358,
"greedy050":  0.4088917005967387,
"greedy100":  0.4698392337731064,
"DP_05":  0.4698392337731064,
"DP_30":  0.522288034785803,
"DP_60":  0.5526875922343264,
"DP_95":  0.5266250435802861,
"QL":  0.0}
,
{ "x":  350,
"greedy000":  0.4013671115090583,
"greedy050":  0.49916877721078184,
"greedy100":  0.5712880985141354,
"DP_05":  0.5712880985141354,
"DP_30":  0.6132113143656698,
"DP_60":  0.6320981794857824,
"DP_95":  0.6091681185117059,
"QL":  0.0}
,
{ "x":  450,
"greedy000":  0.4526512571723254,
"greedy050":  0.5766746402418191,
"greedy100":  0.6644815240626033,
"DP_05":  0.6644815240626033,
"DP_30":  0.69425760423373,
"DP_60":  0.7045712293781723,
"DP_95":  0.68580103566504,
"QL":  0.0}
,
{ "x":  550,
"greedy000":  0.4834260498161906,
"greedy050":  0.6407938716996108,
"greedy100":  0.7461201975511469,
"DP_05":  0.7461201975511469,
"DP_30":  0.7680809358542964,
"DP_60":  0.7730137257630407,
"DP_95":  0.7536224275091323,
"QL":  0.0}
,
{ "x":  650,
"greedy000":  0.4935621765729346,
"greedy050":  0.6889736931377891,
"greedy100":  0.8133058896193374,
"DP_05":  0.8133058896193374,
"DP_30":  0.8288309400049163,
"DP_60":  0.8313244085055693,
"DP_95":  0.8179030664727392,
"QL":  0.0}
,
{ "x":  750,
"greedy000":  0.49994195761653215,
"greedy050":  0.7233251249597051,
"greedy100":  0.8757036205430936,
"DP_05":  0.8757036205430936,
"DP_30":  0.8846235920682037,
"DP_60":  0.8854266862897873,
"DP_95":  0.8723609716139535,
"QL":  0.0}
,
{ "x":  850,
"greedy000":  0.4995065170128917,
"greedy050":  0.7389587314579003,
"greedy100":  0.9278445774021561,
"DP_05":  0.9278445774021561,
"DP_30":  0.9325844571636253,
"DP_60":  0.9315651090260871,
"DP_95":  0.9227520488835079,
"QL":  0.0}
,
{ "x":  950,
"greedy000":  0.5023528059784629,
"greedy050":  0.7436423259473226,
"greedy100":  0.9616286716522346,
"DP_05":  0.9616286716522346,
"DP_30":  0.9630645474231698,
"DP_60":  0.961741098717346,
"DP_95":  0.9565756797009526,
"QL":  0.0}
,
{ "x":  1050,
"greedy000":  0.4973200153250213,
"greedy050":  0.7486045145042469,
"greedy100":  0.9853025893084316,
"DP_05":  0.9853025893084316,
"DP_30":  0.9857244203123269,
"DP_60":  0.9849358316551647,
"DP_95":  0.98210322798826,
"QL":  0.0}
]}
