{ "x_label":"l",
"y_label":"Acceptance Rate",
 "results":[
{ "x":  0.2,
"greedy000":  0.0,
"greedy050":  0.0,
"greedy100":  0.9979139054775196,
"DP_05":  0.0,
"DP_30":  0.0,
"DP_60":  0.0,
"DP_95":  0.9972495843078637,
"QL_09":  0.7677058818565076,
"QL_05":  0.9880558528517746,
"RL":  0.9535316746898681}
,
{ "x":  0.4,
"greedy000":  0.0,
"greedy050":  0.0,
"greedy100":  0.9584426894689374,
"DP_05":  0.0,
"DP_30":  0.0,
"DP_60":  0.0,
"DP_95":  0.9549447080494101,
"QL_09":  0.7867998982795437,
"QL_05":  0.9425967077664671,
"RL":  0.9297067939205462}
,
{ "x":  0.6000000000000001,
"greedy000":  0.0,
"greedy050":  0.0,
"greedy100":  0.8582181472290366,
"DP_05":  0.0,
"DP_30":  0.0,
"DP_60":  0.0,
"DP_95":  0.8787622571402883,
"QL_09":  0.7887781547935226,
"QL_05":  0.8589319699900209,
"RL":  0.8593427566949128}
,
{ "x":  0.8,
"greedy000":  0.0,
"greedy050":  0.0,
"greedy100":  0.7720663607430769,
"DP_05":  0.0,
"DP_30":  0.0,
"DP_60":  0.0,
"DP_95":  0.8255452033549922,
"QL_09":  0.7740026879066273,
"QL_05":  0.8010424607988107,
"RL":  0.8138311830260102}
,
{ "x":  1.0,
"greedy000":  0.0,
"greedy050":  0.0,
"greedy100":  0.6789437771299293,
"DP_05":  0.0,
"DP_30":  0.0,
"DP_60":  0.0,
"DP_95":  0.7819488303092526,
"QL_09":  0.7044201807984886,
"QL_05":  0.7389806952104564,
"RL":  0.7743230679546416}
,
{ "x":  1.2,
"greedy000":  0.0,
"greedy050":  0.0,
"greedy100":  0.6171676595954889,
"DP_05":  0.0,
"DP_30":  0.0,
"DP_60":  0.0,
"DP_95":  0.7554845012130149,
"QL_09":  0.6598696266594832,
"QL_05":  0.6839686161452228,
"RL":  0.7493765548507584}
,
{ "x":  1.4000000000000001,
"greedy000":  0.0,
"greedy050":  0.0,
"greedy100":  0.56283861131746,
"DP_05":  0.0,
"DP_30":  0.0,
"DP_60":  0.0,
"DP_95":  0.7320058175766021,
"QL_09":  0.6445784092027529,
"QL_05":  0.637988403484299,
"RL":  0.7303976466434206}
,
{ "x":  1.6,
"greedy000":  0.0,
"greedy050":  0.0,
"greedy100":  0.5115135442069146,
"DP_05":  0.0,
"DP_30":  0.0,
"DP_60":  0.0,
"DP_95":  0.7151222806818746,
"QL_09":  0.6181248013266591,
"QL_05":  0.5945251896631347,
"RL":  0.714460089576866}
,
{ "x":  1.8,
"greedy000":  0.0,
"greedy050":  0.0,
"greedy100":  0.48224678930524123,
"DP_05":  0.0,
"DP_30":  0.0,
"DP_60":  0.0,
"DP_95":  0.7015386040391695,
"QL_09":  0.591984660127809,
"QL_05":  0.5646273552340472,
"RL":  0.6997029769653421}
,
{ "x":  2.0,
"greedy000":  0.0,
"greedy050":  0.0,
"greedy100":  0.45347265858966673,
"DP_05":  0.0,
"DP_30":  0.0,
"DP_60":  0.0,
"DP_95":  0.6924193172670506,
"QL_09":  0.5712872945546074,
"QL_05":  0.5332352526167796,
"RL":  0.6929044335422173}
,
{ "x":  2.2,
"greedy000":  0.0,
"greedy050":  0.0,
"greedy100":  0.4223477426803256,
"DP_05":  0.0,
"DP_30":  0.0,
"DP_60":  0.0,
"DP_95":  0.686186734718808,
"QL_09":  0.5477951590937146,
"QL_05":  0.5145370509720019,
"RL":  0.6807536749197038}
]}
