{ "x_label":"l",
"y_label":"Acceptance Rate",
 "results":[
{ "x":  0.2,
"greedy000":  0.0,
"greedy050":  0.0,
"greedy100":  0.9984507601625306,
"DP_05":  0.0,
"DP_30":  0.0,
"DP_60":  0.0,
"DP_95":  0.9977600314404883,
"QL_09":  0.6688883120156495,
"QL_05":  0.8984717823913544,
"RL":  0.9099655561912601}
,
{ "x":  0.4,
"greedy000":  0.0,
"greedy050":  0.0,
"greedy100":  0.9545690462046672,
"DP_05":  0.0,
"DP_30":  0.0,
"DP_60":  0.0,
"DP_95":  0.9542069121583779,
"QL_09":  0.6592163730845763,
"QL_05":  0.8611377779040705,
"RL":  0.8801892749481338}
,
{ "x":  0.6000000000000001,
"greedy000":  0.0,
"greedy050":  0.0,
"greedy100":  0.8712527841279847,
"DP_05":  0.0,
"DP_30":  0.0,
"DP_60":  0.0,
"DP_95":  0.8800365589740462,
"QL_09":  0.6394723601921128,
"QL_05":  0.8437464089880258,
"RL":  0.859876729529516}
,
{ "x":  0.8,
"greedy000":  0.0,
"greedy050":  0.0,
"greedy100":  0.7630607234398515,
"DP_05":  0.0,
"DP_30":  0.0,
"DP_60":  0.0,
"DP_95":  0.8235400294084394,
"QL_09":  0.6566965630903792,
"QL_05":  0.7914194390287405,
"RL":  0.8072274024889052}
,
{ "x":  1.0,
"greedy000":  0.0,
"greedy050":  0.0,
"greedy100":  0.6843005424761004,
"DP_05":  0.0,
"DP_30":  0.0,
"DP_60":  0.0,
"DP_95":  0.7848362118613301,
"QL_09":  0.661040192058066,
"QL_05":  0.737198169989905,
"RL":  0.7799353877140677}
,
{ "x":  1.2,
"greedy000":  0.0,
"greedy050":  0.0,
"greedy100":  0.6160621345132833,
"DP_05":  0.0,
"DP_30":  0.0,
"DP_60":  0.0,
"DP_95":  0.7579071150651238,
"QL_09":  0.6503881697817511,
"QL_05":  0.6788624285552907,
"RL":  0.7498075322782841}
,
{ "x":  1.4000000000000001,
"greedy000":  0.0,
"greedy050":  0.0,
"greedy100":  0.5583761915131804,
"DP_05":  0.0,
"DP_30":  0.0,
"DP_60":  0.0,
"DP_95":  0.7312080263207145,
"QL_09":  0.6320935153058168,
"QL_05":  0.6346137223972947,
"RL":  0.7238040590370793}
,
{ "x":  1.6,
"greedy000":  0.0,
"greedy050":  0.0,
"greedy100":  0.5151590829201809,
"DP_05":  0.0,
"DP_30":  0.0,
"DP_60":  0.0,
"DP_95":  0.7145901507184543,
"QL_09":  0.6115044814558366,
"QL_05":  0.6065008356072645,
"RL":  0.7047305891285374}
,
{ "x":  1.8,
"greedy000":  0.0,
"greedy050":  0.0,
"greedy100":  0.4795962897739562,
"DP_05":  0.0,
"DP_30":  0.0,
"DP_60":  0.0,
"DP_95":  0.702245644304065,
"QL_09":  0.5830731630690184,
"QL_05":  0.5734571464002632,
"RL":  0.688488388586497}
,
{ "x":  2.0,
"greedy000":  0.0,
"greedy050":  0.0,
"greedy100":  0.45740689742592117,
"DP_05":  0.0,
"DP_30":  0.0,
"DP_60":  0.0,
"DP_95":  0.6944037415761679,
"QL_09":  0.5784909864404478,
"QL_05":  0.546845887275488,
"RL":  0.6783406490709344}
,
{ "x":  2.2,
"greedy000":  0.0,
"greedy050":  0.0,
"greedy100":  0.4297098141926763,
"DP_05":  0.0,
"DP_30":  0.0,
"DP_60":  0.0,
"DP_95":  0.6846649455820337,
"QL_09":  0.5584411812777593,
"QL_05":  0.5131962910401098,
"RL":  0.6616060351304551}
]}
