{ "x_label":"l",
"y_label":"Federation Rate",
 "results":[
{ "x":  0.2,
"greedy000":  0.0,
"greedy050":  0.0,
"greedy100":  0.0015492398374692773,
"DP_05":  0.0,
"DP_30":  0.0,
"DP_60":  0.0,
"DP_95":  0.002239968559511725,
"QL_09":  0.20384924002564064,
"QL_05":  0.07942061558973759,
"RL":  0.08097904566644953}
,
{ "x":  0.4,
"greedy000":  0.0,
"greedy050":  0.0,
"greedy100":  0.045038757768650996,
"DP_05":  0.0,
"DP_30":  0.0,
"DP_60":  0.0,
"DP_95":  0.04500089990657148,
"QL_09":  0.21394067044596937,
"QL_05":  0.12296208270758742,
"RL":  0.10584155490732775}
,
{ "x":  0.6000000000000001,
"greedy000":  0.0,
"greedy050":  0.0,
"greedy100":  0.11903657758946692,
"DP_05":  0.0,
"DP_30":  0.0,
"DP_60":  0.0,
"DP_95":  0.10655316880889824,
"QL_09":  0.26224748216721816,
"QL_05":  0.13280052362321465,
"RL":  0.11793466219822561}
,
{ "x":  0.8,
"greedy000":  0.0,
"greedy050":  0.0,
"greedy100":  0.19267287637258776,
"DP_05":  0.0,
"DP_30":  0.0,
"DP_60":  0.0,
"DP_95":  0.12968802673824847,
"QL_09":  0.25466609585008537,
"QL_05":  0.1585244675618321,
"RL":  0.14352704323349838}
,
{ "x":  1.0,
"greedy000":  0.0,
"greedy050":  0.0,
"greedy100":  0.21436838148746878,
"DP_05":  0.0,
"DP_30":  0.0,
"DP_60":  0.0,
"DP_95":  0.12727452943449694,
"QL_09":  0.2333264020384244,
"QL_05":  0.16568630569524623,
"RL":  0.1326465812551662}
,
{ "x":  1.2,
"greedy000":  0.0,
"greedy050":  0.0,
"greedy100":  0.22260422517618156,
"DP_05":  0.0,
"DP_30":  0.0,
"DP_60":  0.0,
"DP_95":  0.11499487939734807,
"QL_09":  0.21043190670061307,
"QL_05":  0.18313961215695682,
"RL":  0.12235760217180613}
,
{ "x":  1.4000000000000001,
"greedy000":  0.0,
"greedy050":  0.0,
"greedy100":  0.22402981140053657,
"DP_05":  0.0,
"DP_30":  0.0,
"DP_60":  0.0,
"DP_95":  0.10818616350749544,
"QL_09":  0.1945180231124939,
"QL_05":  0.17729279390472336,
"RL":  0.11662450418289605}
,
{ "x":  1.6,
"greedy000":  0.0,
"greedy050":  0.0,
"greedy100":  0.21753989666337645,
"DP_05":  0.0,
"DP_30":  0.0,
"DP_60":  0.0,
"DP_95":  0.09620128859243401,
"QL_09":  0.18426267183873657,
"QL_05":  0.16653319756036247,
"RL":  0.1097558212195171}
,
{ "x":  1.8,
"greedy000":  0.0,
"greedy050":  0.0,
"greedy100":  0.21289335858427494,
"DP_05":  0.0,
"DP_30":  0.0,
"DP_60":  0.0,
"DP_95":  0.08733571860033713,
"QL_09":  0.1848031193284722,
"QL_05":  0.17243662312357882,
"RL":  0.10407102580284307}
,
{ "x":  2.0,
"greedy000":  0.0,
"greedy050":  0.0,
"greedy100":  0.1970985944233506,
"DP_05":  0.0,
"DP_30":  0.0,
"DP_60":  0.0,
"DP_95":  0.0800243021759551,
"QL_09":  0.17128680649449443,
"QL_05":  0.16685945958880966,
"RL":  0.09696191656543339}
,
{ "x":  2.2,
"greedy000":  0.0,
"greedy050":  0.0,
"greedy100":  0.19290619988205715,
"DP_05":  0.0,
"DP_30":  0.0,
"DP_60":  0.0,
"DP_95":  0.0731651755853718,
"QL_09":  0.16310071729387762,
"QL_05":  0.16854476474912364,
"RL":  0.09345797654469357}
]}
