{ "x_label":"l",
"y_label":"Average Profit",
 "results":[
{ "x":  0.2,
"greedy000":  0.0,
"greedy050":  0.0,
"greedy100":  73.44719179744453,
"DP_05":  0.0,
"DP_30":  0.0,
"DP_60":  0.0,
"DP_95":  73.45102234443502,
"QL_09":  66.94633811141765,
"QL_05":  72.13739214859612,
"RL":  72.81137661781949}
,
{ "x":  0.4,
"greedy000":  0.0,
"greedy050":  0.0,
"greedy100":  72.83480501759252,
"DP_05":  0.0,
"DP_30":  0.0,
"DP_60":  0.0,
"DP_95":  73.28298546058474,
"QL_09":  66.04814943320035,
"QL_05":  71.99861901374757,
"RL":  72.46312071341806}
,
{ "x":  0.6000000000000001,
"greedy000":  0.0,
"greedy050":  0.0,
"greedy100":  71.2005576093704,
"DP_05":  0.0,
"DP_30":  0.0,
"DP_60":  0.0,
"DP_95":  72.77857214583416,
"QL_09":  65.26523769159266,
"QL_05":  71.6090481094769,
"RL":  72.04684128270591}
,
{ "x":  0.8,
"greedy000":  0.0,
"greedy050":  0.0,
"greedy100":  67.62710621690539,
"DP_05":  0.0,
"DP_30":  0.0,
"DP_60":  0.0,
"DP_95":  71.61587165130246,
"QL_09":  65.26436436926888,
"QL_05":  69.43211105187764,
"RL":  70.89576742329291}
,
{ "x":  1.0,
"greedy000":  0.0,
"greedy050":  0.0,
"greedy100":  63.92238900576076,
"DP_05":  0.0,
"DP_30":  0.0,
"DP_60":  0.0,
"DP_95":  70.9856871804834,
"QL_09":  65.11053387023168,
"QL_05":  67.03830195325098,
"RL":  70.25347595111451}
,
{ "x":  1.2,
"greedy000":  0.0,
"greedy050":  0.0,
"greedy100":  59.93265749750776,
"DP_05":  0.0,
"DP_30":  0.0,
"DP_60":  0.0,
"DP_95":  70.12209913169744,
"QL_09":  64.5017885464677,
"QL_05":  64.57079637538799,
"RL":  69.04710499231523}
,
{ "x":  1.4000000000000001,
"greedy000":  0.0,
"greedy050":  0.0,
"greedy100":  56.194826669997816,
"DP_05":  0.0,
"DP_30":  0.0,
"DP_60":  0.0,
"DP_95":  69.18523854809753,
"QL_09":  63.359666708863145,
"QL_05":  61.39840881353581,
"RL":  67.9805782055018}
,
{ "x":  1.6,
"greedy000":  0.0,
"greedy050":  0.0,
"greedy100":  53.13334942039838,
"DP_05":  0.0,
"DP_30":  0.0,
"DP_60":  0.0,
"DP_95":  68.67585894783106,
"QL_09":  62.13939200977571,
"QL_05":  59.66059118314443,
"RL":  67.32019857972683}
,
{ "x":  1.8,
"greedy000":  0.0,
"greedy050":  0.0,
"greedy100":  50.63862820066741,
"DP_05":  0.0,
"DP_30":  0.0,
"DP_60":  0.0,
"DP_95":  68.31280634038238,
"QL_09":  60.75737997547909,
"QL_05":  57.974238133008626,
"RL":  66.61431974825541}
,
{ "x":  2.0,
"greedy000":  0.0,
"greedy050":  0.0,
"greedy100":  48.401539805472986,
"DP_05":  0.0,
"DP_30":  0.0,
"DP_60":  0.0,
"DP_95":  68.21756710505568,
"QL_09":  60.24972996176969,
"QL_05":  56.044730917170774,
"RL":  66.41520016528804}
,
{ "x":  2.2,
"greedy000":  0.0,
"greedy050":  0.0,
"greedy100":  46.27025441785753,
"DP_05":  0.0,
"DP_30":  0.0,
"DP_60":  0.0,
"DP_95":  67.60565181924488,
"QL_09":  58.80039927770714,
"QL_05":  53.77192326126233,
"RL":  65.34083911554316}
]}
