{ "x_label":"l",
"y_label":"Average Profit",
 "results":[
{ "x":  0.2,
"greedy000":  0.0,
"greedy050":  0.0,
"greedy100":  73.42999374018659,
"DP_05":  0.0,
"DP_30":  0.0,
"DP_60":  0.0,
"DP_95":  73.44008066686854,
"QL_09":  69.50306186224105,
"QL_05":  73.31204195028293,
"RL":  73.1744140326168}
,
{ "x":  0.4,
"greedy000":  0.0,
"greedy050":  0.0,
"greedy100":  72.9704374046934,
"DP_05":  0.0,
"DP_30":  0.0,
"DP_60":  0.0,
"DP_95":  73.326608217854,
"QL_09":  70.40191280594134,
"QL_05":  72.75389372005448,
"RL":  73.00856159722052}
,
{ "x":  0.6000000000000001,
"greedy000":  0.0,
"greedy050":  0.0,
"greedy100":  70.65130899037258,
"DP_05":  0.0,
"DP_30":  0.0,
"DP_60":  0.0,
"DP_95":  72.59766237038143,
"QL_09":  70.18780928335177,
"QL_05":  70.85808627629804,
"RL":  72.24673552394793}
,
{ "x":  0.8,
"greedy000":  0.0,
"greedy050":  0.0,
"greedy100":  67.7117585875313,
"DP_05":  0.0,
"DP_30":  0.0,
"DP_60":  0.0,
"DP_95":  71.59483923037416,
"QL_09":  69.44525602653161,
"QL_05":  69.23452338159207,
"RL":  71.27099476480207}
,
{ "x":  1.0,
"greedy000":  0.0,
"greedy050":  0.0,
"greedy100":  63.434692168657136,
"DP_05":  0.0,
"DP_30":  0.0,
"DP_60":  0.0,
"DP_95":  70.40027537988047,
"QL_09":  66.29818076818553,
"QL_05":  66.7301157524481,
"RL":  69.91438925715926}
,
{ "x":  1.2,
"greedy000":  0.0,
"greedy050":  0.0,
"greedy100":  59.76777946033305,
"DP_05":  0.0,
"DP_30":  0.0,
"DP_60":  0.0,
"DP_95":  69.91664819953841,
"QL_09":  64.8073894204143,
"QL_05":  63.97888538968664,
"RL":  69.46917506467528}
,
{ "x":  1.4000000000000001,
"greedy000":  0.0,
"greedy050":  0.0,
"greedy100":  56.71874902151378,
"DP_05":  0.0,
"DP_30":  0.0,
"DP_60":  0.0,
"DP_95":  69.15317397023874,
"QL_09":  63.79271288088226,
"QL_05":  61.89436738703281,
"RL":  68.8440305241979}
,
{ "x":  1.6,
"greedy000":  0.0,
"greedy050":  0.0,
"greedy100":  52.67590209344943,
"DP_05":  0.0,
"DP_30":  0.0,
"DP_60":  0.0,
"DP_95":  68.69683065808098,
"QL_09":  61.68978025274284,
"QL_05":  59.06742745716283,
"RL":  68.2327844893041}
,
{ "x":  1.8,
"greedy000":  0.0,
"greedy050":  0.0,
"greedy100":  50.28609727147189,
"DP_05":  0.0,
"DP_30":  0.0,
"DP_60":  0.0,
"DP_95":  68.08117323905887,
"QL_09":  60.48592225618883,
"QL_05":  56.90101876185177,
"RL":  67.6144857465217}
,
{ "x":  2.0,
"greedy000":  0.0,
"greedy050":  0.0,
"greedy100":  48.2794908362706,
"DP_05":  0.0,
"DP_30":  0.0,
"DP_60":  0.0,
"DP_95":  68.18643334988174,
"QL_09":  60.010790775837435,
"QL_05":  55.3233515351353,
"RL":  67.65829237744039}
,
{ "x":  2.2,
"greedy000":  0.0,
"greedy050":  0.0,
"greedy100":  45.91095222966118,
"DP_05":  0.0,
"DP_30":  0.0,
"DP_60":  0.0,
"DP_95":  67.75639340354599,
"QL_09":  58.73570528685934,
"QL_05":  53.74252083984292,
"RL":  67.11742679640899}
]}
