{ "x_label":"Class Num",
"y_label":"Acceptance Rate",
 "results":[
{ "x":  1,
"greedy000":  6,
"greedy050":  0.2004910488726151,
"greedy100":  0.22951677015845626,
"DP_05":  0.25064855518641893,
"DP_30":  0.25064855518641893,
"DP_60":  0.25064855518641893,
"DP_95":  0.25064855518641893,
"QL":  0.25064855518641893}
,
{ "x":  2,
"greedy000":  1,
"greedy050":  0.0,
"greedy100":  0.0,
"DP_05":  0.0,
"DP_30":  0.0,
"DP_60":  0.0,
"DP_95":  0.0,
"QL":  0.0}
,
{ "x":  3,
"greedy000":  5,
"greedy050":  0.16627676682148523,
"greedy100":  0.20184488189758293,
"DP_05":  0.22958362355893663,
"DP_30":  0.22958362355893663,
"DP_60":  0.22958362355893663,
"DP_95":  0.22958362355893663,
"QL":  0.18208651969107073}
,
{ "x":  4,
"greedy000":  8,
"greedy050":  0.1944618313190662,
"greedy100":  0.2593926756616542,
"DP_05":  0.3071743386722366,
"DP_30":  0.3071743386722366,
"DP_60":  0.3071743386722366,
"DP_95":  0.30499076690017113,
"QL":  0.30499076690017113}
,
{ "x":  5,
"greedy000":  17,
"greedy050":  0.3037744774508778,
"greedy100":  0.3673236001481718,
"DP_05":  0.4163959275185548,
"DP_30":  0.4163959275185548,
"DP_60":  0.4163959275185548,
"DP_95":  0.4163959275185548,
"QL":  0.44666924633087507}
,
{ "x":  6,
"greedy000":  25,
"greedy050":  0.31008202204504565,
"greedy100":  0.3853526416697547,
"DP_05":  0.4361030538949794,
"DP_30":  0.4361030538949794,
"DP_60":  0.4361030538949794,
"DP_95":  0.40827311957576484,
"QL":  0.4116114671730878}
,
{ "x":  7,
"greedy000":  12,
"greedy050":  0.27286721516179596,
"greedy100":  0.2960709824821434,
"DP_05":  0.3051074686570866,
"DP_30":  0.3051074686570866,
"DP_60":  0.3051074686570866,
"DP_95":  0.29280551564670654,
"QL":  0.428663808748199}
,
{ "x":  8,
"greedy000":  24,
"greedy050":  0.310864448446177,
"greedy100":  0.3687455708832762,
"DP_05":  0.41241023110346153,
"DP_30":  0.41241023110346153,
"DP_60":  0.41241023110346153,
"DP_95":  0.4267718253555769,
"QL":  0.31446478689588203}
,
{ "x":  9,
"greedy000":  17,
"greedy050":  0.29888272618815626,
"greedy100":  0.36249816589346506,
"DP_05":  0.4086585154455925,
"DP_30":  0.4086585154455925,
"DP_60":  0.4086585154455925,
"DP_95":  0.40776540468546807,
"QL":  0.4010473561170557}
]}
