{ "x_label":"l",
"y_label":"Acceptance Rate",
 "results":[
{ "x":  0.2,
"greedy000":  0.0,
"greedy050":  0.0,
"greedy100":  0.9982603604043574,
"DP_05":  0.0,
"DP_30":  0.0,
"DP_60":  0.0,
"DP_95":  0.9973268516728572,
"QL_09":  0.6773998118093626,
"QL_05":  0.8396037810723227,
"RL":  0.9261263393238893}
,
{ "x":  0.4,
"greedy000":  0.0,
"greedy050":  0.0,
"greedy100":  0.9539903854999026,
"DP_05":  0.0,
"DP_30":  0.0,
"DP_60":  0.0,
"DP_95":  0.9527260165664014,
"QL_09":  0.6611253527374916,
"QL_05":  0.7748143680445336,
"RL":  0.9185846616834101}
,
{ "x":  0.6000000000000001,
"greedy000":  0.0,
"greedy050":  0.0,
"greedy100":  0.859943832469475,
"DP_05":  0.0,
"DP_30":  0.0,
"DP_60":  0.0,
"DP_95":  0.8776749736084802,
"QL_09":  0.6413225371377402,
"QL_05":  0.7287449281312078,
"RL":  0.8636853195392094}
,
{ "x":  0.8,
"greedy000":  0.0,
"greedy050":  0.0,
"greedy100":  0.7584817304085918,
"DP_05":  0.0,
"DP_30":  0.0,
"DP_60":  0.0,
"DP_95":  0.821154874259528,
"QL_09":  0.6364732472397192,
"QL_05":  0.714169231521703,
"RL":  0.8052382415070192}
,
{ "x":  1.0,
"greedy000":  0.0,
"greedy050":  0.0,
"greedy100":  0.6909162498294711,
"DP_05":  0.0,
"DP_30":  0.0,
"DP_60":  0.0,
"DP_95":  0.7869847275528372,
"QL_09":  0.6221081653098549,
"QL_05":  0.6948746543748292,
"RL":  0.7779536338070236}
,
{ "x":  1.2,
"greedy000":  0.0,
"greedy050":  0.0,
"greedy100":  0.6106605017800126,
"DP_05":  0.0,
"DP_30":  0.0,
"DP_60":  0.0,
"DP_95":  0.7547082990050032,
"QL_09":  0.5908887055344745,
"QL_05":  0.6602026025052746,
"RL":  0.7465427256905501}
,
{ "x":  1.4000000000000001,
"greedy000":  0.0,
"greedy050":  0.0,
"greedy100":  0.560368261585864,
"DP_05":  0.0,
"DP_30":  0.0,
"DP_60":  0.0,
"DP_95":  0.7341112570184374,
"QL_09":  0.5522354451209417,
"QL_05":  0.6275460421959356,
"RL":  0.7264217327483417}
,
{ "x":  1.6,
"greedy000":  0.0,
"greedy050":  0.0,
"greedy100":  0.5240579414410467,
"DP_05":  0.0,
"DP_30":  0.0,
"DP_60":  0.0,
"DP_95":  0.721299759498742,
"QL_09":  0.5327194768126945,
"QL_05":  0.5998848986189577,
"RL":  0.7128665982287747}
,
{ "x":  1.8,
"greedy000":  0.0,
"greedy050":  0.0,
"greedy100":  0.4859735473288015,
"DP_05":  0.0,
"DP_30":  0.0,
"DP_60":  0.0,
"DP_95":  0.7049834021150391,
"QL_09":  0.508909818257971,
"QL_05":  0.5742853549245135,
"RL":  0.6969065507093803}
,
{ "x":  2.0,
"greedy000":  0.0,
"greedy050":  0.0,
"greedy100":  0.4613031274977623,
"DP_05":  0.0,
"DP_30":  0.0,
"DP_60":  0.0,
"DP_95":  0.6963670901905867,
"QL_09":  0.5096650032177875,
"QL_05":  0.5493130005813663,
"RL":  0.6880668583386657}
,
{ "x":  2.2,
"greedy000":  0.0,
"greedy050":  0.0,
"greedy100":  0.4336813947000344,
"DP_05":  0.0,
"DP_30":  0.0,
"DP_60":  0.0,
"DP_95":  0.6874195182110788,
"QL_09":  0.48652305252410866,
"QL_05":  0.519732970701255,
"RL":  0.6687456282610984}
]}
