{ "x_label":"LC",
"y_label":"Acceptance Rate",
 "results":[
{ "x":  0,
"greedy000":  0.0,
"greedy050":  0.0,
"greedy100":  0.0,
"DP_05":  0.0,
"DP_30":  0.0,
"DP_60":  0.0,
"DP_95":  0.0,
"QL_09":  0.0,
"QL_05":  0.0,
"RL":  0.0}
,
{ "x":  8,
"greedy000":  0.0,
"greedy050":  0.0,
"greedy100":  0.2817049689967399,
"DP_05":  0.0,
"DP_30":  0.0,
"DP_60":  0.0,
"DP_95":  0.5696193939077729,
"QL_09":  0.3860729389383585,
"QL_05":  0.39921108949547507,
"RL":  0.5675311595770033}
,
{ "x":  16,
"greedy000":  0.0,
"greedy050":  0.0,
"greedy100":  0.44882474219376195,
"DP_05":  0.0,
"DP_30":  0.0,
"DP_60":  0.0,
"DP_95":  0.6737274411283609,
"QL_09":  0.47486949071313267,
"QL_05":  0.5474221956203147,
"RL":  0.6744130181155061}
,
{ "x":  24,
"greedy000":  0.0,
"greedy050":  0.0,
"greedy100":  0.5901094618670886,
"DP_05":  0.0,
"DP_30":  0.0,
"DP_60":  0.0,
"DP_95":  0.7400137441899881,
"QL_09":  0.5716322008038514,
"QL_05":  0.6410429353035094,
"RL":  0.7311269765687811}
,
{ "x":  32,
"greedy000":  0.0,
"greedy050":  0.0,
"greedy100":  0.7092706576008487,
"DP_05":  0.0,
"DP_30":  0.0,
"DP_60":  0.0,
"DP_95":  0.8019909657820307,
"QL_09":  0.6332480357208485,
"QL_05":  0.7054336170334286,
"RL":  0.7906247939684583}
,
{ "x":  40,
"greedy000":  0.0,
"greedy050":  0.0,
"greedy100":  0.8016159436133968,
"DP_05":  0.0,
"DP_30":  0.0,
"DP_60":  0.0,
"DP_95":  0.8525887871226867,
"QL_09":  0.6256595921681346,
"QL_05":  0.7282868714233774,
"RL":  0.8311923225563321}
,
{ "x":  48,
"greedy000":  0.0,
"greedy050":  0.0,
"greedy100":  0.8739797460391298,
"DP_05":  0.0,
"DP_30":  0.0,
"DP_60":  0.0,
"DP_95":  0.899935266492841,
"QL_09":  0.64678048606014,
"QL_05":  0.7367961051696577,
"RL":  0.8735468485791774}
,
{ "x":  56,
"greedy000":  0.0,
"greedy050":  0.0,
"greedy100":  0.9356730006990398,
"DP_05":  0.0,
"DP_30":  0.0,
"DP_60":  0.0,
"DP_95":  0.9421216467821424,
"QL_09":  0.6543740839747726,
"QL_05":  0.7432712567983093,
"RL":  0.8805273048984047}
,
{ "x":  64,
"greedy000":  0.0,
"greedy050":  0.0,
"greedy100":  0.9674286719510501,
"DP_05":  0.0,
"DP_30":  0.0,
"DP_60":  0.0,
"DP_95":  0.9683420623440367,
"QL_09":  0.6283680329128788,
"QL_05":  0.7394051377574613,
"RL":  0.8789339408578}
]}
