{ "x_label":"LC",
"y_label":"Average Profit",
 "results":[
{ "x":  0,
"greedy000":  0.0,
"greedy050":  0.0,
"greedy100":  30.221934319042532,
"DP_05":  0.0,
"DP_30":  0.0,
"DP_60":  0.0,
"DP_95":  47.06671063232962,
"QL_09":  45.515367885919915,
"QL_05":  38.912165052881406,
"RL":  46.63411285701289}
,
{ "x":  8,
"greedy000":  0.0,
"greedy050":  0.0,
"greedy100":  44.52782640068226,
"DP_05":  0.0,
"DP_30":  0.0,
"DP_60":  0.0,
"DP_95":  64.9919227967585,
"QL_09":  54.705367343359455,
"QL_05":  54.70361665562816,
"RL":  64.66035304630576}
,
{ "x":  16,
"greedy000":  0.0,
"greedy050":  0.0,
"greedy100":  53.02068214585423,
"DP_05":  0.0,
"DP_30":  0.0,
"DP_60":  0.0,
"DP_95":  68.63115195109022,
"QL_09":  57.724126815142256,
"QL_05":  60.33400862077749,
"RL":  68.0699175299867}
,
{ "x":  24,
"greedy000":  0.0,
"greedy050":  0.0,
"greedy100":  59.76108802716932,
"DP_05":  0.0,
"DP_30":  0.0,
"DP_60":  0.0,
"DP_95":  70.20465128910047,
"QL_09":  62.32382450159438,
"QL_05":  63.77567160056127,
"RL":  69.26280451716025}
,
{ "x":  32,
"greedy000":  0.0,
"greedy050":  0.0,
"greedy100":  65.35532064329593,
"DP_05":  0.0,
"DP_30":  0.0,
"DP_60":  0.0,
"DP_95":  71.39999429382291,
"QL_09":  65.36953217189581,
"QL_05":  66.5916877654746,
"RL":  70.47715022117605}
,
{ "x":  40,
"greedy000":  0.0,
"greedy050":  0.0,
"greedy100":  67.97295228688684,
"DP_05":  0.0,
"DP_30":  0.0,
"DP_60":  0.0,
"DP_95":  71.61600674549754,
"QL_09":  64.68904318138195,
"QL_05":  67.2580343844716,
"RL":  70.30216977858232}
,
{ "x":  48,
"greedy000":  0.0,
"greedy050":  0.0,
"greedy100":  70.33118826806884,
"DP_05":  0.0,
"DP_30":  0.0,
"DP_60":  0.0,
"DP_95":  72.27886523300415,
"QL_09":  65.32422313423605,
"QL_05":  67.76518348286908,
"RL":  71.26047706995683}
,
{ "x":  56,
"greedy000":  0.0,
"greedy050":  0.0,
"greedy100":  72.04037069643047,
"DP_05":  0.0,
"DP_30":  0.0,
"DP_60":  0.0,
"DP_95":  72.99487241185305,
"QL_09":  65.89372775634666,
"QL_05":  68.27045560856205,
"RL":  71.94839362146251}
,
{ "x":  64,
"greedy000":  0.0,
"greedy050":  0.0,
"greedy100":  72.63016317692828,
"DP_05":  0.0,
"DP_30":  0.0,
"DP_60":  0.0,
"DP_95":  73.01312867830322,
"QL_09":  64.59066688302913,
"QL_05":  67.9401007994869,
"RL":  71.78289691709105}
]}
