{"1": {"greedy_fed": 237.71442717777782, "greedy_no_fed": 207.86459619863214, "q-learning": 314.8094716839774}, "2": {"greedy_fed": 237.71442717777782, "greedy_no_fed": 207.86459619863214, "q-learning": 322.28898875083263}, "4": {"greedy_fed": 262.9328501172553, "greedy_no_fed": 207.86459619863214, "q-learning": 231.14951105077114}, "8": {"greedy_fed": 315.7280664202642, "greedy_no_fed": 207.86459619863214, "q-learning": 226.02850215711922}, "Infinity": {"greedy_fed": 341.8803622403599, "greedy_no_fed": 207.86459619863214, "q-learning": 337.09003434072275}}