{ "x_label":"episode",
"y_label":"Acceptance Rate",
 "results":[
{ "x":  20,
"greedy000":  0.0,
"greedy050":  0.0,
"greedy100":  0.44421999999999995,
"DP_05":  0.0,
"DP_30":  0.0,
"DP_60":  0.0,
"DP_95":  0.61968,
"QL_09":  0.29588000000000003,
"QL_05":  0.29757999999999996,
"RL":  0.31322}
,
{ "x":  60,
"greedy000":  0.0,
"greedy050":  0.0,
"greedy100":  0.44304000000000004,
"DP_05":  0.0,
"DP_30":  0.0,
"DP_60":  0.0,
"DP_95":  0.6144599999999999,
"QL_09":  0.33120000000000005,
"QL_05":  0.34892,
"RL":  0.41832}
,
{ "x":  100,
"greedy000":  0.0,
"greedy050":  0.0,
"greedy100":  0.44602,
"DP_05":  0.0,
"DP_30":  0.0,
"DP_60":  0.0,
"DP_95":  0.6124400000000001,
"QL_09":  0.36688,
"QL_05":  0.38712,
"RL":  0.44986000000000004}
,
{ "x":  140,
"greedy000":  0.0,
"greedy050":  0.0,
"greedy100":  0.44486,
"DP_05":  0.0,
"DP_30":  0.0,
"DP_60":  0.0,
"DP_95":  0.6171599999999999,
"QL_09":  0.38512,
"QL_05":  0.3973,
"RL":  0.45442}
,
{ "x":  180,
"greedy000":  0.0,
"greedy050":  0.0,
"greedy100":  0.44489999999999996,
"DP_05":  0.0,
"DP_30":  0.0,
"DP_60":  0.0,
"DP_95":  0.61634,
"QL_09":  0.39712,
"QL_05":  0.40702,
"RL":  0.45914}
,
{ "x":  220,
"greedy000":  0.0,
"greedy050":  0.0,
"greedy100":  0.44142000000000003,
"DP_05":  0.0,
"DP_30":  0.0,
"DP_60":  0.0,
"DP_95":  0.6137800000000001,
"QL_09":  0.40598,
"QL_05":  0.41692,
"RL":  0.45775999999999994}
,
{ "x":  260,
"greedy000":  0.0,
"greedy050":  0.0,
"greedy100":  0.445,
"DP_05":  0.0,
"DP_30":  0.0,
"DP_60":  0.0,
"DP_95":  0.6158999999999999,
"QL_09":  0.40756,
"QL_05":  0.42138,
"RL":  0.4551200000000001}
,
{ "x":  300,
"greedy000":  0.0,
"greedy050":  0.0,
"greedy100":  0.44464000000000004,
"DP_05":  0.0,
"DP_30":  0.0,
"DP_60":  0.0,
"DP_95":  0.61794,
"QL_09":  0.42298,
"QL_05":  0.43112000000000006,
"RL":  0.46620000000000006}
,
{ "x":  340,
"greedy000":  0.0,
"greedy050":  0.0,
"greedy100":  0.4419600000000001,
"DP_05":  0.0,
"DP_30":  0.0,
"DP_60":  0.0,
"DP_95":  0.61756,
"QL_09":  0.4262,
"QL_05":  0.43996,
"RL":  0.4655}
,
{ "x":  380,
"greedy000":  0.0,
"greedy050":  0.0,
"greedy100":  0.4462,
"DP_05":  0.0,
"DP_30":  0.0,
"DP_60":  0.0,
"DP_95":  0.6186,
"QL_09":  0.43162,
"QL_05":  0.43716,
"RL":  0.46887999999999996}
,
{ "x":  420,
"greedy000":  0.0,
"greedy050":  0.0,
"greedy100":  0.4375,
"DP_05":  0.0,
"DP_30":  0.0,
"DP_60":  0.0,
"DP_95":  0.6138600000000001,
"QL_09":  0.42788000000000004,
"QL_05":  0.43710000000000004,
"RL":  0.46014}
]}
