{ "x_label":"PC",
"y_label":"Acceptance Rate",
 "results":[
{ "x":  0,
"greedy000":  0.0,
"greedy050":  0.0,
"greedy100":  0.5221071428571429,
"DP_05":  0.0,
"DP_30":  0.0,
"DP_60":  0.0,
"DP_95":  0.6966071428571429,
"QL_09":  0.6953928571428573,
"QL_05":  0.66575,
"RL":  0.7061071428571429}
,
{ "x":  8,
"greedy000":  0.0,
"greedy050":  0.0,
"greedy100":  0.5191071428571429,
"DP_05":  0.0,
"DP_30":  0.0,
"DP_60":  0.0,
"DP_95":  0.6939642857142857,
"QL_09":  0.67025,
"QL_05":  0.6410357142857144,
"RL":  0.7045}
,
{ "x":  16,
"greedy000":  0.0,
"greedy050":  0.0,
"greedy100":  0.5213571428571429,
"DP_05":  0.0,
"DP_30":  0.0,
"DP_60":  0.0,
"DP_95":  0.6952142857142858,
"QL_09":  0.6142142857142857,
"QL_05":  0.6351071428571429,
"RL":  0.7048571428571428}
,
{ "x":  24,
"greedy000":  0.0,
"greedy050":  0.0,
"greedy100":  0.5373571428571428,
"DP_05":  0.0,
"DP_30":  0.0,
"DP_60":  0.0,
"DP_95":  0.7030714285714286,
"QL_09":  0.6158571428571429,
"QL_05":  0.6353571428571428,
"RL":  0.7034285714285715}
,
{ "x":  32,
"greedy000":  0.0,
"greedy050":  0.0,
"greedy100":  0.5212142857142857,
"DP_05":  0.0,
"DP_30":  0.0,
"DP_60":  0.0,
"DP_95":  0.7039642857142857,
"QL_09":  0.6061428571428572,
"QL_05":  0.6252142857142857,
"RL":  0.6941071428571429}
,
{ "x":  40,
"greedy000":  0.0,
"greedy050":  0.0,
"greedy100":  0.5156785714285715,
"DP_05":  0.0,
"DP_30":  0.0,
"DP_60":  0.0,
"DP_95":  0.6979999999999998,
"QL_09":  0.6080357142857142,
"QL_05":  0.6121071428571428,
"RL":  0.6871785714285714}
,
{ "x":  48,
"greedy000":  0.0,
"greedy050":  0.0,
"greedy100":  0.5308928571428572,
"DP_05":  0.0,
"DP_30":  0.0,
"DP_60":  0.0,
"DP_95":  0.7011071428571428,
"QL_09":  0.6008571428571429,
"QL_05":  0.6139285714285715,
"RL":  0.6861428571428572}
,
{ "x":  56,
"greedy000":  0.0,
"greedy050":  0.0,
"greedy100":  0.525,
"DP_05":  0.0,
"DP_30":  0.0,
"DP_60":  0.0,
"DP_95":  0.6965357142857143,
"QL_09":  0.5982142857142857,
"QL_05":  0.621642857142857,
"RL":  0.6828928571428571}
,
{ "x":  64,
"greedy000":  0.0,
"greedy050":  0.0,
"greedy100":  0.5320714285714286,
"DP_05":  0.0,
"DP_30":  0.0,
"DP_60":  0.0,
"DP_95":  0.7004999999999999,
"QL_09":  0.6098214285714285,
"QL_05":  0.6253928571428571,
"RL":  0.682}
,
{ "x":  72,
"greedy000":  0.0,
"greedy050":  0.0,
"greedy100":  0.5151428571428571,
"DP_05":  0.0,
"DP_30":  0.0,
"DP_60":  0.0,
"DP_95":  0.6943214285714286,
"QL_09":  0.6092857142857142,
"QL_05":  0.6112500000000001,
"RL":  0.67275}
,
{ "x":  80,
"greedy000":  0.0,
"greedy050":  0.0,
"greedy100":  0.5212857142857144,
"DP_05":  0.0,
"DP_30":  0.0,
"DP_60":  0.0,
"DP_95":  0.6991071428571428,
"QL_09":  0.6011071428571428,
"QL_05":  0.61775,
"RL":  0.6776785714285715}
]}
