{ "x_label":"PC",
"y_label":"AR",
 "results":[
{ "x": 0.0,
"greedy000":  0.0,
"greedy050":  0.0,
"greedy100":  0.45912499999999995,
"DP_05":  0.0,
"DP_30":  0.0,
"DP_60":  0.0,
"DP_99":  0.5331249999999998,
"QL_95":  0.50745,
"QL_55":  0.45974999999999994,
"QL_20":  0.45982500000000004,
"RL":  0.504725}
,
{ "x":  0.2,
"greedy000":  0.0,
"greedy050":  0.0,
"greedy100":  0.457125,
"DP_05":  0.0,
"DP_30":  0.0,
"DP_60":  0.0,
"DP_99":  0.5296999999999998,
"QL_95":  0.4953,
"QL_55":  0.46762500000000007,
"QL_20":  0.45842499999999997,
"RL":  0.5155000000000001}
,
{ "x":  0.4,
"greedy000":  0.0,
"greedy050":  0.0,
"greedy100":  0.45777499999999993,
"DP_05":  0.0,
"DP_30":  0.0,
"DP_60":  0.0,
"DP_99":  0.534525,
"QL_95":  0.4916499999999999,
"QL_55":  0.47067499999999995,
"QL_20":  0.465125,
"RL":  0.523375}
,
{ "x":  0.6,
"greedy000":  0.0,
"greedy050":  0.0,
"greedy100":  0.447275,
"DP_05":  0.0,
"DP_30":  0.0,
"DP_60":  0.0,
"DP_99":  0.5267999999999999,
"QL_95":  0.47247500000000003,
"QL_55":  0.46362499999999995,
"QL_20":  0.45505000000000007,
"RL":  0.512575}
,
{ "x":  0.8,
"greedy000":  0.0,
"greedy050":  0.0,
"greedy100":  0.455725,
"DP_05":  0.0,
"DP_30":  0.0,
"DP_60":  0.0,
"DP_99":  0.529725,
"QL_95":  0.46919999999999995,
"QL_55":  0.47420000000000007,
"QL_20":  0.464825,
"RL":  0.515775}
,
{ "x": 1.0,
"greedy000":  0.0,
"greedy050":  0.0,
"greedy100":  0.457425,
"DP_05":  0.0,
"DP_30":  0.0,
"DP_60":  0.0,
"DP_99":  0.5301250000000001,
"QL_95":  0.45554999999999995,
"QL_55":  0.4742749999999999,
"QL_20":  0.462225,
"RL":  0.5144499999999999}
,
{ "x":  1.2,
"greedy000":  0.0,
"greedy050":  0.0,
"greedy100":  0.45385,
"DP_05":  0.0,
"DP_30":  0.0,
"DP_60":  0.0,
"DP_99":  0.5300999999999999,
"QL_95":  0.446775,
"QL_55":  0.4707,
"QL_20":  0.46125000000000005,
"RL":  0.514325}
,
{ "x": 1.4,
"greedy000":  0.0,
"greedy050":  0.0,
"greedy100":  0.4534000000000001,
"DP_05":  0.0,
"DP_30":  0.0,
"DP_60":  0.0,
"DP_99":  0.530775,
"QL_95":  0.4385,
"QL_55":  0.465075,
"QL_20":  0.458725,
"RL":  0.513025}
,
{ "x":  1.6,
"greedy000":  0.0,
"greedy050":  0.0,
"greedy100":  0.45435,
"DP_05":  0.0,
"DP_30":  0.0,
"DP_60":  0.0,
"DP_99":  0.531625,
"QL_95":  0.43689999999999996,
"QL_55":  0.457825,
"QL_20":  0.460175,
"RL":  0.5123249999999999}
]}
