big,small,arrival_time,cpu,mem,disk,lifetime,profit
0,1,0.6707781100720119,1,3,21,2.2354306069775745,4.240468255227758
1,0,0.5602715279832531,9,21,1025,5.3985374507945,8.885167003161614
