{ "x_label":"Capacity",
"y_label":"Acceptance Rate",
 "results":[
{ "x":  25,
"greedy100":  0.18596697788186192,
"DP_01":  0.18596697788186192,
"DP_30":  0.18596697788186192,
"DP_60":  0.21805448054596388,
"DP_99":  0.21805448054596388}
,
{ "x":  50,
"greedy100":  0.2651232352088701,
"DP_01":  0.2651232352088701,
"DP_30":  0.2651232352088701,
"DP_60":  0.3879934885488599,
"DP_99":  0.3879934885488599}
,
{ "x":  75,
"greedy100":  0.3724554952008604,
"DP_01":  0.3724554952008604,
"DP_30":  0.3724554952008604,
"DP_60":  0.4837668308804647,
"DP_99":  0.4837668308804647}
,
{ "x":  100,
"greedy100":  0.4273440846410603,
"DP_01":  0.4273440846410603,
"DP_30":  0.4273440846410603,
"DP_60":  0.4957594069190206,
"DP_99":  0.4957594069190206}
,
{ "x":  125,
"greedy100":  0.5132225562207798,
"DP_01":  0.5132225562207798,
"DP_30":  0.5132225562207798,
"DP_60":  0.49529242774938503,
"DP_99":  0.49529242774938503}
,
{ "x":  150,
"greedy100":  0.5864436871010748,
"DP_01":  0.5864436871010748,
"DP_30":  0.5864436871010748,
"DP_60":  0.5035917523083989,
"DP_99":  0.5035917523083989}
,
{ "x":  175,
"greedy100":  0.6331314479250564,
"DP_01":  0.6331314479250564,
"DP_30":  0.6331314479250564,
"DP_60":  0.5008393639452164,
"DP_99":  0.5008393639452164}
,
{ "x":  200,
"greedy100":  0.7032349078233718,
"DP_01":  0.7032349078233718,
"DP_30":  0.7032349078233718,
"DP_60":  0.5067963871586775,
"DP_99":  0.5067963871586775}
,
{ "x":  225,
"greedy100":  0.7542563877728499,
"DP_01":  0.7542563877728499,
"DP_30":  0.7542563877728499,
"DP_60":  0.4874737103725021,
"DP_99":  0.4874737103725021}
,
{ "x":  250,
"greedy100":  0.7969726618770581,
"DP_01":  0.7969726618770581,
"DP_30":  0.7969726618770581,
"DP_60":  0.4984019624789512,
"DP_99":  0.4984019624789512}
,
{ "x":  275,
"greedy100":  0.861520767454701,
"DP_01":  0.861520767454701,
"DP_30":  0.861520767454701,
"DP_60":  0.488443883638255,
"DP_99":  0.488443883638255}
,
{ "x":  300,
"greedy100":  0.8860470072920936,
"DP_01":  0.8860470072920936,
"DP_30":  0.8860470072920936,
"DP_60":  0.4911903164497632,
"DP_99":  0.4911903164497632}
,
{ "x":  325,
"greedy100":  0.9296378466145688,
"DP_01":  0.9296378466145688,
"DP_30":  0.9296378466145688,
"DP_60":  0.49815699843406425,
"DP_99":  0.49815699843406425}
,
{ "x":  350,
"greedy100":  0.9465342425617658,
"DP_01":  0.9465342425617658,
"DP_30":  0.9465342425617658,
"DP_60":  0.4943156212664858,
"DP_99":  0.4943156212664858}
,
{ "x":  375,
"greedy100":  0.9761237349357161,
"DP_01":  0.9761237349357161,
"DP_30":  0.9761237349357161,
"DP_60":  0.5100056298288245,
"DP_99":  0.5100056298288245}
,
{ "x":  400,
"greedy100":  0.980649173098007,
"DP_01":  0.980649173098007,
"DP_30":  0.980649173098007,
"DP_60":  0.49852146040485756,
"DP_99":  0.49852146040485756}
,
{ "x":  425,
"greedy100":  0.9892242877410707,
"DP_01":  0.9892242877410707,
"DP_30":  0.9892242877410707,
"DP_60":  0.5099126349816347,
"DP_99":  0.5099126349816347}
,
{ "x":  450,
"greedy100":  0.9912831723371462,
"DP_01":  0.9912831723371462,
"DP_30":  0.9912831723371462,
"DP_60":  0.5017193151720685,
"DP_99":  0.5017193151720685}
,
{ "x":  475,
"greedy100":  0.9973953234210411,
"DP_01":  0.9973953234210411,
"DP_30":  0.9973953234210411,
"DP_60":  0.5853789595723657,
"DP_99":  0.5853789595723657}
,
{ "x":  500,
"greedy100":  1.0,
"DP_01":  1.0,
"DP_30":  1.0,
"DP_60":  0.6805881035597844,
"DP_99":  0.6805881035597844}
,
{ "x":  525,
"greedy100":  1.0,
"DP_01":  1.0,
"DP_30":  1.0,
"DP_60":  0.7097710166915983,
"DP_99":  0.7099772022586086}
,
{ "x":  550,
"greedy100":  1.0,
"DP_01":  1.0,
"DP_30":  1.0,
"DP_60":  0.7274908378132721,
"DP_99":  0.7257759460847806}
,
{ "x":  575,
"greedy100":  1.0,
"DP_01":  1.0,
"DP_30":  1.0,
"DP_60":  0.7711264604322956,
"DP_99":  0.7662903338579954}
,
{ "x":  600,
"greedy100":  1.0,
"DP_01":  1.0,
"DP_30":  1.0,
"DP_60":  0.7586325590807826,
"DP_99":  0.7597408796442477}
,
{ "x":  625,
"greedy100":  1.0,
"DP_01":  1.0,
"DP_30":  1.0,
"DP_60":  0.8086835288142991,
"DP_99":  0.8086835288142991}
,
{ "x":  650,
"greedy100":  1.0,
"DP_01":  1.0,
"DP_30":  1.0,
"DP_60":  0.8168349697317552,
"DP_99":  0.8168349697317552}
,
{ "x":  675,
"greedy100":  1.0,
"DP_01":  1.0,
"DP_30":  1.0,
"DP_60":  0.8449637449099845,
"DP_99":  0.8449637449099845}
,
{ "x":  700,
"greedy100":  1.0,
"DP_01":  1.0,
"DP_30":  1.0,
"DP_60":  0.8832857701036902,
"DP_99":  0.8832857701036902}
,
{ "x":  725,
"greedy100":  1.0,
"DP_01":  1.0,
"DP_30":  1.0,
"DP_60":  0.9009192635291983,
"DP_99":  0.9009192635291983}
,
{ "x":  750,
"greedy100":  1.0,
"DP_01":  1.0,
"DP_30":  1.0,
"DP_60":  0.9177850752589863,
"DP_99":  0.9177850752589863}
,
{ "x":  775,
"greedy100":  1.0,
"DP_01":  1.0,
"DP_30":  1.0,
"DP_60":  0.9473319466169089,
"DP_99":  0.9473319466169089}
,
{ "x":  800,
"greedy100":  1.0,
"DP_01":  1.0,
"DP_30":  1.0,
"DP_60":  0.9620201539640124,
"DP_99":  0.9620201539640124}
,
{ "x":  825,
"greedy100":  1.0,
"DP_01":  1.0,
"DP_30":  1.0,
"DP_60":  0.9700149521301563,
"DP_99":  0.9700149521301563}
,
{ "x":  850,
"greedy100":  1.0,
"DP_01":  1.0,
"DP_30":  1.0,
"DP_60":  0.9794916857956688,
"DP_99":  0.9794916857956688}
,
{ "x":  875,
"greedy100":  1.0,
"DP_01":  1.0,
"DP_30":  1.0,
"DP_60":  0.9918618101446492,
"DP_99":  0.9918618101446492}
,
{ "x":  900,
"greedy100":  1.0,
"DP_01":  1.0,
"DP_30":  1.0,
"DP_60":  0.9968413370857754,
"DP_99":  0.9968413370857754}
,
{ "x":  925,
"greedy100":  1.0,
"DP_01":  1.0,
"DP_30":  1.0,
"DP_60":  0.9992410953202118,
"DP_99":  0.9992410953202118}
,
{ "x":  950,
"greedy100":  1.0,
"DP_01":  1.0,
"DP_30":  1.0,
"DP_60":  0.9986188246257603,
"DP_99":  0.9986188246257603}
,
{ "x":  975,
"greedy100":  1.0,
"DP_01":  1.0,
"DP_30":  1.0,
"DP_60":  1.0,
"DP_99":  1.0}
,
{ "x":  1000,
"greedy100":  1.0,
"DP_01":  1.0,
"DP_30":  1.0,
"DP_60":  1.0,
"DP_99":  1.0}
]}
