{ "x_label":"capacity",
"y_label":"Acceptance Rate",
 "results":[
{ "x":  25,
"greedy000":  0.0,
"greedy050":  0.0,
"greedy100":  0.1483975963543058,
"DP_05":  0.1483975963543058,
"DP_30":  0.1483975963543058,
"DP_60":  0.21017991788863055,
"DP_95":  0.21055792021253592,
"QL":  0.0}
,
{ "x":  50,
"greedy000":  0.0,
"greedy050":  0.0,
"greedy100":  0.28214806390727687,
"DP_05":  0.28214806390727687,
"DP_30":  0.28214806390727687,
"DP_60":  0.3592993205460938,
"DP_95":  0.3854964179708035,
"QL":  0.0}
,
{ "x":  75,
"greedy000":  0.0,
"greedy050":  0.0,
"greedy100":  0.39076603429061557,
"DP_05":  0.39076603429061557,
"DP_30":  0.396985899285794,
"DP_60":  0.47308614916382313,
"DP_95":  0.4791398599853148,
"QL":  0.0}
,
{ "x":  100,
"greedy000":  0.0,
"greedy050":  0.0,
"greedy100":  0.4356314690698165,
"DP_05":  0.4356314690698165,
"DP_30":  0.4356314690698165,
"DP_60":  0.5128664454278877,
"DP_95":  0.4960208611787695,
"QL":  0.0}
,
{ "x":  125,
"greedy000":  0.0,
"greedy050":  0.0,
"greedy100":  0.508882775279729,
"DP_05":  0.508882775279729,
"DP_30":  0.508882775279729,
"DP_60":  0.591937700569939,
"DP_95":  0.506883516454425,
"QL":  0.0}
,
{ "x":  150,
"greedy000":  0.0,
"greedy050":  0.0,
"greedy100":  0.6090108517784139,
"DP_05":  0.6090108517784139,
"DP_30":  0.6090108517784139,
"DP_60":  0.6659116875806397,
"DP_95":  0.5033149807572028,
"QL":  0.0}
,
{ "x":  175,
"greedy000":  0.0,
"greedy050":  0.0,
"greedy100":  0.6411578216691378,
"DP_05":  0.6411578216691378,
"DP_30":  0.6411578216691378,
"DP_60":  0.6958531562603896,
"DP_95":  0.5023590990223578,
"QL":  0.0}
,
{ "x":  200,
"greedy000":  0.0,
"greedy050":  0.0,
"greedy100":  0.7303028758953894,
"DP_05":  0.7303028758953894,
"DP_30":  0.7303028758953894,
"DP_60":  0.754626511603904,
"DP_95":  0.5128028282412116,
"QL":  0.0}
,
{ "x":  225,
"greedy000":  0.0,
"greedy050":  0.0,
"greedy100":  0.7773670351129738,
"DP_05":  0.7773670351129738,
"DP_30":  0.7773670351129738,
"DP_60":  0.7906632857707871,
"DP_95":  0.5073656848882899,
"QL":  0.0}
,
{ "x":  250,
"greedy000":  0.0,
"greedy050":  0.0,
"greedy100":  0.8200087217932357,
"DP_05":  0.8200087217932357,
"DP_30":  0.8200087217932357,
"DP_60":  0.8414403685163997,
"DP_95":  0.4970149569781549,
"QL":  0.0}
,
{ "x":  275,
"greedy000":  0.0,
"greedy050":  0.0,
"greedy100":  0.8670821243864382,
"DP_05":  0.8670821243864382,
"DP_30":  0.8670821243864382,
"DP_60":  0.8820123514016899,
"DP_95":  0.4959848198155793,
"QL":  0.0}
,
{ "x":  300,
"greedy000":  0.0,
"greedy050":  0.0,
"greedy100":  0.8921908011087218,
"DP_05":  0.8921908011087218,
"DP_30":  0.8921908011087218,
"DP_60":  0.8926090357971903,
"DP_95":  0.494088973093604,
"QL":  0.0}
,
{ "x":  325,
"greedy000":  0.0,
"greedy050":  0.0,
"greedy100":  0.9128669808319223,
"DP_05":  0.9128669808319223,
"DP_30":  0.9128669808319223,
"DP_60":  0.91260964728834,
"DP_95":  0.49403168035031086,
"QL":  0.0}
,
{ "x":  350,
"greedy000":  0.0,
"greedy050":  0.0,
"greedy100":  0.9481924927350581,
"DP_05":  0.9481924927350581,
"DP_30":  0.9481924927350581,
"DP_60":  0.9465539869487518,
"DP_95":  0.4937018538267018,
"QL":  0.0}
,
{ "x":  375,
"greedy000":  0.0,
"greedy050":  0.0,
"greedy100":  0.976139196058863,
"DP_05":  0.976139196058863,
"DP_30":  0.976139196058863,
"DP_60":  0.9740702372695196,
"DP_95":  0.504231656572838,
"QL":  0.0}
,
{ "x":  400,
"greedy000":  0.0,
"greedy050":  0.0,
"greedy100":  0.9825724349871944,
"DP_05":  0.9825724349871944,
"DP_30":  0.9825724349871944,
"DP_60":  0.9812984387299144,
"DP_95":  0.49366846536704345,
"QL":  0.0}
,
{ "x":  425,
"greedy000":  0.0,
"greedy050":  0.0,
"greedy100":  0.9954722442113596,
"DP_05":  0.9954722442113596,
"DP_30":  0.9954722442113596,
"DP_60":  0.994203031202586,
"DP_95":  0.49278272461320227,
"QL":  0.0}
,
{ "x":  450,
"greedy000":  0.0,
"greedy050":  0.0,
"greedy100":  0.9935139257190448,
"DP_05":  0.9935139257190448,
"DP_30":  0.9935139257190448,
"DP_60":  0.9923258069071637,
"DP_95":  0.5070020994221653,
"QL":  0.0}
,
{ "x":  475,
"greedy000":  0.0,
"greedy050":  0.0,
"greedy100":  0.9968127490039841,
"DP_05":  0.9968127490039841,
"DP_30":  0.9968127490039841,
"DP_60":  0.9964416914900693,
"DP_95":  0.6302155951228012,
"QL":  0.0}
,
{ "x":  500,
"greedy000":  0.0,
"greedy050":  0.0,
"greedy100":  1.0,
"DP_05":  1.0,
"DP_30":  1.0,
"DP_60":  1.0,
"DP_95":  0.675650943005634,
"QL":  0.0}
,
{ "x":  525,
"greedy000":  0.0,
"greedy050":  0.0,
"greedy100":  1.0,
"DP_05":  1.0,
"DP_30":  1.0,
"DP_60":  1.0,
"DP_95":  0.6783404098587733,
"QL":  0.0}
,
{ "x":  550,
"greedy000":  0.0,
"greedy050":  0.0,
"greedy100":  1.0,
"DP_05":  1.0,
"DP_30":  1.0,
"DP_60":  1.0,
"DP_95":  0.7463742244043967,
"QL":  0.0}
,
{ "x":  575,
"greedy000":  0.0,
"greedy050":  0.0,
"greedy100":  1.0,
"DP_05":  1.0,
"DP_30":  1.0,
"DP_60":  1.0,
"DP_95":  0.7589652300743801,
"QL":  0.0}
,
{ "x":  600,
"greedy000":  0.0,
"greedy050":  0.0,
"greedy100":  1.0,
"DP_05":  1.0,
"DP_30":  1.0,
"DP_60":  1.0,
"DP_95":  0.7785773482820559,
"QL":  0.0}
,
{ "x":  625,
"greedy000":  0.0,
"greedy050":  0.0,
"greedy100":  1.0,
"DP_05":  1.0,
"DP_30":  1.0,
"DP_60":  1.0,
"DP_95":  0.8169579825669786,
"QL":  0.0}
,
{ "x":  650,
"greedy000":  0.0,
"greedy050":  0.0,
"greedy100":  1.0,
"DP_05":  1.0,
"DP_30":  1.0,
"DP_60":  1.0,
"DP_95":  0.8330356285185146,
"QL":  0.0}
]}
