{ "x_label":"Capacity",
"y_label":"Federation Rate",
 "results":[
{ "x":  25,
"greedy100":  0.8140330221181381,
"DP_01":  0.8140330221181381,
"DP_30":  0.8140330221181381,
"DP_60":  0.781945519454036,
"DP_99":  0.781945519454036}
,
{ "x":  50,
"greedy100":  0.73487676479113,
"DP_01":  0.73487676479113,
"DP_30":  0.73487676479113,
"DP_60":  0.6120065114511399,
"DP_99":  0.6120065114511399}
,
{ "x":  75,
"greedy100":  0.6275445047991396,
"DP_01":  0.6275445047991396,
"DP_30":  0.6275445047991396,
"DP_60":  0.5162331691195353,
"DP_99":  0.5162331691195353}
,
{ "x":  100,
"greedy100":  0.5726559153589397,
"DP_01":  0.5726559153589397,
"DP_30":  0.5726559153589397,
"DP_60":  0.5042405930809795,
"DP_99":  0.5042405930809795}
,
{ "x":  125,
"greedy100":  0.48677744377922016,
"DP_01":  0.48677744377922016,
"DP_30":  0.48677744377922016,
"DP_60":  0.5047075722506149,
"DP_99":  0.5047075722506149}
,
{ "x":  150,
"greedy100":  0.41355631289892525,
"DP_01":  0.41355631289892525,
"DP_30":  0.41355631289892525,
"DP_60":  0.4964082476916011,
"DP_99":  0.4964082476916011}
,
{ "x":  175,
"greedy100":  0.3668685520749436,
"DP_01":  0.3668685520749436,
"DP_30":  0.3668685520749436,
"DP_60":  0.4991606360547835,
"DP_99":  0.4991606360547835}
,
{ "x":  200,
"greedy100":  0.29676509217662816,
"DP_01":  0.29676509217662816,
"DP_30":  0.29676509217662816,
"DP_60":  0.4932036128413226,
"DP_99":  0.4932036128413226}
,
{ "x":  225,
"greedy100":  0.24574361222715008,
"DP_01":  0.24574361222715008,
"DP_30":  0.24574361222715008,
"DP_60":  0.5125262896274979,
"DP_99":  0.5125262896274979}
,
{ "x":  250,
"greedy100":  0.20302733812294207,
"DP_01":  0.20302733812294207,
"DP_30":  0.20302733812294207,
"DP_60":  0.5015980375210489,
"DP_99":  0.5015980375210489}
,
{ "x":  275,
"greedy100":  0.13847923254529898,
"DP_01":  0.13847923254529898,
"DP_30":  0.13847923254529898,
"DP_60":  0.5115561163617449,
"DP_99":  0.5115561163617449}
,
{ "x":  300,
"greedy100":  0.11395299270790638,
"DP_01":  0.11395299270790638,
"DP_30":  0.11395299270790638,
"DP_60":  0.5088096835502368,
"DP_99":  0.5088096835502368}
,
{ "x":  325,
"greedy100":  0.07036215338543123,
"DP_01":  0.07036215338543123,
"DP_30":  0.07036215338543123,
"DP_60":  0.5018430015659358,
"DP_99":  0.5018430015659358}
,
{ "x":  350,
"greedy100":  0.053465757438234215,
"DP_01":  0.053465757438234215,
"DP_30":  0.053465757438234215,
"DP_60":  0.5056843787335141,
"DP_99":  0.5056843787335141}
,
{ "x":  375,
"greedy100":  0.023876265064283912,
"DP_01":  0.023876265064283912,
"DP_30":  0.023876265064283912,
"DP_60":  0.4899943701711755,
"DP_99":  0.4899943701711755}
,
{ "x":  400,
"greedy100":  0.019350826901992906,
"DP_01":  0.019350826901992906,
"DP_30":  0.019350826901992906,
"DP_60":  0.5014785395951423,
"DP_99":  0.5014785395951423}
,
{ "x":  425,
"greedy100":  0.010775712258929308,
"DP_01":  0.010775712258929308,
"DP_30":  0.010775712258929308,
"DP_60":  0.49008736501836525,
"DP_99":  0.49008736501836525}
,
{ "x":  450,
"greedy100":  0.008716827662853756,
"DP_01":  0.008716827662853756,
"DP_30":  0.008716827662853756,
"DP_60":  0.4982806848279314,
"DP_99":  0.4982806848279314}
,
{ "x":  475,
"greedy100":  0.0026046765789588754,
"DP_01":  0.0026046765789588754,
"DP_30":  0.0026046765789588754,
"DP_60":  0.41462104042763415,
"DP_99":  0.41462104042763415}
,
{ "x":  500,
"greedy100":  0.0,
"DP_01":  0.0,
"DP_30":  0.0,
"DP_60":  0.3194118964402156,
"DP_99":  0.3194118964402156}
,
{ "x":  525,
"greedy100":  0.0,
"DP_01":  0.0,
"DP_30":  0.0,
"DP_60":  0.29022898330840186,
"DP_99":  0.29002279774139156}
,
{ "x":  550,
"greedy100":  0.0,
"DP_01":  0.0,
"DP_30":  0.0,
"DP_60":  0.27250916218672805,
"DP_99":  0.27422405391521937}
,
{ "x":  575,
"greedy100":  0.0,
"DP_01":  0.0,
"DP_30":  0.0,
"DP_60":  0.2288735395677044,
"DP_99":  0.23370966614200453}
,
{ "x":  600,
"greedy100":  0.0,
"DP_01":  0.0,
"DP_30":  0.0,
"DP_60":  0.2413674409192173,
"DP_99":  0.2402591203557524}
,
{ "x":  625,
"greedy100":  0.0,
"DP_01":  0.0,
"DP_30":  0.0,
"DP_60":  0.19131647118570086,
"DP_99":  0.19131647118570086}
,
{ "x":  650,
"greedy100":  0.0,
"DP_01":  0.0,
"DP_30":  0.0,
"DP_60":  0.18316503026824474,
"DP_99":  0.18316503026824474}
,
{ "x":  675,
"greedy100":  0.0,
"DP_01":  0.0,
"DP_30":  0.0,
"DP_60":  0.15503625509001556,
"DP_99":  0.15503625509001556}
,
{ "x":  700,
"greedy100":  0.0,
"DP_01":  0.0,
"DP_30":  0.0,
"DP_60":  0.11671422989630972,
"DP_99":  0.11671422989630972}
,
{ "x":  725,
"greedy100":  0.0,
"DP_01":  0.0,
"DP_30":  0.0,
"DP_60":  0.09908073647080179,
"DP_99":  0.09908073647080179}
,
{ "x":  750,
"greedy100":  0.0,
"DP_01":  0.0,
"DP_30":  0.0,
"DP_60":  0.08221492474101376,
"DP_99":  0.08221492474101376}
,
{ "x":  775,
"greedy100":  0.0,
"DP_01":  0.0,
"DP_30":  0.0,
"DP_60":  0.05266805338309125,
"DP_99":  0.05266805338309125}
,
{ "x":  800,
"greedy100":  0.0,
"DP_01":  0.0,
"DP_30":  0.0,
"DP_60":  0.03797984603598762,
"DP_99":  0.03797984603598762}
,
{ "x":  825,
"greedy100":  0.0,
"DP_01":  0.0,
"DP_30":  0.0,
"DP_60":  0.029985047869843556,
"DP_99":  0.029985047869843556}
,
{ "x":  850,
"greedy100":  0.0,
"DP_01":  0.0,
"DP_30":  0.0,
"DP_60":  0.020508314204331263,
"DP_99":  0.020508314204331263}
,
{ "x":  875,
"greedy100":  0.0,
"DP_01":  0.0,
"DP_30":  0.0,
"DP_60":  0.008138189855350818,
"DP_99":  0.008138189855350818}
,
{ "x":  900,
"greedy100":  0.0,
"DP_01":  0.0,
"DP_30":  0.0,
"DP_60":  0.0031586629142244986,
"DP_99":  0.0031586629142244986}
,
{ "x":  925,
"greedy100":  0.0,
"DP_01":  0.0,
"DP_30":  0.0,
"DP_60":  0.0007589046797883094,
"DP_99":  0.0007589046797883094}
,
{ "x":  950,
"greedy100":  0.0,
"DP_01":  0.0,
"DP_30":  0.0,
"DP_60":  0.001381175374239882,
"DP_99":  0.001381175374239882}
,
{ "x":  975,
"greedy100":  0.0,
"DP_01":  0.0,
"DP_30":  0.0,
"DP_60":  0.0,
"DP_99":  0.0}
,
{ "x":  1000,
"greedy100":  0.0,
"DP_01":  0.0,
"DP_30":  0.0,
"DP_60":  0.0,
"DP_99":  0.0}
]}
