{ "x_label":"capacity",
"y_label":"Average Profit",
 "results":[
{ "x":  25,
"greedy000":  0.0,
"greedy050":  0.0,
"greedy100":  8.965069359991451,
"DP_05":  8.965069359991451,
"DP_30":  8.965069359991451,
"DP_60":  12.347383604191325,
"DP_95":  12.392006999152276,
"QL":  0.0}
,
{ "x":  50,
"greedy000":  0.0,
"greedy050":  0.0,
"greedy100":  14.032886430112864,
"DP_05":  14.032886430112864,
"DP_30":  14.032886430112864,
"DP_60":  18.591303849265262,
"DP_95":  20.2825308427064,
"QL":  0.0}
,
{ "x":  75,
"greedy000":  0.0,
"greedy050":  0.0,
"greedy100":  17.193604009534965,
"DP_05":  17.193604009534965,
"DP_30":  17.443989737596684,
"DP_60":  22.291115940134542,
"DP_95":  24.525728074869686,
"QL":  0.0}
,
{ "x":  100,
"greedy000":  0.0,
"greedy050":  0.0,
"greedy100":  18.000510163536877,
"DP_05":  18.000510163536877,
"DP_30":  18.000510163536877,
"DP_60":  22.88522022955389,
"DP_95":  25.311187901035233,
"QL":  0.0}
,
{ "x":  125,
"greedy000":  0.0,
"greedy050":  0.0,
"greedy100":  20.252657758522933,
"DP_05":  20.252657758522933,
"DP_30":  20.252657758522933,
"DP_60":  24.89178420765224,
"DP_95":  25.837292306266825,
"QL":  0.0}
,
{ "x":  150,
"greedy000":  0.0,
"greedy050":  0.0,
"greedy100":  22.50484385146963,
"DP_05":  22.50484385146963,
"DP_30":  22.50484385146963,
"DP_60":  26.14766725724412,
"DP_95":  25.66243405710294,
"QL":  0.0}
,
{ "x":  175,
"greedy000":  0.0,
"greedy050":  0.0,
"greedy100":  23.136030167748675,
"DP_05":  23.136030167748675,
"DP_30":  23.136030167748675,
"DP_60":  26.58429682157893,
"DP_95":  25.615595852095527,
"QL":  0.0}
,
{ "x":  200,
"greedy000":  0.0,
"greedy050":  0.0,
"greedy100":  25.694623780879574,
"DP_05":  25.694623780879574,
"DP_30":  25.694623780879574,
"DP_60":  27.827308213897805,
"DP_95":  26.12733858381937,
"QL":  0.0}
,
{ "x":  225,
"greedy000":  0.0,
"greedy050":  0.0,
"greedy100":  26.28075534350766,
"DP_05":  26.28075534350766,
"DP_30":  26.28075534350766,
"DP_60":  28.100343056194436,
"DP_95":  25.860918559526205,
"QL":  0.0}
,
{ "x":  250,
"greedy000":  0.0,
"greedy050":  0.0,
"greedy100":  26.761473547274484,
"DP_05":  26.761473547274484,
"DP_30":  26.761473547274484,
"DP_60":  28.127532211771694,
"DP_95":  25.353732891929592,
"QL":  0.0}
,
{ "x":  275,
"greedy000":  0.0,
"greedy050":  0.0,
"greedy100":  27.19221063528814,
"DP_05":  27.19221063528814,
"DP_30":  27.19221063528814,
"DP_60":  28.460111777188036,
"DP_95":  25.30325617096339,
"QL":  0.0}
,
{ "x":  300,
"greedy000":  0.0,
"greedy050":  0.0,
"greedy100":  27.93780224067018,
"DP_05":  27.93780224067018,
"DP_30":  27.93780224067018,
"DP_60":  28.55678458363817,
"DP_95":  25.210359681586596,
"QL":  0.0}
,
{ "x":  325,
"greedy000":  0.0,
"greedy050":  0.0,
"greedy100":  28.205704866783407,
"DP_05":  28.205704866783407,
"DP_30":  28.205704866783407,
"DP_60":  28.84927562469114,
"DP_95":  25.207552337165232,
"QL":  0.0}
,
{ "x":  350,
"greedy000":  0.0,
"greedy050":  0.0,
"greedy100":  28.837548666163617,
"DP_05":  28.837548666163617,
"DP_30":  28.837548666163617,
"DP_60":  29.25347512994646,
"DP_95":  25.191390837508386,
"QL":  0.0}
,
{ "x":  375,
"greedy000":  0.0,
"greedy050":  0.0,
"greedy100":  29.757477085633052,
"DP_05":  29.757477085633052,
"DP_30":  29.757477085633052,
"DP_60":  29.90809917053997,
"DP_95":  25.70735117206906,
"QL":  0.0}
,
{ "x":  400,
"greedy000":  0.0,
"greedy050":  0.0,
"greedy100":  29.43269525711072,
"DP_05":  29.43269525711072,
"DP_30":  29.43269525711072,
"DP_60":  29.564334543681504,
"DP_95":  25.189754802985135,
"QL":  0.0}
,
{ "x":  425,
"greedy000":  0.0,
"greedy050":  0.0,
"greedy100":  29.641111329669588,
"DP_05":  29.641111329669588,
"DP_30":  29.641111329669588,
"DP_60":  29.65913626535136,
"DP_95":  25.146353506046914,
"QL":  0.0}
,
{ "x":  450,
"greedy000":  0.0,
"greedy050":  0.0,
"greedy100":  30.166659654587754,
"DP_05":  30.166659654587754,
"DP_30":  30.166659654587754,
"DP_60":  30.211016239051084,
"DP_95":  25.843102871686096,
"QL":  0.0}
,
{ "x":  475,
"greedy000":  0.0,
"greedy050":  0.0,
"greedy100":  30.015396825487407,
"DP_05":  30.015396825487407,
"DP_30":  30.015396825487407,
"DP_60":  30.026399937344245,
"DP_95":  26.730365070038836,
"QL":  0.0}
,
{ "x":  500,
"greedy000":  0.0,
"greedy050":  0.0,
"greedy100":  29.450620764945704,
"DP_05":  29.450620764945704,
"DP_30":  29.450620764945704,
"DP_60":  29.450620764945704,
"DP_95":  26.531479251996416,
"QL":  0.0}
,
{ "x":  525,
"greedy000":  0.0,
"greedy050":  0.0,
"greedy100":  29.13244296194663,
"DP_05":  29.13244296194663,
"DP_30":  29.13244296194663,
"DP_60":  29.13244296194663,
"DP_95":  26.237506650675584,
"QL":  0.0}
,
{ "x":  550,
"greedy000":  0.0,
"greedy050":  0.0,
"greedy100":  30.317228095253277,
"DP_05":  30.317228095253277,
"DP_30":  30.317228095253277,
"DP_60":  30.317228095253277,
"DP_95":  28.03459611489285,
"QL":  0.0}
,
{ "x":  575,
"greedy000":  0.0,
"greedy050":  0.0,
"greedy100":  30.30333798029104,
"DP_05":  30.30333798029104,
"DP_30":  30.30333798029104,
"DP_60":  30.30333798029104,
"DP_95":  28.134025050960457,
"QL":  0.0}
,
{ "x":  600,
"greedy000":  0.0,
"greedy050":  0.0,
"greedy100":  29.59875112232545,
"DP_05":  29.59875112232545,
"DP_30":  29.59875112232545,
"DP_60":  29.59875112232545,
"DP_95":  27.60594725686396,
"QL":  0.0}
,
{ "x":  625,
"greedy000":  0.0,
"greedy050":  0.0,
"greedy100":  30.22025556671996,
"DP_05":  30.22025556671996,
"DP_30":  30.22025556671996,
"DP_60":  30.22025556671996,
"DP_95":  28.572877409822762,
"QL":  0.0}
,
{ "x":  650,
"greedy000":  0.0,
"greedy050":  0.0,
"greedy100":  30.43883795788862,
"DP_05":  30.43883795788862,
"DP_30":  30.43883795788862,
"DP_60":  30.43883795788862,
"DP_95":  28.93615861455525,
"QL":  0.0}
]}
