{ "x_label":"Capacity",
"y_label":"Average Profit",
 "results":[
{ "x":  25,
"greedy100":  10.762514060899116,
"DP_01":  10.762514060899116,
"DP_30":  10.762514060899116,
"DP_60":  12.744927586613974,
"DP_99":  12.744927586613974}
,
{ "x":  50,
"greedy100":  13.19516327094187,
"DP_01":  13.19516327094187,
"DP_30":  13.19516327094187,
"DP_60":  20.45466959909105,
"DP_99":  20.45466959909105}
,
{ "x":  75,
"greedy100":  16.613534709931184,
"DP_01":  16.613534709931184,
"DP_30":  16.613534709931184,
"DP_60":  24.76649040264872,
"DP_99":  24.76649040264872}
,
{ "x":  100,
"greedy100":  17.9016399716482,
"DP_01":  17.9016399716482,
"DP_30":  17.9016399716482,
"DP_60":  25.29375112240129,
"DP_99":  25.29375112240129}
,
{ "x":  125,
"greedy100":  20.27524890744543,
"DP_01":  20.27524890744543,
"DP_30":  20.27524890744543,
"DP_60":  25.26932895971987,
"DP_99":  25.26932895971987}
,
{ "x":  150,
"greedy100":  22.020143277979546,
"DP_01":  22.020143277979546,
"DP_30":  22.020143277979546,
"DP_60":  25.675995863111552,
"DP_99":  25.675995863111552}
,
{ "x":  175,
"greedy100":  22.79455569655716,
"DP_01":  22.79455569655716,
"DP_30":  22.79455569655716,
"DP_60":  25.541128833315604,
"DP_99":  25.541128833315604}
,
{ "x":  200,
"greedy100":  24.46623541192132,
"DP_01":  24.46623541192132,
"DP_30":  24.46623541192132,
"DP_60":  25.833022970775193,
"DP_99":  25.833022970775193}
,
{ "x":  225,
"greedy100":  24.987764070637454,
"DP_01":  24.987764070637454,
"DP_30":  24.987764070637454,
"DP_60":  24.8862118082526,
"DP_99":  24.8862118082526}
,
{ "x":  250,
"greedy100":  26.282618169310844,
"DP_01":  26.282618169310844,
"DP_30":  26.282618169310844,
"DP_60":  25.421696161468606,
"DP_99":  25.421696161468606}
,
{ "x":  275,
"greedy100":  27.085037293139813,
"DP_01":  27.085037293139813,
"DP_30":  27.085037293139813,
"DP_60":  24.933750298274497,
"DP_99":  24.933750298274497}
,
{ "x":  300,
"greedy100":  27.646849301992233,
"DP_01":  27.646849301992233,
"DP_30":  27.646849301992233,
"DP_60":  25.0683255060384,
"DP_99":  25.0683255060384}
,
{ "x":  325,
"greedy100":  28.754187629282786,
"DP_01":  28.754187629282786,
"DP_30":  28.754187629282786,
"DP_60":  25.409692923269148,
"DP_99":  25.409692923269148}
,
{ "x":  350,
"greedy100":  28.918680557407885,
"DP_01":  28.918680557407885,
"DP_30":  28.918680557407885,
"DP_60":  25.221465442057802,
"DP_99":  25.221465442057802}
,
{ "x":  375,
"greedy100":  29.99492788856623,
"DP_01":  29.99492788856623,
"DP_30":  29.99492788856623,
"DP_60":  25.9902758616124,
"DP_99":  25.9902758616124}
,
{ "x":  400,
"greedy100":  29.495299414533083,
"DP_01":  29.495299414533083,
"DP_30":  29.495299414533083,
"DP_60":  25.427551559838026,
"DP_99":  25.427551559838026}
,
{ "x":  425,
"greedy100":  30.204392665796625,
"DP_01":  30.204392665796625,
"DP_30":  30.204392665796625,
"DP_60":  25.985719114100096,
"DP_99":  25.985719114100096}
,
{ "x":  450,
"greedy100":  29.92698888852079,
"DP_01":  29.92698888852079,
"DP_30":  29.92698888852079,
"DP_60":  25.584246443431354,
"DP_99":  25.584246443431354}
,
{ "x":  475,
"greedy100":  29.54932991479477,
"DP_01":  29.54932991479477,
"DP_30":  29.54932991479477,
"DP_60":  25.86992391483098,
"DP_99":  25.86992391483098}
,
{ "x":  500,
"greedy100":  29.74597566969046,
"DP_01":  29.74597566969046,
"DP_30":  29.74597566969046,
"DP_60":  26.87126860172852,
"DP_99":  26.87126860172852}
,
{ "x":  525,
"greedy100":  29.807978596160602,
"DP_01":  29.807978596160602,
"DP_30":  29.807978596160602,
"DP_60":  27.195917746384982,
"DP_99":  27.197773416488076}
,
{ "x":  550,
"greedy100":  30.253102105476678,
"DP_01":  30.253102105476678,
"DP_30":  30.253102105476678,
"DP_60":  27.800519645796122,
"DP_99":  27.785085620239705}
,
{ "x":  575,
"greedy100":  30.411494400693392,
"DP_01":  30.411494400693392,
"DP_30":  30.411494400693392,
"DP_60":  28.351632544584056,
"DP_99":  28.308107405415353}
,
{ "x":  600,
"greedy100":  29.846047343471344,
"DP_01":  29.846047343471344,
"DP_30":  29.846047343471344,
"DP_60":  27.67374037519839,
"DP_99":  27.683715260269572}
,
{ "x":  625,
"greedy100":  29.946664428403267,
"DP_01":  29.946664428403267,
"DP_30":  29.946664428403267,
"DP_60":  28.224816187731953,
"DP_99":  28.224816187731953}
,
{ "x":  650,
"greedy100":  29.854794802600487,
"DP_01":  29.854794802600487,
"DP_30":  29.854794802600487,
"DP_60":  28.206309530186285,
"DP_99":  28.206309530186285}
,
{ "x":  675,
"greedy100":  30.321945038727485,
"DP_01":  30.321945038727485,
"DP_30":  30.321945038727485,
"DP_60":  28.926618742917345,
"DP_99":  28.926618742917345}
,
{ "x":  700,
"greedy100":  30.407421171134985,
"DP_01":  30.407421171134985,
"DP_30":  30.407421171134985,
"DP_60":  29.356993102068195,
"DP_99":  29.356993102068195}
,
{ "x":  725,
"greedy100":  30.14564099408333,
"DP_01":  30.14564099408333,
"DP_30":  30.14564099408333,
"DP_60":  29.25391436584611,
"DP_99":  29.25391436584611}
,
{ "x":  750,
"greedy100":  29.726548856979576,
"DP_01":  29.726548856979576,
"DP_30":  29.726548856979576,
"DP_60":  28.986614534310455,
"DP_99":  28.986614534310455}
,
{ "x":  775,
"greedy100":  30.10750252239901,
"DP_01":  30.10750252239901,
"DP_30":  30.10750252239901,
"DP_60":  29.633490041951184,
"DP_99":  29.633490041951184}
,
{ "x":  800,
"greedy100":  30.047380380663792,
"DP_01":  30.047380380663792,
"DP_30":  30.047380380663792,
"DP_60":  29.705561766339894,
"DP_99":  29.705561766339894}
,
{ "x":  825,
"greedy100":  29.671777608013606,
"DP_01":  29.671777608013606,
"DP_30":  29.671777608013606,
"DP_60":  29.40191217718501,
"DP_99":  29.40191217718501}
,
{ "x":  850,
"greedy100":  29.84098665493811,
"DP_01":  29.84098665493811,
"DP_30":  29.84098665493811,
"DP_60":  29.656411827099124,
"DP_99":  29.656411827099124}
,
{ "x":  875,
"greedy100":  29.809571926510905,
"DP_01":  29.809571926510905,
"DP_30":  29.809571926510905,
"DP_60":  29.73632821781275,
"DP_99":  29.73632821781275}
,
{ "x":  900,
"greedy100":  30.096007886326113,
"DP_01":  30.096007886326113,
"DP_30":  30.096007886326113,
"DP_60":  30.06757992009809,
"DP_99":  30.06757992009809}
,
{ "x":  925,
"greedy100":  29.933149354082513,
"DP_01":  29.933149354082513,
"DP_30":  29.933149354082513,
"DP_60":  29.92631921196442,
"DP_99":  29.92631921196442}
,
{ "x":  950,
"greedy100":  29.814443849579067,
"DP_01":  29.814443849579067,
"DP_30":  29.814443849579067,
"DP_60":  29.802013271210903,
"DP_99":  29.802013271210903}
,
{ "x":  975,
"greedy100":  30.12424369020921,
"DP_01":  30.12424369020921,
"DP_30":  30.12424369020921,
"DP_60":  30.12424369020921,
"DP_99":  30.12424369020921}
,
{ "x":  1000,
"greedy100":  29.79084029470395,
"DP_01":  29.79084029470395,
"DP_30":  29.79084029470395,
"DP_60":  29.79084029470395,
"DP_99":  29.79084029470395}
]}
