{ "x_label":"Episode",
"y_label":"AR",
 "results":[
{ "x":  100,
"greedy000":  0.0,
"greedy050":  0.0,
"greedy100":  0.45811,
"DP_05":  0.0,
"DP_30":  0.0,
"DP_60":  0.0,
"DP_99":  0.53137,
"QL_95":  0.3123999999999999,
"QL_55":  0.31933,
"QL_20":  0.32174999999999987,
"RL":  0.33465999999999996}
,
{ "x":  400,
"greedy000":  0.0,
"greedy050":  0.0,
"greedy100":  0.45386999999999994,
"DP_05":  0.0,
"DP_30":  0.0,
"DP_60":  0.0,
"DP_99":  0.52961,
"QL_95":  0.4062999999999999,
"QL_55":  0.4289199999999999,
"QL_20":  0.43818999999999997,
"RL":  0.48225999999999997}
,
{ "x":  700,
"greedy000":  0.0,
"greedy050":  0.0,
"greedy100":  0.45217,
"DP_05":  0.0,
"DP_30":  0.0,
"DP_60":  0.0,
"DP_99":  0.53092,
"QL_95":  0.42834000000000005,
"QL_55":  0.44889999999999997,
"QL_20":  0.45182,
"RL":  0.49685000000000007}
,
{ "x":  1000,
"greedy000":  0.0,
"greedy050":  0.0,
"greedy100":  0.45293,
"DP_05":  0.0,
"DP_30":  0.0,
"DP_60":  0.0,
"DP_99":  0.52874,
"QL_95":  0.43389999999999995,
"QL_55":  0.45659,
"QL_20":  0.45368,
"RL":  0.5002899999999999}
,
{ "x":  1300,
"greedy000":  0.0,
"greedy050":  0.0,
"greedy100":  0.45610999999999996,
"DP_05":  0.0,
"DP_30":  0.0,
"DP_60":  0.0,
"DP_99":  0.5310100000000001,
"QL_95":  0.44033999999999995,
"QL_55":  0.4664900000000001,
"QL_20":  0.46044,
"RL":  0.5052799999999998}
,
{ "x":  1600,
"greedy000":  0.0,
"greedy050":  0.0,
"greedy100":  0.45763,
"DP_05":  0.0,
"DP_30":  0.0,
"DP_60":  0.0,
"DP_99":  0.53245,
"QL_95":  0.44703,
"QL_55":  0.4708800000000001,
"QL_20":  0.46384,
"RL":  0.5127900000000001}
,
{ "x":  1900,
"greedy000":  0.0,
"greedy050":  0.0,
"greedy100":  0.4556800000000001,
"DP_05":  0.0,
"DP_30":  0.0,
"DP_60":  0.0,
"DP_99":  0.5302,
"QL_95":  0.44621000000000005,
"QL_55":  0.47200999999999993,
"QL_20":  0.46001000000000003,
"RL":  0.50775}
,
{ "x":  2200,
"greedy000":  0.0,
"greedy050":  0.0,
"greedy100":  0.45942000000000005,
"DP_05":  0.0,
"DP_30":  0.0,
"DP_60":  0.0,
"DP_99":  0.5326099999999999,
"QL_95":  0.4532,
"QL_55":  0.47685999999999984,
"QL_20":  0.46509,
"RL":  0.51629}
,
{ "x":  2500,
"greedy000":  0.0,
"greedy050":  0.0,
"greedy100":  0.45331,
"DP_05":  0.0,
"DP_30":  0.0,
"DP_60":  0.0,
"DP_99":  0.5295100000000001,
"QL_95":  0.44923,
"QL_55":  0.47021000000000013,
"QL_20":  0.46105999999999997,
"RL":  0.5144999999999998}
,
{ "x":  2800,
"greedy000":  0.0,
"greedy050":  0.0,
"greedy100":  0.45588999999999996,
"DP_05":  0.0,
"DP_30":  0.0,
"DP_60":  0.0,
"DP_99":  0.5318500000000002,
"QL_95":  0.44832,
"QL_55":  0.47162,
"QL_20":  0.4623500000000001,
"RL":  0.5153700000000001}
,
{ "x":  3100,
"greedy000":  0.0,
"greedy050":  0.0,
"greedy100":  0.45565000000000005,
"DP_05":  0.0,
"DP_30":  0.0,
"DP_60":  0.0,
"DP_99":  0.5311300000000002,
"QL_95":  0.45205,
"QL_55":  0.47345,
"QL_20":  0.46216000000000007,
"RL":  0.5183499999999999}
,
{ "x":  3400,
"greedy000":  0.0,
"greedy050":  0.0,
"greedy100":  0.4541199999999999,
"DP_05":  0.0,
"DP_30":  0.0,
"DP_60":  0.0,
"DP_99":  0.52919,
"QL_95":  0.45199,
"QL_55":  0.47469,
"QL_20":  0.46184000000000003,
"RL":  0.5177400000000001}
,
{ "x":  3700,
"greedy000":  0.0,
"greedy050":  0.0,
"greedy100":  0.45585999999999993,
"DP_05":  0.0,
"DP_30":  0.0,
"DP_60":  0.0,
"DP_99":  0.5320400000000001,
"QL_95":  0.45549999999999996,
"QL_55":  0.47734999999999994,
"QL_20":  0.46297,
"RL":  0.5225}
]}
