{ "x_label":"Episode",
"y_label":"RR",
 "results":[
{ "x":  100,
"greedy000":  1.0,
"greedy050":  1.0,
"greedy100":  0.2829900000000001,
"DP_05":  1.0,
"DP_30":  1.0,
"DP_60":  1.0,
"DP_99":  0.26383,
"QL_95":  0.43049000000000004,
"QL_55":  0.4203,
"QL_20":  0.4120400000000001,
"RL":  0.41806}
,
{ "x":  400,
"greedy000":  1.0,
"greedy050":  1.0,
"greedy100":  0.28566000000000014,
"DP_05":  1.0,
"DP_30":  1.0,
"DP_60":  1.0,
"DP_99":  0.26449,
"QL_95":  0.3578300000000001,
"QL_55":  0.3307800000000001,
"QL_20":  0.30928,
"RL":  0.29488000000000003}
,
{ "x":  700,
"greedy000":  1.0,
"greedy050":  1.0,
"greedy100":  0.28806999999999994,
"DP_05":  1.0,
"DP_30":  1.0,
"DP_60":  1.0,
"DP_99":  0.2648300000000001,
"QL_95":  0.33846999999999994,
"QL_55":  0.31426999999999994,
"QL_20":  0.29556000000000004,
"RL":  0.2786099999999999}
,
{ "x":  1000,
"greedy000":  1.0,
"greedy050":  1.0,
"greedy100":  0.28973000000000004,
"DP_05":  1.0,
"DP_30":  1.0,
"DP_60":  1.0,
"DP_99":  0.2669499999999999,
"QL_95":  0.33245,
"QL_55":  0.31011,
"QL_20":  0.2945,
"RL":  0.27697000000000005}
,
{ "x":  1300,
"greedy000":  1.0,
"greedy050":  1.0,
"greedy100":  0.28236000000000006,
"DP_05":  1.0,
"DP_30":  1.0,
"DP_60":  1.0,
"DP_99":  0.26376999999999984,
"QL_95":  0.32004999999999995,
"QL_55":  0.3028899999999999,
"QL_20":  0.28587000000000007,
"RL":  0.26575000000000004}
,
{ "x":  1600,
"greedy000":  1.0,
"greedy050":  1.0,
"greedy100":  0.28208999999999995,
"DP_05":  1.0,
"DP_30":  1.0,
"DP_60":  1.0,
"DP_99":  0.26263000000000003,
"QL_95":  0.31574,
"QL_55":  0.29881999999999986,
"QL_20":  0.28304000000000007,
"RL":  0.26147999999999993}
,
{ "x":  1900,
"greedy000":  1.0,
"greedy050":  1.0,
"greedy100":  0.28726000000000007,
"DP_05":  1.0,
"DP_30":  1.0,
"DP_60":  1.0,
"DP_99":  0.26493999999999995,
"QL_95":  0.31811999999999996,
"QL_55":  0.30158000000000007,
"QL_20":  0.28713,
"RL":  0.26791999999999994}
,
{ "x":  2200,
"greedy000":  1.0,
"greedy050":  1.0,
"greedy100":  0.28123,
"DP_05":  1.0,
"DP_30":  1.0,
"DP_60":  1.0,
"DP_99":  0.2599300000000001,
"QL_95":  0.30751000000000006,
"QL_55":  0.2928700000000001,
"QL_20":  0.27964,
"RL":  0.25814000000000004}
,
{ "x":  2500,
"greedy000":  1.0,
"greedy050":  1.0,
"greedy100":  0.28776999999999986,
"DP_05":  1.0,
"DP_30":  1.0,
"DP_60":  1.0,
"DP_99":  0.26554999999999984,
"QL_95":  0.31257999999999997,
"QL_55":  0.30374999999999985,
"QL_20":  0.28608999999999996,
"RL":  0.26275000000000015}
,
{ "x":  2800,
"greedy000":  1.0,
"greedy050":  1.0,
"greedy100":  0.28442,
"DP_05":  1.0,
"DP_30":  1.0,
"DP_60":  1.0,
"DP_99":  0.26454999999999995,
"QL_95":  0.31342000000000003,
"QL_55":  0.29980000000000007,
"QL_20":  0.28398999999999996,
"RL":  0.26420999999999994}
,
{ "x":  3100,
"greedy000":  1.0,
"greedy050":  1.0,
"greedy100":  0.28508999999999995,
"DP_05":  1.0,
"DP_30":  1.0,
"DP_60":  1.0,
"DP_99":  0.2621699999999999,
"QL_95":  0.31006999999999996,
"QL_55":  0.29794999999999994,
"QL_20":  0.28315,
"RL":  0.2599300000000001}
,
{ "x":  3400,
"greedy000":  1.0,
"greedy050":  1.0,
"greedy100":  0.28687000000000007,
"DP_05":  1.0,
"DP_30":  1.0,
"DP_60":  1.0,
"DP_99":  0.26631000000000005,
"QL_95":  0.3120200000000001,
"QL_55":  0.29939000000000004,
"QL_20":  0.28423999999999994,
"RL":  0.2642}
,
{ "x":  3700,
"greedy000":  1.0,
"greedy050":  1.0,
"greedy100":  0.28563000000000005,
"DP_05":  1.0,
"DP_30":  1.0,
"DP_60":  1.0,
"DP_99":  0.2642699999999999,
"QL_95":  0.3071300000000001,
"QL_55":  0.29795000000000016,
"QL_20":  0.28093,
"RL":  0.26086}
]}
