{ "x_label":"LC",
"y_label":"RR",
 "results":[
{ "x": 0,
"greedy000":  1.0,
"greedy050":  1.0,
"greedy100":  0.6951625,
"DP_05":  1.0,
"DP_30":  1.0,
"DP_60":  1.0,
"DP_99":  0.79285,
"QL_95":  0.7916000000000001,
"QL_55":  0.7508875,
"QL_20":  0.6951625,
"RL":  0.7930875}
,
{ "x": 0.2,
"greedy000":  1.0,
"greedy050":  1.0,
"greedy100":  0.6032375,
"DP_05":  1.0,
"DP_30":  1.0,
"DP_60":  1.0,
"DP_99":  0.6539,
"QL_95":  0.649775,
"QL_55":  0.647975,
"QL_20":  0.6038875,
"RL":  0.6512125}
,
{ "x":  0.4,
"greedy000":  1.0,
"greedy050":  1.0,
"greedy100":  0.5266624999999999,
"DP_05":  1.0,
"DP_30":  1.0,
"DP_60":  1.0,
"DP_99":  0.5314,
"QL_95":  0.5501375,
"QL_55":  0.5521625,
"QL_20":  0.5219374999999999,
"RL":  0.528675}
,
{ "x":  0.6,
"greedy000":  1.0,
"greedy050":  1.0,
"greedy100":  0.4442625,
"DP_05":  1.0,
"DP_30":  1.0,
"DP_60":  1.0,
"DP_99":  0.42318750000000005,
"QL_95":  0.4598875,
"QL_55":  0.4621875,
"QL_20":  0.4400124999999999,
"RL":  0.4205}
,
{ "x":  0.8,
"greedy000":  1.0,
"greedy050":  1.0,
"greedy100":  0.3600749999999999,
"DP_05":  1.0,
"DP_30":  1.0,
"DP_60":  1.0,
"DP_99":  0.33758750000000004,
"QL_95":  0.3736625,
"QL_55":  0.37592499999999995,
"QL_20":  0.35545000000000004,
"RL":  0.3357874999999999}
,
{ "x":  1.0,
"greedy000":  1.0,
"greedy050":  1.0,
"greedy100":  0.29032499999999983,
"DP_05":  1.0,
"DP_30":  1.0,
"DP_60":  1.0,
"DP_99":  0.26702500000000007,
"QL_95":  0.31756249999999997,
"QL_55":  0.30222499999999997,
"QL_20":  0.2859625000000001,
"RL":  0.26597499999999985}
,
{ "x":  1.2,
"greedy000":  1.0,
"greedy050":  1.0,
"greedy100":  0.2244124999999999,
"DP_05":  1.0,
"DP_30":  1.0,
"DP_60":  1.0,
"DP_99":  0.20187499999999992,
"QL_95":  0.27107500000000007,
"QL_55":  0.23543749999999997,
"QL_20":  0.22441250000000001,
"RL":  0.1983125000000001}
,
{ "x":  1.4,
"greedy000":  1.0,
"greedy050":  1.0,
"greedy100":  0.17536249999999998,
"DP_05":  1.0,
"DP_30":  1.0,
"DP_60":  1.0,
"DP_99":  0.15353749999999988,
"QL_95":  0.24849999999999994,
"QL_55":  0.1936,
"QL_20":  0.18161249999999995,
"RL":  0.15389999999999981}
,
{ "x":  1.6,
"greedy000":  1.0,
"greedy050":  1.0,
"greedy100":  0.12526250000000005,
"DP_05":  1.0,
"DP_30":  1.0,
"DP_60":  1.0,
"DP_99":  0.10459999999999992,
"QL_95":  0.23486249999999997,
"QL_55":  0.15663749999999987,
"QL_20":  0.13775000000000015,
"RL":  0.10664999999999991}
]}
