{ "x_label":"episode",
"y_label":"Acceptance Rate",
"results":[
{ "x":  5,
"DP_05":  0.5258677243259724,
"DP_30":  0.5858868875055933,
"DP_60":  0.5783757636247858,
"DP_95":  0.5020865581451105,
"QL-Dynamic": 0.484143915076222,
"QL-Static": 0.4948711560565773}
,
{ "x":  10,
"DP_05":  0.5249990340757354,
"DP_30":  0.5839394109574466,
"DP_60":  0.5766182695899671,
"DP_95":  0.4995636003642844,
"QL-Dynamic": 0.5342628694608771,
"QL-Static": 0.506631974207684}
,
{ "x":  15,
"DP_05":  0.5255096440130681,
"DP_30":  0.5840136287396344,
"DP_60":  0.5765428147385081,
"DP_95":  0.4988200590903277,
"QL-Dynamic": 0.5461870683668651,
"QL-Static": 0.5002151195524276}
,
{ "x":  20,
"DP_05":  0.522466542960249,
"DP_30":  0.5845325164438318,
"DP_60":  0.5764750557660832,
"DP_95":  0.5002282467221805,
"QL-Dynamic": 0.5529406199074995,
"QL-Static": 0.5097047157429274}
,
{ "x":  25,
"DP_05":  0.5249231988284386,
"DP_30":  0.5836054341510138,
"DP_60":  0.5768913584140347,
"DP_95":  0.4997372377460571,
"QL-Dynamic": 0.5551249415090864,
"QL-Static": 0.4951703523304773}
,
{ "x":  30,
"DP_05":  0.5243731984180053,
"DP_30":  0.5829133587128819,
"DP_60":  0.5764122304962905,
"DP_95":  0.499558985137895,
"QL-Dynamic": 0.5562974065620955,
"QL-Static": 0.49322477056328223}
,
{ "x":  35,
"DP_05":  0.5272882090391874,
"DP_30":  0.5845305642003524,
"DP_60":  0.5775507970926479,
"DP_95":  0.49970964474546115,
"QL-Dynamic": 0.5592596224608656,
"QL-Static": 0.49250290262156576}
,
{ "x":  40,
"DP_05":  0.5253663057499502,
"DP_30":  0.5831326738104291,
"DP_60":  0.5758524928909874,
"DP_95":  0.4987286537514058,
"QL-Dynamic": 0.564795246997088,
"QL-Static": 0.4956348733555698}
,
{ "x":  45,
"DP_05":  0.5255938916805718,
"DP_30":  0.5843152639918321,
"DP_60":  0.5763330690724725,
"DP_95":  0.49811774825382216,
"QL-Dynamic": 0.5639512670954765,
"QL-Static": 0.49027881366147447}
,
{ "x":  50,
"DP_05":  0.5217092067744143,
"DP_30":  0.5833284340997961,
"DP_60":  0.5757464244940295,
"DP_95":  0.499730157152454,
"QL-Dynamic": 0.565599508184376,
"QL-Static": 0.4659231235188141}
,
{ "x":  55,
"DP_05":  0.5256712679826963,
"DP_30":  0.584201829053517,
"DP_60":  0.5759726761475372,
"DP_95":  0.49945320637170626,
"QL-Dynamic": 0.566098958841584,
"QL-Static": 0.5046357057725738}
,
{ "x":  60,
"DP_05":  0.5258111951731498,
"DP_30":  0.5846249235401688,
"DP_60":  0.5765873676447911,
"DP_95":  0.5003902120393351,
"QL-Dynamic": 0.5722680079461697,
"QL-Static": 0.5024095967719319}
,
{ "x":  65,
"DP_05":  0.5226433491977439,
"DP_30":  0.5834347401899713,
"DP_60":  0.5767538201417447,
"DP_95":  0.5001383505988792,
"QL-Dynamic": 0.5696284427593669,
"QL-Static": 0.4970641675221249}
,
{ "x":  70,
"DP_05":  0.5246760655447603,
"DP_30":  0.5838747650034388,
"DP_60":  0.5771323485431081,
"DP_95":  0.5006295098805877,
"QL-Dynamic": 0.56998573633493,
"QL-Static": 0.5136073134522846}
,
{ "x":  75,
"DP_05":  0.5241269668605293,
"DP_30":  0.5838232364562661,
"DP_60":  0.5769424220953678,
"DP_95":  0.4999566355997738,
"QL-Dynamic": 0.5689202052926768,
"QL-Static": 0.5020199930805864}
,
{ "x":  80,
"DP_05":  0.521751051933731,
"DP_30":  0.5833193389485888,
"DP_60":  0.5761333662716672,
"DP_95":  0.49922524240703736,
"QL-Dynamic": 0.5672744853836682,
"QL-Static": 0.4781987493277675}
,
{ "x":  85,
"DP_05":  0.5269909552261204,
"DP_30":  0.5844246781838084,
"DP_60":  0.5773455188902027,
"DP_95":  0.5005851326975715,
"QL-Dynamic": 0.5710305709085083,
"QL-Static": 0.4947039678295255}
,
{ "x":  90,
"DP_05":  0.5277739694769532,
"DP_30":  0.5861271588910942,
"DP_60":  0.5787921964439878,
"DP_95":  0.501187302902259,
"QL-Dynamic": 0.5656381291812308,
"QL-Static": 0.5106154241461436}
,
{ "x":  95,
"DP_05":  0.5220389959573708,
"DP_30":  0.5824911521203776,
"DP_60":  0.5744208607984242,
"DP_95":  0.4972504368732573,
"QL-Dynamic": 0.5524608511270557,
"QL-Static": 0.5052256542589159}
,
{ "x":  100,
"DP_05":  0.5205023045420558,
"DP_30":  0.5811889036590348,
"DP_60":  0.5730567319168189,
"DP_95":  0.4967691985248645,
"QL-Dynamic": 0.5467730978499885,
"QL-Static": 0.4990714044877366}
,
{ "x":  105,
"DP_05":  0.5253352518518487,
"DP_30":  0.5837030141702683,
"DP_60":  0.5759190237674631,
"DP_95":  0.4993019169498359,
"QL-Dynamic": 0.5475884176341989,
"QL-Static": 0.4775576261942359}
,
{ "x":  110,
"DP_05":  0.5234508095199929,
"DP_30":  0.5829736927181446,
"DP_60":  0.5758805598551858,
"DP_95":  0.4979003223484163,
"QL-Dynamic": 0.5409239981670836,
"QL-Static": 0.49414136953214366}
,
{ "x":  115,
"DP_05":  0.5280131937672066,
"DP_30":  0.5848565479483575,
"DP_60":  0.5771448632117023,
"DP_95":  0.499072443806893,
"QL-Dynamic": 0.540197288007671,
"QL-Static": 0.5042808625094518}
,
{ "x":  120,
"DP_05":  0.5268477565495119,
"DP_30":  0.5843942463110462,
"DP_60":  0.5769602745718032,
"DP_95":  0.4998157954154434,
"QL-Dynamic": 0.5369087330768092,
"QL-Static": 0.4978387365882074}
,
{ "x":  125,
"DP_05":  0.5246604143172324,
"DP_30":  0.5838432296662086,
"DP_60":  0.5754684714516645,
"DP_95":  0.4981187213641536,
"QL-Dynamic": 0.5239040885676717,
"QL-Static": 0.514091333074195}
,
{ "x":  130,
"DP_05":  0.5233072812619953,
"DP_30":  0.5812486838992704,
"DP_60":  0.5753847213812867,
"DP_95":  0.49873844010232204,
"QL-Dynamic": 0.5350577289278389,
"QL-Static": 0.5067999921597446}
,
{ "x":  135,
"DP_05":  0.5203242164821519,
"DP_30":  0.5812919335316588,
"DP_60":  0.5741088520768168,
"DP_95":  0.4972981105773976,
"QL-Dynamic": 0.5277654462200209,
"QL-Static": 0.47753483619870024}
,
{ "x":  140,
"DP_05":  0.5273932041405063,
"DP_30":  0.586331695139503,
"DP_60":  0.5791734424728285,
"DP_95":  0.50164057729495,
"QL-Dynamic": 0.5410892976551213,
"QL-Static": 0.5106863486400792}
,
{ "x":  145,
"DP_05":  0.5228647889765172,
"DP_30":  0.5838324892604135,
"DP_60":  0.5773393777134224,
"DP_95":  0.5005832491113421,
"QL-Dynamic": 0.5296401957283606,
"QL-Static": 0.5110038651500561}
,
{ "x":  150,
"DP_05":  0.5251250762679959,
"DP_30":  0.5842599528333298,
"DP_60":  0.5768802299283184,
"DP_95":  0.5004682186718263,
"QL-Dynamic": 0.5396966043018666,
"QL-Static": 0.4916447937500895}
,
{ "x":  155,
"DP_05":  0.5275642683132673,
"DP_30":  0.5878571816963943,
"DP_60":  0.5794998357388355,
"DP_95":  0.503678017665662,
"QL-Dynamic": 0.532814217112045,
"QL-Static": 0.49948720601187513}
,
{ "x":  160,
"DP_05":  0.5238880248741983,
"DP_30":  0.582832765356313,
"DP_60":  0.5761823439710331,
"DP_95":  0.4988275966139082,
"QL-Dynamic": 0.5322466144050284,
"QL-Static": 0.48748800009891186}
,
{ "x":  165,
"DP_05":  0.5233883159511982,
"DP_30":  0.5810961429813879,
"DP_60":  0.5746674866477454,
"DP_95":  0.499095521604004,
"QL-Dynamic": 0.5258718544609317,
"QL-Static": 0.5104677501195909}
,
{ "x":  170,
"DP_05":  0.5259642074981484,
"DP_30":  0.5831721815232459,
"DP_60":  0.5758618143765837,
"DP_95":  0.49747280467641786,
"QL-Dynamic": 0.5251135511888568,
"QL-Static": 0.49548225277662844}
,
{ "x":  175,
"DP_05":  0.5226604507785254,
"DP_30":  0.5825586676536079,
"DP_60":  0.5751589157801308,
"DP_95":  0.4987844065977792,
"QL-Dynamic": 0.5336473235618676,
"QL-Static": 0.48133421652037284}
,
{ "x":  180,
"DP_05":  0.5267458827336187,
"DP_30":  0.5852978459974287,
"DP_60":  0.5775347484408497,
"DP_95":  0.5001337692934379,
"QL-Dynamic": 0.5392314992217802,
"QL-Static": 0.4998518640062873}
,
{ "x":  185,
"DP_05":  0.5228559829228425,
"DP_30":  0.5838877360531227,
"DP_60":  0.5770911286899557,
"DP_95":  0.5009327884315244,
"QL-Dynamic": 0.5282020243533787,
"QL-Static": 0.4697998722928093}
,
{ "x":  190,
"DP_05":  0.5250826236031307,
"DP_30":  0.5852172920435982,
"DP_60":  0.5768318931100374,
"DP_95":  0.49922668495988765,
"QL-Dynamic": 0.530533205133163,
"QL-Static": 0.4854939566812741}
,
{ "x":  195,
"DP_05":  0.5236034646943897,
"DP_30":  0.5839312670238036,
"DP_60":  0.5772025899152955,
"DP_95":  0.5006515658340306,
"QL-Dynamic": 0.5300355397216974,
"QL-Static": 0.4743240731021553}
,
{ "x":  200,
"DP_05":  0.5229669873960594,
"DP_30":  0.5834383743351286,