{ "x_label":"episode",
"y_label":"Federation Rate",
"results":[
{ "x":  5,
"DP_05":  0.47413227567402755,
"DP_30":  0.41411311249440674,
"DP_60":  0.42162423637521407,
"DP_95":  0.49791344185488934,
"QL-Dynamic": 0.28613287440024116,
"QL-Static": 0.27249596041225377}
,
{ "x":  10,
"DP_05":  0.4750009659242645,
"DP_30":  0.4160605890425535,
"DP_60":  0.4233817304100328,
"DP_95":  0.5004363996357156,
"QL-Dynamic": 0.2836070802010435,
"QL-Static": 0.2895019898399927}
,
{ "x":  15,
"DP_05":  0.47449035598693184,
"DP_30":  0.41598637126036564,
"DP_60":  0.42345718526149184,
"DP_95":  0.5011799409096723,
"QL-Dynamic": 0.2933767198073606,
"QL-Static": 0.2539942227102497}
,
{ "x":  20,
"DP_05":  0.477533457039751,
"DP_30":  0.41546748355616814,
"DP_60":  0.42352494423391673,
"DP_95":  0.4997717532778196,
"QL-Dynamic": 0.3129687702620926,
"QL-Static": 0.27207382232593863}
,
{ "x":  25,
"DP_05":  0.47507680117156137,
"DP_30":  0.4163945658489861,
"DP_60":  0.42310864158596506,
"DP_95":  0.5002627622539428,
"QL-Dynamic": 0.3519822309618673,
"QL-Static": 0.28124993833228124}
,
{ "x":  30,
"DP_05":  0.4756268015819947,
"DP_30":  0.4170866412871183,
"DP_60":  0.42358776950370947,
"DP_95":  0.500441014862105,
"QL-Dynamic": 0.38883582378148424,
"QL-Static": 0.30927651530311984}
,
{ "x":  35,
"DP_05":  0.4727117909608126,
"DP_30":  0.4154694357996476,
"DP_60":  0.4224492029073522,
"DP_95":  0.5002903552545388,
"QL-Dynamic": 0.4250055761377816,
"QL-Static": 0.2942681844030097}
,
{ "x":  40,
"DP_05":  0.4746336942500497,
"DP_30":  0.41686732618957106,
"DP_60":  0.4241475071090127,
"DP_95":  0.5012713462485943,
"QL-Dynamic": 0.42475852922765356,
"QL-Static": 0.2940685477303628}
,
{ "x":  45,
"DP_05":  0.4744061083194282,
"DP_30":  0.4156847360081681,
"DP_60":  0.4236669309275275,
"DP_95":  0.501882251746178,
"QL-Dynamic": 0.43159828059630323,
"QL-Static": 0.30605257439498845}
,
{ "x":  50,
"DP_05":  0.4782907932255855,
"DP_30":  0.4166715659002039,
"DP_60":  0.42425357550597065,
"DP_95":  0.5002698428475459,
"QL-Dynamic": 0.43231638448292037,
"QL-Static": 0.32404672802571804}
,
{ "x":  55,
"DP_05":  0.47432873201730374,
"DP_30":  0.4157981709464829,
"DP_60":  0.4240273238524629,
"DP_95":  0.5005467936282938,
"QL-Dynamic": 0.43301090796632447,
"QL-Static": 0.30574777033737266}
,
{ "x":  60,
"DP_05":  0.4741888048268501,
"DP_30":  0.41537507645983124,
"DP_60":  0.42341263235520893,
"DP_95":  0.4996097879606649,
"QL-Dynamic": 0.42605620805546585,
"QL-Static": 0.2850658053981791}
,
{ "x":  65,
"DP_05":  0.4773566508022561,
"DP_30":  0.41656525981002873,
"DP_60":  0.42324617985825524,
"DP_95":  0.49986164940112077,
"QL-Dynamic": 0.4298659058338404,
"QL-Static": 0.29587656759962205}
,
{ "x":  70,
"DP_05":  0.4753239344552396,
"DP_30":  0.4161252349965611,
"DP_60":  0.42286765145689204,
"DP_95":  0.4993704901194122,
"QL-Dynamic": 0.42848989206134447,
"QL-Static": 0.25913380483979187}
,
{ "x":  75,
"DP_05":  0.47587303313947066,
"DP_30":  0.41617676354373395,
"DP_60":  0.42305757790463194,
"DP_95":  0.5000433644002262,
"QL-Dynamic": 0.4299686688371285,
"QL-Static": 0.2926782084536388}
,
{ "x":  80,
"DP_05":  0.47824894806626916,
"DP_30":  0.41668066105141127,
"DP_60":  0.42386663372833266,
"DP_95":  0.5007747575929626,
"QL-Dynamic": 0.43016808406427126,
"QL-Static": 0.30384565535877256}
,
{ "x":  85,
"DP_05":  0.47300904477387967,
"DP_30":  0.41557532181619167,
"DP_60":  0.4226544811097972,
"DP_95":  0.49941486730242846,
"QL-Dynamic": 0.42837088180189253,
"QL-Static": 0.3005953193731798}
,
{ "x":  90,
"DP_05":  0.4722260305230468,
"DP_30":  0.4138728411089057,
"DP_60":  0.4212078035560121,
"DP_95":  0.498812697097741,
"QL-Dynamic": 0.43297007654148045,
"QL-Static": 0.2686401694848996}
,
{ "x":  95,
"DP_05":  0.4779610040426293,
"DP_30":  0.41750884787962245,
"DP_60":  0.4255791392015756,
"DP_95":  0.5027495631267427,
"QL-Dynamic": 0.44179004914962827,
"QL-Static": 0.29535466364030344}
,
{ "x":  100,
"DP_05":  0.4794976954579442,
"DP_30":  0.41881109634096525,
"DP_60":  0.4269432680831811,
"DP_95":  0.5032308014751355,
"QL-Dynamic": 0.4520413263544817,
"QL-Static": 0.25365546000661016}
,
{ "x":  105,
"DP_05":  0.4746647481481513,
"DP_30":  0.41629698582973157,
"DP_60":  0.42408097623253693,
"DP_95":  0.5006980830501641,
"QL-Dynamic": 0.4466617095203529,
"QL-Static": 0.30606825280439176}
,
{ "x":  110,
"DP_05":  0.47654919048000693,
"DP_30":  0.41702630728185547,
"DP_60":  0.42411944014481423,
"DP_95":  0.5020996776515837,
"QL-Dynamic": 0.45627588178801554,
"QL-Static": 0.2913453538986061}
,
{ "x":  115,
"DP_05":  0.47198680623279343,
"DP_30":  0.4151434520516424,
"DP_60":  0.42285513678829756,
"DP_95":  0.500927556193107,
"QL-Dynamic": 0.45776506292622265,
"QL-Static": 0.27032091750431}
,
{ "x":  120,
"DP_05":  0.4731522434504881,
"DP_30":  0.41560575368895397,
"DP_60":  0.4230397254281968,
"DP_95":  0.5001842045845567,
"QL-Dynamic": 0.46095178790760116,
"QL-Static": 0.27718800149281203}
,
{ "x":  125,
"DP_05":  0.4753395856827676,
"DP_30":  0.41615677033379134,
"DP_60":  0.42453152854833553,
"DP_95":  0.5018812786358464,
"QL-Dynamic": 0.4741992045918557,
"QL-Static": 0.2827196613329537}
,
{ "x":  130,
"DP_05":  0.4766927187380048,
"DP_30":  0.4187513161007297,
"DP_60":  0.42461527861871323,
"DP_95":  0.5012615598976778,
"QL-Dynamic": 0.4613459665701229,
"QL-Static": 0.29778660438155474}
,
{ "x":  135,
"DP_05":  0.47967578351784795,
"DP_30":  0.41870806646834124,
"DP_60":  0.42589114792318333,
"DP_95":  0.5027018894226024,
"QL-Dynamic": 0.4697265490941933,
"QL-Static": 0.3098101720855674}
,
{ "x":  140,
"DP_05":  0.4726067958594938,
"DP_30":  0.4136683048604969,
"DP_60":  0.4208265575271715,
"DP_95":  0.49835942270504996,
"QL-Dynamic": 0.4576334971324398,
"QL-Static": 0.2740730474640152}
,
{ "x":  145,
"DP_05":  0.4771352110234829,
"DP_30":  0.4161675107395864,
"DP_60":  0.4226606222865775,
"DP_95":  0.49941675088865795,
"QL-Dynamic": 0.46867913805713174,
"QL-Static": 0.2751194823601157}
,
{ "x":  150,
"DP_05":  0.47487492373200413,
"DP_30":  0.4157400471666701,
"DP_60":  0.4231197700716816,
"DP_95":  0.49953178132817355,
"QL-Dynamic": 0.45836365533633633,
"QL-Static": 0.3066523418576748}
,
{ "x":  155,
"DP_05":  0.4724357316867326,
"DP_30":  0.4121428183036056,
"DP_60":  0.42050016426116454,
"DP_95":  0.4963219823343381,
"QL-Dynamic": 0.4649004634744085,
"QL-Static": 0.28978818514140375}
,
{ "x":  160,
"DP_05":  0.4761119751258018,
"DP_30":  0.41716723464368693,
"DP_60":  0.4238176560289669,
"DP_95":  0.5011724033860918,
"QL-Dynamic": 0.46556819704197216,
"QL-Static": 0.2907463580460501}
,
{ "x":  165,
"DP_05":  0.4766116840488018,
"DP_30":  0.4189038570186121,
"DP_60":  0.4253325133522546,
"DP_95":  0.5009044783959961,
"QL-Dynamic": 0.47019419370047105,
"QL-Static": 0.2753397621833741}
,
{ "x":  170,
"DP_05":  0.47403579250185146,
"DP_30":  0.4168278184767542,
"DP_60":  0.42413818562341626,
"DP_95":  0.502527195323582,
"QL-Dynamic": 0.4727306125177394,
"QL-Static": 0.2649829629308934}
,
{ "x":  175,
"DP_05":  0.47733954922147454,
"DP_30":  0.41744133234639236,
"DP_60":  0.4248410842198693,
"DP_95":  0.5012155934022208,
"QL-Dynamic": 0.46357127478495047,
"QL-Static": 0.31495212417853335}
,
{ "x":  180,
"DP_05":  0.4732541172663813,
"DP_30":  0.4147021540025713,
"DP_60":  0.4224652515591503,
"DP_95":  0.49986623070656205,
"QL-Dynamic": 0.4567097697660957,
"QL-Static": 0.29617361586063984}
,
{ "x":  185,
"DP_05":  0.4771440170771574,
"DP_30":  0.4161122639468773,
"DP_60":  0.4229088713100444,
"DP_95":  0.4990672115684756,
"QL-Dynamic": 0.4679080390595688,
"QL-Static": 0.3098480050184323}
,
{ "x":  190,
"DP_05":  0.4749173763968693,
"DP_30":  0.41478270795640176,
"DP_60":  0.42316810688996265,
"DP_95":  0.5007733150401124,
"QL-Dynamic": 0.4665620131911165,
"QL-Static": 0.32072351019318}
,
{ "x":  195,
"DP_05":  0.4763965353056103,
"DP_30":  0.41606873297619634,
"DP_60":  0.4227974100847044,
"DP_95":  0.4993484341659694,
"QL-Dynamic": 0.4663579960970743,