{ "x_label":"episode",
"y_label":"Average Profit",
"results":[
{ "x":  5,
"DP_05":  219.03660536801755,
"DP_30":  256.04968992613834,
"DP_60":  257.03619693183276,
"DP_95":  260.5063282451024,
"QL-Dynamic": 229.07591005442526,
"QL-Static": 234.04562414015228}
,
{ "x":  10,
"DP_05":  218.62989171545252,
"DP_30":  255.30641489368688,
"DP_60":  256.3181223471973,
"DP_95":  259.29115398890167,
"QL-Dynamic": 249.40308991248227,
"QL-Static": 237.87269769014983}
,
{ "x":  15,
"DP_05":  218.3811747612791,
"DP_30":  254.9584040100207,
"DP_60":  256.0199529429339,
"DP_95":  258.9329924117021,
"QL-Dynamic": 251.13079789816527,
"QL-Static": 235.97727520626347}
,
{ "x":  20,
"DP_05":  217.88569208302783,
"DP_30":  255.39166020443972,
"DP_60":  256.43058583687804,
"DP_95":  259.61032167997377,
"QL-Dynamic": 252.48388811093733,
"QL-Static": 241.3350268083628}
,
{ "x":  25,
"DP_05":  218.95337267860177,
"DP_30":  255.13291657392648,
"DP_60":  256.09384091631466,
"DP_95":  259.3762854899921,
"QL-Dynamic": 252.48447560151087,
"QL-Static": 235.32790492720034}
,
{ "x":  30,
"DP_05":  218.80900934153635,
"DP_30":  254.96166033837497,
"DP_60":  256.0476893056526,
"DP_95":  259.2900926070136,
"QL-Dynamic": 253.09984290267792,
"QL-Static": 237.81949276932812}
,
{ "x":  35,
"DP_05":  219.09683963604957,
"DP_30":  255.11778166411048,
"DP_60":  256.0664461019372,
"DP_95":  259.3635708164038,
"QL-Dynamic": 253.97708736082413,
"QL-Static": 235.56806547347773}
,
{ "x":  40,
"DP_05":  218.77139678476826,
"DP_30":  254.74465947400978,
"DP_60":  255.76725961273408,
"DP_95":  258.89010009848914,
"QL-Dynamic": 254.13419331336974,
"QL-Static": 237.03268018095525}
,
{ "x":  45,
"DP_05":  218.2246648087418,
"DP_30":  254.80224685055725,
"DP_60":  255.67095860121458,
"DP_95":  258.59784894196724,
"QL-Dynamic": 254.32633463253168,
"QL-Static": 237.44474801811063}
,
{ "x":  50,
"DP_05":  217.67829301337457,
"DP_30":  255.10862881020668,
"DP_60":  256.07525041307076,
"DP_95":  259.3718096637929,
"QL-Dynamic": 254.1269435189672,
"QL-Static": 226.78278612844534}
,
{ "x":  55,
"DP_05":  219.2296023890544,
"DP_30":  255.27682021906617,
"DP_60":  256.24536180975633,
"DP_95":  259.23808134042093,
"QL-Dynamic": 254.73316937579747,
"QL-Static": 244.27555318128427}
,
{ "x":  60,
"DP_05":  218.9791388559283,
"DP_30":  255.27700151362373,
"DP_60":  256.36926179625453,
"DP_95":  259.68931181556826,
"QL-Dynamic": 254.952812501781,
"QL-Static": 241.81617939884143}
,
{ "x":  65,
"DP_05":  217.98454261049056,
"DP_30":  255.2788673966243,
"DP_60":  256.3592091253299,
"DP_95":  259.56654663806097,
"QL-Dynamic": 253.9142820066871,
"QL-Static": 241.77719604817932}
,
{ "x":  70,
"DP_05":  218.9453571486896,
"DP_30":  255.54620591659494,
"DP_60":  256.53251079255773,
"DP_95":  259.8027942525628,
"QL-Dynamic": 253.9336533479825,
"QL-Static": 241.34091825429402}
,
{ "x":  75,
"DP_05":  218.61246496259903,
"DP_30":  255.39590432606823,
"DP_60":  256.32249465463576,
"DP_95":  259.48078606856564,
"QL-Dynamic": 252.08215095319156,
"QL-Static": 238.61285408772784}
,
{ "x":  80,
"DP_05":  217.58084128799513,
"DP_30":  255.07156287666191,
"DP_60":  256.0869521821112,
"DP_95":  259.12896120566,
"QL-Dynamic": 252.57589220320992,
"QL-Static": 233.17473556168127}
,
{ "x":  85,
"DP_05":  219.84769431452878,
"DP_30":  255.54349614713712,
"DP_60":  256.5753578083414,
"DP_95":  259.7846314320981,
"QL-Dynamic": 251.67521635321083,
"QL-Static": 236.01245803846967}
,
{ "x":  90,
"DP_05":  219.63797746684892,
"DP_30":  255.84585209069726,
"DP_60":  256.9547692522144,
"DP_95":  260.07383106554386,
"QL-Dynamic": 249.92678615603833,
"QL-Static": 244.94913726177697}
,
{ "x":  95,
"DP_05":  216.88465401247387,
"DP_30":  253.92161770418477,
"DP_60":  254.84720928262726,
"DP_95":  258.17853852351055,
"QL-Dynamic": 242.78875109068892,
"QL-Static": 245.8856192035723}
,
{ "x":  100,
"DP_05":  216.9795985991915,
"DP_30":  253.77367335401266,
"DP_60":  254.72110685783286,
"DP_95":  257.94816847526045,
"QL-Dynamic": 241.0151896068019,
"QL-Static": 239.27156015730773}
,
{ "x":  105,
"DP_05":  218.85427320224514,
"DP_30":  254.9400176295193,
"DP_60":  256.0359564610981,
"DP_95":  259.1663645769567,
"QL-Dynamic": 239.72791480451585,
"QL-Static": 230.92061306892438}
,
{ "x":  110,
"DP_05":  217.09909758763527,
"DP_30":  254.465148678292,
"DP_60":  255.56254532847765,
"DP_95":  258.4922086759501,
"QL-Dynamic": 237.58043685814366,
"QL-Static": 237.11499788284584}
,
{ "x":  115,
"DP_05":  219.52797497769933,
"DP_30":  255.24794664608868,
"DP_60":  256.1261817548965,
"DP_95":  259.0560469548931,
"QL-Dynamic": 236.13389306350885,
"QL-Static": 241.7114347409149}
,
{ "x":  120,
"DP_05":  219.62326969846129,
"DP_30":  255.26622321260766,
"DP_60":  256.4201923049318,
"DP_95":  259.4145887319741,
"QL-Dynamic": 235.31431780241448,
"QL-Static": 239.28202885487707}
,
{ "x":  125,
"DP_05":  217.92401079166615,
"DP_30":  254.61208700300472,
"DP_60":  255.63677255898904,
"DP_95":  258.5951049761578,
"QL-Dynamic": 228.21848933086412,
"QL-Static": 242.7087520584391}
,
{ "x":  130,
"DP_05":  217.62331112174553,
"DP_30":  254.4716906922409,
"DP_60":  255.70101789354135,
"DP_95":  258.8942682774255,
"QL-Dynamic": 232.5170217287865,
"QL-Static": 242.2113228020141}
,
{ "x":  135,
"DP_05":  217.14918171320477,
"DP_30":  254.23530052782903,
"DP_60":  255.28849196032425,
"DP_95":  258.2014778905506,
"QL-Dynamic": 231.94958781126073,
"QL-Static": 226.6935601782782}
,
{ "x":  140,
"DP_05":  219.97089743039018,
"DP_30":  256.3860231519685,
"DP_60":  257.36948294187334,
"DP_95":  260.28911767887115,
"QL-Dynamic": 236.18123589692038,
"QL-Static": 244.88060258266785}
,
{ "x":  145,
"DP_05":  218.2071301744345,
"DP_30":  255.77150612354944,
"DP_60":  256.57621268105527,
"DP_95":  259.7816321743665,
"QL-Dynamic": 229.49929040632264,
"QL-Static": 244.06859129479267}
,
{ "x":  150,
"DP_05":  219.02427676612558,
"DP_30":  255.34105506894954,
"DP_60":  256.4643111273229,
"DP_95":  259.72680582858834,
"QL-Dynamic": 234.96529161922797,
"QL-Static": 234.14519565311267}
,
{ "x":  155,
"DP_05":  219.9950871046502,
"DP_30":  257.079785864105,
"DP_60":  258.0316238044825,
"DP_95":  261.27236164000607,
"QL-Dynamic": 232.28073911298495,
"QL-Static": 241.460282000351}
,
{ "x":  160,
"DP_05":  218.41186502809433,
"DP_30":  254.9068830662585,
"DP_60":  255.80831597170965,
"DP_95":  258.93821516913744,
"QL-Dynamic": 232.75209188511838,
"QL-Static": 234.96546686789642}
,
{ "x":  165,
"DP_05":  217.99970463200066,
"DP_30":  254.61282440308094,
"DP_60":  255.64918305199538,
"DP_95":  259.0665383221143,
"QL-Dynamic": 230.0406017989634,
"QL-Static": 242.68183062537892}
,
{ "x":  170,
"DP_05":  218.88293762265093,
"DP_30":  254.4245817285286,
"DP_60":  255.5353023401194,
"DP_95":  258.28495977031827,
"QL-Dynamic": 229.2019638922127,
"QL-Static": 239.5903236996253}
,
{ "x":  175,
"DP_05":  217.70102629589124,
"DP_30":  254.81458863255614,
"DP_60":  255.84333922343168,
"DP_95":  258.9185308326847,
"QL-Dynamic": 234.59506863571835,
"QL-Static": 235.0956496675024}
,
{ "x":  180,
"DP_05":  219.18777714317676,
"DP_30":  255.56859234161064,
"DP_60":  256.55587212451815,
"DP_95":  259.56934982561495,
"QL-Dynamic": 235.98838310068368,
"QL-Static": 240.5834802917787}
,
{ "x":  185,
"DP_05":  218.0555874549801,
"DP_30":  255.61598168173555,
"DP_60":  256.73643383548716,
"DP_95":  259.9492080148873,
"QL-Dynamic": 230.24449803529748,
"QL-Static": 230.57236771120543}
,
{ "x":  190,
"DP_05":  218.69175617832397,
"DP_30":  255.2283454460373,
"DP_60":  256.1076181556438,
"DP_95":  259.12857153453456,
"QL-Dynamic": 231.13433354144033,
"QL-Static": 232.92072689100817}
,
{ "x":  195,
"DP_05":  218.3151900339983,
"DP_30":  255.63929527373176,
"DP_60":  256.6863703194954,
"DP_95":  259.81447304264435,
"QL-Dynamic": 233.18893023071476,
"QL-Static": 232.36560651883008}
,
{ "x":  200,
"DP_05":  217.08443303880068,
"DP_30":  254.82529353741688,
"DP_60":  255.97077188184696,
"DP_95":  259.0760390357101,