{ "x_label":"LC",
"y_label":"Acceptance Rate",
 "results":[
{ "x":  2,
"greedy000":  0.0,
"greedy050":  0.0,
"greedy100":  0.031079271260097196,
"DP_05":  0.0,
"DP_30":  0.0,
"DP_60":  0.0,
"DP_95":  0.031079271260097196,
"QL":  0.031013046094534286,
"RL":  0.031079271260097196}
,
{ "x":  6,
"greedy000":  0.0,
"greedy050":  0.0,
"greedy100":  0.11162589712270543,
"DP_05":  0.0,
"DP_30":  0.0,
"DP_60":  0.0,
"DP_95":  0.21349660475048396,
"QL":  0.20482855051320512,
"RL":  0.21224702690516142}
,
{ "x":  10,
"greedy000":  0.0,
"greedy050":  0.0,
"greedy100":  0.21868354901730677,
"DP_05":  0.0,
"DP_30":  0.0,
"DP_60":  0.0,
"DP_95":  0.3159496826773387,
"QL":  0.2952615593134735,
"RL":  0.2853392411697677}
,
{ "x":  14,
"greedy000":  0.0,
"greedy050":  0.0,
"greedy100":  0.31364180026731353,
"DP_05":  0.0,
"DP_30":  0.0,
"DP_60":  0.0,
"DP_95":  0.43338298663877917,
"QL":  0.4080614403083841,
"RL":  0.4255681897406654}
,
{ "x":  18,
"greedy000":  0.0,
"greedy050":  0.0,
"greedy100":  0.41400305323230524,
"DP_05":  0.0,
"DP_30":  0.0,
"DP_60":  0.0,
"DP_95":  0.5387364151497402,
"QL":  0.4916843498651697,
"RL":  0.4958222989592717}
,
{ "x":  22,
"greedy000":  0.0,
"greedy050":  0.0,
"greedy100":  0.5117975548373528,
"DP_05":  0.0,
"DP_30":  0.0,
"DP_60":  0.0,
"DP_95":  0.5838071570393258,
"QL":  0.5804549686172148,
"RL":  0.5799027769467752}
,
{ "x":  26,
"greedy000":  0.0,
"greedy050":  0.0,
"greedy100":  0.6010332872071802,
"DP_05":  0.0,
"DP_30":  0.0,
"DP_60":  0.0,
"DP_95":  0.6572782805698114,
"QL":  0.639146658115471,
"RL":  0.6465057766552261}
,
{ "x":  30,
"greedy000":  0.0,
"greedy050":  0.0,
"greedy100":  0.6992048588824986,
"DP_05":  0.0,
"DP_30":  0.0,
"DP_60":  0.0,
"DP_95":  0.7240480086459806,
"QL":  0.7113466414186225,
"RL":  0.7167471564032448}
,
{ "x":  34,
"greedy000":  0.0,
"greedy050":  0.0,
"greedy100":  0.7626009978494159,
"DP_05":  0.0,
"DP_30":  0.0,
"DP_60":  0.0,
"DP_95":  0.7774482912626145,
"QL":  0.7680211630776539,
"RL":  0.769506718823261}
,
{ "x":  38,
"greedy000":  0.0,
"greedy050":  0.0,
"greedy100":  0.8396327080839658,
"DP_05":  0.0,
"DP_30":  0.0,
"DP_60":  0.0,
"DP_95":  0.8376149834257134,
"QL":  0.8208359308606086,
"RL":  0.8392755245053681}
,
{ "x":  42,
"greedy000":  0.0,
"greedy050":  0.0,
"greedy100":  0.8956018074810664,
"DP_05":  0.0,
"DP_30":  0.0,
"DP_60":  0.0,
"DP_95":  0.8868242224537143,
"QL":  0.8631234333943608,
"RL":  0.8866984608817938}
,
{ "x":  46,
"greedy000":  0.0,
"greedy050":  0.0,
"greedy100":  0.9373714594511136,
"DP_05":  0.0,
"DP_30":  0.0,
"DP_60":  0.0,
"DP_95":  0.930307250688205,
"QL":  0.8840435201816803,
"RL":  0.9221998422985023}
,
{ "x":  50,
"greedy000":  0.0,
"greedy050":  0.0,
"greedy100":  0.9647770321657703,
"DP_05":  0.0,
"DP_30":  0.0,
"DP_60":  0.0,
"DP_95":  0.9567124054594023,
"QL":  0.8821086573105305,
"RL":  0.9438025087862231}
,
{ "x":  54,
"greedy000":  0.0,
"greedy050":  0.0,
"greedy100":  0.982280668778106,
"DP_05":  0.0,
"DP_30":  0.0,
"DP_60":  0.0,
"DP_95":  0.9782349595287613,
"QL":  0.8831593152144073,
"RL":  0.9588647671838724}
,
{ "x":  58,
"greedy000":  0.0,
"greedy050":  0.0,
"greedy100":  0.9915304519833292,
"DP_05":  0.0,
"DP_30":  0.0,
"DP_60":  0.0,
"DP_95":  0.9890097693575051,
"QL":  0.8804554939373919,
"RL":  0.9605492039357436}
,
{ "x":  62,
"greedy000":  0.0,
"greedy050":  0.0,
"greedy100":  0.9955347136644118,
"DP_05":  0.0,
"DP_30":  0.0,
"DP_60":  0.0,
"DP_95":  0.9942052976815787,
"QL":  0.8783372339687778,
"RL":  0.9637766999449763}
]}
