{ "x_label":"capacity",
"y_label":"Acceptance Rate",
 "results":[
{ "x":  2,
"greedy000":  0.0,
"greedy050":  0.0,
"greedy100":  0.030839586644315242,
"DP_05":  0.0,
"DP_30":  0.0,
"DP_60":  0.0,
"DP_95":  0.030839586644315242,
"QL":  0.027959642161317327,
"RL":  0.030839586644315242}
,
{ "x":  6,
"greedy000":  0.0,
"greedy050":  0.0,
"greedy100":  0.11341790916868459,
"DP_05":  0.0,
"DP_30":  0.0,
"DP_60":  0.0,
"DP_95":  0.21653286514591286,
"QL":  0.21483030377960963,
"RL":  0.21269169188816456}
,
{ "x":  10,
"greedy000":  0.0,
"greedy050":  0.0,
"greedy100":  0.21744994765162126,
"DP_05":  0.0,
"DP_30":  0.0,
"DP_60":  0.0,
"DP_95":  0.3151049947911401,
"QL":  0.2958566622927802,
"RL":  0.27644525927297675}
,
{ "x":  14,
"greedy000":  0.0,
"greedy050":  0.0,
"greedy100":  0.3192405733393939,
"DP_05":  0.0,
"DP_30":  0.0,
"DP_60":  0.0,
"DP_95":  0.43530313094795536,
"QL":  0.41634911327446833,
"RL":  0.42041767700513083}
,
{ "x":  18,
"greedy000":  0.0,
"greedy050":  0.0,
"greedy100":  0.4210057017018002,
"DP_05":  0.0,
"DP_30":  0.0,
"DP_60":  0.0,
"DP_95":  0.5412552650973592,
"QL":  0.5030496036432477,
"RL":  0.4933478072197962}
,
{ "x":  22,
"greedy000":  0.0,
"greedy050":  0.0,
"greedy100":  0.5092011267879787,
"DP_05":  0.0,
"DP_30":  0.0,
"DP_60":  0.0,
"DP_95":  0.5873093668198258,
"QL":  0.5709454748323751,
"RL":  0.5627983425169891}
,
{ "x":  26,
"greedy000":  0.0,
"greedy050":  0.0,
"greedy100":  0.6106653447046819,
"DP_05":  0.0,
"DP_30":  0.0,
"DP_60":  0.0,
"DP_95":  0.6563665861804713,
"QL":  0.6418968609104745,
"RL":  0.634920711863668}
,
{ "x":  30,
"greedy000":  0.0,
"greedy050":  0.0,
"greedy100":  0.6881565246616556,
"DP_05":  0.0,
"DP_30":  0.0,
"DP_60":  0.0,
"DP_95":  0.7201468241135843,
"QL":  0.7153931141849297,
"RL":  0.705490664936838}
,
{ "x":  34,
"greedy000":  0.0,
"greedy050":  0.0,
"greedy100":  0.7799222915770839,
"DP_05":  0.0,
"DP_30":  0.0,
"DP_60":  0.0,
"DP_95":  0.7841194517786001,
"QL":  0.7721203382418413,
"RL":  0.783210904346204}
,
{ "x":  38,
"greedy000":  0.0,
"greedy050":  0.0,
"greedy100":  0.8356244497167322,
"DP_05":  0.0,
"DP_30":  0.0,
"DP_60":  0.0,
"DP_95":  0.8330254378026449,
"QL":  0.8167382561533885,
"RL":  0.8357202300834512}
,
{ "x":  42,
"greedy000":  0.0,
"greedy050":  0.0,
"greedy100":  0.890909455932209,
"DP_05":  0.0,
"DP_30":  0.0,
"DP_60":  0.0,
"DP_95":  0.8831134746506162,
"QL":  0.8583558824034467,
"RL":  0.885899248076849}
]}
