{ "x_label":"LC",
"y_label":"Federation Rate",
 "results":[
{ "x":  2,
"greedy000":  0.0,
"greedy050":  0.0,
"greedy100":  0.06169832977370954,
"DP_05":  0.0,
"DP_30":  0.0,
"DP_60":  0.0,
"DP_95":  0.11066879728956876,
"QL":  0.1016491894464315,
"RL":  0.11066879728956876}
,
{ "x":  6,
"greedy000":  0.0,
"greedy050":  0.0,
"greedy100":  0.0669610375138849,
"DP_05":  0.0,
"DP_30":  0.0,
"DP_60":  0.0,
"DP_95":  0.09715721054146553,
"QL":  0.09756143734540962,
"RL":  0.09840678838678805}
,
{ "x":  10,
"greedy000":  0.0,
"greedy050":  0.0,
"greedy100":  0.06479497132422965,
"DP_05":  0.0,
"DP_30":  0.0,
"DP_60":  0.0,
"DP_95":  0.08951226802788478,
"QL":  0.08088238239848741,
"RL":  0.09809567654860292}
,
{ "x":  14,
"greedy000":  0.0,
"greedy050":  0.0,
"greedy100":  0.07016917540809345,
"DP_05":  0.0,
"DP_30":  0.0,
"DP_60":  0.0,
"DP_95":  0.07476886709034007,
"QL":  0.06937862060109765,
"RL":  0.07870628182053566}
,
{ "x":  18,
"greedy000":  0.0,
"greedy050":  0.0,
"greedy100":  0.06315252830823474,
"DP_05":  0.0,
"DP_30":  0.0,
"DP_60":  0.0,
"DP_95":  0.04637024607048011,
"QL":  0.06416389438619749,
"RL":  0.07314634561765601}
,
{ "x":  22,
"greedy000":  0.0,
"greedy050":  0.0,
"greedy100":  0.06306826671537877,
"DP_05":  0.0,
"DP_30":  0.0,
"DP_60":  0.0,
"DP_95":  0.03486758114492994,
"QL":  0.04865083312038073,
"RL":  0.06328708905799152}
,
{ "x":  26,
"greedy000":  0.0,
"greedy050":  0.0,
"greedy100":  0.058448630428681356,
"DP_05":  0.0,
"DP_30":  0.0,
"DP_60":  0.0,
"DP_95":  0.03375377625980373,
"QL":  0.053106888891514145,
"RL":  0.06033482167575963}
,
{ "x":  30,
"greedy000":  0.0,
"greedy050":  0.0,
"greedy100":  0.05145833164863424,
"DP_05":  0.0,
"DP_30":  0.0,
"DP_60":  0.0,
"DP_95":  0.03442487766301178,
"QL":  0.0447968863200064,
"RL":  0.06078919495388618}
,
{ "x":  34,
"greedy000":  0.0,
"greedy050":  0.0,
"greedy100":  0.0466820162790607,
"DP_05":  0.0,
"DP_30":  0.0,
"DP_60":  0.0,
"DP_95":  0.03054608327581118,
"QL":  0.04048272597685873,
"RL":  0.05102475075775288}
,
{ "x":  38,
"greedy000":  0.0,
"greedy050":  0.0,
"greedy100":  0.038840989048500627,
"DP_05":  0.0,
"DP_30":  0.0,
"DP_60":  0.0,
"DP_95":  0.02725924094675866,
"QL":  0.040809265207379486,
"RL":  0.03876281594464969}
,
{ "x":  42,
"greedy000":  0.0,
"greedy050":  0.0,
"greedy100":  0.027882603615945405,
"DP_05":  0.0,
"DP_30":  0.0,
"DP_60":  0.0,
"DP_95":  0.0235825574573404,
"QL":  0.03617646539342606,
"RL":  0.030965921061995215}
,
{ "x":  46,
"greedy000":  0.0,
"greedy050":  0.0,
"greedy100":  0.02162152569082787,
"DP_05":  0.0,
"DP_30":  0.0,
"DP_60":  0.0,
"DP_95":  0.018993265693427203,
"QL":  0.03801884564802841,
"RL":  0.03060914424359485}
,
{ "x":  50,
"greedy000":  0.0,
"greedy050":  0.0,
"greedy100":  0.012654407673954144,
"DP_05":  0.0,
"DP_30":  0.0,
"DP_60":  0.0,
"DP_95":  0.01524175390259524,
"QL":  0.03765949707283399,
"RL":  0.028003444753168755}
,
{ "x":  54,
"greedy000":  0.0,
"greedy050":  0.0,
"greedy100":  0.007162290982702002,
"DP_05":  0.0,
"DP_30":  0.0,
"DP_60":  0.0,
"DP_95":  0.008283530144331175,
"QL":  0.038351668942442615,
"RL":  0.026161781006852437}
,
{ "x":  58,
"greedy000":  0.0,
"greedy050":  0.0,
"greedy100":  0.004033179774804129,
"DP_05":  0.0,
"DP_30":  0.0,
"DP_60":  0.0,
"DP_95":  0.005165593575946419,
"QL":  0.03723558792480726,
"RL":  0.02840068165782402}
,
{ "x":  62,
"greedy000":  0.0,
"greedy050":  0.0,
"greedy100":  0.0023790196902326753,
"DP_05":  0.0,
"DP_30":  0.0,
"DP_60":  0.0,
"DP_95":  0.002976342960924705,
"QL":  0.03770695162757613,
"RL":  0.027338122650976703}
]}
