{ "x_label":"capacity",
"y_label":"Average Profit",
 "results":[
{ "x":  2,
"greedy000":  0.0,
"greedy050":  0.0,
"greedy100":  4.96494596832901,
"DP_05":  0.0,
"DP_30":  0.0,
"DP_60":  0.0,
"DP_95":  8.989986660673699,
"QL":  8.355965105031576,
"RL":  8.989986660673699}
,
{ "x":  6,
"greedy000":  0.0,
"greedy050":  0.0,
"greedy100":  10.978643717495464,
"DP_05":  0.0,
"DP_30":  0.0,
"DP_60":  0.0,
"DP_95":  28.15066521295098,
"QL":  27.298087594186388,
"RL":  28.113177877591305}
,
{ "x":  10,
"greedy000":  0.0,
"greedy050":  0.0,
"greedy100":  19.396281270297685,
"DP_05":  0.0,
"DP_30":  0.0,
"DP_60":  0.0,
"DP_95":  37.86082702968581,
"QL":  34.259714730321434,
"RL":  33.57847663445695}
,
{ "x":  14,
"greedy000":  0.0,
"greedy050":  0.0,
"greedy100":  27.218414057169856,
"DP_05":  0.0,
"DP_30":  0.0,
"DP_60":  0.0,
"DP_95":  46.7506750230926,
"QL":  42.98104657392121,
"RL":  45.1117003067883}
,
{ "x":  18,
"greedy000":  0.0,
"greedy050":  0.0,
"greedy100":  34.82988736673356,
"DP_05":  0.0,
"DP_30":  0.0,
"DP_60":  0.0,
"DP_95":  57.11955873990763,
"QL":  48.71243841899695,
"RL":  49.87997395708241}
,
{ "x":  22,
"greedy000":  0.0,
"greedy050":  0.0,
"greedy100":  42.828146412565694,
"DP_05":  0.0,
"DP_30":  0.0,
"DP_60":  0.0,
"DP_95":  60.59378468654828,
"QL":  55.347480419073364,
"RL":  56.04814248773994}
,
{ "x":  26,
"greedy000":  0.0,
"greedy050":  0.0,
"greedy100":  50.039155323693834,
"DP_05":  0.0,
"DP_30":  0.0,
"DP_60":  0.0,
"DP_95":  65.16384974269954,
"QL":  58.70049152830802,
"RL":  59.30058444376167}
,
{ "x":  30,
"greedy000":  0.0,
"greedy050":  0.0,
"greedy100":  57.75883248777732,
"DP_05":  0.0,
"DP_30":  0.0,
"DP_60":  0.0,
"DP_95":  67.80492965609794,
"QL":  64.11957302435157,
"RL":  63.392218101070014}
,
{ "x":  34,
"greedy000":  0.0,
"greedy050":  0.0,
"greedy100":  62.619431031354495,
"DP_05":  0.0,
"DP_30":  0.0,
"DP_60":  0.0,
"DP_95":  69.90901417468937,
"QL":  67.10868462665537,
"RL":  65.82006447946058}
,
{ "x":  38,
"greedy000":  0.0,
"greedy050":  0.0,
"greedy100":  68.50704758009208,
"DP_05":  0.0,
"DP_30":  0.0,
"DP_60":  0.0,
"DP_95":  72.48007320806614,
"QL":  70.54533328951408,
"RL":  69.92967405818557}
,
{ "x":  42,
"greedy000":  0.0,
"greedy050":  0.0,
"greedy100":  72.83717904002954,
"DP_05":  0.0,
"DP_30":  0.0,
"DP_60":  0.0,
"DP_95":  74.7914673400721,
"QL":  73.597254383725,
"RL":  73.42498817893521}
,
{ "x":  46,
"greedy000":  0.0,
"greedy050":  0.0,
"greedy100":  76.21344258775886,
"DP_05":  0.0,
"DP_30":  0.0,
"DP_60":  0.0,
"DP_95":  77.07763536144752,
"QL":  75.31866660797695,
"RL":  76.39608300076445}
,
{ "x":  50,
"greedy000":  0.0,
"greedy050":  0.0,
"greedy100":  77.71817554504274,
"DP_05":  0.0,
"DP_30":  0.0,
"DP_60":  0.0,
"DP_95":  78.00067375811159,
"QL":  74.92898951632785,
"RL":  77.71006670085899}
,
{ "x":  54,
"greedy000":  0.0,
"greedy050":  0.0,
"greedy100":  78.92553401947129,
"DP_05":  0.0,
"DP_30":  0.0,
"DP_60":  0.0,
"DP_95":  79.03138000181164,
"QL":  75.10583556032418,
"RL":  78.83788134099628}
,
{ "x":  58,
"greedy000":  0.0,
"greedy050":  0.0,
"greedy100":  79.50698659747746,
"DP_05":  0.0,
"DP_30":  0.0,
"DP_60":  0.0,
"DP_95":  79.54190004685117,
"QL":  74.80710518966549,
"RL":  79.2619683614812}
,
{ "x":  62,
"greedy000":  0.0,
"greedy050":  0.0,
"greedy100":  79.67842728673831,
"DP_05":  0.0,
"DP_30":  0.0,
"DP_60":  0.0,
"DP_95":  79.68022520915966,
"QL":  74.64537132176511,
"RL":  79.39827115070757}
]}
