{ "x_label":"capacity",
"y_label":"Average Profit",
 "results":[
{ "x":  2,
"greedy000":  0.0,
"greedy050":  0.0,
"greedy100":  5.285168169407766,
"DP_05":  0.0,
"DP_30":  0.0,
"DP_60":  0.0,
"DP_95":  8.893233574644139,
"QL":  8.778035795324223,
"RL":  8.893233574644139}
,
{ "x":  6,
"greedy000":  0.0,
"greedy050":  0.0,
"greedy100":  11.0308711315073,
"DP_05":  0.0,
"DP_30":  0.0,
"DP_60":  0.0,
"DP_95":  28.46961809125611,
"QL":  28.14336951326996,
"RL":  28.21416340873111}
,
{ "x":  10,
"greedy000":  0.0,
"greedy050":  0.0,
"greedy100":  19.14415962919484,
"DP_05":  0.0,
"DP_30":  0.0,
"DP_60":  0.0,
"DP_95":  37.521687195963445,
"QL":  34.23434922765709,
"RL":  30.930694057656233}
,
{ "x":  14,
"greedy000":  0.0,
"greedy050":  0.0,
"greedy100":  27.57508173252952,
"DP_05":  0.0,
"DP_30":  0.0,
"DP_60":  0.0,
"DP_95":  47.1739137261297,
"QL":  44.365208873065065,
"RL":  43.82339447645531}
,
{ "x":  18,
"greedy000":  0.0,
"greedy050":  0.0,
"greedy100":  35.59353651468472,
"DP_05":  0.0,
"DP_30":  0.0,
"DP_60":  0.0,
"DP_95":  57.36335721489037,
"QL":  50.650528575226005,
"RL":  47.63964324288691}
,
{ "x":  22,
"greedy000":  0.0,
"greedy050":  0.0,
"greedy100":  42.656277522254584,
"DP_05":  0.0,
"DP_30":  0.0,
"DP_60":  0.0,
"DP_95":  60.98830622094283,
"QL":  54.414898252000384,
"RL":  52.11261567217159}
,
{ "x":  26,
"greedy000":  0.0,
"greedy050":  0.0,
"greedy100":  50.81858427963532,
"DP_05":  0.0,
"DP_30":  0.0,
"DP_60":  0.0,
"DP_95":  64.83539124653143,
"QL":  59.413765343476555,
"RL":  56.72138022551958}
,
{ "x":  30,
"greedy000":  0.0,
"greedy050":  0.0,
"greedy100":  56.75506600834454,
"DP_05":  0.0,
"DP_30":  0.0,
"DP_60":  0.0,
"DP_95":  67.41344003631937,
"QL":  64.21637117765172,
"RL":  60.86899963697721}
,
{ "x":  34,
"greedy000":  0.0,
"greedy050":  0.0,
"greedy100":  64.2106892109284,
"DP_05":  0.0,
"DP_30":  0.0,
"DP_60":  0.0,
"DP_95":  70.28077226011638,
"QL":  67.79918514839167,
"RL":  65.95450986979948}
,
{ "x":  38,
"greedy000":  0.0,
"greedy050":  0.0,
"greedy100":  68.21851605699912,
"DP_05":  0.0,
"DP_30":  0.0,
"DP_60":  0.0,
"DP_95":  72.16726318888325,
"QL":  70.19147507575858,
"RL":  69.52068924993918}
,
{ "x":  42,
"greedy000":  0.0,
"greedy050":  0.0,
"greedy100":  72.17932346354046,
"DP_05":  0.0,
"DP_30":  0.0,
"DP_60":  0.0,
"DP_95":  74.42640714596887,
"QL":  73.16923768245354,
"RL":  72.85220293214124}
]}
