{ "x_label":"PC",
"y_label":"Average Profit",
 "results":[
{ "x":  0,
"greedy000":  0.0,
"greedy050":  0.0,
"greedy100":  46.318214285714284,
"DP_05":  0.0,
"DP_30":  0.0,
"DP_60":  0.0,
"DP_95":  68.75982142857143,
"QL_09":  67.18375,
"QL_05":  61.455000000000005,
"RL":  67.93660714285714}
,
{ "x":  8,
"greedy000":  0.0,
"greedy050":  0.0,
"greedy100":  52.31910714285714,
"DP_05":  0.0,
"DP_30":  0.0,
"DP_60":  0.0,
"DP_95":  69.11964285714286,
"QL_09":  65.85232142857141,
"QL_05":  62.50946428571429,
"RL":  67.91214285714285}
,
{ "x":  16,
"greedy000":  0.0,
"greedy050":  0.0,
"greedy100":  56.06357142857143,
"DP_05":  0.0,
"DP_30":  0.0,
"DP_60":  0.0,
"DP_95":  69.57964285714286,
"QL_09":  64.18875,
"QL_05":  63.79678571428571,
"RL":  68.27589285714285}
,
{ "x":  24,
"greedy000":  0.0,
"greedy050":  0.0,
"greedy100":  59.83107142857143,
"DP_05":  0.0,
"DP_30":  0.0,
"DP_60":  0.0,
"DP_95":  70.42410714285714,
"QL_09":  64.65875,
"QL_05":  65.44732142857143,
"RL":  69.22749999999999}
,
{ "x":  32,
"greedy000":  0.0,
"greedy050":  0.0,
"greedy100":  61.68857142857143,
"DP_05":  0.0,
"DP_30":  0.0,
"DP_60":  0.0,
"DP_95":  70.98678571428572,
"QL_09":  64.47928571428572,
"QL_05":  66.14535714285714,
"RL":  69.19767857142857}
,
{ "x":  40,
"greedy000":  0.0,
"greedy050":  0.0,
"greedy100":  62.623571428571424,
"DP_05":  0.0,
"DP_30":  0.0,
"DP_60":  0.0,
"DP_95":  71.04839285714284,
"QL_09":  64.51571428571428,
"QL_05":  66.29910714285714,
"RL":  69.24339285714287}
,
{ "x":  48,
"greedy000":  0.0,
"greedy050":  0.0,
"greedy100":  64.09857142857143,
"DP_05":  0.0,
"DP_30":  0.0,
"DP_60":  0.0,
"DP_95":  71.64375,
"QL_09":  64.33410714285715,
"QL_05":  66.65553571428572,
"RL":  69.76035714285715}
,
{ "x":  56,
"greedy000":  0.0,
"greedy050":  0.0,
"greedy100":  64.2057142857143,
"DP_05":  0.0,
"DP_30":  0.0,
"DP_60":  0.0,
"DP_95":  71.62482142857142,
"QL_09":  64.07035714285713,
"QL_05":  67.0325,
"RL":  69.61607142857143}
,
{ "x":  64,
"greedy000":  0.0,
"greedy050":  0.0,
"greedy100":  64.69839285714286,
"DP_05":  0.0,
"DP_30":  0.0,
"DP_60":  0.0,
"DP_95":  71.9682142857143,
"QL_09":  64.58482142857143,
"QL_05":  67.27553571428572,
"RL":  69.78857142857143}
,
{ "x":  72,
"greedy000":  0.0,
"greedy050":  0.0,
"greedy100":  64.24803571428572,
"DP_05":  0.0,
"DP_30":  0.0,
"DP_60":  0.0,
"DP_95":  71.84535714285714,
"QL_09":  64.48035714285714,
"QL_05":  66.69589285714287,
"RL":  69.54053571428571}
,
{ "x":  80,
"greedy000":  0.0,
"greedy050":  0.0,
"greedy100":  64.57446428571428,
"DP_05":  0.0,
"DP_30":  0.0,
"DP_60":  0.0,
"DP_95":  72.08696428571429,
"QL_09":  64.61571428571429,
"QL_05":  66.99375,
"RL":  69.75125}
]}
