{ "x_label":"Lambda",
"y_label":"FR",
 "results":[
{ "x": 0.2,
"greedy000":  0.0,
"greedy050":  0.0,
"greedy100":  0.028325000000000006,
"DP_05":  0.0,
"DP_30":  0.0,
"DP_60":  0.0,
"DP_99":  0.0395125,
"QL_95":  0.15765,
"QL_55":  0.049262499999999994,
"QL_20":  0.0350375,
"RL":  0.42238749999999997}
,
{ "x":  0.32,
"greedy000":  0.0,
"greedy050":  0.0,
"greedy100":  0.119125,
"DP_05":  0.0,
"DP_30":  0.0,
"DP_60":  0.0,
"DP_99":  0.1539,
"QL_95":  0.18282499999999996,
"QL_55":  0.11912500000000001,
"QL_20":  0.122075,
"RL":  0.17435}
,
{ "x": 0.44,
"greedy000":  0.0,
"greedy050":  0.0,
"greedy100":  0.204975,
"DP_05":  0.0,
"DP_30":  0.0,
"DP_60":  0.0,
"DP_99":  0.25198750000000003,
"QL_95":  0.20633749999999998,
"QL_55":  0.18648749999999997,
"QL_20":  0.19958749999999997,
"RL":  0.22800000000000004}
,
{ "x": 0.56,
"greedy000":  0.0,
"greedy050":  0.0,
"greedy100":  0.26312499999999994,
"DP_05":  0.0,
"DP_30":  0.0,
"DP_60":  0.0,
"DP_99":  0.2899125,
"QL_95":  0.200875,
"QL_55":  0.234475,
"QL_20":  0.2556625,
"RL":  0.2650625}
,
{ "x":  0.68,
"greedy000":  0.0,
"greedy050":  0.0,
"greedy100":  0.28645,
"DP_05":  0.0,
"DP_30":  0.0,
"DP_60":  0.0,
"DP_99":  0.27277500000000005,
"QL_95":  0.193575,
"QL_55":  0.25636249999999994,
"QL_20":  0.27647499999999997,
"RL":  0.269575}
,
{ "x":  0.8,
"greedy000":  0.0,
"greedy050":  0.0,
"greedy100":  0.28413750000000004,
"DP_05":  0.0,
"DP_30":  0.0,
"DP_60":  0.0,
"DP_99":  0.24352500000000005,
"QL_95":  0.21381250000000002,
"QL_55":  0.25199999999999995,
"QL_20":  0.27795000000000003,
"RL":  0.25692499999999996}
,
{ "x": 0.92,
"greedy000":  0.0,
"greedy050":  0.0,
"greedy100":  0.2680874999999999,
"DP_05":  0.0,
"DP_30":  0.0,
"DP_60":  0.0,
"DP_99":  0.21900000000000003,
"QL_95":  0.24602499999999994,
"QL_55":  0.23842500000000003,
"QL_20":  0.2650875,
"RL":  0.23688750000000006}
,
{ "x":  1.04,
"greedy000":  0.0,
"greedy050":  0.0,
"greedy100":  0.253675,
"DP_05":  0.0,
"DP_30":  0.0,
"DP_60":  0.0,
"DP_99":  0.19679999999999997,
"QL_95":  0.23135,
"QL_55":  0.22001250000000003,
"QL_20":  0.24929999999999994,
"RL":  0.21486249999999996}
,
{ "x":  1.16,
"greedy000":  0.0,
"greedy050":  0.0,
"greedy100":  0.23599999999999993,
"DP_05":  0.0,
"DP_30":  0.0,
"DP_60":  0.0,
"DP_99":  0.18271249999999997,
"QL_95":  0.21698749999999997,
"QL_55":  0.20455,
"QL_20":  0.23184999999999997,
"RL":  0.19878749999999998}
,
{ "x":  1.28,
"greedy000":  0.0,
"greedy050":  0.0,
"greedy100":  0.221775,
"DP_05":  0.0,
"DP_30":  0.0,
"DP_60":  0.0,
"DP_99":  0.1651625,
"QL_95":  0.19891250000000002,
"QL_55":  0.1866,
"QL_20":  0.21677500000000002,
"RL":  0.17897500000000002}
,
{ "x":  1.4,
"greedy000":  0.0,
"greedy050":  0.0,
"greedy100":  0.20523749999999996,
"DP_05":  0.0,
"DP_30":  0.0,
"DP_60":  0.0,
"DP_99":  0.1524,
"QL_95":  0.18635,
"QL_55":  0.17210000000000003,
"QL_20":  0.19985,
"RL":  0.16487500000000005}
]}
