{ "x_label":"capacity",
"y_label":"Average Profit",
 "results":[
{ "x":  50,
"greedy000":  0.0,
"greedy050":  0.0,
"greedy100":  27.693419901346694,
"DP_05":  0.0,
"DP_30":  0.0,
"DP_60":  0.0,
"DP_95":  31.79439189465665,
"QL":  27.67575584851962}
,
{ "x":  250,
"greedy000":  0.0,
"greedy050":  0.0,
"greedy100":  38.6098008551805,
"DP_05":  0.0,
"DP_30":  0.0,
"DP_60":  0.0,
"DP_95":  43.52431771459631,
"QL":  38.687351543487985}
,
{ "x":  450,
"greedy000":  0.0,
"greedy050":  0.0,
"greedy100":  44.472443623056996,
"DP_05":  0.0,
"DP_30":  0.0,
"DP_60":  0.0,
"DP_95":  44.812782841628206,
"QL":  44.017449358566154}
]}
