{ "x_label":"eta",
"y_label":"Federation Rate",
 "results":[
{ "x":  0.1,
"greedy000":  0.5886402906006355,
"greedy050":  0.47036195253044005,
"greedy100":  0.3805693724784264,
"DP_05":  0.06690733449271725,
"DP_30":  0.06690733449271725,
"DP_60":  0.03961785930789043,
"DP_95":  0.0,
"QL":  0.04896498134110237}
,
{ "x":  0.125,
"greedy000":  0.593397673328225,
"greedy050":  0.4577034265428754,
"greedy100":  0.3452300337461852,
"DP_05":  0.021882587181240015,
"DP_30":  0.021882587181240015,
"DP_60":  0.021882587181240015,
"DP_95":  0.0012922602376690144,
"QL":  0.038426037928926016}
,
{ "x":  0.15000000000000002,
"greedy000":  0.614209166582601,
"greedy050":  0.48882816442855653,
"greedy100":  0.36521200565419704,
"DP_05":  0.03683331837871085,
"DP_30":  0.03683331837871085,
"DP_60":  0.00990873529466932,
"DP_95":  0.0020890033041357694,
"QL":  0.038664918407009606}
,
{ "x":  0.17500000000000002,
"greedy000":  0.5991443403322068,
"greedy050":  0.4865871376617773,
"greedy100":  0.39815577382021494,
"DP_05":  0.07003464936572804,
"DP_30":  0.07003464936572804,
"DP_60":  0.07003464936572804,
"DP_95":  0.0006175861279030983,
"QL":  0.04960909456905666}
,
{ "x":  0.2,
"greedy000":  0.6068512430513542,
"greedy050":  0.49552103516333207,
"greedy100":  0.4076344961840741,
"DP_05":  0.07340149405783948,
"DP_30":  0.07340149405783948,
"DP_60":  0.07340149405783948,
"DP_95":  0.0013067932316560822,
"QL":  0.05000863469287402}
,
{ "x":  0.225,
"greedy000":  0.6340422144497395,
"greedy050":  0.5383895093353734,
"greedy100":  0.4512752874258846,
"DP_05":  0.11975434496635173,
"DP_30":  0.11975434496635173,
"DP_60":  0.11975434496635173,
"DP_95":  0.005510435928131684,
"QL":  0.05970242276309862}
,
{ "x":  0.25,
"greedy000":  0.637611660897272,
"greedy050":  0.5480400124308517,
"greedy100":  0.4768323917759513,
"DP_05":  0.133742836293905,
"DP_30":  0.133742836293905,
"DP_60":  0.133742836293905,
"DP_95":  0.009887532673486691,
"QL":  0.03769323485559696}
,
{ "x":  0.275,
"greedy000":  0.6403072293611152,
"greedy050":  0.5388997732683227,
"greedy100":  0.45357433567670774,
"DP_05":  0.10698113436511014,
"DP_30":  0.10698113436511014,
"DP_60":  0.10698113436511014,
"DP_95":  0.010742336317371808,
"QL":  0.06643156822620604}
,
{ "x":  0.30000000000000004,
"greedy000":  0.6507906271510894,
"greedy050":  0.5676757864267957,
"greedy100":  0.5067360141012884,
"DP_05":  0.15371298748464163,
"DP_30":  0.15371298748464163,
"DP_60":  0.15371298748464163,
"DP_95":  0.01631587981002651,
"QL":  0.0717415047762697}
,
{ "x":  0.325,
"greedy000":  0.6623900452982111,
"greedy050":  0.5790386829218057,
"greedy100":  0.5193705969627016,
"DP_05":  0.16533249981407247,
"DP_30":  0.16533249981407247,
"DP_60":  0.16533249981407247,
"DP_95":  0.012914777246814437,
"QL":  0.07941430272516158}
,
{ "x":  0.35,
"greedy000":  0.6678905826621488,
"greedy050":  0.5850110471120302,
"greedy100":  0.5217824567674689,
"DP_05":  0.15828670983285456,
"DP_30":  0.15828670983285456,
"DP_60":  0.15828670983285456,
"DP_95":  0.01949882448622078,
"QL":  0.068266339704002}
,
{ "x":  0.375,
"greedy000":  0.6790601575227053,
"greedy050":  0.6096225120865499,
"greedy100":  0.5554925961604551,
"DP_05":  0.1967561690019254,
"DP_30":  0.1967561690019254,
"DP_60":  0.1967561690019254,
"DP_95":  0.03789519374847895,
"QL":  0.08087631717139247}
,
{ "x":  0.4,
"greedy000":  0.6620961432380007,
"greedy050":  0.5898727565041089,
"greedy100":  0.5434661509222245,
"DP_05":  0.1859616532183867,
"DP_30":  0.1859616532183867,
"DP_60":  0.1859616532183867,
"DP_95":  0.053814379671833036,
"QL":  0.08792580490994514}
,
{ "x":  0.42500000000000004,
"greedy000":  0.6898541608401288,
"greedy050":  0.6263891737425775,
"greedy100":  0.5841439798909669,
"DP_05":  0.21963183886991283,
"DP_30":  0.21963183886991283,
"DP_60":  0.21963183886991283,
"DP_95":  0.026466228024532728,
"QL":  0.07374496062026299}
,
{ "x":  0.45000000000000007,
"greedy000":  0.6814112874512913,
"greedy050":  0.6229998866476256,
"greedy100":  0.5831232222114728,
"DP_05":  0.22325048375424145,
"DP_30":  0.22325048375424145,
"DP_60":  0.22325048375424145,
"DP_95":  0.07004738462586205,
"QL":  0.10859036525593835}
,
{ "x":  0.475,
"greedy000":  0.7105990212418207,
"greedy050":  0.6586498164350928,
"greedy100":  0.6211675295557015,
"DP_05":  0.24266792427543066,
"DP_30":  0.24266792427543066,
"DP_60":  0.24266792427543066,
"DP_95":  0.07794321017753263,
"QL":  0.1297725737882566}
,
{ "x":  0.5,
"greedy000":  0.7064974564137984,
"greedy050":  0.6525862042790361,
"greedy100":  0.6142851676750881,
"DP_05":  0.23947801855224027,
"DP_30":  0.23947801855224027,
"DP_60":  0.23947801855224027,
"DP_95":  0.08413308647628251,
"QL":  0.14337396410121112}
,
{ "x":  0.525,
"greedy000":  0.7001109782248929,
"greedy050":  0.645075543030255,
"greedy100":  0.6067129187820381,
"DP_05":  0.23595455925860281,
"DP_30":  0.23595455925860281,
"DP_60":  0.23595455925860281,
"DP_95":  0.1218098631116854,
"QL":  0.15540716887119993}
,
{ "x":  0.55,
"greedy000":  0.7033338926057537,
"greedy050":  0.6556723351652779,
"greedy100":  0.6264663507293415,
"DP_05":  0.2659121060156517,
"DP_30":  0.2659121060156517,
"DP_60":  0.2659121060156517,
"DP_95":  0.2217237771580661,
"QL":  0.24706967880264447}
,
{ "x":  0.5750000000000001,
"greedy000":  0.7245565030330147,
"greedy050":  0.6819883760948897,
"greedy100":  0.6535965926062742,
"DP_05":  0.28338242500545413,
"DP_30":  0.28338242500545413,
"DP_60":  0.28338242500545413,
"DP_95":  0.13310063142465872,
"QL":  0.2133754320855946}
,
{ "x":  0.6,
"greedy000":  0.7270030795856179,
"greedy050":  0.6845138510976214,
"greedy100":  0.6604219729611002,
"DP_05":  0.292096652761931,
"DP_30":  0.292096652761931,
"DP_60":  0.292096652761931,
"DP_95":  0.21225304380475313,
"QL":  0.37003146018277555}
]}
