{ "x_label":"eta",
"y_label":"Average Profit",
 "results":[
{ "x":  0.225,
"greedy000":  -5.422983041423664,
"greedy050":  -1.48490746709055,
"greedy100":  1.468392335321734,
"DP_05":  39.593300718167995,
"DP_30":  39.593300718167995,
"DP_60":  39.593300718167995,
"DP_95":  42.409773458860016,
"QL":  41.11748179619947}
,
{ "x":  0.25,
"greedy000":  -1.2520549300882233,
"greedy050":  2.5839761030057136,
"greedy100":  4.810859394429885,
"DP_05":  39.11981494263451,
"DP_30":  39.11981494263451,
"DP_60":  39.11981494263451,
"DP_95":  42.23314185070438,
"QL":  41.51419543858536}
,
{ "x":  0.275,
"greedy000":  3.5352345529978706,
"greedy050":  7.352629833071373,
"greedy100":  10.133261621450393,
"DP_05":  40.28687013555938,
"DP_30":  40.28687013555938,
"DP_60":  40.28687013555938,
"DP_95":  42.35654272085942,
"QL":  41.01670678462261}
,
{ "x":  0.30000000000000004,
"greedy000":  7.2045190799617655,
"greedy050":  10.414327151165955,
"greedy100":  12.419345218433447,
"DP_05":  38.89607221468195,
"DP_30":  38.89607221468195,
"DP_60":  38.89607221468195,
"DP_95":  41.93949839929148,
"QL":  40.708105252739514}
,
{ "x":  0.325,
"greedy000":  10.687276896273236,
"greedy050":  13.802876028218662,
"greedy100":  15.555492396308091,
"DP_05":  38.922006808117615,
"DP_30":  38.922006808117615,
"DP_60":  38.922006808117615,
"DP_95":  42.09686575060959,
"QL":  40.81575473233797}
,
{ "x":  0.35,
"greedy000":  13.373565503378007,
"greedy050":  16.241089193466582,
"greedy100":  18.23861381917277,
"DP_05":  38.95787139444579,
"DP_30":  38.95787139444579,
"DP_60":  38.95787139444579,
"DP_95":  41.738922882761514,
"QL":  40.77140063392358}
,
{ "x":  0.375,
"greedy000":  16.29092356480169,
"greedy050":  18.812727269663032,
"greedy100":  20.436587229783413,
"DP_05":  38.3734085877099,
"DP_30":  38.3734085877099,
"DP_60":  38.3734085877099,
"DP_95":  41.54417974013889,
"QL":  40.70870843153172}
,
{ "x":  0.4,
"greedy000":  19.339316855570953,
"greedy050":  21.984984095636243,
"greedy100":  23.56705447951261,
"DP_05":  38.93974788077764,
"DP_30":  38.93974788077764,
"DP_60":  38.93974788077764,
"DP_95":  40.96624739395662,
"QL":  40.46642841467223}
,
{ "x":  0.42500000000000004,
"greedy000":  21.4447496061935,
"greedy050":  23.6260697493115,
"greedy100":  25.001782855390942,
"DP_05":  38.12421993214888,
"DP_30":  38.12421993214888,
"DP_60":  38.12421993214888,
"DP_95":  41.14241538291758,
"QL":  40.503091543488786}
,
{ "x":  0.45000000000000007,
"greedy000":  24.15322425472079,
"greedy050":  26.29437323185067,
"greedy100":  27.531268980491536,
"DP_05":  38.32745113420849,
"DP_30":  38.32745113420849,
"DP_60":  38.32745113420849,
"DP_95":  40.388760938861694,
"QL":  39.93557992579766}
,
{ "x":  0.475,
"greedy000":  25.079048174481922,
"greedy050":  26.711426054144795,
"greedy100":  27.90785741363187,
"DP_05":  37.37034754563864,
"DP_30":  37.37034754563864,
"DP_60":  37.37034754563864,
"DP_95":  39.38205338684599,
"QL":  38.94725590020708}
,
{ "x":  0.5,
"greedy000":  27.39667203029969,
"greedy050":  29.184323022037177,
"greedy100":  30.36222594261301,
"DP_05":  37.85836892506997,
"DP_30":  37.85836892506997,
"DP_60":  37.85836892506997,
"DP_95":  39.55707216592868,
"QL":  39.0414972877867}
,
{ "x":  0.525,
"greedy000":  29.70550180580708,
"greedy050":  31.53957691009692,
"greedy100":  32.74501413610513,
"DP_05":  38.30638952895666,
"DP_30":  38.30638952895666,
"DP_60":  38.30638952895666,
"DP_95":  39.29771303505827,
"QL":  38.936739537895654}
,
{ "x":  0.55,
"greedy000":  32.01621655070745,
"greedy050":  33.68688533306583,
"greedy100":  34.62610082440534,
"DP_05":  38.23164327154225,
"DP_30":  38.23164327154225,
"DP_60":  38.23164327154225,
"DP_95":  38.61375182241311,
"QL":  38.37131510339757}
,
{ "x":  0.5750000000000001,
"greedy000":  32.79287161475665,
"greedy050":  34.244101735564854,
"greedy100":  35.12080734444427,
"DP_05":  37.3420923500492,
"DP_30":  37.3420923500492,
"DP_60":  37.3420923500492,
"DP_95":  38.192009964986624,
"QL":  37.65183099900568}
,
{ "x":  0.6,
"greedy000":  34.66291177399796,
"greedy050":  36.08889484651711,
"greedy100":  36.83467818734011,
"DP_05":  37.57132882773846,
"DP_30":  37.57132882773846,
"DP_60":  37.57132882773846,
"DP_95":  38.04121570935481,
"QL":  37.60408124282931}
,
{ "x":  0.625,
"greedy000":  36.37943400618896,
"greedy050":  37.958676958336795,
"greedy100":  38.91182372898183,
"DP_05":  38.91182372898183,
"DP_30":  38.91182372898183,
"DP_60":  38.91182372898183,
"DP_95":  39.256406391283164,
"QL":  38.66497506166617}
,
{ "x":  0.65,
"greedy000":  38.20871650525463,
"greedy050":  39.392326413955445,
"greedy100":  40.1146029588533,
"DP_05":  40.1146029588533,
"DP_30":  40.1146029588533,
"DP_60":  40.1146029588533,
"DP_95":  40.16908599153687,
"QL":  39.7642304316636}
]}
