{ "x_label":"capacity",
"y_label":"Average Profit",
 "results":[
{ "x":  5,
"greedy000":  0.0,
"greedy050":  0.0,
"greedy100":  72.87861381719651,
"DP_05":  0.0,
"DP_30":  0.0,
"DP_60":  0.0,
"DP_95":  72.87861381719651,
"QL":  72.87861381719651,
"RL":  72.87861381719651}
,
{ "x":  10,
"greedy000":  0.0,
"greedy050":  0.0,
"greedy100":  82.94452766862292,
"DP_05":  0.0,
"DP_30":  0.0,
"DP_60":  0.0,
"DP_95":  82.94452766862292,
"QL":  82.90511880162785,
"RL":  82.82937828373716}
,
{ "x":  15,
"greedy000":  0.0,
"greedy050":  0.0,
"greedy100":  78.15336960372136,
"DP_05":  0.0,
"DP_30":  0.0,
"DP_60":  0.0,
"DP_95":  86.20191952691566,
"QL":  86.07672553851413,
"RL":  85.54110261575836}
,
{ "x":  20,
"greedy000":  0.0,
"greedy050":  0.0,
"greedy100":  84.236079412343,
"DP_05":  0.0,
"DP_30":  0.0,
"DP_60":  0.0,
"DP_95":  87.25539194716143,
"QL":  85.09524317031348,
"RL":  84.65184512030797}
,
{ "x":  25,
"greedy000":  0.0,
"greedy050":  0.0,
"greedy100":  86.4205185956387,
"DP_05":  0.0,
"DP_30":  0.0,
"DP_60":  0.0,
"DP_95":  86.42762224986828,
"QL":  86.0942536104341,
"RL":  86.16280290707194}
,
{ "x":  30,
"greedy000":  0.0,
"greedy050":  0.0,
"greedy100":  86.55559976857441,
"DP_05":  0.0,
"DP_30":  0.0,
"DP_60":  0.0,
"DP_95":  87.9657140512306,
"QL":  87.37840512224577,
"RL":  87.20477005516977}
,
{ "x":  35,
"greedy000":  0.0,
"greedy050":  0.0,
"greedy100":  87.6751833180499,
"DP_05":  0.0,
"DP_30":  0.0,
"DP_60":  0.0,
"DP_95":  88.12718557808172,
"QL":  87.38939654070631,
"RL":  87.25870053666887}
,
{ "x":  40,
"greedy000":  0.0,
"greedy050":  0.0,
"greedy100":  88.301333790023,
"DP_05":  0.0,
"DP_30":  0.0,
"DP_60":  0.0,
"DP_95":  88.34407175470992,
"QL":  87.71768076274995,
"RL":  88.03332605918162}
,
{ "x":  45,
"greedy000":  0.0,
"greedy050":  0.0,
"greedy100":  88.72810543257742,
"DP_05":  0.0,
"DP_30":  0.0,
"DP_60":  0.0,
"DP_95":  88.91255602358994,
"QL":  87.79562314067486,
"RL":  88.69130408577607}
,
{ "x":  50,
"greedy000":  0.0,
"greedy050":  0.0,
"greedy100":  87.82979700514849,
"DP_05":  0.0,
"DP_30":  0.0,
"DP_60":  0.0,
"DP_95":  87.85095261734963,
"QL":  86.63411879960873,
"RL":  87.61971003526905}
,
{ "x":  55,
"greedy000":  0.0,
"greedy050":  0.0,
"greedy100":  88.51724835799635,
"DP_05":  0.0,
"DP_30":  0.0,
"DP_60":  0.0,
"DP_95":  88.52683822673765,
"QL":  87.46625641901724,
"RL":  88.08498602700153}
]}
