{ "x_label":"l",
"y_label":"Acceptance Rate",
 "results":[
{ "x":  0.3,
"greedy000":  0.0,
"greedy050":  0.0,
"greedy100":  1.0,
"DP_05":  0.0,
"DP_30":  0.0,
"DP_60":  0.0,
"DP_95":  1.0,
"QL":  0.7065661970257304,
"RL":  0.8463709998286169}
,
{ "x":  0.6,
"greedy000":  0.0,
"greedy050":  0.0,
"greedy100":  0.9945483253816547,
"DP_05":  0.0,
"DP_30":  0.0,
"DP_60":  0.0,
"DP_95":  0.9932157077307993,
"QL":  0.6596841683062045,
"RL":  0.8447748429167593}
,
{ "x":  0.8999999999999999,
"greedy000":  0.0,
"greedy050":  0.0,
"greedy100":  0.9518950702827433,
"DP_05":  0.0,
"DP_30":  0.0,
"DP_60":  0.0,
"DP_95":  0.9535150888050824,
"QL":  0.652376766996148,
"RL":  0.8321796329222145}
,
{ "x":  1.2,
"greedy000":  0.0,
"greedy050":  0.0,
"greedy100":  0.86600778423182,
"DP_05":  0.0,
"DP_30":  0.0,
"DP_60":  0.0,
"DP_95":  0.8926893966619748,
"QL":  0.6356036985760223,
"RL":  0.8209327146614358}
,
{ "x":  1.5,
"greedy000":  0.0,
"greedy050":  0.0,
"greedy100":  0.7874031225460479,
"DP_05":  0.0,
"DP_30":  0.0,
"DP_60":  0.0,
"DP_95":  0.8528835238679313,
"QL":  0.6543051159931867,
"RL":  0.7967253500385375}
,
{ "x":  1.8,
"greedy000":  0.0,
"greedy050":  0.0,
"greedy100":  0.7071042936951751,
"DP_05":  0.0,
"DP_30":  0.0,
"DP_60":  0.0,
"DP_95":  0.8155837557533815,
"QL":  0.6566419736515174,
"RL":  0.7598596078643777}
,
{ "x":  2.0999999999999996,
"greedy000":  0.0,
"greedy050":  0.0,
"greedy100":  0.6310174397333383,
"DP_05":  0.0,
"DP_30":  0.0,
"DP_60":  0.0,
"DP_95":  0.7886674229178612,
"QL":  0.62901527494919,
"RL":  0.7118567973764544}
,
{ "x":  2.4,
"greedy000":  0.0,
"greedy050":  0.0,
"greedy100":  0.5864630307587959,
"DP_05":  0.0,
"DP_30":  0.0,
"DP_60":  0.0,
"DP_95":  0.7639617646648531,
"QL":  0.6228564980087863,
"RL":  0.6738736973395384}
,
{ "x":  2.6999999999999997,
"greedy000":  0.0,
"greedy050":  0.0,
"greedy100":  0.5805584417173926,
"DP_05":  0.0,
"DP_30":  0.0,
"DP_60":  0.0,
"DP_95":  0.755936531461163,
"QL":  0.5983560563961593,
"RL":  0.6530706944377058}
,
{ "x":  2.9999999999999996,
"greedy000":  0.0,
"greedy050":  0.0,
"greedy100":  0.5223573082753112,
"DP_05":  0.0,
"DP_30":  0.0,
"DP_60":  0.0,
"DP_95":  0.7279643134161612,
"QL":  0.5826543420770334,
"RL":  0.6257385721496236}
,
{ "x":  3.3,
"greedy000":  0.0,
"greedy050":  0.0,
"greedy100":  0.49656624750834977,
"DP_05":  0.0,
"DP_30":  0.0,
"DP_60":  0.0,
"DP_95":  0.7225490295895016,
"QL":  0.5759051352081983,
"RL":  0.6030767103679591}
]}
