{ "x_label":"l",
"y_label":"Average Profit",
 "results":[
{ "x":  0.3,
"greedy000":  0.0,
"greedy050":  0.0,
"greedy100":  73.62403281593221,
"DP_05":  0.0,
"DP_30":  0.0,
"DP_60":  0.0,
"DP_95":  73.62403281593221,
"QL":  67.73443380662596,
"RL":  71.8753759275265}
,
{ "x":  0.6,
"greedy000":  0.0,
"greedy050":  0.0,
"greedy100":  73.27050901407225,
"DP_05":  0.0,
"DP_30":  0.0,
"DP_60":  0.0,
"DP_95":  73.31317618981836,
"QL":  65.7154394386372,
"RL":  71.29809114992672}
,
{ "x":  0.8999999999999999,
"greedy000":  0.0,
"greedy050":  0.0,
"greedy100":  72.70684545386365,
"DP_05":  0.0,
"DP_30":  0.0,
"DP_60":  0.0,
"DP_95":  73.27108083244016,
"QL":  65.41643377608298,
"RL":  71.08899490986188}
,
{ "x":  1.2,
"greedy000":  0.0,
"greedy050":  0.0,
"greedy100":  69.92583812838738,
"DP_05":  0.0,
"DP_30":  0.0,
"DP_60":  0.0,
"DP_95":  71.94254885205474,
"QL":  63.67736798000478,
"RL":  70.02443255986728}
,
{ "x":  1.5,
"greedy000":  0.0,
"greedy050":  0.0,
"greedy100":  67.64853116368178,
"DP_05":  0.0,
"DP_30":  0.0,
"DP_60":  0.0,
"DP_95":  71.98277394615938,
"QL":  64.88390291834139,
"RL":  69.67675040454279}
,
{ "x":  1.8,
"greedy000":  0.0,
"greedy050":  0.0,
"greedy100":  63.5356105039874,
"DP_05":  0.0,
"DP_30":  0.0,
"DP_60":  0.0,
"DP_95":  71.00202744532281,
"QL":  64.37624143441523,
"RL":  67.73828467825915}
,
{ "x":  2.0999999999999996,
"greedy000":  0.0,
"greedy050":  0.0,
"greedy100":  59.17744967057585,
"DP_05":  0.0,
"DP_30":  0.0,
"DP_60":  0.0,
"DP_95":  70.48847134147702,
"QL":  62.72897367422318,
"RL":  65.73910955174166}
,
{ "x":  2.4,
"greedy000":  0.0,
"greedy050":  0.0,
"greedy100":  56.262566455586,
"DP_05":  0.0,
"DP_30":  0.0,
"DP_60":  0.0,
"DP_95":  69.66440720554253,
"QL":  62.52860766212227,
"RL":  63.17345413516735}
,
{ "x":  2.6999999999999997,
"greedy000":  0.0,
"greedy050":  0.0,
"greedy100":  55.814588740823226,
"DP_05":  0.0,
"DP_30":  0.0,
"DP_60":  0.0,
"DP_95":  69.87555140202421,
"QL":  61.51337294016414,
"RL":  62.64649053916207}
,
{ "x":  2.9999999999999996,
"greedy000":  0.0,
"greedy050":  0.0,
"greedy100":  51.13105664136258,
"DP_05":  0.0,
"DP_30":  0.0,
"DP_60":  0.0,
"DP_95":  68.21673108568966,
"QL":  60.461739301837305,
"RL":  60.453759810951325}
,
{ "x":  3.3,
"greedy000":  0.0,
"greedy050":  0.0,
"greedy100":  49.350571470610646,
"DP_05":  0.0,
"DP_30":  0.0,
"DP_60":  0.0,
"DP_95":  68.360365060706,
"QL":  59.8655906325216,
"RL":  59.58118792901043}
]}
