{ "x_label":"LC",
"y_label":"Federation Rate",
 "results":[
{ "x":  0,
"greedy000":  0.0,
"greedy050":  0.0,
"greedy100":  0.5264806566490219,
"DP_05":  0.0,
"DP_30":  0.0,
"DP_60":  0.0,
"DP_95":  0.7024013726971058,
"QL_09":  0.7015924349663972,
"QL_05":  0.6358122524203478,
"RL":  0.7134558993430873}
,
{ "x":  8,
"greedy000":  0.0,
"greedy050":  0.0,
"greedy100":  0.3767104972440201,
"DP_05":  0.0,
"DP_30":  0.0,
"DP_60":  0.0,
"DP_95":  0.1972993769744053,
"QL_09":  0.350527935058196,
"QL_05":  0.3352468050839912,
"RL":  0.20368335653909214}
,
{ "x":  16,
"greedy000":  0.0,
"greedy050":  0.0,
"greedy100":  0.3171092739034196,
"DP_05":  0.0,
"DP_30":  0.0,
"DP_60":  0.0,
"DP_95":  0.14941376719960883,
"QL_09":  0.32919482804735417,
"QL_05":  0.2655252727763367,
"RL":  0.15638192307413365}
,
{ "x":  24,
"greedy000":  0.0,
"greedy050":  0.0,
"greedy100":  0.260299275237847,
"DP_05":  0.0,
"DP_30":  0.0,
"DP_60":  0.0,
"DP_95":  0.13980299078045152,
"QL_09":  0.2965191721964256,
"QL_05":  0.2278070598795101,
"RL":  0.148503841114591}
,
{ "x":  32,
"greedy000":  0.0,
"greedy050":  0.0,
"greedy100":  0.21134986363754366,
"DP_05":  0.0,
"DP_30":  0.0,
"DP_60":  0.0,
"DP_95":  0.12391403950904575,
"QL_09":  0.2675263167882842,
"QL_05":  0.21477637263548477,
"RL":  0.12999928519107862}
,
{ "x":  40,
"greedy000":  0.0,
"greedy050":  0.0,
"greedy100":  0.15507113344372608,
"DP_05":  0.0,
"DP_30":  0.0,
"DP_60":  0.0,
"DP_95":  0.10397051698661727,
"QL_09":  0.2706842052329171,
"QL_05":  0.21332294815350572,
"RL":  0.10798198438646714}
,
{ "x":  48,
"greedy000":  0.0,
"greedy050":  0.0,
"greedy100":  0.10727555491613891,
"DP_05":  0.0,
"DP_30":  0.0,
"DP_60":  0.0,
"DP_95":  0.07996946587056923,
"QL_09":  0.26132050590019534,
"QL_05":  0.2145402619941886,
"RL":  0.07780358403644796}
,
{ "x":  56,
"greedy000":  0.0,
"greedy050":  0.0,
"greedy100":  0.05606301494105168,
"DP_05":  0.0,
"DP_30":  0.0,
"DP_60":  0.0,
"DP_95":  0.04950648244887986,
"QL_09":  0.24981018806783678,
"QL_05":  0.2166027592772258,
"RL":  0.06717722255647475}
,
{ "x":  64,
"greedy000":  0.0,
"greedy050":  0.0,
"greedy100":  0.030443464265660514,
"DP_05":  0.0,
"DP_30":  0.0,
"DP_60":  0.0,
"DP_95":  0.02913093410551764,
"QL_09":  0.27812234029041427,
"QL_05":  0.2206813063599776,
"RL":  0.0683106707966409}
]}
