{ "x_label":"l",
"y_label":"Federation Rate",
 "results":[
{ "x":  1.200000Unknown state:  [(3, 3)(5, 2)],(0, 1),
"greedy000":,
"greedy050":,
"greedy100":,
"DP_05":,
"DP_30":,
"DP_60":,
"DP_95":,
"QL_09":,
"QL_05":,
"RL":}
,
{ "x":  1.2,
"greedy000":  0.0,
"greedy050":  0.0,
"greedy100":  0.12489285714285714,
"DP_05":  0.0,
"DP_30":  0.0,
"DP_60":  0.0,
"DP_95":  0.0880357142857143,
"QL_09":  0.1993214285714286,
"QL_05":  0.12057142857142858,
"RL":  0.09875}
,
{ "x":  1.5,
"greedy000":  0.0,
"greedy050":  0.0,
"greedy100":  0.15453571428571428,
"DP_05":  0.0,
"DP_30":  0.0,
"DP_60":  0.0,
"DP_95":  0.08885714285714284,
"QL_09":  0.1995357142857143,
"QL_05":  0.12060714285714284,
"RL":  0.10110714285714285}
,
{ "x":  1.8,
"greedy000":  0.0,
"greedy050":  0.0,
"greedy100":  0.16392857142857142,
"DP_05":  0.0,
"DP_30":  0.0,
"DP_60":  0.0,
"DP_95":  0.08167857142857142,
"QL_09":  0.19157142857142853,
"QL_05":  0.12403571428571428,
"RL":  0.09685714285714285}
,
{ "x":  2.0999999999999996,
"greedy000":  0.0,
"greedy050":  0.0,
"greedy100":  0.15760714285714286,
"DP_05":  0.0,
"DP_30":  0.0,
"DP_60":  0.0,
"DP_95":  0.07385714285714286,
"QL_09":  0.17235714285714288,
"QL_05":  0.11921428571428572,
"RL":  0.09057142857142855}
,
{ "x":  3.6,
"greedy000":  0.0,
"greedy050":  0.0,
"greedy100":  0.12582857142857143,
"DP_05":  0.0,
"DP_30":  0.0,
"DP_60":  0.0,
"DP_95":  0.02977142857142857,
"QL_09":  0.13137142857142856,
"QL_05":  0.09611428571428571,
"RL":  0.07922857142857143}
,
{ "x":  4.0,
"greedy000":  0.0,
"greedy050":  0.0,
"greedy100":  0.11651428571428571,
"DP_05":  0.0,
"DP_30":  0.0,
"DP_60":  0.0,
"DP_95":  0.027857142857142858,
"QL_09":  0.12205714285714286,
"QL_05":  0.09897142857142857,
"RL":  0.07694285714285716}
,
{ "x":  4.4,
"greedy000":  0.0,
"greedy050":  0.0,
"greedy100":  0.11220000000000001,
"DP_05":  0.0,
"DP_30":  0.0,
"DP_60":  0.0,
"DP_95":  0.0262,
"QL_09":  0.11360000000000002,
"QL_05":  0.10288571428571429,
"RL":  0.08388571428571427}
]}
