{ "x_label":"capacity",
"y_label":"Acceptance Rate",
 "results":[
{ "x":  5,
"greedy000":  0.0,
"greedy050":  0.0,
"greedy100":  0.0,
"DP_05":  0.0,
"DP_30":  0.0,
"DP_60":  0.0,
"DP_95":  0.0,
"QL":  0.0,
"RL":  0.0}
,
{ "x":  25,
"greedy000":  0.0,
"greedy050":  0.0,
"greedy100":  0.20293325736399,
"DP_05":  0.0,
"DP_30":  0.0,
"DP_60":  0.0,
"DP_95":  0.263962236496581,
"QL":  0.20293325736399,
"RL":  0.263962236496581}
,
{ "x":  45,
"greedy000":  0.0,
"greedy050":  0.0,
"greedy100":  0.24572863368272574,
"DP_05":  0.0,
"DP_30":  0.0,
"DP_60":  0.0,
"DP_95":  0.42614263925252116,
"QL":  0.24572863368272574,
"RL":  0.42033572852473433}
,
{ "x":  65,
"greedy000":  0.0,
"greedy050":  0.0,
"greedy100":  0.38447236944300756,
"DP_05":  0.0,
"DP_30":  0.0,
"DP_60":  0.0,
"DP_95":  0.48224563463315573,
"QL":  0.38407330557148717,
"RL":  0.47943696118316304}
,
{ "x":  85,
"greedy000":  0.0,
"greedy050":  0.0,
"greedy100":  0.469639317772297,
"DP_05":  0.0,
"DP_30":  0.0,
"DP_60":  0.0,
"DP_95":  0.5425486236082444,
"QL":  0.47023955792839855,
"RL":  0.5707592833582856}
,
{ "x":  105,
"greedy000":  0.0,
"greedy050":  0.0,
"greedy100":  0.5562815584277273,
"DP_05":  0.0,
"DP_30":  0.0,
"DP_60":  0.0,
"DP_95":  0.6080207293238182,
"QL":  0.5551364783294839,
"RL":  0.639779554578058}
,
{ "x":  125,
"greedy000":  0.0,
"greedy050":  0.0,
"greedy100":  0.6476447444217867,
"DP_05":  0.0,
"DP_30":  0.0,
"DP_60":  0.0,
"DP_95":  0.6494670804420177,
"QL":  0.6468427526107858,
"RL":  0.6930126349633479}
,
{ "x":  145,
"greedy000":  0.0,
"greedy050":  0.0,
"greedy100":  0.7168291807807828,
"DP_05":  0.0,
"DP_30":  0.0,
"DP_60":  0.0,
"DP_95":  0.7185124843226616,
"QL":  0.7164778980139646,
"RL":  0.7587295270499419}
,
{ "x":  165,
"greedy000":  0.0,
"greedy050":  0.0,
"greedy100":  0.7893460041991829,
"DP_05":  0.0,
"DP_30":  0.0,
"DP_60":  0.0,
"DP_95":  0.7851074837492562,
"QL":  0.7886528905176042,
"RL":  0.812638261320448}
,
{ "x":  185,
"greedy000":  0.0,
"greedy050":  0.0,
"greedy100":  0.8439873706208934,
"DP_05":  0.0,
"DP_30":  0.0,
"DP_60":  0.0,
"DP_95":  0.8267534074918341,
"QL":  0.8425724280335192,
"RL":  0.8571671465127428}
,
{ "x":  205,
"greedy000":  0.0,
"greedy050":  0.0,
"greedy100":  0.8956730124247857,
"DP_05":  0.0,
"DP_30":  0.0,
"DP_60":  0.0,
"DP_95":  0.8760309769578669,
"QL":  0.8852038200271363,
"RL":  0.8978372997893279}
,
{ "x":  225,
"greedy000":  0.0,
"greedy050":  0.0,
"greedy100":  0.9253658155247543,
"DP_05":  0.0,
"DP_30":  0.0,
"DP_60":  0.0,
"DP_95":  0.9095146492513431,
"QL":  0.9052949449068162,
"RL":  0.92326233568526}
,
{ "x":  245,
"greedy000":  0.0,
"greedy050":  0.0,
"greedy100":  0.9529103264450971,
"DP_05":  0.0,
"DP_30":  0.0,
"DP_60":  0.0,
"DP_95":  0.9415672689307535,
"QL":  0.9190582254162104,
"RL":  0.9496073829337544}
,
{ "x":  265,
"greedy000":  0.0,
"greedy050":  0.0,
"greedy100":  0.9802445105796048,
"DP_05":  0.0,
"DP_30":  0.0,
"DP_60":  0.0,
"DP_95":  0.9715377396001748,
"QL":  0.9362033980191308,
"RL":  0.9665303172561085}
]}
