{ "x_label":"capacity",
"y_label":"Federation Rate",
 "results":[
{ "x":  5,
"greedy000":  0.0,
"greedy050":  0.0,
"greedy100":  1.0,
"DP_05":  0.0,
"DP_30":  0.0,
"DP_60":  0.0,
"DP_95":  1.0,
"QL":  1.0,
"RL":  1.0}
,
{ "x":  25,
"greedy000":  0.0,
"greedy050":  0.0,
"greedy100":  0.7970667426360099,
"DP_05":  0.0,
"DP_30":  0.0,
"DP_60":  0.0,
"DP_95":  0.7360377635034189,
"QL":  0.7970667426360099,
"RL":  0.7360377635034189}
,
{ "x":  45,
"greedy000":  0.0,
"greedy050":  0.0,
"greedy100":  0.7542713663172742,
"DP_05":  0.0,
"DP_30":  0.0,
"DP_60":  0.0,
"DP_95":  0.5738573607474787,
"QL":  0.7542713663172742,
"RL":  0.5796642714752657}
,
{ "x":  65,
"greedy000":  0.0,
"greedy050":  0.0,
"greedy100":  0.6155276305569926,
"DP_05":  0.0,
"DP_30":  0.0,
"DP_60":  0.0,
"DP_95":  0.5177543653668443,
"QL":  0.6158775543793729,
"RL":  0.5191018736897826}
,
{ "x":  85,
"greedy000":  0.0,
"greedy050":  0.0,
"greedy100":  0.530360682227703,
"DP_05":  0.0,
"DP_30":  0.0,
"DP_60":  0.0,
"DP_95":  0.4574513763917555,
"QL":  0.5296115248471822,
"RL":  0.42830718752306496}
,
{ "x":  105,
"greedy000":  0.0,
"greedy050":  0.0,
"greedy100":  0.4437184415722727,
"DP_05":  0.0,
"DP_30":  0.0,
"DP_60":  0.0,
"DP_95":  0.3919792706761816,
"QL":  0.44465721868083785,
"RL":  0.3588770353001043}
,
{ "x":  125,
"greedy000":  0.0,
"greedy050":  0.0,
"greedy100":  0.35235525557821346,
"DP_05":  0.0,
"DP_30":  0.0,
"DP_60":  0.0,
"DP_95":  0.3505329195579824,
"QL":  0.35310798630547036,
"RL":  0.30637906332776865}
,
{ "x":  145,
"greedy000":  0.0,
"greedy050":  0.0,
"greedy100":  0.28317081921921694,
"DP_05":  0.0,
"DP_30":  0.0,
"DP_60":  0.0,
"DP_95":  0.2814875156773385,
"QL":  0.282873478155638,
"RL":  0.23924708773893597}
,
{ "x":  165,
"greedy000":  0.0,
"greedy050":  0.0,
"greedy100":  0.21065399580081717,
"DP_05":  0.0,
"DP_30":  0.0,
"DP_60":  0.0,
"DP_95":  0.21489251625074385,
"QL":  0.21075117926922432,
"RL":  0.18716450577784846}
,
{ "x":  185,
"greedy000":  0.0,
"greedy050":  0.0,
"greedy100":  0.15601262937910682,
"DP_05":  0.0,
"DP_30":  0.0,
"DP_60":  0.0,
"DP_95":  0.17324659250816601,
"QL":  0.1566239027435327,
"RL":  0.14163395009475685}
,
{ "x":  205,
"greedy000":  0.0,
"greedy050":  0.0,
"greedy100":  0.10432698757521446,
"DP_05":  0.0,
"DP_30":  0.0,
"DP_60":  0.0,
"DP_95":  0.12396902304213316,
"QL":  0.11278368589716188,
"RL":  0.09870994347476461}
,
{ "x":  225,
"greedy000":  0.0,
"greedy050":  0.0,
"greedy100":  0.0746341844752457,
"DP_05":  0.0,
"DP_30":  0.0,
"DP_60":  0.0,
"DP_95":  0.09048535074865692,
"QL":  0.08976008637649344,
"RL":  0.07345076282159387}
,
{ "x":  245,
"greedy000":  0.0,
"greedy050":  0.0,
"greedy100":  0.047089673554902685,
"DP_05":  0.0,
"DP_30":  0.0,
"DP_60":  0.0,
"DP_95":  0.05843273106924658,
"QL":  0.07510732870808694,
"RL":  0.044425260885199755}
,
{ "x":  265,
"greedy000":  0.0,
"greedy050":  0.0,
"greedy100":  0.019755489420395088,
"DP_05":  0.0,
"DP_30":  0.0,
"DP_60":  0.0,
"DP_95":  0.028462260399825363,
"QL":  0.057970849940796945,
"RL":  0.02343490672216142}
]}
