{ "x_label":"LC",
"y_label":"Acceptance Rate",
 "results":[
{ "x":  0,
"greedy000":  0.0,
"greedy050":  0.0,
"greedy100":  0.0,
"DP_05":  0.0,
"DP_30":  0.0,
"DP_60":  0.0,
"DP_95":  0.0,
"QL_09":  0.0,
"QL_05":  0.0,
"RL":  0.0}
,
{ "x":  8,
"greedy000":  0.0,
"greedy050":  0.0,
"greedy100":  0.27649483905256755,
"DP_05":  0.0,
"DP_30":  0.0,
"DP_60":  0.0,
"DP_95":  0.5656487188621807,
"QL_09":  0.4826208140907354,
"QL_05":  0.4319488410014771,
"RL":  0.5642496709516671}
,
{ "x":  16,
"greedy000":  0.0,
"greedy050":  0.0,
"greedy100":  0.4543683522053403,
"DP_05":  0.0,
"DP_30":  0.0,
"DP_60":  0.0,
"DP_95":  0.6647563876172872,
"QL_09":  0.5618740318154753,
"QL_05":  0.5845513498202328,
"RL":  0.6758237807969679}
,
{ "x":  24,
"greedy000":  0.0,
"greedy050":  0.0,
"greedy100":  0.5955452052225291,
"DP_05":  0.0,
"DP_30":  0.0,
"DP_60":  0.0,
"DP_95":  0.7410095555591611,
"QL_09":  0.6302987556051155,
"QL_05":  0.692472865169926,
"RL":  0.7388241092960024}
,
{ "x":  32,
"greedy000":  0.0,
"greedy050":  0.0,
"greedy100":  0.7038659631399165,
"DP_05":  0.0,
"DP_30":  0.0,
"DP_60":  0.0,
"DP_95":  0.7918144840549932,
"QL_09":  0.6500040283106812,
"QL_05":  0.7561433159102255,
"RL":  0.7855009822144171}
,
{ "x":  40,
"greedy000":  0.0,
"greedy050":  0.0,
"greedy100":  0.8016903005912333,
"DP_05":  0.0,
"DP_30":  0.0,
"DP_60":  0.0,
"DP_95":  0.8506703698214301,
"QL_09":  0.6512795756113933,
"QL_05":  0.811038742585268,
"RL":  0.8349110258502279}
,
{ "x":  48,
"greedy000":  0.0,
"greedy050":  0.0,
"greedy100":  0.8851414442274298,
"DP_05":  0.0,
"DP_30":  0.0,
"DP_60":  0.0,
"DP_95":  0.9073897818211928,
"QL_09":  0.6446760025143216,
"QL_05":  0.8225545597449598,
"RL":  0.8709209146635336}
,
{ "x":  56,
"greedy000":  0.0,
"greedy050":  0.0,
"greedy100":  0.930038430483202,
"DP_05":  0.0,
"DP_30":  0.0,
"DP_60":  0.0,
"DP_95":  0.9395385243011886,
"QL_09":  0.6549398653838348,
"QL_05":  0.820174486260788,
"RL":  0.8813101269748472}
,
{ "x":  64,
"greedy000":  0.0,
"greedy050":  0.0,
"greedy100":  0.9713549401239351,
"DP_05":  0.0,
"DP_30":  0.0,
"DP_60":  0.0,
"DP_95":  0.9707432448572861,
"QL_09":  0.6426206544827482,
"QL_05":  0.8214738184748216,
"RL":  0.8831618153703615}
,
{ "x":  72,
"greedy000":  0.0,
"greedy050":  0.0,
"greedy100":  0.9888322310890366,
"DP_05":  0.0,
"DP_30":  0.0,
"DP_60":  0.0,
"DP_95":  0.9877469191912233,
"QL_09":  0.6551029750541006,
"QL_05":  0.818585860673883,
"RL":  0.8852150410314062}
,
{ "x":  80,
"greedy000":  0.0,
"greedy050":  0.0,
"greedy100":  0.9965196157229157,
"DP_05":  0.0,
"DP_30":  0.0,
"DP_60":  0.0,
"DP_95":  0.9955248425163018,
"QL_09":  0.6441762250591833,
"QL_05":  0.8302894910647093,
"RL":  0.8853587906668047}
]}
