{ "x_label":"l",
"y_label":"Acceptance Rate",
 "results":[
{ "x":  0.8999999999999999,
"greedy000":  0.0,
"greedy050":  0.0,
"greedy100":  0.9205714285714286,
"DP_05":  0.0,
"DP_30":  0.0,
"DP_60":  0.0,
"DP_95":  0.9320000000000002,
"QL_09":  0.662,
"QL_05":,
"RL":}
,
{ "x":  1.2,
"greedy000":  0.0,
"greedy050":  0.0,
"greedy100":  0.8341428571428571,
"DP_05":  0.0,
"DP_30":  0.0,
"DP_60":  0.0,
"DP_95":  0.8699642857142856,
"QL_09":  0.6485000000000001,
"QL_05":  0.8204285714285715,
"RL":  0.8432857142857142}
,
{ "x":  1.5,
"greedy000":  0.0,
"greedy050":  0.0,
"greedy100":  0.7525357142857142,
"DP_05":  0.0,
"DP_30":  0.0,
"DP_60":  0.0,
"DP_95":  0.8303928571428572,
"QL_09":  0.631,
"QL_05":  0.7867142857142857,
"RL":  0.8072142857142858}
,
{ "x":  1.8,
"greedy000":  0.0,
"greedy050":  0.0,
"greedy100":  0.6828214285714287,
"DP_05":  0.0,
"DP_30":  0.0,
"DP_60":  0.0,
"DP_95":  0.7968571428571429,
"QL_09":  0.6230714285714286,
"QL_05":  0.74575,
"RL":  0.7761071428571429}
,
{ "x":  2.0999999999999996,
"greedy000":  0.0,
"greedy050":  0.0,
"greedy100":  0.6214285714285713,
"DP_05":  0.0,
"DP_30":  0.0,
"DP_60":  0.0,
"DP_95":  0.7694285714285716,
"QL_09":  0.6302500000000001,
"QL_05":  0.7090714285714285,
"RL":  0.7457142857142858}
,
{ "x":  2.4,
"greedy000":  0.0,
"greedy050":  0.0,
"greedy100":  0.5666785714285714,
"DP_05":  0.0,
"DP_30":  0.0,
"DP_60":  0.0,
"DP_95":  0.7468928571428571,
"QL_09":  0.6053928571428573,
"QL_05":  0.6671071428571429,
"RL":  0.7210000000000001}
,
{ "x":  2.6999999999999997,
"greedy000":  0.0,
"greedy050":  0.0,
"greedy100":  0.5199285714285714,
"DP_05":  0.0,
"DP_30":  0.0,
"DP_60":  0.0,
"DP_95":  0.7299285714285714,
"QL_09":  0.5831428571428571,
"QL_05":  0.6365714285714287,
"RL":  0.6954285714285715}
,
{ "x":  2.9999999999999996,
"greedy000":  0.0,
"greedy050":  0.0,
"greedy100":  0.5006428571428571,
"DP_05":  0.0,
"DP_30":  0.0,
"DP_60":  0.0,
"DP_95":  0.7205,
"QL_09":  0.5636785714285714,
"QL_05":  0.6165714285714285,
"RL":  0.68825}
,
{ "x":  3.3,
"greedy000":  0.0,
"greedy050":  0.0,
"greedy100":  0.46592857142857147,
"DP_05":  0.0,
"DP_30":  0.0,
"DP_60":  0.0,
"DP_95":  0.7126071428571429,
"QL_09":  0.5530714285714285,
"QL_05":  0.5993928571428572,
"RL":  0.6714642857142857}
]}
