{ "x_label":"l",
"y_label":"Federation Rate",
 "results":[
{ "x":  1.2,
"greedy000":  0.0,
"greedy050":  0.0,
"greedy100":  0.12489285714285714,
"DP_05":  0.0,
"DP_30":  0.0,
"DP_60":  0.0,
"DP_95":  0.0880357142857143,
"QL_09":  0.1993214285714286,
"QL_05":  0.12057142857142858,
"RL":  0.09875}
,
{ "x":  1.5,
"greedy000":  0.0,
"greedy050":  0.0,
"greedy100":  0.15453571428571428,
"DP_05":  0.0,
"DP_30":  0.0,
"DP_60":  0.0,
"DP_95":  0.08885714285714284,
"QL_09":  0.1995357142857143,
"QL_05":  0.12060714285714284,
"RL":  0.10110714285714285}
,
{ "x":  1.8,
"greedy000":  0.0,
"greedy050":  0.0,
"greedy100":  0.16392857142857142,
"DP_05":  0.0,
"DP_30":  0.0,
"DP_60":  0.0,
"DP_95":  0.08167857142857142,
"QL_09":  0.19157142857142853,
"QL_05":  0.12403571428571428,
"RL":  0.09685714285714285}
,
{ "x":  2.0999999999999996,
"greedy000":  0.0,
"greedy050":  0.0,
"greedy100":  0.15760714285714286,
"DP_05":  0.0,
"DP_30":  0.0,
"DP_60":  0.0,
"DP_95":  0.07385714285714286,
"QL_09":  0.17235714285714288,
"QL_05":  0.11921428571428572,
"RL":  0.09057142857142855}
,
{ "x":  2.4,
"greedy000":  0.0,
"greedy050":  0.0,
"greedy100":  0.1609642857142857,
"DP_05":  0.0,
"DP_30":  0.0,
"DP_60":  0.0,
"DP_95":  0.06632142857142857,
"QL_09":  0.16785714285714284,
"QL_05":  0.11989285714285713,
"RL":  0.08839285714285713}
,
{ "x":  2.6999999999999997,
"greedy000":  0.0,
"greedy050":  0.0,
"greedy100":  0.1569285714285714,
"DP_05":  0.0,
"DP_30":  0.0,
"DP_60":  0.0,
"DP_95":  0.058392857142857135,
"QL_09":  0.16067857142857145,
"QL_05":  0.10914285714285714,
"RL":  0.08392857142857144}
,
{ "x":  2.9999999999999996,
"greedy000":  0.0,
"greedy050":  0.0,
"greedy100":  0.15107142857142858,
"DP_05":  0.0,
"DP_30":  0.0,
"DP_60":  0.0,
"DP_95":  0.05446428571428572,
"QL_09":  0.1660714285714286,
"QL_05":  0.11217857142857143,
"RL":  0.07821428571428571}
,
{ "x":  3.3,
"greedy000":  0.0,
"greedy050":  0.0,
"greedy100":  0.14067857142857143,
"DP_05":  0.0,
"DP_30":  0.0,
"DP_60":  0.0,
"DP_95":  0.050571428571428566,
"QL_09":  0.16275,
"QL_05":  0.10792857142857144,
"RL":  0.07528571428571428}
]}
