{ "x_label":"zeta",
"y_label":"Acceptance Rate",
 "results":[
{ "x":  0.0,
"greedy000":  0.47536891599322556,
"greedy050":  0.587204717349849,
"greedy100":  0.6509584073672853,
"DP_05":  0.03963614212118173,
"DP_30":  0.00983195247927537,
"DP_60":  0.0,
"DP_95":  0.049518451234301056,
"QL":  0.2680555012636009}
,
{ "x":  0.25,
"greedy000":  0.47578286648481727,
"greedy050":  0.5829560512158659,
"greedy100":  0.6447099185302326,
"DP_05":  0.6447099185302326,
"DP_30":  0.6447099185302326,
"DP_60":  0.6447099185302326,
"DP_95":  0.7638777004669214,
"QL":  0.5451150173467221}
,
{ "x":  0.5,
"greedy000":  0.4786589724017903,
"greedy050":  0.589368772817962,
"greedy100":  0.6502814589675828,
"DP_05":  0.6502814589675828,
"DP_30":  0.6502814589675828,
"DP_60":  0.6502814589675828,
"DP_95":  0.7667198380605191,
"QL":  0.6791708577119521}
,
{ "x":  0.75,
"greedy000":  0.478770626470925,
"greedy050":  0.5861701728457633,
"greedy100":  0.6483590512094628,
"DP_05":  0.6483590512094628,
"DP_30":  0.6483590512094628,
"DP_60":  0.6483590512094628,
"DP_95":  0.7657146388974834,
"QL":  0.7092983302515269}
,
{ "x":  1.0,
"greedy000":  0.47755233575619344,
"greedy050":  0.584951804013176,
"greedy100":  0.6451205419668289,
"DP_05":  0.6451205419668289,
"DP_30":  0.6451205419668289,
"DP_60":  0.6451205419668289,
"DP_95":  0.76436369059855,
"QL":  0.7167492124564238}
,
{ "x":  1.25,
"greedy000":  0.4761446583527544,
"greedy050":  0.5834034582565898,
"greedy100":  0.6427845521369223,
"DP_05":  0.6427845521369223,
"DP_30":  0.6427845521369223,
"DP_60":  0.6427845521369223,
"DP_95":  0.7618357518816784,
"QL":  0.7241849910272465}
,
{ "x":  1.5,
"greedy000":  0.47615993815442287,
"greedy050":  0.5881777167032128,
"greedy100":  0.6497130358839903,
"DP_05":  0.6497130358839903,
"DP_30":  0.6497130358839903,
"DP_60":  0.6497130358839903,
"DP_95":  0.7667341325285848,
"QL":  0.7346164676259178}
,
{ "x":  1.75,
"greedy000":  0.4771506828073332,
"greedy050":  0.5871852207757696,
"greedy100":  0.6474425172789723,
"DP_05":  0.6474425172789723,
"DP_30":  0.6474425172789723,
"DP_60":  0.6474425172789723,
"DP_95":  0.7654885543777405,
"QL":  0.7393676528766407}
,
{ "x":  2.0,
"greedy000":  0.47644573736702284,
"greedy050":  0.5822333185050871,
"greedy100":  0.6462486262586751,
"DP_05":  0.6462486262586751,
"DP_30":  0.6462486262586751,
"DP_60":  0.6462486262586751,
"DP_95":  0.7659301116837562,
"QL":  0.7418827186614918}
,
{ "x":  2.25,
"greedy000":  0.47814878748890266,
"greedy050":  0.5860820508528983,
"greedy100":  0.6431064195120247,
"DP_05":  0.6431064195120247,
"DP_30":  0.6431064195120247,
"DP_60":  0.6431064195120247,
"DP_95":  0.7649770449636932,
"QL":  0.741691329024225}
,
{ "x":  2.5,
"greedy000":  0.4770243395077324,
"greedy050":  0.5870312621597369,
"greedy100":  0.6503169814143539,
"DP_05":  0.6503169814143539,
"DP_30":  0.6503169814143539,
"DP_60":  0.6503169814143539,
"DP_95":  0.7682512669865155,
"QL":  0.7452527906635468}
,
{ "x":  2.75,
"greedy000":  0.4790790533300866,
"greedy050":  0.5892649036292494,
"greedy100":  0.6495790095412113,
"DP_05":  0.6495790095412113,
"DP_30":  0.6495790095412113,
"DP_60":  0.6495790095412113,
"DP_95":  0.7678659324448904,
"QL":  0.7418939287886375}
,
{ "x":  3.0,
"greedy000":  0.47642712944684557,
"greedy050":  0.5879758200477754,
"greedy100":  0.6474927474103576,
"DP_05":  0.6474927474103576,
"DP_30":  0.6474927474103576,
"DP_60":  0.6474927474103576,
"DP_95":  0.7665296910512525,
"QL":  0.7465038408359536}
,
{ "x":  3.25,
"greedy000":  0.47633609950844635,
"greedy050":  0.585180220948865,
"greedy100":  0.6456402834001396,
"DP_05":  0.6456402834001396,
"DP_30":  0.6456402834001396,
"DP_60":  0.6456402834001396,
"DP_95":  0.7650412820720562,
"QL":  0.7429640418152558}
,
{ "x":  3.5,
"greedy000":  0.476084325617468,
"greedy050":  0.5883251269510724,
"greedy100":  0.6458898503344845,
"DP_05":  0.6458898503344845,
"DP_30":  0.6458898503344845,
"DP_60":  0.6458898503344845,
"DP_95":  0.7666811954303985,
"QL":  0.749378148028031}
,
{ "x":  3.75,
"greedy000":  0.4775778953984863,
"greedy050":  0.5883167865546679,
"greedy100":  0.6525132714754048,
"DP_05":  0.6525132714754048,
"DP_30":  0.6525132714754048,
"DP_60":  0.6525132714754048,
"DP_95":  0.7685279480693221,
"QL":  0.7484325324830683}
,
{ "x":  4.0,
"greedy000":  0.4774550025156552,
"greedy050":  0.5875375905865848,
"greedy100":  0.6457494181058012,
"DP_05":  0.6457494181058012,
"DP_30":  0.6457494181058012,
"DP_60":  0.6457494181058012,
"DP_95":  0.7647617133839985,
"QL":  0.7488803660034727}
,
{ "x":  4.25,
"greedy000":  0.4782288438501392,
"greedy050":  0.5856886379722303,
"greedy100":  0.6458178217728199,
"DP_05":  0.6458178217728199,
"DP_30":  0.6458178217728199,
"DP_60":  0.6458178217728199,
"DP_95":  0.7660584248792031,
"QL":  0.7462364910508527}
,
{ "x":  4.5,
"greedy000":  0.47527824801835195,
"greedy050":  0.5812678638715412,
"greedy100":  0.6414252424295832,
"DP_05":  0.6414252424295832,
"DP_30":  0.6414252424295832,
"DP_60":  0.6414252424295832,
"DP_95":  0.7613155626752601,
"QL":  0.7459189382286107}
,
{ "x":  4.75,
"greedy000":  0.47611658712217436,
"greedy050":  0.5855710942073854,
"greedy100":  0.6460051844014598,
"DP_05":  0.6460051844014598,
"DP_30":  0.6460051844014598,
"DP_60":  0.6460051844014598,
"DP_95":  0.7668576408941044,
"QL":  0.7459624270545337}
,
{ "x":  5.0,
"greedy000":  0.4742540463073136,
"greedy050":  0.5847736332396563,
"greedy100":  0.6431488405308776,
"DP_05":  0.6431488405308776,
"DP_30":  0.6431488405308776,
"DP_60":  0.6431488405308776,
"DP_95":  0.765294123576437,
"QL":  0.7465383160215946}
]}
