{ "x_label":"Capacity",
"y_label":"Acceptance Rate",
 "results":[
{ "x":  25,
"greedy100":  0.18372805626179894,
"DP_01":  0.18372805626179894,
"DP_30":  0.20737686595764213,
"DP_60":  0.218676245030247,
"DP_99":  0.218676245030247}
,
{ "x":  50,
"greedy100":  0.2864841341310391,
"DP_01":  0.2864841341310391,
"DP_30":  0.3386787534558453,
"DP_60":  0.4068320524610673,
"DP_99":  0.4068320524610673}
,
{ "x":  75,
"greedy100":  0.37875028477542066,
"DP_01":  0.37875028477542066,
"DP_30":  0.4323987567435809,
"DP_60":  0.48216251804976623,
"DP_99":  0.48216251804976623}
,
{ "x":  100,
"greedy100":  0.43070155322254244,
"DP_01":  0.43070155322254244,
"DP_30":  0.47252764959228033,
"DP_60":  0.48539374066486396,
"DP_99":  0.48539374066486396}
,
{ "x":  125,
"greedy100":  0.5333032516727678,
"DP_01":  0.5333032516727678,
"DP_30":  0.565358550884071,
"DP_60":  0.5037628523145575,
"DP_99":  0.5037628523145575}
,
{ "x":  150,
"greedy100":  0.5908522150719012,
"DP_01":  0.5908522150719012,
"DP_30":  0.6273638962246213,
"DP_60":  0.4920076735114841,
"DP_99":  0.4920076735114841}
,
{ "x":  175,
"greedy100":  0.6453038864806742,
"DP_01":  0.6453038864806742,
"DP_30":  0.673530762188115,
"DP_60":  0.49638861426926734,
"DP_99":  0.49638861426926734}
,
{ "x":  200,
"greedy100":  0.7144899564112484,
"DP_01":  0.7144899564112484,
"DP_30":  0.7473832921252642,
"DP_60":  0.4912446716689722,
"DP_99":  0.4912446716689722}
,
{ "x":  225,
"greedy100":  0.7577389669467498,
"DP_01":  0.7577389669467498,
"DP_30":  0.7758250581484848,
"DP_60":  0.5049773202659197,
"DP_99":  0.5049773202659197}
,
{ "x":  250,
"greedy100":  0.7979143580283801,
"DP_01":  0.7979143580283801,
"DP_30":  0.8225714468315927,
"DP_60":  0.5007900054952789,
"DP_99":  0.5007900054952789}
,
{ "x":  275,
"greedy100":  0.8538522444832507,
"DP_01":  0.8538522444832507,
"DP_30":  0.8717612767798236,
"DP_60":  0.5009062678621536,
"DP_99":  0.5009062678621536}
,
{ "x":  300,
"greedy100":  0.8938537804726703,
"DP_01":  0.8938537804726703,
"DP_30":  0.9023485257975059,
"DP_60":  0.49637990057734704,
"DP_99":  0.49637990057734704}
,
{ "x":  325,
"greedy100":  0.9168143295960387,
"DP_01":  0.9168143295960387,
"DP_30":  0.9233834058670674,
"DP_60":  0.49580661385267294,
"DP_99":  0.49580661385267294}
,
{ "x":  350,
"greedy100":  0.9530896425337382,
"DP_01":  0.9530896425337382,
"DP_30":  0.9547242922396763,
"DP_60":  0.48619604700464053,
"DP_99":  0.48619604700464053}
,
{ "x":  375,
"greedy100":  0.9727236832498061,
"DP_01":  0.9727236832498061,
"DP_30":  0.9749113267164183,
"DP_60":  0.5100292708122698,
"DP_99":  0.5100292708122698}
,
{ "x":  400,
"greedy100":  0.98129263585947,
"DP_01":  0.98129263585947,
"DP_30":  0.9804819501471684,
"DP_60":  0.4987060055606293,
"DP_99":  0.4987060055606293}
,
{ "x":  425,
"greedy100":  0.9874869126167818,
"DP_01":  0.9874869126167818,
"DP_30":  0.9888450075760522,
"DP_60":  0.5008450096870287,
"DP_99":  0.5008450096870287}
,
{ "x":  450,
"greedy100":  0.9972025744589337,
"DP_01":  0.9972025744589337,
"DP_30":  0.9970128211382505,
"DP_60":  0.4985192432029245,
"DP_99":  0.4985192432029245}
,
{ "x":  475,
"greedy100":  0.9990728962818004,
"DP_01":  0.9990728962818004,
"DP_30":  0.9988816916928902,
"DP_60":  0.49924689880985945,
"DP_99":  0.49924689880985945}
,
{ "x":  500,
"greedy100":  0.9996007984031936,
"DP_01":  0.9996007984031936,
"DP_30":  0.9994062458740107,
"DP_60":  0.5010005813557956,
"DP_99":  0.5010005813557956}
,
{ "x":  525,
"greedy100":  1.0,
"DP_01":  1.0,
"DP_30":  1.0,
"DP_60":  0.48162899969436024,
"DP_99":  0.48162899969436024}
,
{ "x":  550,
"greedy100":  0.9996472663139329,
"DP_01":  0.9996472663139329,
"DP_30":  0.9996472663139329,
"DP_60":  0.49734205663171016,
"DP_99":  0.49734205663171016}
,
{ "x":  575,
"greedy100":  1.0,
"DP_01":  1.0,
"DP_30":  1.0,
"DP_60":  0.4922789825479885,
"DP_99":  0.4922789825479885}
,
{ "x":  600,
"greedy100":  1.0,
"DP_01":  1.0,
"DP_30":  1.0,
"DP_60":  0.505950334445989,
"DP_99":  0.505950334445989}
,
{ "x":  625,
"greedy100":  1.0,
"DP_01":  1.0,
"DP_30":  1.0,
"DP_60":  0.49337914291257334,
"DP_99":  0.49337914291257334}
,
{ "x":  650,
"greedy100":  1.0,
"DP_01":  1.0,
"DP_30":  1.0,
"DP_60":  0.4898212419533534,
"DP_99":  0.4898212419533534}
,
{ "x":  675,
"greedy100":  1.0,
"DP_01":  1.0,
"DP_30":  1.0,
"DP_60":  0.49700498927413167,
"DP_99":  0.49700498927413167}
,
{ "x":  700,
"greedy100":  1.0,
"DP_01":  1.0,
"DP_30":  1.0,
"DP_60":  0.4876562048874112,
"DP_99":  0.4876562048874112}
,
{ "x":  725,
"greedy100":  1.0,
"DP_01":  1.0,
"DP_30":  1.0,
"DP_60":  0.5055195315830437,
"DP_99":  0.5055195315830437}
,
{ "x":  750,
"greedy100":  1.0,
"DP_01":  1.0,
"DP_30":  1.0,
"DP_60":  0.5003991310476227,
"DP_99":  0.5003991310476227}
,
{ "x":  775,
"greedy100":  1.0,
"DP_01":  1.0,
"DP_30":  1.0,
"DP_60":  0.5031130182489045,
"DP_99":  0.5031130182489045}
,
{ "x":  800,
"greedy100":  1.0,
"DP_01":  1.0,
"DP_30":  1.0,
"DP_60":  0.4985763953435628,
"DP_99":  0.4985763953435628}
,
{ "x":  825,
"greedy100":  1.0,
"DP_01":  1.0,
"DP_30":  1.0,
"DP_60":  0.5008587544905322,
"DP_99":  0.5008587544905322}
,
{ "x":  850,
"greedy100":  1.0,
"DP_01":  1.0,
"DP_30":  1.0,
"DP_60":  0.4863805877990748,
"DP_99":  0.4863805877990748}
,
{ "x":  875,
"greedy100":  1.0,
"DP_01":  1.0,
"DP_30":  1.0,
"DP_60":  0.49640671488954924,
"DP_99":  0.49640671488954924}
,
{ "x":  900,
"greedy100":  1.0,
"DP_01":  1.0,
"DP_30":  1.0,
"DP_60":  0.5181095506126951,
"DP_99":  0.5181095506126951}
,
{ "x":  925,
"greedy100":  1.0,
"DP_01":  1.0,
"DP_30":  1.0,
"DP_60":  0.5010398221053834,
"DP_99":  0.5010398221053834}
,
{ "x":  950,
"greedy100":  1.0,
"DP_01":  1.0,
"DP_30":  1.0,
"DP_60":  0.49457794475620787,
"DP_99":  0.49457794475620787}
,
{ "x":  975,
"greedy100":  1.0,
"DP_01":  1.0,
"DP_30":  1.0,
"DP_60":  0.4980423637548438,
"DP_99":  0.4980423637548438}
,
{ "x":  1000,
"greedy100":  1.0,
"DP_01":  1.0,
"DP_30":  1.0,
"DP_60":  0.4985842017811272,
"DP_99":  0.4985842017811272}
]}
