{ "x_label":"Capacity",
"y_label":"Federation Rate",
 "results":[
{ "x":  25,
"greedy100":  0.8162719437382011,
"DP_01":  0.8162719437382011,
"DP_30":  0.7926231340423577,
"DP_60":  0.7813237549697531,
"DP_99":  0.7813237549697531}
,
{ "x":  50,
"greedy100":  0.7135158658689609,
"DP_01":  0.7135158658689609,
"DP_30":  0.6613212465441547,
"DP_60":  0.5931679475389326,
"DP_99":  0.5931679475389326}
,
{ "x":  75,
"greedy100":  0.6212497152245793,
"DP_01":  0.6212497152245793,
"DP_30":  0.567601243256419,
"DP_60":  0.5178374819502338,
"DP_99":  0.5178374819502338}
,
{ "x":  100,
"greedy100":  0.5692984467774576,
"DP_01":  0.5692984467774576,
"DP_30":  0.5274723504077197,
"DP_60":  0.514606259335136,
"DP_99":  0.514606259335136}
,
{ "x":  125,
"greedy100":  0.4666967483272321,
"DP_01":  0.4666967483272321,
"DP_30":  0.43464144911592895,
"DP_60":  0.49623714768544247,
"DP_99":  0.49623714768544247}
,
{ "x":  150,
"greedy100":  0.4091477849280987,
"DP_01":  0.4091477849280987,
"DP_30":  0.3726361037753787,
"DP_60":  0.507992326488516,
"DP_99":  0.507992326488516}
,
{ "x":  175,
"greedy100":  0.35469611351932595,
"DP_01":  0.35469611351932595,
"DP_30":  0.326469237811885,
"DP_60":  0.5036113857307326,
"DP_99":  0.5036113857307326}
,
{ "x":  200,
"greedy100":  0.28551004358875165,
"DP_01":  0.28551004358875165,
"DP_30":  0.2526167078747359,
"DP_60":  0.5087553283310278,
"DP_99":  0.5087553283310278}
,
{ "x":  225,
"greedy100":  0.2422610330532502,
"DP_01":  0.2422610330532502,
"DP_30":  0.22417494185151524,
"DP_60":  0.4950226797340803,
"DP_99":  0.4950226797340803}
,
{ "x":  250,
"greedy100":  0.20208564197161985,
"DP_01":  0.20208564197161985,
"DP_30":  0.17742855316840736,
"DP_60":  0.49920999450472126,
"DP_99":  0.49920999450472126}
,
{ "x":  275,
"greedy100":  0.14614775551674933,
"DP_01":  0.14614775551674933,
"DP_30":  0.12823872322017627,
"DP_60":  0.4990937321378464,
"DP_99":  0.4990937321378464}
,
{ "x":  300,
"greedy100":  0.10614621952732939,
"DP_01":  0.10614621952732939,
"DP_30":  0.09765147420249415,
"DP_60":  0.5036200994226528,
"DP_99":  0.5036200994226528}
,
{ "x":  325,
"greedy100":  0.0831856704039614,
"DP_01":  0.0831856704039614,
"DP_30":  0.07661659413293266,
"DP_60":  0.5041933861473271,
"DP_99":  0.5041933861473271}
,
{ "x":  350,
"greedy100":  0.04691035746626186,
"DP_01":  0.04691035746626186,
"DP_30":  0.04527570776032376,
"DP_60":  0.5138039529953595,
"DP_99":  0.5138039529953595}
,
{ "x":  375,
"greedy100":  0.027276316750193996,
"DP_01":  0.027276316750193996,
"DP_30":  0.02508867328358173,
"DP_60":  0.4899707291877301,
"DP_99":  0.4899707291877301}
,
{ "x":  400,
"greedy100":  0.0187073641405301,
"DP_01":  0.0187073641405301,
"DP_30":  0.01951804985283158,
"DP_60":  0.5012939944393707,
"DP_99":  0.5012939944393707}
,
{ "x":  425,
"greedy100":  0.012513087383218085,
"DP_01":  0.012513087383218085,
"DP_30":  0.011154992423947883,
"DP_60":  0.49915499031297134,
"DP_99":  0.49915499031297134}
,
{ "x":  450,
"greedy100":  0.0027974255410663554,
"DP_01":  0.0027974255410663554,
"DP_30":  0.002987178861749467,
"DP_60":  0.5014807567970755,
"DP_99":  0.5014807567970755}
,
{ "x":  475,
"greedy100":  0.0009271037181996086,
"DP_01":  0.0009271037181996086,
"DP_30":  0.0011183083071097425,
"DP_60":  0.5007531011901405,
"DP_99":  0.5007531011901405}
,
{ "x":  500,
"greedy100":  0.0003992015968063872,
"DP_01":  0.0003992015968063872,
"DP_30":  0.0005937541259892666,
"DP_60":  0.49899941864420433,
"DP_99":  0.49899941864420433}
,
{ "x":  525,
"greedy100":  0.0,
"DP_01":  0.0,
"DP_30":  0.0,
"DP_60":  0.5183710003056398,
"DP_99":  0.5183710003056398}
,
{ "x":  550,
"greedy100":  0.00035273368606701937,
"DP_01":  0.00035273368606701937,
"DP_30":  0.00035273368606701937,
"DP_60":  0.5026579433682897,
"DP_99":  0.5026579433682897}
,
{ "x":  575,
"greedy100":  0.0,
"DP_01":  0.0,
"DP_30":  0.0,
"DP_60":  0.5077210174520115,
"DP_99":  0.5077210174520115}
,
{ "x":  600,
"greedy100":  0.0,
"DP_01":  0.0,
"DP_30":  0.0,
"DP_60":  0.494049665554011,
"DP_99":  0.494049665554011}
,
{ "x":  625,
"greedy100":  0.0,
"DP_01":  0.0,
"DP_30":  0.0,
"DP_60":  0.5066208570874267,
"DP_99":  0.5066208570874267}
,
{ "x":  650,
"greedy100":  0.0,
"DP_01":  0.0,
"DP_30":  0.0,
"DP_60":  0.5101787580466466,
"DP_99":  0.5101787580466466}
,
{ "x":  675,
"greedy100":  0.0,
"DP_01":  0.0,
"DP_30":  0.0,
"DP_60":  0.5029950107258683,
"DP_99":  0.5029950107258683}
,
{ "x":  700,
"greedy100":  0.0,
"DP_01":  0.0,
"DP_30":  0.0,
"DP_60":  0.5123437951125889,
"DP_99":  0.5123437951125889}
,
{ "x":  725,
"greedy100":  0.0,
"DP_01":  0.0,
"DP_30":  0.0,
"DP_60":  0.49448046841695625,
"DP_99":  0.49448046841695625}
,
{ "x":  750,
"greedy100":  0.0,
"DP_01":  0.0,
"DP_30":  0.0,
"DP_60":  0.4996008689523773,
"DP_99":  0.4996008689523773}
,
{ "x":  775,
"greedy100":  0.0,
"DP_01":  0.0,
"DP_30":  0.0,
"DP_60":  0.49688698175109547,
"DP_99":  0.49688698175109547}
,
{ "x":  800,
"greedy100":  0.0,
"DP_01":  0.0,
"DP_30":  0.0,
"DP_60":  0.5014236046564372,
"DP_99":  0.5014236046564372}
,
{ "x":  825,
"greedy100":  0.0,
"DP_01":  0.0,
"DP_30":  0.0,
"DP_60":  0.4991412455094678,
"DP_99":  0.4991412455094678}
,
{ "x":  850,
"greedy100":  0.0,
"DP_01":  0.0,
"DP_30":  0.0,
"DP_60":  0.5136194122009251,
"DP_99":  0.5136194122009251}
,
{ "x":  875,
"greedy100":  0.0,
"DP_01":  0.0,
"DP_30":  0.0,
"DP_60":  0.5035932851104508,
"DP_99":  0.5035932851104508}
,
{ "x":  900,
"greedy100":  0.0,
"DP_01":  0.0,
"DP_30":  0.0,
"DP_60":  0.4818904493873048,
"DP_99":  0.4818904493873048}
,
{ "x":  925,
"greedy100":  0.0,
"DP_01":  0.0,
"DP_30":  0.0,
"DP_60":  0.4989601778946164,
"DP_99":  0.4989601778946164}
,
{ "x":  950,
"greedy100":  0.0,
"DP_01":  0.0,
"DP_30":  0.0,
"DP_60":  0.5054220552437921,
"DP_99":  0.5054220552437921}
,
{ "x":  975,
"greedy100":  0.0,
"DP_01":  0.0,
"DP_30":  0.0,
"DP_60":  0.5019576362451562,
"DP_99":  0.5019576362451562}
,
{ "x":  1000,
"greedy100":  0.0,
"DP_01":  0.0,
"DP_30":  0.0,
"DP_60":  0.5014157982188727,
"DP_99":  0.5014157982188727}
]}
