{ "x_label":"Capacity",
"y_label":"Average Profit",
 "results":[
{ "x":  25,
"greedy100":  13.80368215899631,
"DP_01":  13.80368215899631,
"DP_30":  15.188290214271495,
"DP_60":  15.839594037392269,
"DP_99":  15.839594037392269}
,
{ "x":  50,
"greedy100":  16.736625966029454,
"DP_01":  16.736625966029454,
"DP_30":  19.881185023250065,
"DP_60":  24.328066686814402,
"DP_99":  24.328066686814402}
,
{ "x":  75,
"greedy100":  19.291465399005126,
"DP_01":  19.291465399005126,
"DP_30":  22.660090773691074,
"DP_60":  27.70485700199339,
"DP_99":  27.70485700199339}
,
{ "x":  100,
"greedy100":  19.750520783603843,
"DP_01":  19.750520783603843,
"DP_30":  22.812111471906768,
"DP_60":  27.870414016171754,
"DP_99":  27.870414016171754}
,
{ "x":  125,
"greedy100":  22.709820588110908,
"DP_01":  22.709820588110908,
"DP_30":  25.100249771002225,
"DP_60":  28.661802649525974,
"DP_99":  28.661802649525974}
,
{ "x":  150,
"greedy100":  23.28757796155542,
"DP_01":  23.28757796155542,
"DP_30":  26.03650911008136,
"DP_60":  28.15632996099381,
"DP_99":  28.15632996099381}
,
{ "x":  175,
"greedy100":  24.52572363428723,
"DP_01":  24.52572363428723,
"DP_30":  26.63914822592268,
"DP_60":  28.344710413578497,
"DP_99":  28.344710413578497}
,
{ "x":  200,
"greedy100":  25.530733960153174,
"DP_01":  25.530733960153174,
"DP_30":  27.693320980826748,
"DP_60":  28.123520881765803,
"DP_99":  28.123520881765803}
,
{ "x":  225,
"greedy100":  26.89191052030115,
"DP_01":  26.89191052030115,
"DP_30":  28.301801645536393,
"DP_60":  28.71402477143455,
"DP_99":  28.71402477143455}
,
{ "x":  250,
"greedy100":  27.099004080007223,
"DP_01":  27.099004080007223,
"DP_30":  28.485583247337843,
"DP_60":  28.533970236296994,
"DP_99":  28.533970236296994}
,
{ "x":  275,
"greedy100":  28.129777289740986,
"DP_01":  28.129777289740986,
"DP_30":  29.132951769475113,
"DP_60":  28.538969518072605,
"DP_99":  28.538969518072605}
,
{ "x":  300,
"greedy100":  28.459971091614392,
"DP_01":  28.459971091614392,
"DP_30":  29.15897813151493,
"DP_60":  28.344335724825925,
"DP_99":  28.344335724825925}
,
{ "x":  325,
"greedy100":  28.53981786215183,
"DP_01":  28.53981786215183,
"DP_30":  29.1686717274137,
"DP_60":  28.31968439566494,
"DP_99":  28.31968439566494}
,
{ "x":  350,
"greedy100":  28.95263735844536,
"DP_01":  28.95263735844536,
"DP_30":  29.242062791686596,
"DP_60":  27.906430021199544,
"DP_99":  27.906430021199544}
,
{ "x":  375,
"greedy100":  30.078973813085447,
"DP_01":  30.078973813085447,
"DP_30":  30.23619919193293,
"DP_60":  28.931258644927603,
"DP_99":  28.931258644927603}
,
{ "x":  400,
"greedy100":  29.690853555201056,
"DP_01":  29.690853555201056,
"DP_30":  29.824145258256117,
"DP_60":  28.444358239107054,
"DP_99":  28.444358239107054}
,
{ "x":  425,
"greedy100":  29.874888033783854,
"DP_01":  29.874888033783854,
"DP_30":  29.968244931124662,
"DP_60":  28.536335416542226,
"DP_99":  28.536335416542226}
,
{ "x":  450,
"greedy100":  29.924190316990853,
"DP_01":  29.924190316990853,
"DP_30":  29.93180819153173,
"DP_60":  28.43632745772576,
"DP_99":  28.43632745772576}
,
{ "x":  475,
"greedy100":  29.967094641239775,
"DP_01":  29.967094641239775,
"DP_30":  29.96652102747305,
"DP_60":  28.467616648823952,
"DP_99":  28.467616648823952}
,
{ "x":  500,
"greedy100":  30.038825649441414,
"DP_01":  30.038825649441414,
"DP_30":  30.038241991853862,
"DP_60":  28.54302499829921,
"DP_99":  28.54302499829921}
,
{ "x":  525,
"greedy100":  29.26515998777441,
"DP_01":  29.26515998777441,
"DP_30":  29.26515998777441,
"DP_60":  27.7100469868575,
"DP_99":  27.7100469868575}
,
{ "x":  550,
"greedy100":  29.892624064210207,
"DP_01":  29.892624064210207,
"DP_30":  29.892624064210207,
"DP_60":  28.385708435163544,
"DP_99":  28.385708435163544}
,
{ "x":  575,
"greedy100":  29.691159301919544,
"DP_01":  29.691159301919544,
"DP_30":  29.691159301919544,
"DP_60":  28.167996249563505,
"DP_99":  28.167996249563505}
,
{ "x":  600,
"greedy100":  30.23801337783957,
"DP_01":  30.23801337783957,
"DP_30":  30.23801337783957,
"DP_60":  28.75586438117753,
"DP_99":  28.75586438117753}
,
{ "x":  625,
"greedy100":  29.73516571650294,
"DP_01":  29.73516571650294,
"DP_30":  29.73516571650294,
"DP_60":  28.215303145240654,
"DP_99":  28.215303145240654}
,
{ "x":  650,
"greedy100":  29.592849678134137,
"DP_01":  29.592849678134137,
"DP_30":  29.592849678134137,
"DP_60":  28.0623134039942,
"DP_99":  28.0623134039942}
,
{ "x":  675,
"greedy100":  29.88019957096527,
"DP_01":  29.88019957096527,
"DP_30":  29.88019957096527,
"DP_60":  28.371214538787665,
"DP_99":  28.371214538787665}
,
{ "x":  700,
"greedy100":  29.506248195496447,
"DP_01":  29.506248195496447,
"DP_30":  29.506248195496447,
"DP_60":  27.969216810158684,
"DP_99":  27.969216810158684}
,
{ "x":  725,
"greedy100":  30.220781263321747,
"DP_01":  30.220781263321747,
"DP_30":  30.220781263321747,
"DP_60":  28.73733985807088,
"DP_99":  28.73733985807088}
,
{ "x":  750,
"greedy100":  30.01596524190491,
"DP_01":  30.01596524190491,
"DP_30":  30.01596524190491,
"DP_60":  28.51716263504777,
"DP_99":  28.51716263504777}
,
{ "x":  775,
"greedy100":  30.12452072995618,
"DP_01":  30.12452072995618,
"DP_30":  30.12452072995618,
"DP_60":  28.63385978470289,
"DP_99":  28.63385978470289}
,
{ "x":  800,
"greedy100":  29.94305581374251,
"DP_01":  29.94305581374251,
"DP_30":  29.94305581374251,
"DP_60":  28.4387849997732,
"DP_99":  28.4387849997732}
,
{ "x":  825,
"greedy100":  30.03435017962129,
"DP_01":  30.03435017962129,
"DP_30":  30.03435017962129,
"DP_60":  28.536926443092888,
"DP_99":  28.536926443092888}
,
{ "x":  850,
"greedy100":  29.45522351196299,
"DP_01":  29.45522351196299,
"DP_30":  29.45522351196299,
"DP_60":  27.91436527536022,
"DP_99":  27.91436527536022}
,
{ "x":  875,
"greedy100":  29.85626859558197,
"DP_01":  29.85626859558197,
"DP_30":  29.85626859558197,
"DP_60":  28.34548874025062,
"DP_99":  28.34548874025062}
,
{ "x":  900,
"greedy100":  30.724382024507804,
"DP_01":  30.724382024507804,
"DP_30":  30.724382024507804,
"DP_60":  29.278710676345888,
"DP_99":  29.278710676345888}
,
{ "x":  925,
"greedy100":  30.041592884215344,
"DP_01":  30.041592884215344,
"DP_30":  30.041592884215344,
"DP_60":  28.544712350531494,
"DP_99":  28.544712350531494}
,
{ "x":  950,
"greedy100":  29.78311779024832,
"DP_01":  29.78311779024832,
"DP_30":  29.78311779024832,
"DP_60":  28.266851624516942,
"DP_99":  28.266851624516942}
,
{ "x":  975,
"greedy100":  29.921694550193752,
"DP_01":  29.921694550193752,
"DP_30":  29.921694550193752,
"DP_60":  28.415821641458287,
"DP_99":  28.415821641458287}
,
{ "x":  1000,
"greedy100":  29.943368071245096,
"DP_01":  29.943368071245096,
"DP_30":  29.943368071245096,
"DP_60":  28.43912067658847,
"DP_99":  28.43912067658847}
]}
