{ "x_label":"PC",
"y_label":"Federation Rate",
 "results":[
{ "x":  0,
"greedy000":  0.0,
"greedy050":  0.0,
"greedy100":  0.0,
"DP_05":  0.0,
"DP_30":  0.0,
"DP_60":  0.0,
"DP_95":  0.0,
"QL_09":  0.0,
"QL_05":  0.0,
"RL":  0.0}
,
{ "x":  8,
"greedy000":  0.0,
"greedy050":  0.0,
"greedy100":  0.13269766144546252,
"DP_05":  0.0,
"DP_30":  0.0,
"DP_60":  0.0,
"DP_95":  0.06190996263126085,
"QL_09":  0.07901285173589738,
"QL_05":  0.11364299643165117,
"RL":  0.061806933499720954}
,
{ "x":  16,
"greedy000":  0.0,
"greedy050":  0.0,
"greedy100":  0.24657717532708232,
"DP_05":  0.0,
"DP_30":  0.0,
"DP_60":  0.0,
"DP_95":  0.1156314005423263,
"QL_09":  0.17205849025140899,
"QL_05":  0.1871563112497319,
"RL":  0.11673530991596939}
,
{ "x":  24,
"greedy000":  0.0,
"greedy050":  0.0,
"greedy100":  0.3264843921764712,
"DP_05":  0.0,
"DP_30":  0.0,
"DP_60":  0.0,
"DP_95":  0.17232099815531282,
"QL_09":  0.22538212357538087,
"QL_05":  0.24511951450454156,
"RL":  0.17622003356301574}
,
{ "x":  32,
"greedy000":  0.0,
"greedy050":  0.0,
"greedy100":  0.38212647120385757,
"DP_05":  0.0,
"DP_30":  0.0,
"DP_60":  0.0,
"DP_95":  0.2180517625229017,
"QL_09":  0.22497276143975156,
"QL_05":  0.3011639442218983,
"RL":  0.22346180793608758}
,
{ "x":  40,
"greedy000":  0.0,
"greedy050":  0.0,
"greedy100":  0.43150410162200104,
"DP_05":  0.0,
"DP_30":  0.0,
"DP_60":  0.0,
"DP_95":  0.2500249365146171,
"QL_09":  0.22253700910152324,
"QL_05":  0.3453278597371791,
"RL":  0.25085889450846605}
,
{ "x":  48,
"greedy000":  0.0,
"greedy050":  0.0,
"greedy100":  0.4462153188497605,
"DP_05":  0.0,
"DP_30":  0.0,
"DP_60":  0.0,
"DP_95":  0.2803160946856315,
"QL_09":  0.21856790802136924,
"QL_05":  0.3613102307453636,
"RL":  0.27097455214517213}
,
{ "x":  56,
"greedy000":  0.0,
"greedy050":  0.0,
"greedy100":  0.46806512646550225,
"DP_05":  0.0,
"DP_30":  0.0,
"DP_60":  0.0,
"DP_95":  0.29672946109214726,
"QL_09":  0.21808587908855812,
"QL_05":  0.36238296447262314,
"RL":  0.27057121905172704}
,
{ "x":  64,
"greedy000":  0.0,
"greedy050":  0.0,
"greedy100":  0.4764785783281056,
"DP_05":  0.0,
"DP_30":  0.0,
"DP_60":  0.0,
"DP_95":  0.3000168593164192,
"QL_09":  0.22195995934402774,
"QL_05":  0.3653215282086912,
"RL":  0.2727579502083983}
]}
