{ "x_label":"PC",
"y_label":"Average Profit",
 "results":[
{ "x":  0,
"greedy000":  0.0,
"greedy050":  0.0,
"greedy100":  41.96217689482171,
"DP_05":  0.0,
"DP_30":  0.0,
"DP_60":  0.0,
"DP_95":  66.78906395701921,
"QL_09":  66.12151704175467,
"QL_05":  57.802517951982495,
"RL":  66.20070666896338}
,
{ "x":  8,
"greedy000":  0.0,
"greedy050":  0.0,
"greedy100":  49.22568910337612,
"DP_05":  0.0,
"DP_30":  0.0,
"DP_60":  0.0,
"DP_95":  68.09539411751288,
"QL_09":  66.06092509664181,
"QL_05":  59.90910846529099,
"RL":  67.59855142039302}
,
{ "x":  16,
"greedy000":  0.0,
"greedy050":  0.0,
"greedy100":  53.895557216972506,
"DP_05":  0.0,
"DP_30":  0.0,
"DP_60":  0.0,
"DP_95":  68.61515343496652,
"QL_09":  64.50431717854906,
"QL_05":  61.800073572109476,
"RL":  68.07125571218788}
,
{ "x":  24,
"greedy000":  0.0,
"greedy050":  0.0,
"greedy100":  58.95336578166975,
"DP_05":  0.0,
"DP_30":  0.0,
"DP_60":  0.0,
"DP_95":  69.82459570520398,
"QL_09":  64.614930855927,
"QL_05":  64.6831527323385,
"RL":  69.17863189245858}
,
{ "x":  32,
"greedy000":  0.0,
"greedy050":  0.0,
"greedy100":  61.58726122974448,
"DP_05":  0.0,
"DP_30":  0.0,
"DP_60":  0.0,
"DP_95":  70.77355396252277,
"QL_09":  64.43185537777772,
"QL_05":  65.7425568622971,
"RL":  69.63285439580953}
,
{ "x":  40,
"greedy000":  0.0,
"greedy050":  0.0,
"greedy100":  62.62601624001405,
"DP_05":  0.0,
"DP_30":  0.0,
"DP_60":  0.0,
"DP_95":  71.05973429366509,
"QL_09":  64.1569231209797,
"QL_05":  65.63579761757703,
"RL":  69.7911457767899}
,
{ "x":  48,
"greedy000":  0.0,
"greedy050":  0.0,
"greedy100":  63.87936164788342,
"DP_05":  0.0,
"DP_30":  0.0,
"DP_60":  0.0,
"DP_95":  71.15424804958658,
"QL_09":  64.05726851465337,
"QL_05":  65.76887248064868,
"RL":  69.5204083681713}
,
{ "x":  56,
"greedy000":  0.0,
"greedy050":  0.0,
"greedy100":  63.98353938878388,
"DP_05":  0.0,
"DP_30":  0.0,
"DP_60":  0.0,
"DP_95":  71.39893233797544,
"QL_09":  64.35782730955437,
"QL_05":  65.86717444392558,
"RL":  69.64259155977895}
,
{ "x":  64,
"greedy000":  0.0,
"greedy050":  0.0,
"greedy100":  64.25232800171455,
"DP_05":  0.0,
"DP_30":  0.0,
"DP_60":  0.0,
"DP_95":  71.67783199504235,
"QL_09":  64.31121395554163,
"QL_05":  65.84540395964223,
"RL":  69.84797710855408}
]}
