{ "x_label":"PC",
"y_label":"Average Profit",
 "results":[
{ "x":  0,
"greedy000":  0.0,
"greedy050":  0.0,
"greedy100":  42.9173541291443,
"DP_05":  0.0,
"DP_30":  0.0,
"DP_60":  0.0,
"DP_95":  67.18542766327104,
"QL_09":  65.29831180924906,
"QL_05":  58.75475449723924,
"RL":  66.01419616688102}
,
{ "x":  8,
"greedy000":  0.0,
"greedy050":  0.0,
"greedy100":  50.39863798776109,
"DP_05":  0.0,
"DP_30":  0.0,
"DP_60":  0.0,
"DP_95":  68.17583415849944,
"QL_09":  64.6972179440938,
"QL_05":  60.90607437661937,
"RL":  67.05573786066456}
,
{ "x":  16,
"greedy000":  0.0,
"greedy050":  0.0,
"greedy100":  54.28421474834147,
"DP_05":  0.0,
"DP_30":  0.0,
"DP_60":  0.0,
"DP_95":  68.81858830346471,
"QL_09":  64.38830760655642,
"QL_05":  63.6576281548681,
"RL":  67.5446815271426}
,
{ "x":  24,
"greedy000":  0.0,
"greedy050":  0.0,
"greedy100":  58.57861450201442,
"DP_05":  0.0,
"DP_30":  0.0,
"DP_60":  0.0,
"DP_95":  69.84502084994597,
"QL_09":  64.6221704121918,
"QL_05":  65.35975566891065,
"RL":  68.78028341610583}
,
{ "x":  32,
"greedy000":  0.0,
"greedy050":  0.0,
"greedy100":  61.46377035495586,
"DP_05":  0.0,
"DP_30":  0.0,
"DP_60":  0.0,
"DP_95":  70.68172255604365,
"QL_09":  64.2356644757493,
"QL_05":  66.39984616007709,
"RL":  69.64498119349567}
,
{ "x":  40,
"greedy000":  0.0,
"greedy050":  0.0,
"greedy100":  63.163579171729566,
"DP_05":  0.0,
"DP_30":  0.0,
"DP_60":  0.0,
"DP_95":  71.23968997277784,
"QL_09":  64.3648916104341,
"QL_05":  67.00852053208159,
"RL":  69.97156790542849}
,
{ "x":  48,
"greedy000":  0.0,
"greedy050":  0.0,
"greedy100":  63.34155875312889,
"DP_05":  0.0,
"DP_30":  0.0,
"DP_60":  0.0,
"DP_95":  71.21306312069689,
"QL_09":  64.33339262050245,
"QL_05":  66.35231033305601,
"RL":  69.31530774120772}
,
{ "x":  56,
"greedy000":  0.0,
"greedy050":  0.0,
"greedy100":  64.32084354271423,
"DP_05":  0.0,
"DP_30":  0.0,
"DP_60":  0.0,
"DP_95":  71.85279751661346,
"QL_09":  64.3915523394414,
"QL_05":  66.90814040371757,
"RL":  70.14705960915254}
,
{ "x":  64,
"greedy000":  0.0,
"greedy050":  0.0,
"greedy100":  64.48545171573912,
"DP_05":  0.0,
"DP_30":  0.0,
"DP_60":  0.0,
"DP_95":  71.7972619844283,
"QL_09":  64.16145094524941,
"QL_05":  66.64048572949196,
"RL":  69.76102812207765}
,
{ "x":  72,
"greedy000":  0.0,
"greedy050":  0.0,
"greedy100":  64.19665234547767,
"DP_05":  0.0,
"DP_30":  0.0,
"DP_60":  0.0,
"DP_95":  71.44488226617699,
"QL_09":  63.77620905235731,
"QL_05":  66.0546789327038,
"RL":  69.48281294732125}
,
{ "x":  80,
"greedy000":  0.0,
"greedy050":  0.0,
"greedy100":  64.3665234547767,
"DP_05":  0.0,
"DP_30":  0.0,
"DP_60":  0.0,
"DP_95":  71.54488226617699,
"QL_09":  63.87620905235731,
"QL_05":  66.1546789327038,
"RL":  69.78281294732125}
]}
