{ "x_label":"capacity",
"y_label":"Acceptance Rate",
 "results":[
{ "x":  5,
"greedy000":  0.0,
"greedy050":  0.0,
"greedy100":  0.5556177446444578,
"DP_05":  0.0,
"DP_30":  0.0,
"DP_60":  0.0,
"DP_95":  0.5556177446444578,
"QL":  0.5556177446444578,
"RL":  0.5556177446444578}
,
{ "x":  10,
"greedy000":  0.0,
"greedy050":  0.0,
"greedy100":  0.7587284922426234,
"DP_05":  0.0,
"DP_30":  0.0,
"DP_60":  0.0,
"DP_95":  0.7587284922426234,
"QL":  0.7587284922426234,
"RL":  0.7587284922426234}
,
{ "x":  15,
"greedy000":  0.0,
"greedy050":  0.0,
"greedy100":  0.7258842728922804,
"DP_05":  0.0,
"DP_30":  0.0,
"DP_60":  0.0,
"DP_95":  0.824591263154707,
"QL":  0.824591263154707,
"RL":  0.824591263154707}
,
{ "x":  20,
"greedy000":  0.0,
"greedy050":  0.0,
"greedy100":  0.8618367601560909,
"DP_05":  0.0,
"DP_30":  0.0,
"DP_60":  0.0,
"DP_95":  0.8401862342238658,
"QL":  0.8524672220047412,
"RL":  0.8511806829658933}
,
{ "x":  25,
"greedy000":  0.0,
"greedy050":  0.0,
"greedy100":  0.922708627131574,
"DP_05":  0.0,
"DP_30":  0.0,
"DP_60":  0.0,
"DP_95":  0.8948846451933813,
"QL":  0.9179698960620108,
"RL":  0.9205657699887169}
,
{ "x":  30,
"greedy000":  0.0,
"greedy050":  0.0,
"greedy100":  0.9422128586252381,
"DP_05":  0.0,
"DP_30":  0.0,
"DP_60":  0.0,
"DP_95":  0.9475692299193641,
"QL":  0.9319960243732904,
"RL":  0.9451227508387914}
,
{ "x":  35,
"greedy000":  0.0,
"greedy050":  0.0,
"greedy100":  0.9661338380041601,
"DP_05":  0.0,
"DP_30":  0.0,
"DP_60":  0.0,
"DP_95":  0.9450036972192605,
"QL":  0.9425204065659291,
"RL":  0.961220525056414}
,
{ "x":  40,
"greedy000":  0.0,
"greedy050":  0.0,
"greedy100":  0.9796077489110322,
"DP_05":  0.0,
"DP_30":  0.0,
"DP_60":  0.0,
"DP_95":  0.9773388413044117,
"QL":  0.9395111616805923,
"RL":  0.9738032849571118}
,
{ "x":  45,
"greedy000":  0.0,
"greedy050":  0.0,
"greedy100":  0.9907771776490291,
"DP_05":  0.0,
"DP_30":  0.0,
"DP_60":  0.0,
"DP_95":  0.9893938830026048,
"QL":  0.9365041219214947,
"RL":  0.9867832736863292}
,
{ "x":  50,
"greedy000":  0.0,
"greedy050":  0.0,
"greedy100":  0.9962417466683595,
"DP_05":  0.0,
"DP_30":  0.0,
"DP_60":  0.0,
"DP_95":  0.990101086020242,
"QL":  0.9200229782690817,
"RL":  0.9919753367450379}
,
{ "x":  55,
"greedy000":  0.0,
"greedy050":  0.0,
"greedy100":  0.9967691729658583,
"DP_05":  0.0,
"DP_30":  0.0,
"DP_60":  0.0,
"DP_95":  0.9964315634056286,
"QL":  0.917461244789133,
"RL":  0.9867227682693098}
]}
