{ "x_label":"capacity",
"y_label":"Federation Rate",
 "results":[
{ "x":  5,
"greedy000":  0.0,
"greedy050":  0.0,
"greedy100":  0.4443822553555422,
"DP_05":  0.0,
"DP_30":  0.0,
"DP_60":  0.0,
"DP_95":  0.4443822553555422,
"QL":  0.4443822553555422,
"RL":  0.4443822553555422}
,
{ "x":  10,
"greedy000":  0.0,
"greedy050":  0.0,
"greedy100":  0.24127150775737666,
"DP_05":  0.0,
"DP_30":  0.0,
"DP_60":  0.0,
"DP_95":  0.24127150775737666,
"QL":  0.23930106440762294,
"RL":  0.23551403851308841}
,
{ "x":  15,
"greedy000":  0.0,
"greedy050":  0.0,
"greedy100":  0.2741157271077196,
"DP_05":  0.0,
"DP_30":  0.0,
"DP_60":  0.0,
"DP_95":  0.17540873684529315,
"QL":  0.17158410236028132,
"RL":  0.14236789128742755}
,
{ "x":  20,
"greedy000":  0.0,
"greedy050":  0.0,
"greedy100":  0.13816323984390919,
"DP_05":  0.0,
"DP_30":  0.0,
"DP_60":  0.0,
"DP_95":  0.1598137657761342,
"QL":  0.1425512548705185,
"RL":  0.13914442672950095}
,
{ "x":  25,
"greedy000":  0.0,
"greedy050":  0.0,
"greedy100":  0.07729137286842598,
"DP_05":  0.0,
"DP_30":  0.0,
"DP_60":  0.0,
"DP_95":  0.10511535480661878,
"QL":  0.07629779970198458,
"RL":  0.07190558844008836}
,
{ "x":  30,
"greedy000":  0.0,
"greedy050":  0.0,
"greedy100":  0.05778714137476193,
"DP_05":  0.0,
"DP_30":  0.0,
"DP_60":  0.0,
"DP_95":  0.05243077008063597,
"QL":  0.06466934226359687,
"RL":  0.04850061742448882}
,
{ "x":  35,
"greedy000":  0.0,
"greedy050":  0.0,
"greedy100":  0.03386616199583981,
"DP_05":  0.0,
"DP_30":  0.0,
"DP_60":  0.0,
"DP_95":  0.0549963027807396,
"QL":  0.047006842004606406,
"RL":  0.031174115009740388}
,
{ "x":  40,
"greedy000":  0.0,
"greedy050":  0.0,
"greedy100":  0.020392251088967805,
"DP_05":  0.0,
"DP_30":  0.0,
"DP_60":  0.0,
"DP_95":  0.02266115869558832,
"QL":  0.05630140113219449,
"RL":  0.02254686655978117}
,
{ "x":  45,
"greedy000":  0.0,
"greedy050":  0.0,
"greedy100":  0.009222822350970878,
"DP_05":  0.0,
"DP_30":  0.0,
"DP_60":  0.0,
"DP_95":  0.010606116997395125,
"QL":  0.05165606985246729,
"RL":  0.01034406582998682}
,
{ "x":  50,
"greedy000":  0.0,
"greedy050":  0.0,
"greedy100":  0.0037582533316404924,
"DP_05":  0.0,
"DP_30":  0.0,
"DP_60":  0.0,
"DP_95":  0.009898913979757968,
"QL":  0.07648847463538822,
"RL":  0.0038284250168698713}
,
{ "x":  55,
"greedy000":  0.0,
"greedy050":  0.0,
"greedy100":  0.0032308270341417666,
"DP_05":  0.0,
"DP_30":  0.0,
"DP_60":  0.0,
"DP_95":  0.0035684365943714326,
"QL":  0.07929042344870182,
"RL":  0.006547585860278561}
]}
