{ "x_label":"zeta",
"y_label":"Average Profit",
 "results":[
{ "x":  0.0,
"greedy000":  0.0,
"greedy050":  0.0,
"greedy100":  35.23799002164264,
"DP_05":  0.0,
"DP_30":  0.0,
"DP_60":  0.0,
"DP_95":  45.43216970007647,
"QL":  44.097769948769425,
"RL":  44.130440896768036}
,
{ "x":  0.3,
"greedy000":  0.0,
"greedy050":  0.0,
"greedy100":  35.07338378052337,
"DP_05":  0.0,
"DP_30":  0.0,
"DP_60":  0.0,
"DP_95":  45.144883195302114,
"QL":  43.77518878292025,
"RL":  43.82025233522808}
,
{ "x":  0.6,
"greedy000":  0.0,
"greedy050":  0.0,
"greedy100":  34.23377362110248,
"DP_05":  0.0,
"DP_30":  0.0,
"DP_60":  0.0,
"DP_95":  44.67051178632449,
"QL":  42.74650961881538,
"RL":  43.242028251884484}
,
{ "x":  0.8999999999999999,
"greedy000":  0.0,
"greedy050":  0.0,
"greedy100":  33.52995749231411,
"DP_05":  0.0,
"DP_30":  0.0,
"DP_60":  0.0,
"DP_95":  44.21490919918015,
"QL":  42.07034601436664,
"RL":  42.66982302154339}
,
{ "x":  1.2,
"greedy000":  0.0,
"greedy050":  0.0,
"greedy100":  32.51053743818775,
"DP_05":  0.0,
"DP_30":  0.0,
"DP_60":  0.0,
"DP_95":  43.29369302685186,
"QL":  41.379389815892125,
"RL":  41.77740420428166}
,
{ "x":  1.5,
"greedy000":  0.0,
"greedy050":  0.0,
"greedy100":  32.22627349419345,
"DP_05":  0.0,
"DP_30":  0.0,
"DP_60":  0.0,
"DP_95":  43.34343841752771,
"QL":  41.258655920093176,
"RL":  42.12143959211687}
,
{ "x":  1.7999999999999998,
"greedy000":  0.0,
"greedy050":  0.0,
"greedy100":  31.450287898036994,
"DP_05":  0.0,
"DP_30":  0.0,
"DP_60":  0.0,
"DP_95":  42.567182588344664,
"QL":  40.55086205832417,
"RL":  41.11237031140379}
,
{ "x":  2.1,
"greedy000":  0.0,
"greedy050":  0.0,
"greedy100":  30.877666348783528,
"DP_05":  0.0,
"DP_30":  0.0,
"DP_60":  0.0,
"DP_95":  42.024803823521175,
"QL":  40.19449542139132,
"RL":  40.60186535237167}
,
{ "x":  2.4,
"greedy000":  0.0,
"greedy050":  0.0,
"greedy100":  30.41627382112474,
"DP_05":  0.0,
"DP_30":  0.0,
"DP_60":  0.0,
"DP_95":  41.47755133539087,
"QL":  39.710076946827606,
"RL":  40.12815228337815}
,
{ "x":  2.6999999999999997,
"greedy000":  0.0,
"greedy050":  0.0,
"greedy100":  29.04597497498048,
"DP_05":  0.0,
"DP_30":  0.0,
"DP_60":  0.0,
"DP_95":  40.397982803840726,
"QL":  38.420716822762884,
"RL":  39.154250044091874}
]}
