{ "x_label":"LC",
"y_label":"Acceptance Rate",
 "results":[
{ "x":  0.0,
"greedy000":  0.0,
"greedy050":  0.0,
"greedy100":  0.0,
"DP_05":  0.0,
"DP_30":  0.0,
"DP_60":  0.0,
"DP_95":  0.0,
"QL_09":  0.0,
"QL_05":  0.0,
"RL":  0.0}
,
{ "x":  0.2,
"greedy000":  0.0,
"greedy050":  0.0,
"greedy100":  0.04463333333333333,
"DP_05":  0.0,
"DP_30":  0.0,
"DP_60":  0.0,
"DP_95":  0.08646666666666666,
"QL_09":  0.04376666666666666,
"QL_05":  0.04479999999999999,
"RL":  0.08149999999999999}
,
{ "x":  0.4,
"greedy000":  0.0,
"greedy050":  0.0,
"greedy100":  0.12769999999999998,
"DP_05":  0.0,
"DP_30":  0.0,
"DP_60":  0.0,
"DP_95":  0.145,
"QL_09":  0.122,
"QL_05":  0.12533333333333332,
"RL":  0.1391}
,
{ "x":  0.6000000000000001,
"greedy000":  0.0,
"greedy050":  0.0,
"greedy100":  0.20999999999999996,
"DP_05":  0.0,
"DP_30":  0.0,
"DP_60":  0.0,
"DP_95":  0.19326666666666667,
"QL_09":  0.19939999999999997,
"QL_05":  0.20670000000000002,
"RL":  0.19863333333333336}
,
{ "x":  0.8,
"greedy000":  0.0,
"greedy050":  0.0,
"greedy100":  0.28386666666666666,
"DP_05":  0.0,
"DP_30":  0.0,
"DP_60":  0.0,
"DP_95":  0.261,
"QL_09":  0.2667333333333334,
"QL_05":  0.2709666666666667,
"RL":  0.25976666666666665}
,
{ "x":  1.0,
"greedy000":  0.0,
"greedy050":  0.0,
"greedy100":  0.3579,
"DP_05":  0.0,
"DP_30":  0.0,
"DP_60":  0.0,
"DP_95":  0.33453333333333335,
"QL_09":  0.34080000000000005,
"QL_05":  0.3454666666666667,
"RL":  0.32876666666666665}
,
{ "x":  1.2000000000000002,
"greedy000":  0.0,
"greedy050":  0.0,
"greedy100":  0.43736666666666657,
"DP_05":  0.0,
"DP_30":  0.0,
"DP_60":  0.0,
"DP_95":  0.38706666666666667,
"QL_09":  0.4033666666666666,
"QL_05":  0.4137666666666666,
"RL":  0.3993}
,
{ "x":  1.4000000000000001,
"greedy000":  0.0,
"greedy050":  0.0,
"greedy100":  0.5057,
"DP_05":  0.0,
"DP_30":  0.0,
"DP_60":  0.0,
"DP_95":  0.45296666666666663,
"QL_09":  0.4561666666666667,
"QL_05":  0.4648999999999999,
"RL":  0.4698666666666667}
]}
