{ "x_label":"LC",
"y_label":"Acceptance Rate",
 "results":[
{ "x":  0.0,
"greedy000":  0.0,
"greedy050":  0.0,
"greedy100":  0.0,
"DP_05":  0.0,
"DP_30":  0.0,
"DP_60":  0.0,
"DP_95":  0.0,
"QL_09":  0.0,
"QL_05":  0.0,
"RL":  0.0}
,
{ "x":  0.2,
"greedy000":  0.0,
"greedy050":  0.0,
"greedy100":  0.1073625,
"DP_05":  0.0,
"DP_30":  0.0,
"DP_60":  0.0,
"DP_95":  0.16677500000000003,
"QL_09":  0.16597499999999998,
"QL_05":  0.11768750000000001,
"RL":  0.16456250000000003}
,
{ "x":  0.4,
"greedy000":  0.0,
"greedy050":  0.0,
"greedy100":  0.217575,
"DP_05":  0.0,
"DP_30":  0.0,
"DP_60":  0.0,
"DP_95":  0.3150375,
"QL_09":  0.27270000000000005,
"QL_05":  0.22932500000000006,
"RL":  0.3153625}
,
{ "x":  0.6000000000000001,
"greedy000":  0.0,
"greedy050":  0.0,
"greedy100":  0.32746249999999993,
"DP_05":  0.0,
"DP_30":  0.0,
"DP_60":  0.0,
"DP_95":  0.43931249999999994,
"QL_09":  0.3815125000000001,
"QL_05":  0.3473874999999999,
"RL":  0.43385000000000007}
,
{ "x":  0.8,
"greedy000":  0.0,
"greedy050":  0.0,
"greedy100":  0.4254875,
"DP_05":  0.0,
"DP_30":  0.0,
"DP_60":  0.0,
"DP_95":  0.5414125,
"QL_09":  0.4771124999999999,
"QL_05":  0.44712500000000005,
"RL":  0.5292874999999999}
,
{ "x":  1.0,
"greedy000":  0.0,
"greedy050":  0.0,
"greedy100":  0.5330875,
"DP_05":  0.0,
"DP_30":  0.0,
"DP_60":  0.0,
"DP_95":  0.6172625,
"QL_09":  0.5576374999999998,
"QL_05":  0.5409124999999999,
"RL":  0.6129499999999999}
,
{ "x":  1.2000000000000002,
"greedy000":  0.0,
"greedy050":  0.0,
"greedy100":  0.618475,
"DP_05":  0.0,
"DP_30":  0.0,
"DP_60":  0.0,
"DP_95":  0.6727999999999998,
"QL_09":  0.6135875000000001,
"QL_05":  0.6148124999999999,
"RL":  0.677925}
,
{ "x":  1.4000000000000001,
"greedy000":  0.0,
"greedy050":  0.0,
"greedy100":  0.6953125,
"DP_05":  0.0,
"DP_30":  0.0,
"DP_60":  0.0,
"DP_95":  0.7314749999999999,
"QL_09":  0.6425874999999999,
"QL_05":  0.6690124999999999,
"RL":  0.737275}
,
{ "x":  1.6,
"greedy000":  0.0,
"greedy050":  0.0,
"greedy100":  0.7795625,
"DP_05":  0.0,
"DP_30":  0.0,
"DP_60":  0.0,
"DP_95":  0.7938124999999999,
"QL_09":  0.6536500000000001,
"QL_05":  0.6997000000000001,
"RL":  0.7980875000000001}
,
{ "x":  1.8,
"greedy000":  0.0,
"greedy050":  0.0,
"greedy100":  0.8387375,
"DP_05":  0.0,
"DP_30":  0.0,
"DP_60":  0.0,
"DP_95":  0.8424124999999998,
"QL_09":  0.6570125000000001,
"QL_05":  0.7183875,
"RL":  0.8477625}
]}
