{ "x_label":"LC",
"y_label":"Federation Rate",
 "results":[
{ "x":  0.0,
"greedy000":  0.0,
"greedy050":  0.0,
"greedy100":  0.35130000000000006,
"DP_05":  0.0,
"DP_30":  0.0,
"DP_60":  0.0,
"DP_95":  0.3248,
"QL_09":  0.35183333333333333,
"QL_05":  0.35130000000000006,
"RL":  0.37806666666666666}
,
{ "x":  0.2,
"greedy000":  0.0,
"greedy050":  0.0,
"greedy100":  0.3542333333333333,
"DP_05":  0.0,
"DP_30":  0.0,
"DP_60":  0.0,
"DP_95":  0.28300000000000003,
"QL_09":  0.35259999999999997,
"QL_05":  0.3545,
"RL":  0.35263333333333335}
,
{ "x":  0.4,
"greedy000":  0.0,
"greedy050":  0.0,
"greedy100":  0.34840000000000004,
"DP_05":  0.0,
"DP_30":  0.0,
"DP_60":  0.0,
"DP_95":  0.28833333333333333,
"QL_09":  0.34996666666666665,
"QL_05":  0.35120000000000007,
"RL":  0.3422666666666667}
,
{ "x":  0.6000000000000001,
"greedy000":  0.0,
"greedy050":  0.0,
"greedy100":  0.3439,
"DP_05":  0.0,
"DP_30":  0.0,
"DP_60":  0.0,
"DP_95":  0.30720000000000003,
"QL_09":  0.3466,
"QL_05":  0.34909999999999997,
"RL":  0.3311}
,
{ "x":  0.8,
"greedy000":  0.0,
"greedy050":  0.0,
"greedy100":  0.3394333333333333,
"DP_05":  0.0,
"DP_30":  0.0,
"DP_60":  0.0,
"DP_95":  0.3033333333333333,
"QL_09":  0.3359,
"QL_05":  0.3413,
"RL":  0.31963333333333327}
,
{ "x":  1.0,
"greedy000":  0.0,
"greedy050":  0.0,
"greedy100":  0.3305666666666667,
"DP_05":  0.0,
"DP_30":  0.0,
"DP_60":  0.0,
"DP_95":  0.2994,
"QL_09":  0.32506666666666667,
"QL_05":  0.33116666666666666,
"RL":  0.30646666666666667}
]}
