{ "x_label":"LC",
"y_label":"Average Profit",
 "results":[
{ "x":  0.0,
"greedy000":  0.0,
"greedy050":  0.0,
"greedy100":  2.2953749999999995,
"DP_05":  0.0,
"DP_30":  0.0,
"DP_60":  0.0,
"DP_95":  8.5291875,
"QL_09":  2.626125,
"QL_05":  2.4440625000000002,
"RL":  8.334703125000003}
,
{ "x":  0.2,
"greedy000":  0.0,
"greedy050":  0.0,
"greedy100":  8.147015625,
"DP_05":  0.0,
"DP_30":  0.0,
"DP_60":  0.0,
"DP_95":  19.44,
"QL_09":  14.340859374999999,
"QL_05":  9.334031249999999,
"RL":  15.95721875}
,
{ "x":  0.4,
"greedy000":  0.0,
"greedy050":  0.0,
"greedy100":  14.781296875,
"DP_05":  0.0,
"DP_30":  0.0,
"DP_60":  0.0,
"DP_95":  29.067500000000006,
"QL_09":  20.34209375,
"QL_05":  15.946625000000001,
"RL":  24.92134375}
,
{ "x":  0.6000000000000001,
"greedy000":  0.0,
"greedy050":  0.0,
"greedy100":  20.931140625000005,
"DP_05":  0.0,
"DP_30":  0.0,
"DP_60":  0.0,
"DP_95":  36.03374999999999,
"QL_09":  26.589499999999997,
"QL_05":  23.014640625000006,
"RL":  32.83423437499999}
,
{ "x":  0.8,
"greedy000":  0.0,
"greedy050":  0.0,
"greedy100":  26.577671875,
"DP_05":  0.0,
"DP_30":  0.0,
"DP_60":  0.0,
"DP_95":  40.33370312500001,
"QL_09":  31.946593749999998,
"QL_05":  28.719265625,
"RL":  38.133171875}
,
{ "x":  1.0,
"greedy000":  0.0,
"greedy050":  0.0,
"greedy100":  32.71396875,
"DP_05":  0.0,
"DP_30":  0.0,
"DP_60":  0.0,
"DP_95":  44.90795312499999,
"QL_09":  36.166703125000005,
"QL_05":  34.155296875,
"RL":  42.319421874999996}
,
{ "x":  1.2000000000000002,
"greedy000":  0.0,
"greedy050":  0.0,
"greedy100":  37.33957812500001,
"DP_05":  0.0,
"DP_30":  0.0,
"DP_60":  0.0,
"DP_95":  47.296468749999995,
"QL_09":  38.96679687500001,
"QL_05":  38.22401562500001,
"RL":  44.961}
,
{ "x":  1.4000000000000001,
"greedy000":  0.0,
"greedy050":  0.0,
"greedy100":  41.37196874999999,
"DP_05":  0.0,
"DP_30":  0.0,
"DP_60":  0.0,
"DP_95":  49.015468750000004,
"QL_09":  40.298984375,
"QL_05":  41.241640624999995,
"RL":  47.078453124999996}
]}
