{ "x_label":"LC",
"y_label":"Average Profit",
 "results":[
{ "x":  0.0,
"greedy000":  0.0,
"greedy050":  0.0,
"greedy100":  10.527166666666668,
"DP_05":  0.0,
"DP_30":  0.0,
"DP_60":  0.0,
"DP_95":  13.59675,
"QL_09":  10.540416666666667,
"QL_05":  10.527166666666668,
"RL":  12.197666666666667}
,
{ "x":  0.2,
"greedy000":  0.0,
"greedy050":  0.0,
"greedy100":  14.947333333333333,
"DP_05":  0.0,
"DP_30":  0.0,
"DP_60":  0.0,
"DP_95":  21.725250000000003,
"QL_09":  16.03066666666667,
"QL_05":  15.492166666666666,
"RL":  19.062666666666665}
,
{ "x":  0.4,
"greedy000":  0.0,
"greedy050":  0.0,
"greedy100":  23.305833333333332,
"DP_05":  0.0,
"DP_30":  0.0,
"DP_60":  0.0,
"DP_95":  30.00408333333333,
"QL_09":  25.225833333333334,
"QL_05":  23.97958333333333,
"RL":  27.05916666666667}
,
{ "x":  0.6000000000000001,
"greedy000":  0.0,
"greedy050":  0.0,
"greedy100":  32.13125,
"DP_05":  0.0,
"DP_30":  0.0,
"DP_60":  0.0,
"DP_95":  37.638250000000006,
"QL_09":  33.57183333333334,
"QL_05":  32.761333333333326,
"RL":  35.3495}
,
{ "x":  0.8,
"greedy000":  0.0,
"greedy050":  0.0,
"greedy100":  39.623,
"DP_05":  0.0,
"DP_30":  0.0,
"DP_60":  0.0,
"DP_95":  45.27825,
"QL_09":  39.876083333333334,
"QL_05":  39.15508333333334,
"RL":  42.09166666666666}
,
{ "x":  1.0,
"greedy000":  0.0,
"greedy050":  0.0,
"greedy100":  46.73833333333333,
"DP_05":  0.0,
"DP_30":  0.0,
"DP_60":  0.0,
"DP_95":  51.992583333333336,
"QL_09":  46.419,
"QL_05":  46.250583333333324,
"RL":  48.50608333333333}
,
{ "x":  1.2000000000000002,
"greedy000":  0.0,
"greedy050":  0.0,
"greedy100":  54.53241666666666,
"DP_05":  0.0,
"DP_30":  0.0,
"DP_60":  0.0,
"DP_95":  59.94225,
"QL_09":  52.4005,
"QL_05":  52.90816666666667,
"RL":  56.11583333333333}
,
{ "x":  1.4000000000000001,
"greedy000":  0.0,
"greedy050":  0.0,
"greedy100":  61.192083333333336,
"DP_05":  0.0,
"DP_30":  0.0,
"DP_60":  0.0,
"DP_95":  66.787,
"QL_09":  56.88283333333334,
"QL_05":  57.95016666666667,
"RL":  62.90875000000001}
]}
