{ "x_label":"LC",
"y_label":"Acceptance Rate",
 "results":[
{ "x":  0.0,
"greedy000":  1.0,
"greedy050":  1.0,
"greedy100":  0.6435625,
"DP_05":  1.0,
"DP_30":  1.0,
"DP_60":  1.0,
"DP_95":  0.7009125,
"QL_09":  0.764425,
"QL_05":  0.6845875,
"RL":  0.723075}
,
{ "x":  0.2,
"greedy000":  1.0,
"greedy050":  1.0,
"greedy100":  0.5572999999999999,
"DP_05":  1.0,
"DP_30":  1.0,
"DP_60":  1.0,
"DP_95":  0.56425,
"QL_09":  0.6081875000000001,
"QL_05":  0.5936374999999999,
"RL":  0.6436124999999999}
,
{ "x":  0.4,
"greedy000":  1.0,
"greedy050":  1.0,
"greedy100":  0.4539000000000002,
"DP_05":  1.0,
"DP_30":  1.0,
"DP_60":  1.0,
"DP_95":  0.44718750000000007,
"QL_09":  0.5085875,
"QL_05":  0.4863124999999998,
"RL":  0.4626374999999999}
,
{ "x":  0.6000000000000001,
"greedy000":  1.0,
"greedy050":  1.0,
"greedy100":  0.36524999999999996,
"DP_05":  1.0,
"DP_30":  1.0,
"DP_60":  1.0,
"DP_95":  0.37422500000000003,
"QL_09":  0.40373749999999986,
"QL_05":  0.39432500000000004,
"RL":  0.3523624999999999}
,
{ "x":  0.8,
"greedy000":  1.0,
"greedy050":  1.0,
"greedy100":  0.29127499999999995,
"DP_05":  1.0,
"DP_30":  1.0,
"DP_60":  1.0,
"DP_95":  0.2876000000000001,
"QL_09":  0.31867500000000004,
"QL_05":  0.31408749999999996,
"RL":  0.26936250000000006}
,
{ "x":  1.0,
"greedy000":  1.0,
"greedy050":  1.0,
"greedy100":  0.20242500000000008,
"DP_05":  1.0,
"DP_30":  1.0,
"DP_60":  1.0,
"DP_95":  0.21043750000000006,
"QL_09":  0.2470000000000001,
"QL_05":  0.23578750000000004,
"RL":  0.19835000000000014}
,
{ "x":  1.2000000000000002,
"greedy000":  1.0,
"greedy050":  1.0,
"greedy100":  0.14474999999999993,
"DP_05":  1.0,
"DP_30":  1.0,
"DP_60":  1.0,
"DP_95":  0.16677500000000012,
"QL_09":  0.19523749999999995,
"QL_05":  0.1826875000000001,
"RL":  0.1519999999999999}
,
{ "x":  1.4000000000000001,
"greedy000":  1.0,
"greedy050":  1.0,
"greedy100":  0.09686249999999996,
"DP_05":  1.0,
"DP_30":  1.0,
"DP_60":  1.0,
"DP_95":  0.11562499999999998,
"QL_09":  0.16848750000000012,
"QL_05":  0.14100000000000001,
"RL":  0.10696250000000007}
]}
