{ "x_label":"episode",
"y_label":"Acceptance Rate",
 "results":[
{ "x":  10,
"greedy000":  0.0,
"greedy050":  0.0,
"greedy100":  0.6863429031392541,
"DP_05":  0.0,
"DP_30":  0.0,
"DP_60":  0.0,
"DP_95":  0.7963509525087201,
"QL_09":  0.6761470351489134,
"QL_05":  0.6726589750469547,
"RL":  0.7571773544405688}
,
{ "x":  30,
"greedy000":  0.0,
"greedy050":  0.0,
"greedy100":  0.6838865096359743,
"DP_05":  0.0,
"DP_30":  0.0,
"DP_60":  0.0,
"DP_95":  0.7890792291220556,
"QL_09":  0.6812098501070664,
"QL_05":  0.6876338329764454,
"RL":  0.7572269807280514}
,
{ "x":  50,
"greedy000":  0.0,
"greedy050":  0.0,
"greedy100":  0.6805896805896806,
"DP_05":  0.0,
"DP_30":  0.0,
"DP_60":  0.0,
"DP_95":  0.7783237783237783,
"QL_09":  0.6737646737646737,
"QL_05":  0.672945672945673,
"RL":  0.7720447720447721}
,
{ "x":  70,
"greedy000":  0.0,
"greedy050":  0.0,
"greedy100":  0.7028926736955934,
"DP_05":  0.0,
"DP_30":  0.0,
"DP_60":  0.0,
"DP_95":  0.7994052446607192,
"QL_09":  0.7023519870235199,
"QL_05":  0.7037037037037037,
"RL":  0.7877804812111382}
,
{ "x":  90,
"greedy000":  0.0,
"greedy050":  0.0,
"greedy100":  0.70378263185935,
"DP_05":  0.0,
"DP_30":  0.0,
"DP_60":  0.0,
"DP_95":  0.7930207778369739,
"QL_09":  0.6987213638785296,
"QL_05":  0.7019179541822056,
"RL":  0.7778369738945126}
]}
