{ "x_label":"episode",
"y_label":"Federation Rate",
 "results":[
{ "x":  10,
"greedy000":  0.0,
"greedy050":  0.0,
"greedy100":  0.22296753420982024,
"DP_05":  0.0,
"DP_30":  0.0,
"DP_60":  0.0,
"DP_95":  0.12315535283069493,
"QL_09":  0.22269922189428495,
"QL_05":  0.2157231016903676,
"RL":  0.1411322779715589}
,
{ "x":  30,
"greedy000":  0.0,
"greedy050":  0.0,
"greedy100":  0.22243040685224838,
"DP_05":  0.0,
"DP_30":  0.0,
"DP_60":  0.0,
"DP_95":  0.12928265524625268,
"QL_09":  0.22002141327623126,
"QL_05":  0.21654175588865096,
"RL":  0.14320128479657387}
,
{ "x":  50,
"greedy000":  0.0,
"greedy050":  0.0,
"greedy100":  0.21703521703521703,
"DP_05":  0.0,
"DP_30":  0.0,
"DP_60":  0.0,
"DP_95":  0.1285831285831286,
"QL_09":  0.2194922194922195,
"QL_05":  0.21867321867321868,
"RL":  0.12667212667212668}
,
{ "x":  70,
"greedy000":  0.0,
"greedy050":  0.0,
"greedy100":  0.2078940254122736,
"DP_05":  0.0,
"DP_30":  0.0,
"DP_60":  0.0,
"DP_95":  0.11678832116788321,
"QL_09":  0.2078940254122736,
"QL_05":  0.20654230873208976,
"RL":  0.12841308461746417}
,
{ "x":  90,
"greedy000":  0.0,
"greedy050":  0.0,
"greedy100":  0.2056473095364944,
"DP_05":  0.0,
"DP_30":  0.0,
"DP_60":  0.0,
"DP_95":  0.12200319659030368,
"QL_09":  0.20937666489078316,
"QL_05":  0.20644645711241344,
"RL":  0.13372402770378264}
]}
