{ "x_label":"episode",
"y_label":"Average Profit",
 "results":[
{ "x":  10,
"greedy000":  0.0,
"greedy050":  0.0,
"greedy100":  63.89723638314999,
"DP_05":  0.0,
"DP_30":  0.0,
"DP_60":  0.0,
"DP_95":  71.0182452374564,
"QL_09":  63.08693319023343,
"QL_05":  62.47249798765763,
"RL":  67.17064663268044}
,
{ "x":  30,
"greedy000":  0.0,
"greedy050":  0.0,
"greedy100":  64.34957173447538,
"DP_05":  0.0,
"DP_30":  0.0,
"DP_60":  0.0,
"DP_95":  71.2526766595289,
"QL_09":  64.03907922912205,
"QL_05":  64.42853319057816,
"RL":  69.10599571734475}
,
{ "x":  50,
"greedy000":  0.0,
"greedy050":  0.0,
"greedy100":  63.17226317226317,
"DP_05":  0.0,
"DP_30":  0.0,
"DP_60":  0.0,
"DP_95":  69.92355992355992,
"QL_09":  62.698607698607695,
"QL_05":  62.8009828009828,
"RL":  68.64728364728364}
,
{ "x":  70,
"greedy000":  0.0,
"greedy050":  0.0,
"greedy100":  64.43768586104352,
"DP_05":  0.0,
"DP_30":  0.0,
"DP_60":  0.0,
"DP_95":  70.91781562584482,
"QL_09":  64.47147877804812,
"QL_05":  64.47418221140849,
"RL":  69.816166531495}
,
{ "x":  90,
"greedy000":  0.0,
"greedy050":  0.0,
"greedy100":  65.03063399041022,
"DP_05":  0.0,
"DP_30":  0.0,
"DP_60":  0.0,
"DP_95":  71.06952583910495,
"QL_09":  64.87746403835908,
"QL_05":  64.97868939797549,
"RL":  70.04128929142249}
]}
