{ "x_label":"LC",
"y_label":"AR",
 "results":[
{ "x": 0,
"greedy000":  0.0,
"greedy050":  0.0,
"greedy100":  0.0,
"DP_05":  0.0,
"DP_30":  0.0,
"DP_60":  0.0,
"DP_99":  0.0,
"QL_95":  0.0,
"QL_55":  0.0,
"QL_20":  0.0,
"RL":  0.0}
,
{ "x":  0.2,
"greedy000":  0.0,
"greedy050":  0.0,
"greedy100":  0.10111250000000001,
"DP_05":  0.0,
"DP_30":  0.0,
"DP_60":  0.0,
"DP_99":  0.13861249999999997,
"QL_95":  0.137475,
"QL_55":  0.1065,
"QL_20":  0.1006,
"RL":  0.1373125}
,
{ "x":  0.4,
"greedy000":  0.0,
"greedy050":  0.0,
"greedy100":  0.186,
"DP_05":  0.0,
"DP_30":  0.0,
"DP_60":  0.0,
"DP_99":  0.262725,
"QL_95":  0.22941250000000002,
"QL_55":  0.20503749999999998,
"QL_20":  0.195525,
"RL":  0.2550375}
,
{ "x":  0.6,
"greedy000":  0.0,
"greedy050":  0.0,
"greedy100":  0.27444999999999997,
"DP_05":  0.0,
"DP_30":  0.0,
"DP_60":  0.0,
"DP_99":  0.36924999999999997,
"QL_95":  0.301475,
"QL_55":  0.29775,
"QL_20":  0.2861625,
"RL":  0.35622500000000007}
,
{ "x":  0.8,
"greedy000":  0.0,
"greedy050":  0.0,
"greedy100":  0.3669875,
"DP_05":  0.0,
"DP_30":  0.0,
"DP_60":  0.0,
"DP_99":  0.4599624999999999,
"QL_95":  0.387925,
"QL_55":  0.38926250000000007,
"QL_20":  0.3776749999999999,
"RL":  0.44220000000000004}
,
{ "x":  1.0,
"greedy000":  0.0,
"greedy050":  0.0,
"greedy100":  0.45241250000000005,
"DP_05":  0.0,
"DP_30":  0.0,
"DP_60":  0.0,
"DP_99":  0.528975,
"QL_95":  0.4448875,
"QL_55":  0.4710375,
"QL_20":  0.46053749999999993,
"RL":  0.512325}
,
{ "x":  1.2,
"greedy000":  0.0,
"greedy050":  0.0,
"greedy100":  0.5305250000000001,
"DP_05":  0.0,
"DP_30":  0.0,
"DP_60":  0.0,
"DP_99":  0.5924500000000001,
"QL_95":  0.4989875,
"QL_55":  0.543025,
"QL_20":  0.5366375,
"RL":  0.58345}
,
{ "x":  1.4,
"greedy000":  0.0,
"greedy050":  0.0,
"greedy100":  0.59605,
"DP_05":  0.0,
"DP_30":  0.0,
"DP_60":  0.0,
"DP_99":  0.645325,
"QL_95":  0.533075,
"QL_55":  0.5959,
"QL_20":  0.5937125000000001,
"RL":  0.6440750000000002}
,
{ "x":  1.6,
"greedy000":  0.0,
"greedy050":  0.0,
"greedy100":  0.664075,
"DP_05":  0.0,
"DP_30":  0.0,
"DP_60":  0.0,
"DP_99":  0.7001375000000001,
"QL_95":  0.5563874999999999,
"QL_55":  0.6396000000000002,
"QL_20":  0.6509249999999999,
"RL":  0.7028375}
]}
