{ "x_label":"capacity",
"y_label":"Acceptance Rate",
 "results":[
{ "x":  5,
"greedy000":  0.0,
"greedy050":  0.0,
"greedy100":  0.0,
"DP_05":  0.0,
"DP_30":  0.0,
"DP_60":  0.0,
"DP_95":  0.0,
"QL":  0.0,
"RL":  0.0}
,
{ "x":  25,
"greedy000":  0.0,
"greedy050":  0.0,
"greedy100":  0.20380558663188197,
"DP_05":  0.0,
"DP_30":  0.0,
"DP_60":  0.0,
"DP_95":  0.26105473415803904,
"QL":  0.26105473415803904,
"RL":  0.2562013468981806}
,
{ "x":  45,
"greedy000":  0.0,
"greedy050":  0.0,
"greedy100":  0.24267821078645432,
"DP_05":  0.0,
"DP_30":  0.0,
"DP_60":  0.0,
"DP_95":  0.4274068525397349,
"QL":  0.4076595501920096,
"RL":  0.4193161135125415}
,
{ "x":  65,
"greedy000":  0.0,
"greedy050":  0.0,
"greedy100":  0.39232812617250284,
"DP_05":  0.0,
"DP_30":  0.0,
"DP_60":  0.0,
"DP_95":  0.4881056877950881,
"QL":  0.4508224631429421,
"RL":  0.4834997021248165}
,
{ "x":  85,
"greedy000":  0.0,
"greedy050":  0.0,
"greedy100":  0.4741530739854955,
"DP_05":  0.0,
"DP_30":  0.0,
"DP_60":  0.0,
"DP_95":  0.5386611153435481,
"QL":  0.5504501763337751,
"RL":  0.5702746940524357}
,
{ "x":  105,
"greedy000":  0.0,
"greedy050":  0.0,
"greedy100":  0.5630938342911488,
"DP_05":  0.0,
"DP_30":  0.0,
"DP_60":  0.0,
"DP_95":  0.6057417590577792,
"QL":  0.5976426082006914,
"RL":  0.6365540027947423}
,
{ "x":  125,
"greedy000":  0.0,
"greedy050":  0.0,
"greedy100":  0.6436686470201741,
"DP_05":  0.0,
"DP_30":  0.0,
"DP_60":  0.0,
"DP_95":  0.6525099375135657,
"QL":  0.6317616537577672,
"RL":  0.6976894445307733}
,
{ "x":  145,
"greedy000":  0.0,
"greedy050":  0.0,
"greedy100":  0.7129773634288147,
"DP_05":  0.0,
"DP_30":  0.0,
"DP_60":  0.0,
"DP_95":  0.7110962666524154,
"QL":  0.6093145323040582,
"RL":  0.7530996756110986}
,
{ "x":  165,
"greedy000":  0.0,
"greedy050":  0.0,
"greedy100":  0.7813437051953762,
"DP_05":  0.0,
"DP_30":  0.0,
"DP_60":  0.0,
"DP_95":  0.782705517070134,
"QL":  0.6193090450807075,
"RL":  0.8082142993531998}
,
{ "x":  185,
"greedy000":  0.0,
"greedy050":  0.0,
"greedy100":  0.8480002847456813,
"DP_05":  0.0,
"DP_30":  0.0,
"DP_60":  0.0,
"DP_95":  0.8305207901277674,
"QL":  0.622289947173471,
"RL":  0.8564140765765303}
,
{ "x":  205,
"greedy000":  0.0,
"greedy050":  0.0,
"greedy100":  0.8934742730921542,
"DP_05":  0.0,
"DP_30":  0.0,
"DP_60":  0.0,
"DP_95":  0.8772313354652802,
"QL":  0.6206671727303298,
"RL":  0.8986394977658083}
,
{ "x":  225,
"greedy000":  0.0,
"greedy050":  0.0,
"greedy100":  0.9361090437224281,
"DP_05":  0.0,
"DP_30":  0.0,
"DP_60":  0.0,
"DP_95":  0.921259564415411,
"QL":  0.6228124728650462,
"RL":  0.93516978952344}
,
{ "x":  245,
"greedy000":  0.0,
"greedy050":  0.0,
"greedy100":  0.955983579284052,
"DP_05":  0.0,
"DP_30":  0.0,
"DP_60":  0.0,
"DP_95":  0.942582813484454,
"QL":  0.60956442054832,
"RL":  0.9503879038216695}
,
{ "x":  265,
"greedy000":  0.0,
"greedy050":  0.0,
"greedy100":  0.9771003526843675,
"DP_05":  0.0,
"DP_30":  0.0,
"DP_60":  0.0,
"DP_95":  0.9687885713545382,
"QL":  0.6076101188902331,
"RL":  0.9632189633437365}
]}
