{ "x_label":"capacity",
"y_label":"Federation Rate",
 "results":[
{ "x":  5,
"greedy000":  0.0,
"greedy050":  0.0,
"greedy100":  1.0,
"DP_05":  0.0,
"DP_30":  0.0,
"DP_60":  0.0,
"DP_95":  1.0,
"QL":  1.0,
"RL":  0.9503812913065582}
,
{ "x":  25,
"greedy000":  0.0,
"greedy050":  0.0,
"greedy100":  0.796194413368118,
"DP_05":  0.0,
"DP_30":  0.0,
"DP_60":  0.0,
"DP_95":  0.738945265841961,
"QL":  0.738945265841961,
"RL":  0.7437986531018195}
,
{ "x":  45,
"greedy000":  0.0,
"greedy050":  0.0,
"greedy100":  0.7573217892135456,
"DP_05":  0.0,
"DP_30":  0.0,
"DP_60":  0.0,
"DP_95":  0.572593147460265,
"QL":  0.5903701850363043,
"RL":  0.5590957179529147}
,
{ "x":  65,
"greedy000":  0.0,
"greedy050":  0.0,
"greedy100":  0.6076718738274971,
"DP_05":  0.0,
"DP_30":  0.0,
"DP_60":  0.0,
"DP_95":  0.5118943122049119,
"QL":  0.5477891370413778,
"RL":  0.5164492774670203}
,
{ "x":  85,
"greedy000":  0.0,
"greedy050":  0.0,
"greedy100":  0.5258469260145044,
"DP_05":  0.0,
"DP_30":  0.0,
"DP_60":  0.0,
"DP_95":  0.46133888465645184,
"QL":  0.4430063322732086,
"RL":  0.4254555356182627}
,
{ "x":  105,
"greedy000":  0.0,
"greedy050":  0.0,
"greedy100":  0.43690616570885127,
"DP_05":  0.0,
"DP_30":  0.0,
"DP_60":  0.0,
"DP_95":  0.39425824094222073,
"QL":  0.3906643769939136,
"RL":  0.36314669030179425}
,
{ "x":  125,
"greedy000":  0.0,
"greedy050":  0.0,
"greedy100":  0.3563313529798258,
"DP_05":  0.0,
"DP_30":  0.0,
"DP_60":  0.0,
"DP_95":  0.3474900624864344,
"QL":  0.35670969764734345,
"RL":  0.30068424266838867}
,
{ "x":  145,
"greedy000":  0.0,
"greedy050":  0.0,
"greedy100":  0.2870226365711853,
"DP_05":  0.0,
"DP_30":  0.0,
"DP_60":  0.0,
"DP_95":  0.2889037333475845,
"QL":  0.3828401340463762,
"RL":  0.24372412619811815}
,
{ "x":  165,
"greedy000":  0.0,
"greedy050":  0.0,
"greedy100":  0.21865629480462373,
"DP_05":  0.0,
"DP_30":  0.0,
"DP_60":  0.0,
"DP_95":  0.2172944829298659,
"QL":  0.3646275285222275,
"RL":  0.189033439693431}
,
{ "x":  185,
"greedy000":  0.0,
"greedy050":  0.0,
"greedy100":  0.15199971525431857,
"DP_05":  0.0,
"DP_30":  0.0,
"DP_60":  0.0,
"DP_95":  0.16947920987223264,
"QL":  0.35603427860375086,
"RL":  0.14099645651604525}
,
{ "x":  205,
"greedy000":  0.0,
"greedy050":  0.0,
"greedy100":  0.10652572690784586,
"DP_05":  0.0,
"DP_30":  0.0,
"DP_60":  0.0,
"DP_95":  0.12276866453471973,
"QL":  0.36543566149980083,
"RL":  0.09848112665323779}
,
{ "x":  225,
"greedy000":  0.0,
"greedy050":  0.0,
"greedy100":  0.06389095627757184,
"DP_05":  0.0,
"DP_30":  0.0,
"DP_60":  0.0,
"DP_95":  0.07874043558458912,
"QL":  0.3641847667664497,
"RL":  0.060736297869209255}
,
{ "x":  245,
"greedy000":  0.0,
"greedy050":  0.0,
"greedy100":  0.04401642071594801,
"DP_05":  0.0,
"DP_30":  0.0,
"DP_60":  0.0,
"DP_95":  0.05741718651554593,
"QL":  0.3735474305619694,
"RL":  0.04095992625797692}
,
{ "x":  265,
"greedy000":  0.0,
"greedy050":  0.0,
"greedy100":  0.02289964731563265,
"DP_05":  0.0,
"DP_30":  0.0,
"DP_60":  0.0,
"DP_95":  0.031211428645461524,
"QL":  0.3833013940889665,
"RL":  0.026255987486734734}
]}
