{ "x_label":"LC",
"y_label":"Federation Rate",
 "results":[
{ "x":  0,
"greedy000":  0.0,
"greedy050":  0.0,
"greedy100":  0.5182871753294761,
"DP_05":  0.0,
"DP_30":  0.0,
"DP_60":  0.0,
"DP_95":  0.7039842805393735,
"QL_09":  0.6957113379921313,
"QL_05":  0.6512604040826654,
"RL":  0.7062896546988388}
,
{ "x":  8,
"greedy000":  0.0,
"greedy050":  0.0,
"greedy100":  0.38672824899511166,
"DP_05":  0.0,
"DP_30":  0.0,
"DP_60":  0.0,
"DP_95":  0.20817809142409957,
"QL_09":  0.2691775344603272,
"QL_05":  0.30741513991895075,
"RL":  0.20164011518005118}
,
{ "x":  16,
"greedy000":  0.0,
"greedy050":  0.0,
"greedy100":  0.31448062877400773,
"DP_05":  0.0,
"DP_30":  0.0,
"DP_60":  0.0,
"DP_95":  0.1479687735974548,
"QL_09":  0.23590188744039953,
"QL_05":  0.22982828469813588,
"RL":  0.15061819464819134}
,
{ "x":  24,
"greedy000":  0.0,
"greedy050":  0.0,
"greedy100":  0.26243790060479494,
"DP_05":  0.0,
"DP_30":  0.0,
"DP_60":  0.0,
"DP_95":  0.1410036820748853,
"QL_09":  0.21650642048418559,
"QL_05":  0.17770958074580578,
"RL":  0.14413367887284173}
,
{ "x":  32,
"greedy000":  0.0,
"greedy050":  0.0,
"greedy100":  0.20182659659765467,
"DP_05":  0.0,
"DP_30":  0.0,
"DP_60":  0.0,
"DP_95":  0.12618989999567662,
"QL_09":  0.2133404644738442,
"QL_05":  0.14328350420034247,
"RL":  0.13059671654865024}
,
{ "x":  40,
"greedy000":  0.0,
"greedy050":  0.0,
"greedy100":  0.15334076046430062,
"DP_05":  0.0,
"DP_30":  0.0,
"DP_60":  0.0,
"DP_95":  0.10256529506243971,
"QL_09":  0.20990145953653314,
"QL_05":  0.11930119869160714,
"RL":  0.11387454280547492}
,
{ "x":  48,
"greedy000":  0.0,
"greedy050":  0.0,
"greedy100":  0.09840362478004534,
"DP_05":  0.0,
"DP_30":  0.0,
"DP_60":  0.0,
"DP_95":  0.07464785769028297,
"QL_09":  0.21882686501288953,
"QL_05":  0.1230250189586752,
"RL":  0.08843102521509584}
,
{ "x":  56,
"greedy000":  0.0,
"greedy050":  0.0,
"greedy100":  0.06294898430375648,
"DP_05":  0.0,
"DP_30":  0.0,
"DP_60":  0.0,
"DP_95":  0.0521565697816666,
"QL_09":  0.2066566511711507,
"QL_05":  0.12293083927344897,
"RL":  0.08044405632950721}
,
{ "x":  64,
"greedy000":  0.0,
"greedy050":  0.0,
"greedy100":  0.02686348813723362,
"DP_05":  0.0,
"DP_30":  0.0,
"DP_60":  0.0,
"DP_95":  0.027287303819539442,
"QL_09":  0.217526418009367,
"QL_05":  0.11686196154936959,
"RL":  0.08137901807724915}
,
{ "x":  72,
"greedy000":  0.0,
"greedy050":  0.0,
"greedy100":  0.010745065945555273,
"DP_05":  0.0,
"DP_30":  0.0,
"DP_60":  0.0,
"DP_95":  0.011594116776086707,
"QL_09":  0.20695760142489247,
"QL_05":  0.12109446903099366,
"RL":  0.08068885261514455}
,
{ "x":  80,
"greedy000":  0.0,
"greedy050":  0.0,
"greedy100":  0.0034803842770843338,
"DP_05":  0.0,
"DP_30":  0.0,
"DP_60":  0.0,
"DP_95":  0.004475157483698156,
"QL_09":  0.21317742849994106,
"QL_05":  0.11643490757702445,
"RL":  0.07354544254803914}
]}
