{ "x_label":"LC",
"y_label":"Average Profit",
 "results":[
{ "x":  0,
"greedy000":  0.0,
"greedy050":  0.0,
"greedy100":  33.42427104800485,
"DP_05":  0.0,
"DP_30":  0.0,
"DP_60":  0.0,
"DP_95":  46.742550202851966,
"QL_09":  45.3016595372592,
"QL_05":  41.4238279847321,
"RL":  46.42182755437294}
,
{ "x":  8,
"greedy000":  0.0,
"greedy050":  0.0,
"greedy100":  46.84122280146603,
"DP_05":  0.0,
"DP_30":  0.0,
"DP_60":  0.0,
"DP_95":  64.98185359716848,
"QL_09":  61.422823885110766,
"QL_05":  57.580736884953595,
"RL":  64.04778459812955}
,
{ "x":  16,
"greedy000":  0.0,
"greedy050":  0.0,
"greedy100":  55.096591860578364,
"DP_05":  0.0,
"DP_30":  0.0,
"DP_60":  0.0,
"DP_95":  69.71168070881322,
"QL_09":  63.34531654302091,
"QL_05":  63.29688649644298,
"RL":  68.38934909850113}
,
{ "x":  24,
"greedy000":  0.0,
"greedy050":  0.0,
"greedy100":  61.60180665056872,
"DP_05":  0.0,
"DP_30":  0.0,
"DP_60":  0.0,
"DP_95":  71.00263548198053,
"QL_09":  65.53730699583105,
"QL_05":  67.1130584360809,
"RL":  70.01298232086181}
,
{ "x":  32,
"greedy000":  0.0,
"greedy050":  0.0,
"greedy100":  64.72792514175653,
"DP_05":  0.0,
"DP_30":  0.0,
"DP_60":  0.0,
"DP_95":  70.87790671059462,
"QL_09":  64.69640436293169,
"QL_05":  68.48103268655184,
"RL":  69.7651862207471}
,
{ "x":  40,
"greedy000":  0.0,
"greedy050":  0.0,
"greedy100":  68.43465705774142,
"DP_05":  0.0,
"DP_30":  0.0,
"DP_60":  0.0,
"DP_95":  71.9332983014459,
"QL_09":  65.02492926820388,
"QL_05":  70.10827406173591,
"RL":  71.0084189771476}
,
{ "x":  48,
"greedy000":  0.0,
"greedy050":  0.0,
"greedy100":  71.21295261766201,
"DP_05":  0.0,
"DP_30":  0.0,
"DP_60":  0.0,
"DP_95":  73.02681960427442,
"QL_09":  65.34502834762736,
"QL_05":  70.86643764634745,
"RL":  71.90249662532217}
,
{ "x":  56,
"greedy000":  0.0,
"greedy050":  0.0,
"greedy100":  71.69304816156433,
"DP_05":  0.0,
"DP_30":  0.0,
"DP_60":  0.0,
"DP_95":  72.67526014675208,
"QL_09":  64.97767061000965,
"QL_05":  70.27329437414888,
"RL":  71.61227798112122}
,
{ "x":  64,
"greedy000":  0.0,
"greedy050":  0.0,
"greedy100":  72.93287250226156,
"DP_05":  0.0,
"DP_30":  0.0,
"DP_60":  0.0,
"DP_95":  73.29170563690681,
"QL_09":  64.82689722582377,
"QL_05":  70.44533629094641,
"RL":  72.02132199049207}
,
{ "x":  72,
"greedy000":  0.0,
"greedy050":  0.0,
"greedy100":  73.08259618643892,
"DP_05":  0.0,
"DP_30":  0.0,
"DP_60":  0.0,
"DP_95":  73.18170226523114,
"QL_09":  65.20273955801596,
"QL_05":  70.1625688471878,
"RL":  71.80628266458899}
,
{ "x":  80,
"greedy000":  0.0,
"greedy050":  0.0,
"greedy100":  73.3930114940388,
"DP_05":  0.0,
"DP_30":  0.0,
"DP_60":  0.0,
"DP_95":  73.42322568586451,
"QL_09":  64.82340715350306,
"QL_05":  70.74008053688092,
"RL":  71.92497664189607}
]}
