{ "x_label":"zeta",
"y_label":"Average Profit",
 "results":[
{ "x":  0.0,
"greedy000":  0.0,
"greedy050":  0.0,
"greedy100":  59.73145392574146,
"DP_05":  0.0,
"DP_30":  0.0,
"DP_60":  0.0,
"DP_95":  59.73145392574146,
"QL":  57.689363638283794,
"RL":  59.26036526005968}
,
{ "x":  0.3,
"greedy000":  0.0,
"greedy050":  0.0,
"greedy100":  57.89663280024433,
"DP_05":  0.0,
"DP_30":  0.0,
"DP_60":  0.0,
"DP_95":  58.90432522369536,
"QL":  56.13263184457112,
"RL":  57.91101300607841}
,
{ "x":  0.6,
"greedy000":  0.0,
"greedy050":  0.0,
"greedy100":  55.38302968945718,
"DP_05":  0.0,
"DP_30":  0.0,
"DP_60":  0.0,
"DP_95":  57.43584181235129,
"QL":  54.43623402287583,
"RL":  56.09594849324874}
,
{ "x":  0.8999999999999999,
"greedy000":  0.0,
"greedy050":  0.0,
"greedy100":  53.00511053042627,
"DP_05":  0.0,
"DP_30":  0.0,
"DP_60":  0.0,
"DP_95":  56.03971753851108,
"QL":  53.16980018869951,
"RL":  54.440983379637096}
,
{ "x":  1.2,
"greedy000":  0.0,
"greedy050":  0.0,
"greedy100":  50.27197816334332,
"DP_05":  0.0,
"DP_30":  0.0,
"DP_60":  0.0,
"DP_95":  54.29522086200503,
"QL":  51.2534921679442,
"RL":  52.071234844639136}
,
{ "x":  1.5,
"greedy000":  0.0,
"greedy050":  0.0,
"greedy100":  47.76685719869342,
"DP_05":  0.0,
"DP_30":  0.0,
"DP_60":  0.0,
"DP_95":  53.068895486148755,
"QL":  50.08461552475798,
"RL":  50.598126231605555}
,
{ "x":  1.7999999999999998,
"greedy000":  0.0,
"greedy050":  0.0,
"greedy100":  45.80025706238417,
"DP_05":  0.0,
"DP_30":  0.0,
"DP_60":  0.0,
"DP_95":  51.80793691860565,
"QL":  48.8404576071947,
"RL":  49.14638717230577}
,
{ "x":  2.1,
"greedy000":  0.0,
"greedy050":  0.0,
"greedy100":  43.48794158650594,
"DP_05":  0.0,
"DP_30":  0.0,
"DP_60":  0.0,
"DP_95":  50.497335637017265,
"QL":  47.16744675972266,
"RL":  47.89735539571366}
,
{ "x":  2.4,
"greedy000":  0.0,
"greedy050":  0.0,
"greedy100":  40.69765257420704,
"DP_05":  0.0,
"DP_30":  0.0,
"DP_60":  0.0,
"DP_95":  48.77106026470949,
"QL":  45.77563519393938,
"RL":  45.2171099256193}
,
{ "x":  2.6999999999999997,
"greedy000":  0.0,
"greedy050":  0.0,
"greedy100":  38.68060784433842,
"DP_05":  0.0,
"DP_30":  0.0,
"DP_60":  0.0,
"DP_95":  47.684955217959406,
"QL":  44.23864323389157,
"RL":  43.89818631678701}
,
{ "x":  3.0,
"greedy000":  0.0,
"greedy050":  0.0,
"greedy100":  35.9590380651047,
"DP_05":  0.0,
"DP_30":  0.0,
"DP_60":  0.0,
"DP_95":  45.86153769790671,
"QL":  42.609537113460746,
"RL":  42.02703102479917}
]}
