{ "x_label":"eta",
"y_label":"Acceptance Rate",
 "results":[
{ "x":  0.1,
"greedy000":  0.40896139067186754,
"greedy050":  0.5136345465843737,
"greedy100":  0.6337599100512843,
"DP_05":  0.6337599100512843,
"DP_30":  0.6337599100512843,
"DP_60":  0.6337599100512843,
"DP_95":  0.6859406437098656,
"QL":  0.5335058506663485}
,
{ "x":  0.125,
"greedy000":  0.4017633148004139,
"greedy050":  0.5093832347955576,
"greedy100":  0.618832530536885,
"DP_05":  0.618832530536885,
"DP_30":  0.618832530536885,
"DP_60":  0.618832530536885,
"DP_95":  0.6768448593587115,
"QL":  0.3532840896940725}
,
{ "x":  0.15000000000000002,
"greedy000":  0.41056621208883304,
"greedy050":  0.51308317844866,
"greedy100":  0.5989549609862792,
"DP_05":  0.5989549609862792,
"DP_30":  0.5989549609862792,
"DP_60":  0.5989549609862792,
"DP_95":  0.672089290727799,
"QL":  0.3526763621806244}
,
{ "x":  0.17500000000000002,
"greedy000":  0.4055090081455529,
"greedy050":  0.5043855989225153,
"greedy100":  0.5882795715460902,
"DP_05":  0.5882795715460902,
"DP_30":  0.5882795715460902,
"DP_60":  0.5882795715460902,
"DP_95":  0.6621333670848277,
"QL":  0.432676506390606}
,
{ "x":  0.2,
"greedy000":  0.3918987683563583,
"greedy050":  0.49152359545714946,
"greedy100":  0.58302711450775,
"DP_05":  0.58302711450775,
"DP_30":  0.58302711450775,
"DP_60":  0.58302711450775,
"DP_95":  0.6497933837331495,
"QL":  0.5419870648964794}
,
{ "x":  0.225,
"greedy000":  0.38182850840197696,
"greedy050":  0.47983691745725976,
"greedy100":  0.5597398848198758,
"DP_05":  0.5597398848198758,
"DP_30":  0.5597398848198758,
"DP_60":  0.5597398848198758,
"DP_95":  0.6421144686765357,
"QL":  0.46147765384800216}
,
{ "x":  0.25,
"greedy000":  0.38145152193831067,
"greedy050":  0.4747207227431172,
"greedy100":  0.5537892483547726,
"DP_05":  0.5537892483547726,
"DP_30":  0.5537892483547726,
"DP_60":  0.5537892483547726,
"DP_95":  0.6285687262558498,
"QL":  0.5419594848069537}
,
{ "x":  0.275,
"greedy000":  0.3709374291019916,
"greedy050":  0.46146744796693195,
"greedy100":  0.5383532716579988,
"DP_05":  0.5383532716579988,
"DP_30":  0.5383532716579988,
"DP_60":  0.5383532716579988,
"DP_95":  0.6164726989326277,
"QL":  0.44135158404153324}
,
{ "x":  0.30000000000000004,
"greedy000":  0.37215167277078537,
"greedy050":  0.4656102222376618,
"greedy100":  0.5313729157482111,
"DP_05":  0.5313729157482111,
"DP_30":  0.5313729157482111,
"DP_60":  0.5313729157482111,
"DP_95":  0.5936655838461738,
"QL":  0.47785354512663014}
,
{ "x":  0.325,
"greedy000":  0.36658016684655853,
"greedy050":  0.44351432081965864,
"greedy100":  0.5059378943628994,
"DP_05":  0.5059378943628994,
"DP_30":  0.5059378943628994,
"DP_60":  0.5059378943628994,
"DP_95":  0.576376605880957,
"QL":  0.4459720001386205}
,
{ "x":  0.35,
"greedy000":  0.3606182414181212,
"greedy050":  0.43706686359192204,
"greedy100":  0.48986511028957747,
"DP_05":  0.48986511028957747,
"DP_30":  0.48986511028957747,
"DP_60":  0.48986511028957747,
"DP_95":  0.5502676023227359,
"QL":  0.31724869252269833}
,
{ "x":  0.375,
"greedy000":  0.3450934397747507,
"greedy050":  0.4215195569992788,
"greedy100":  0.475772306461166,
"DP_05":  0.475772306461166,
"DP_30":  0.475772306461166,
"DP_60":  0.475772306461166,
"DP_95":  0.5556018384616543,
"QL":  0.3610503163717137}
,
{ "x":  0.4,
"greedy000":  0.35199406607519285,
"greedy050":  0.41319545659338014,
"greedy100":  0.4548464224375315,
"DP_05":  0.4548464224375315,
"DP_30":  0.4548464224375315,
"DP_60":  0.4548464224375315,
"DP_95":  0.5193695731561847,
"QL":  0.3128955212862038}
,
{ "x":  0.42500000000000004,
"greedy000":  0.33506429535967913,
"greedy050":  0.39299328395073874,
"greedy100":  0.43088666338218246,
"DP_05":  0.43088666338218246,
"DP_30":  0.43088666338218246,
"DP_60":  0.43088666338218246,
"DP_95":  0.5015757847979623,
"QL":  0.35797147590183964}
,
{ "x":  0.45000000000000007,
"greedy000":  0.3315439584404094,
"greedy050":  0.4010780062159348,
"greedy100":  0.4527158930368449,
"DP_05":  0.4527158930368449,
"DP_30":  0.4527158930368449,
"DP_60":  0.4527158930368449,
"DP_95":  0.5201616528906692,
"QL":  0.3549225924791585}
,
{ "x":  0.475,
"greedy000":  0.33263866029677625,
"greedy050":  0.38886839440670545,
"greedy100":  0.42664251392193375,
"DP_05":  0.42664251392193375,
"DP_30":  0.42664251392193375,
"DP_60":  0.42664251392193375,
"DP_95":  0.4884151147151739,
"QL":  0.34199329190089056}
,
{ "x":  0.5,
"greedy000":  0.33906693616863864,
"greedy050":  0.3965237658251025,
"greedy100":  0.43414655368041644,
"DP_05":  0.43414655368041644,
"DP_30":  0.43414655368041644,
"DP_60":  0.43414655368041644,
"DP_95":  0.49627979372906666,
"QL":  0.3635237204406646}
,
{ "x":  0.525,
"greedy000":  0.3209877028448429,
"greedy050":  0.37310539928013847,
"greedy100":  0.4089629869713761,
"DP_05":  0.4089629869713761,
"DP_30":  0.4089629869713761,
"DP_60":  0.4089629869713761,
"DP_95":  0.4680591274118102,
"QL":  0.35433795927772904}
,
{ "x":  0.55,
"greedy000":  0.3174660254479606,
"greedy050":  0.3643030748561643,
"greedy100":  0.39268751875012686,
"DP_05":  0.39268751875012686,
"DP_30":  0.39268751875012686,
"DP_60":  0.39268751875012686,
"DP_95":  0.42095930683064964,
"QL":  0.33876328845586884}
,
{ "x":  0.5750000000000001,
"greedy000":  0.3070449115108467,
"greedy050":  0.34756803553847126,
"greedy100":  0.3730026059267668,
"DP_05":  0.3730026059267668,
"DP_30":  0.3730026059267668,
"DP_60":  0.3730026059267668,
"DP_95":  0.4120861171263532,
"QL":  0.3253027748561972}
,
{ "x":  0.6,
"greedy000":  0.3109830424585504,
"greedy050":  0.3595914349950814,
"greedy100":  0.3891002659040019,
"DP_05":  0.3891002659040019,
"DP_30":  0.3891002659040019,
"DP_60":  0.3891002659040019,
"DP_95":  0.4219704074737307,
"QL":  0.3477358896691503}
]}
