{ "x_label":"LC",
"y_label":"Federation Rate",
 "results":[
{ "x":  0,
"greedy000":  0.0,
"greedy050":  0.0,
"greedy100":  0.5204285714285715,
"DP_05":  0.0,
"DP_30":  0.0,
"DP_60":  0.0,
"DP_95":  0.7101428571428572,
"QL_09":  0.7045357142857144,
"QL_05":  0.6287857142857144,
"RL":  0.7111785714285713}
,
{ "x":  8,
"greedy000":  0.0,
"greedy050":  0.0,
"greedy100":  0.3894285714285714,
"DP_05":  0.0,
"DP_30":  0.0,
"DP_60":  0.0,
"DP_95":  0.2101785714285714,
"QL_09":  0.21285714285714286,
"QL_05":  0.2935,
"RL":  0.20692857142857143}
,
{ "x":  16,
"greedy000":  0.0,
"greedy050":  0.0,
"greedy100":  0.31575000000000003,
"DP_05":  0.0,
"DP_30":  0.0,
"DP_60":  0.0,
"DP_95":  0.14532142857142855,
"QL_09":  0.21035714285714285,
"QL_05":  0.23528571428571426,
"RL":  0.15378571428571428}
,
{ "x":  24,
"greedy000":  0.0,
"greedy050":  0.0,
"greedy100":  0.26625,
"DP_05":  0.0,
"DP_30":  0.0,
"DP_60":  0.0,
"DP_95":  0.1429642857142857,
"QL_09":  0.2000357142857143,
"QL_05":  0.18910714285714286,
"RL":  0.14721428571428571}
,
{ "x":  32,
"greedy000":  0.0,
"greedy050":  0.0,
"greedy100":  0.21171428571428572,
"DP_05":  0.0,
"DP_30":  0.0,
"DP_60":  0.0,
"DP_95":  0.12817857142857145,
"QL_09":  0.20249999999999999,
"QL_05":  0.14989285714285713,
"RL":  0.13325}
,
{ "x":  40,
"greedy000":  0.0,
"greedy050":  0.0,
"greedy100":  0.15721428571428572,
"DP_05":  0.0,
"DP_30":  0.0,
"DP_60":  0.0,
"DP_95":  0.10328571428571429,
"QL_09":  0.2125,
"QL_05":  0.1285714285714286,
"RL":  0.11082142857142858}
,
{ "x":  48,
"greedy000":  0.0,
"greedy050":  0.0,
"greedy100":  0.09907142857142857,
"DP_05":  0.0,
"DP_30":  0.0,
"DP_60":  0.0,
"DP_95":  0.07714285714285715,
"QL_09":  0.20992857142857146,
"QL_05":  0.11803571428571427,
"RL":  0.08528571428571428}
,
{ "x":  56,
"greedy000":  0.0,
"greedy050":  0.0,
"greedy100":  0.059928571428571435,
"DP_05":  0.0,
"DP_30":  0.0,
"DP_60":  0.0,
"DP_95":  0.05117857142857143,
"QL_09":  0.20564285714285718,
"QL_05":  0.11560714285714284,
"RL":  0.07132142857142858}
,
{ "x":  64,
"greedy000":  0.0,
"greedy050":  0.0,
"greedy100":  0.026892857142857142,
"DP_05":  0.0,
"DP_30":  0.0,
"DP_60":  0.0,
"DP_95":  0.026071428571428575,
"QL_09":  0.21535714285714286,
"QL_05":  0.11339285714285714,
"RL":  0.07878571428571428}
,
{ "x":  72,
"greedy000":  0.0,
"greedy050":  0.0,
"greedy100":  0.011464285714285713,
"DP_05":  0.0,
"DP_30":  0.0,
"DP_60":  0.0,
"DP_95":  0.013035714285714286,
"QL_09":  0.20117857142857143,
"QL_05":  0.11935714285714286,
"RL":  0.08132142857142856}
,
{ "x":  80,
"greedy000":  0.0,
"greedy050":  0.0,
"greedy100":  0.004607142857142857,
"DP_05":  0.0,
"DP_30":  0.0,
"DP_60":  0.0,
"DP_95":  0.0049642857142857145,
"QL_09":  0.1958214285714286,
"QL_05":  0.12007142857142858,
"RL":  0.08160714285714286}
]}
