{ "x_label":"LC",
"y_label":"Average Profit",
 "results":[
{ "x":  0,
"greedy000":  0.0,
"greedy050":  0.0,
"greedy100":  33.55482142857142,
"DP_05":  0.0,
"DP_30":  0.0,
"DP_60":  0.0,
"DP_95":  47.18464285714286,
"QL_09":  46.37303571428572,
"QL_05":  40.46035714285714,
"RL":  46.441250000000004}
,
{ "x":  8,
"greedy000":  0.0,
"greedy050":  0.0,
"greedy100":  46.97625,
"DP_05":  0.0,
"DP_30":  0.0,
"DP_60":  0.0,
"DP_95":  65.0967857142857,
"QL_09":  63.27678571428572,
"QL_05":  58.333928571428565,
"RL":  64.3105357142857}
,
{ "x":  16,
"greedy000":  0.0,
"greedy050":  0.0,
"greedy100":  54.68464285714286,
"DP_05":  0.0,
"DP_30":  0.0,
"DP_60":  0.0,
"DP_95":  69.14821428571429,
"QL_09":  63.83892857142856,
"QL_05":  62.07142857142856,
"RL":  68.04089285714285}
,
{ "x":  24,
"greedy000":  0.0,
"greedy050":  0.0,
"greedy100":  60.300892857142856,
"DP_05":  0.0,
"DP_30":  0.0,
"DP_60":  0.0,
"DP_95":  70.16946428571428,
"QL_09":  64.81767857142857,
"QL_05":  65.89446428571429,
"RL":  68.8307142857143}
,
{ "x":  32,
"greedy000":  0.0,
"greedy050":  0.0,
"greedy100":  65.41892857142857,
"DP_05":  0.0,
"DP_30":  0.0,
"DP_60":  0.0,
"DP_95":  71.21053571428571,
"QL_09":  65.4817857142857,
"QL_05":  68.79464285714286,
"RL":  70.25089285714286}
,
{ "x":  40,
"greedy000":  0.0,
"greedy050":  0.0,
"greedy100":  68.05196428571428,
"DP_05":  0.0,
"DP_30":  0.0,
"DP_60":  0.0,
"DP_95":  71.93982142857143,
"QL_09":  64.86375,
"QL_05":  70.05107142857142,
"RL":  70.57160714285713}
,
{ "x":  48,
"greedy000":  0.0,
"greedy050":  0.0,
"greedy100":  70.78696428571428,
"DP_05":  0.0,
"DP_30":  0.0,
"DP_60":  0.0,
"DP_95":  72.6230357142857,
"QL_09":  65.01839285714284,
"QL_05":  70.76607142857142,
"RL":  71.7444642857143}
,
{ "x":  56,
"greedy000":  0.0,
"greedy050":  0.0,
"greedy100":  71.91017857142857,
"DP_05":  0.0,
"DP_30":  0.0,
"DP_60":  0.0,
"DP_95":  72.82607142857142,
"QL_09":  65.1394642857143,
"QL_05":  70.82625,
"RL":  71.77482142857143}
,
{ "x":  64,
"greedy000":  0.0,
"greedy050":  0.0,
"greedy100":  72.87660714285714,
"DP_05":  0.0,
"DP_30":  0.0,
"DP_60":  0.0,
"DP_95":  73.21428571428571,
"QL_09":  64.90196428571429,
"QL_05":  70.97821428571429,
"RL":  71.88017857142856}
,
{ "x":  72,
"greedy000":  0.0,
"greedy050":  0.0,
"greedy100":  72.88107142857142,
"DP_05":  0.0,
"DP_30":  0.0,
"DP_60":  0.0,
"DP_95":  72.98910714285714,
"QL_09":  64.66464285714285,
"QL_05":  70.58267857142857,
"RL":  71.6275}
,
{ "x":  80,
"greedy000":  0.0,
"greedy050":  0.0,
"greedy100":  73.04892857142858,
"DP_05":  0.0,
"DP_30":  0.0,
"DP_60":  0.0,
"DP_95":  73.10375,
"QL_09":  65.15517857142858,
"QL_05":  70.50428571428571,
"RL":  71.61928571428572}
]}
