{ "x_label":"zeta",
"y_label":"Average Profit",
 "results":[
{ "x":  0.0,
"greedy000":  74.92781134560938,
"greedy050":  74.92781134560938,
"greedy100":  74.92781134560938,
"DP_05":  74.92781134560938,
"DP_30":  74.92781134560938,
"DP_60":  74.92781134560938,
"DP_95":  74.92781134560938,
"QL":  0.0}
,
{ "x":  0.25,
"greedy000":  71.10256285688125,
"greedy050":  71.99196874180016,
"greedy100":  72.57566663264895,
"DP_05":  72.57566663264895,
"DP_30":  72.57566663264895,
"DP_60":  72.57566663264895,
"DP_95":  73.82233114174724,
"QL":  0.0}
,
{ "x":  0.5,
"greedy000":  67.22008113494573,
"greedy050":  69.15270448717037,
"greedy100":  70.20836747252787,
"DP_05":  70.20836747252787,
"DP_30":  70.20836747252787,
"DP_60":  70.20836747252787,
"DP_95":  72.7249281553284,
"QL":  0.0}
,
{ "x":  0.75,
"greedy000":  63.366415167076426,
"greedy050":  66.18567002575756,
"greedy100":  67.8577018645012,
"DP_05":  67.8577018645012,
"DP_30":  67.8577018645012,
"DP_60":  67.8577018645012,
"DP_95":  71.59633120857173,
"QL":  0.0}
,
{ "x":  1.0,
"greedy000":  59.274337230038554,
"greedy050":  62.802623799903834,
"greedy100":  64.9792888946724,
"DP_05":  64.9792888946724,
"DP_30":  64.9792888946724,
"DP_60":  64.9792888946724,
"DP_95":  70.0882752692311,
"QL":  0.0}
,
{ "x":  1.25,
"greedy000":  55.54410481158237,
"greedy050":  60.334635765176564,
"greedy100":  63.0001098965266,
"DP_05":  63.0001098965266,
"DP_30":  63.0001098965266,
"DP_60":  63.0001098965266,
"DP_95":  69.22618881338133,
"QL":  0.0}
,
{ "x":  1.5,
"greedy000":  51.5856459354001,
"greedy050":  57.114435644629566,
"greedy100":  60.47852310038628,
"DP_05":  60.47852310038628,
"DP_30":  60.47852310038628,
"DP_60":  60.47852310038628,
"DP_95":  68.01844504557337,
"QL":  0.0}
,
{ "x":  1.75,
"greedy000":  47.52458801456944,
"greedy050":  53.91936561046115,
"greedy100":  58.03274109131022,
"DP_05":  58.03274109131022,
"DP_30":  58.03274109131022,
"DP_60":  58.03274109131022,
"DP_95":  66.6121551553963,
"QL":  0.0}
,
{ "x":  2.0,
"greedy000":  43.489496131700925,
"greedy050":  50.823697730142314,
"greedy100":  55.40273846789015,
"DP_05":  55.40273846789015,
"DP_30":  55.40273846789015,
"DP_60":  55.40273846789015,
"DP_95":  65.51837667734607,
"QL":  0.0}
,
{ "x":  2.25,
"greedy000":  39.90267981783322,
"greedy050":  48.323941315148176,
"greedy100":  53.58514534299277,
"DP_05":  53.58514534299277,
"DP_30":  53.58514534299277,
"DP_60":  53.58514534299277,
"DP_95":  64.64663949313618,
"QL":  0.0}
,
{ "x":  2.5,
"greedy000":  36.01475918098909,
"greedy050":  45.019027361743795,
"greedy100":  50.70157405953922,
"DP_05":  50.70157405953922,
"DP_30":  50.70157405953922,
"DP_60":  50.70157405953922,
"DP_95":  63.351114226103505,
"QL":  0.0}
,
{ "x":  2.75,
"greedy000":  32.24015968996612,
"greedy050":  42.680404876220194,
"greedy100":  49.17617639398748,
"DP_05":  51.52771876920802,
"DP_30":  51.52771876920802,
"DP_60":  51.52771876920802,
"DP_95":  63.53400767279243,
"QL":  0.0}
,
{ "x":  3.0,
"greedy000":  28.00571339369497,
"greedy050":  39.384698816017604,
"greedy100":  46.12371483774341,
"DP_05":  50.95561497233011,
"DP_30":  50.95561497233011,
"DP_60":  50.95561497233011,
"DP_95":  63.558988446495235,
"QL":  0.0}
,
{ "x":  3.25,
"greedy000":  24.223685096121997,
"greedy050":  35.98085027384459,
"greedy100":  43.247224382339425,
"DP_05":  50.581768344680704,
"DP_30":  50.581768344680704,
"DP_60":  50.581768344680704,
"DP_95":  63.3083621272295,
"QL":  0.0}
,
{ "x":  3.5,
"greedy000":  19.967712168280144,
"greedy050":  32.57622507683689,
"greedy100":  40.538613890354284,
"DP_05":  50.378644545181224,
"DP_30":  50.378644545181224,
"DP_60":  50.378644545181224,
"DP_95":  63.14935650171625,
"QL":  0.0}
,
{ "x":  3.75,
"greedy000":  16.34946024811572,
"greedy050":  30.050886961993733,
"greedy100":  38.82852700693881,
"DP_05":  50.87291828804365,
"DP_30":  50.87291828804365,
"DP_60":  50.87291828804365,
"DP_95":  63.27254502246342,
"QL":  0.0}
,
{ "x":  4.0,
"greedy000":  11.872856524045405,
"greedy050":  27.445811324680705,
"greedy100":  36.08745220735572,
"DP_05":  50.653626252019414,
"DP_30":  50.653626252019414,
"DP_60":  50.653626252019414,
"DP_95":  63.1608951780025,
"QL":  0.0}
,
{ "x":  4.25,
"greedy000":  8.947254379520674,
"greedy050":  25.135456195418605,
"greedy100":  34.67958217618786,
"DP_05":  51.306131183711,
"DP_30":  51.306131183711,
"DP_60":  51.306131183711,
"DP_95":  63.448927767872966,
"QL":  0.0}
,
{ "x":  4.5,
"greedy000":  4.539861381893179,
"greedy050":  20.314271398259315,
"greedy100":  30.587655792808583,
"DP_05":  50.29539050654912,
"DP_30":  50.29539050654912,
"DP_60":  50.29539050654912,
"DP_95":  63.03733690745171,
"QL":  0.0}
,
{ "x":  4.75,
"greedy000":  0.6095034360037216,
"greedy050":  17.95055249532718,
"greedy100":  28.564390673319373,
"DP_05":  50.58220790599045,
"DP_30":  50.58220790599045,
"DP_60":  50.58220790599045,
"DP_95":  63.33582495339216,
"QL":  0.0}
,
{ "x":  5.0,
"greedy000":  -2.960898280677351,
"greedy050":  14.88085748837687,
"greedy100":  26.953763240426706,
"DP_05":  51.06919107565615,
"DP_30":  51.06919107565615,
"DP_60":  51.06919107565615,
"DP_95":  63.64379674604352,
"QL":  0.0}
,
{ "x":  5.25,
"greedy000":  -6.393228371573802,
"greedy050":  12.599467699044784,
"greedy100":  25.04022566848839,
"DP_05":  51.22271781127792,
"DP_30":  51.22271781127792,
"DP_60":  51.22271781127792,
"DP_95":  63.332330204313834,
"QL":  0.0}
,
{ "x":  5.5,
"greedy000":  -11.087025691009124,
"greedy050":  8.363452984219972,
"greedy100":  21.24813139488693,
"DP_05":  50.5373115116828,
"DP_30":  50.5373115116828,
"DP_60":  50.5373115116828,
"DP_95":  63.083548006510874,
"QL":  0.0}
,
{ "x":  5.75,
"greedy000":  -15.02836501530569,
"greedy050":  5.787908340112569,
"greedy100":  18.25808106505702,
"DP_05":  50.35999008891914,
"DP_30":  50.35999008891914,
"DP_60":  50.35999008891914,
"DP_95":  63.140322419366576,
"QL":  0.0}
,
{ "x":  6.0,
"greedy000":  -18.092849308833284,
"greedy050":  2.6589469366809633,
"greedy100":  16.60302546235913,
"DP_05":  50.66191051182422,
"DP_30":  50.66191051182422,
"DP_60":  50.66191051182422,
"DP_95":  63.33584978143317,
"QL":  0.0}
,
{ "x":  6.25,
"greedy000":  -22.328155724314268,
"greedy050":  0.003939542285989317,
"greedy100":  14.599691311542239,
"DP_05":  50.839362878072365,
"DP_30":  50.839362878072365,
"DP_60":  50.839362878072365,
"DP_95":  63.28509313865108,
"QL":  0.0}
]}
