{ "x_label":"Lambda",
"y_label":"AR",
 "results":[
{ "x": 0.2,
"greedy000":  0.0,
"greedy050":  0.0,
"greedy100":  0.9713500000000002,
"DP_05":  0.0,
"DP_30":  0.0,
"DP_60":  0.0,
"DP_99":  0.9604375,
"QL_95":  0.7418250000000001,
"QL_55":  0.9400999999999998,
"QL_20":  0.9595624999999999,
"RL":  0.43328750000000005}
,
{ "x":  0.32,
"greedy000":  0.0,
"greedy050":  0.0,
"greedy100":  0.874775,
"DP_05":  0.0,
"DP_30":  0.0,
"DP_60":  0.0,
"DP_99":  0.8444625,
"QL_95":  0.6369249999999999,
"QL_55":  0.8519499999999999,
"QL_20":  0.8598125000000001,
"RL":  0.8200875}
,
{ "x":  0.44,
"greedy000":  0.0,
"greedy050":  0.0,
"greedy100":  0.7693625,
"DP_05":  0.0,
"DP_30":  0.0,
"DP_60":  0.0,
"DP_99":  0.7388999999999999,
"QL_95":  0.5630499999999999,
"QL_55":  0.7600750000000001,
"QL_20":  0.7613250000000001,
"RL":  0.7583}
,
{ "x":  0.56,
"greedy000":  0.0,
"greedy050":  0.0,
"greedy100":  0.670425,
"DP_05":  0.0,
"DP_30":  0.0,
"DP_60":  0.0,
"DP_99":  0.6656624999999999,
"QL_95":  0.5252875,
"QL_55":  0.6724750000000002,
"QL_20":  0.66735,
"RL":  0.6906625000000001}
,
{ "x":  0.68,
"greedy000":  0.0,
"greedy050":  0.0,
"greedy100":  0.5949625,
"DP_05":  0.0,
"DP_30":  0.0,
"DP_60":  0.0,
"DP_99":  0.6230874999999999,
"QL_95":  0.5074749999999999,
"QL_55":  0.6099374999999998,
"QL_20":  0.5999749999999999,
"RL":  0.6354875}
,
{ "x":  0.8,
"greedy000":  0.0,
"greedy050":  0.0,
"greedy100":  0.5320250000000001,
"DP_05":  0.0,
"DP_30":  0.0,
"DP_60":  0.0,
"DP_99":  0.5869,
"QL_95":  0.48214999999999997,
"QL_55":  0.5555,
"QL_20":  0.5387625,
"RL":  0.585425}
,
{ "x":  0.92,
"greedy000":  0.0,
"greedy050":  0.0,
"greedy100":  0.4888,
"DP_05":  0.0,
"DP_30":  0.0,
"DP_60":  0.0,
"DP_99":  0.55185,
"QL_95":  0.46668750000000003,
"QL_55":  0.503925,
"QL_20":  0.4942874999999999,
"RL":  0.5433625000000001}
,
{ "x":  1.04,
"greedy000":  0.0,
"greedy050":  0.0,
"greedy100":  0.44137500000000013,
"DP_05":  0.0,
"DP_30":  0.0,
"DP_60":  0.0,
"DP_99":  0.5199,
"QL_95":  0.4456249999999999,
"QL_55":  0.46075,
"QL_20":  0.44665,
"RL":  0.5051374999999999}
,
{ "x":  1.16,
"greedy000":  0.0,
"greedy050":  0.0,
"greedy100":  0.41303750000000006,
"DP_05":  0.0,
"DP_30":  0.0,
"DP_60":  0.0,
"DP_99":  0.4963624999999999,
"QL_95":  0.42024999999999996,
"QL_55":  0.42642500000000005,
"QL_20":  0.4195124999999999,
"RL":  0.4731750000000002}
,
{ "x":  1.28,
"greedy000":  0.0,
"greedy050":  0.0,
"greedy100":  0.37481250000000005,
"DP_05":  0.0,
"DP_30":  0.0,
"DP_60":  0.0,
"DP_99":  0.469475,
"QL_95":  0.3987625,
"QL_55":  0.39141250000000005,
"QL_20":  0.3822875,
"RL":  0.4406}
,
{ "x":  1.4,
"greedy000":  0.0,
"greedy050":  0.0,
"greedy100":  0.3517499999999999,
"DP_05":  0.0,
"DP_30":  0.0,
"DP_60":  0.0,
"DP_99":  0.44433750000000005,
"QL_95":  0.3754625000000001,
"QL_55":  0.3599875,
"QL_20":  0.3567125,
"RL":  0.4138125}
]}
