{ "x_label":"Lambda",
"y_label":"RR",
 "results":[
{ "x": 0.2,
"greedy000":  1.0,
"greedy050":  1.0,
"greedy100":  0.0003249999999997977,
"DP_05":  1.0,
"DP_30":  1.0,
"DP_60":  1.0,
"DP_99":  4.999999999988347e-05,
"QL_95":  0.10052499999999998,
"QL_55":  0.010637500000000188,
"QL_20":  0.005400000000000182,
"RL":  0.14432499999999993}
,
{ "x":  0.32,
"greedy000":  1.0,
"greedy050":  1.0,
"greedy100":  0.006099999999999994,
"DP_05":  1.0,
"DP_30":  1.0,
"DP_60":  1.0,
"DP_99":  0.0016374999999999584,
"QL_95":  0.18025000000000024,
"QL_55":  0.02892500000000009,
"QL_20":  0.018112499999999754,
"RL":  0.005562499999999915}
,
{ "x":  0.44,
"greedy000":  1.0,
"greedy050":  1.0,
"greedy100":  0.025662500000000144,
"DP_05":  1.0,
"DP_30":  1.0,
"DP_60":  1.0,
"DP_99":  0.009112499999999968,
"QL_95":  0.2306125000000001,
"QL_55":  0.053437499999999916,
"QL_20":  0.03908749999999972,
"RL":  0.013700000000000045}
,
{ "x":  0.56,
"greedy000":  1.0,
"greedy050":  1.0,
"greedy100":  0.06645000000000001,
"DP_05":  1.0,
"DP_30":  1.0,
"DP_60":  1.0,
"DP_99":  0.04442500000000005,
"QL_95":  0.27383749999999996,
"QL_55":  0.09304999999999986,
"QL_20":  0.0769875000000001,
"RL":  0.044275000000000064}
,
{ "x":  0.68,
"greedy000":  1.0,
"greedy050":  1.0,
"greedy100":  0.11858750000000007,
"DP_05":  1.0,
"DP_30":  1.0,
"DP_60":  1.0,
"DP_99":  0.1041375,
"QL_95":  0.29895000000000016,
"QL_55":  0.13370000000000015,
"QL_20":  0.12355000000000005,
"RL":  0.09493750000000001}
,
{ "x":  0.8,
"greedy000":  1.0,
"greedy050":  1.0,
"greedy100":  0.18383749999999988,
"DP_05":  1.0,
"DP_30":  1.0,
"DP_60":  1.0,
"DP_99":  0.16957500000000003,
"QL_95":  0.30403750000000007,
"QL_55":  0.19250000000000012,
"QL_20":  0.18328749999999994,
"RL":  0.15765000000000007}
,
{ "x":  0.92,
"greedy000":  1.0,
"greedy050":  1.0,
"greedy100":  0.24311250000000006,
"DP_05":  1.0,
"DP_30":  1.0,
"DP_60":  1.0,
"DP_99":  0.22914999999999996,
"QL_95":  0.28728750000000003,
"QL_55":  0.25764999999999993,
"QL_20":  0.2406250000000002,
"RL":  0.21974999999999978}
,
{ "x":  1.04,
"greedy000":  1.0,
"greedy050":  1.0,
"greedy100":  0.30494999999999983,
"DP_05":  1.0,
"DP_30":  1.0,
"DP_60":  1.0,
"DP_99":  0.2833,
"QL_95":  0.3230250000000001,
"QL_55":  0.31923750000000006,
"QL_20":  0.30405000000000004,
"RL":  0.28}
,
{ "x":  1.16,
"greedy000":  1.0,
"greedy050":  1.0,
"greedy100":  0.35096249999999996,
"DP_05":  1.0,
"DP_30":  1.0,
"DP_60":  1.0,
"DP_99":  0.3209250000000001,
"QL_95":  0.3627625,
"QL_55":  0.36902499999999994,
"QL_20":  0.34863750000000004,
"RL":  0.32803749999999987}
,
{ "x":  1.28,
"greedy000":  1.0,
"greedy050":  1.0,
"greedy100":  0.40341249999999995,
"DP_05":  1.0,
"DP_30":  1.0,
"DP_60":  1.0,
"DP_99":  0.36536250000000003,
"QL_95":  0.40232499999999993,
"QL_55":  0.42198749999999996,
"QL_20":  0.40093750000000006,
"RL":  0.380425}
,
{ "x":  1.4,
"greedy000":  1.0,
"greedy050":  1.0,
"greedy100":  0.44301250000000014,
"DP_05":  1.0,
"DP_30":  1.0,
"DP_60":  1.0,
"DP_99":  0.40326249999999997,
"QL_95":  0.43818749999999995,
"QL_55":  0.46791249999999995,
"QL_20":  0.44343750000000004,
"RL":  0.42131249999999987}
]}
