{ "x_label":"episode",
"y_label":"Average Profit",
"results":[
{ "x":  5,
"DP_05":  60.46152976445135,
"DP_30":  67.11075610311879,
"DP_60":  70.06456133793996,
"DP_95":  72.85903453849619,
"QL-Dynamic": 43.22817090960565,
"QL-Static": 43.770986045857455}
,
{ "x":  10,
"DP_05":  60.615137207043375,
"DP_30":  67.25715875532256,
"DP_60":  70.16374240080746,
"DP_95":  72.83809438731866,
"QL-Dynamic": 49.518535766606476,
"QL-Static": 50.728308508056315}
,
{ "x":  15,
"DP_05":  60.501998416994155,
"DP_30":  67.10938549441138,
"DP_60":  70.02462872393808,
"DP_95":  72.75270754777857,
"QL-Dynamic": 52.56212272834552,
"QL-Static": 51.6968711482568}
,
{ "x":  20,
"DP_05":  60.47294561504955,
"DP_30":  67.0642237850273,
"DP_60":  70.04430160297699,
"DP_95":  72.77533117337224,
"QL-Dynamic": 56.256409517883675,
"QL-Static": 55.916982167731284}
,
{ "x":  25,
"DP_05":  60.573230918274305,
"DP_30":  67.18888080853732,
"DP_60":  70.1509561456562,
"DP_95":  72.85185737040786,
"QL-Dynamic": 58.37764629822312,
"QL-Static": 57.56257745468849}
,
{ "x":  30,
"DP_05":  60.51090995872982,
"DP_30":  67.14360150762678,
"DP_60":  70.13229987188453,
"DP_95":  72.86427456823083,
"QL-Dynamic": 61.158976250164805,
"QL-Static": 58.96378144513708}
,
{ "x":  35,
"DP_05":  60.47156317212989,
"DP_30":  67.1372221729605,
"DP_60":  70.09112675542688,
"DP_95":  72.81617454183456,
"QL-Dynamic": 61.799768586818836,
"QL-Static": 59.072139089055675}
,
{ "x":  40,
"DP_05":  60.49359831219392,
"DP_30":  67.0830892734568,
"DP_60":  70.01838400265791,
"DP_95":  72.81281477711093,
"QL-Dynamic": 63.002643396021995,
"QL-Static": 59.806111255426295}
,
{ "x":  45,
"DP_05":  60.41356792495301,
"DP_30":  67.09708346561622,
"DP_60":  70.02974641034317,
"DP_95":  72.82279118561966,
"QL-Dynamic": 62.98234825519486,
"QL-Static": 61.27991036400284}
,
{ "x":  50,
"DP_05":  60.48298489471773,
"DP_30":  67.1552166256676,
"DP_60":  70.09174878534081,
"DP_95":  72.8740221232306,
"QL-Dynamic": 64.34096560098067,
"QL-Static": 61.6825896814777}
,
{ "x":  55,
"DP_05":  60.55443551174022,
"DP_30":  67.19756553341236,
"DP_60":  70.10265751120149,
"DP_95":  72.83603441762055,
"QL-Dynamic": 64.87083959125161,
"QL-Static": 61.43939171919438}
,
{ "x":  60,
"DP_05":  60.51104472593969,
"DP_30":  67.17374455184815,
"DP_60":  70.03715341947682,
"DP_95":  72.78435734723206,
"QL-Dynamic": 65.42792011940935,
"QL-Static": 62.4128008874075}
,
{ "x":  65,
"DP_05":  60.59771083303323,
"DP_30":  67.0931560839899,
"DP_60":  70.11126735410943,
"DP_95":  72.84585108876196,
"QL-Dynamic": 65.95650173547949,
"QL-Static": 61.94899186536447}
,
{ "x":  70,
"DP_05":  60.62070988845775,
"DP_30":  67.26037610146663,
"DP_60":  70.16287545106786,
"DP_95":  72.88295792155732,
"QL-Dynamic": 65.86119948355034,
"QL-Static": 62.418760485776026}
,
{ "x":  75,
"DP_05":  60.370674937166896,
"DP_30":  66.99565007734854,
"DP_60":  70.01812579905898,
"DP_95":  72.82165997571062,
"QL-Dynamic": 66.36135927119568,
"QL-Static": 63.01036641120637}
,
{ "x":  80,
"DP_05":  60.59263821634646,
"DP_30":  67.22149736372407,
"DP_60":  70.19143672132456,
"DP_95":  72.8751408671647,
"QL-Dynamic": 66.849438686336,
"QL-Static": 63.787931040987026}
,
{ "x":  85,
"DP_05":  60.505188398862494,
"DP_30":  67.12054698249648,
"DP_60":  70.0913749736468,
"DP_95":  72.79219786774809,
"QL-Dynamic": 66.9224356847113,
"QL-Static": 62.66406604222941}
,
{ "x":  90,
"DP_05":  60.385127543820566,
"DP_30":  67.07490371682225,
"DP_60":  69.99387543595326,
"DP_95":  72.76145153604517,
"QL-Dynamic": 66.99362900140216,
"QL-Static": 63.747453764902836}
,
{ "x":  95,
"DP_05":  60.450745798819106,
"DP_30":  67.181162166286,
"DP_60":  70.07410953847217,
"DP_95":  72.84778009907123,
"QL-Dynamic": 67.36861756890778,
"QL-Static": 63.97551805835299}
,
{ "x":  100,
"DP_05":  60.59818998923588,
"DP_30":  67.20324349664322,
"DP_60":  70.15068796662258,
"DP_95":  72.85506236019445,
"QL-Dynamic": 67.93669949871399,
"QL-Static": 63.795539099261816}
,
{ "x":  105,
"DP_05":  60.47267356196367,
"DP_30":  67.06899514303889,
"DP_60":  70.04641944861486,
"DP_95":  72.73433680398682,
"QL-Dynamic": 67.71594879467682,
"QL-Static": 63.646642385020726}
,
{ "x":  110,
"DP_05":  60.42724813291661,
"DP_30":  67.12379468528322,
"DP_60":  70.11130728995553,
"DP_95":  72.87805398461505,
"QL-Dynamic": 68.31344923177755,
"QL-Static": 63.890514096720295}
,
{ "x":  115,
"DP_05":  60.492315772173306,
"DP_30":  67.23573385428412,
"DP_60":  70.11323803665195,
"DP_95":  72.81246998669259,
"QL-Dynamic": 68.58776221573984,
"QL-Static": 64.43236033688737}
,
{ "x":  120,
"DP_05":  60.34867852239134,
"DP_30":  67.08211434158645,
"DP_60":  70.01835439828487,
"DP_95":  72.77029608184442,
"QL-Dynamic": 68.50600546329991,
"QL-Static": 65.0028073633058}
,
{ "x":  125,
"DP_05":  60.47387924706374,
"DP_30":  67.11009490823608,
"DP_60":  70.04983338171131,
"DP_95":  72.80412790653452,
"QL-Dynamic": 68.72546524739812,
"QL-Static": 64.20776541937641}
,
{ "x":  130,
"DP_05":  60.577807808034024,
"DP_30":  67.2175950813696,
"DP_60":  70.12902013701505,
"DP_95":  72.81039273543199,
"QL-Dynamic": 68.9157537789,
"QL-Static": 64.74317617011052}
,
{ "x":  135,
"DP_05":  60.43278803756551,
"DP_30":  67.11054973337217,
"DP_60":  70.02297079186371,
"DP_95":  72.76767113589399,
"QL-Dynamic": 68.76847131228327,
"QL-Static": 64.59742263124616}
,
{ "x":  140,
"DP_05":  60.38518942490059,
"DP_30":  67.03749727205634,
"DP_60":  70.04064549133541,
"DP_95":  72.79681714515819,
"QL-Dynamic": 69.18521248423295,
"QL-Static": 64.9492768037787}
,
{ "x":  145,
"DP_05":  60.626007065889674,
"DP_30":  67.21586497299081,
"DP_60":  70.13476721942888,
"DP_95":  72.85719275531984,
"QL-Dynamic": 68.94667027132708,
"QL-Static": 65.65518276148487}
,
{ "x":  150,
"DP_05":  60.53534940708476,
"DP_30":  67.13163027461427,
"DP_60":  70.08315289030992,
"DP_95":  72.86047481324582,
"QL-Dynamic": 69.13545779911412,
"QL-Static": 65.18847066559782}
,
{ "x":  155,
"DP_05":  60.51296657177418,
"DP_30":  67.1593385785222,
"DP_60":  70.1165105313381,
"DP_95":  72.81853954226122,
"QL-Dynamic": 69.3925544302657,
"QL-Static": 65.6280766288579}
,
{ "x":  160,
"DP_05":  60.4964646696447,
"DP_30":  67.09244339747741,
"DP_60":  70.03803621063817,
"DP_95":  72.81188361563444,
"QL-Dynamic": 69.30885301473582,
"QL-Static": 65.5462462588639}
,
{ "x":  165,
"DP_05":  60.47239892486908,
"DP_30":  67.09511901537529,
"DP_60":  70.05719884060883,
"DP_95":  72.80443051699854,
"QL-Dynamic": 69.23062852686292,
"QL-Static": 65.36177442447739}
,
{ "x":  170,
"DP_05":  60.42485894202391,
"DP_30":  67.0452180266324,
"DP_60":  70.0566032081212,
"DP_95":  72.79126157765778,
"QL-Dynamic": 69.27770262439306,
"QL-Static": 65.37125563241848}
,
{ "x":  175,
"DP_05":  60.53120922864053,
"DP_30":  67.14605442590418,
"DP_60":  70.09274773319243,
"DP_95":  72.82472085406057,
"QL-Dynamic": 69.42640935527227,
"QL-Static": 66.00447204622445}
,
{ "x":  180,
"DP_05":  60.45690311837162,
"DP_30":  67.20768754283746,
"DP_60":  70.08189795331309,
"DP_95":  72.8144621750165,
"QL-Dynamic": 69.53814169710134,
"QL-Static": 65.86482744883483}
,
{ "x":  185,
"DP_05":  60.536047549084216,
"DP_30":  67.11616809348436,
"DP_60":  70.13916536383744,
"DP_95":  72.81844406102724,
"QL-Dynamic": 69.52220218173112,
"QL-Static": 66.10396433716278}
,
{ "x":  190,
"DP_05":  60.4448996717705,
"DP_30":  67.10139262452451,
"DP_60":  70.06272930908729,
"DP_95":  72.8032375842504,
"QL-Dynamic": 69.55205619637951,
"QL-Static": 65.70968947841116}
,
{ "x":  195,
"DP_05":  60.47437997107986,
"DP_30":  67.16279673117656,
"DP_60":  70.08997645912483,
"DP_95":  72.77147233954553,
"QL-Dynamic": 69.41472316713417,
"QL-Static": 66.42654012193941}
,
{ "x":  200,
"DP_05":  60.53785104501274,
"DP_30":  67.13566401136183,
"DP_60":  70.08068628718847,
"DP_95":  72.81446773621965,
"QL-Dynamic": 69.61989572226469,
"QL-Static": 65.48194033448189}
,
{ "x":  205,
"DP_05":  60.59572534483405,
"DP_30":  67.24619678886162,
"DP_60":  70.13521716587816,