{ "x_label":"episode",
"y_label":"Average Profit",
 "results":[
{ "x":  20,
"greedy000":  0.0,
"greedy050":  0.0,
"greedy100":  10.3642,
"DP_05":  0.0,
"DP_30":  0.0,
"DP_60":  0.0,
"DP_95":  10.840899999999998,
"QL_09":  6.9211,
"QL_05":  6.925550000000001,
"RL":  7.010000000000001}
,
{ "x":  120,
"greedy000":  0.0,
"greedy050":  0.0,
"greedy100":  10.342899999999998,
"DP_05":  0.0,
"DP_30":  0.0,
"DP_60":  0.0,
"DP_95":  10.81855,
"QL_09":  8.78475,
"QL_05":  9.00315,
"RL":  9.861950000000002}
,
{ "x":  220,
"greedy000":  0.0,
"greedy050":  0.0,
"greedy100":  10.278499999999998,
"DP_05":  0.0,
"DP_30":  0.0,
"DP_60":  0.0,
"DP_95":  10.75615,
"QL_09":  9.0724,
"QL_05":  9.3829,
"RL":  10.12235}
,
{ "x":  320,
"greedy000":  0.0,
"greedy050":  0.0,
"greedy100":  10.499849999999999,
"DP_05":  0.0,
"DP_30":  0.0,
"DP_60":  0.0,
"DP_95":  10.85885,
"QL_09":  9.29275,
"QL_05":  9.69445,
"RL":  10.450550000000002}
,
{ "x":  420,
"greedy000":  0.0,
"greedy050":  0.0,
"greedy100":  10.454849999999997,
"DP_05":  0.0,
"DP_30":  0.0,
"DP_60":  0.0,
"DP_95":  10.892900000000001,
"QL_09":  9.4986,
"QL_05":  9.790099999999999,
"RL":  10.522449999999997}
,
{ "x":  520,
"greedy000":  0.0,
"greedy050":  0.0,
"greedy100":  10.322399999999998,
"DP_05":  0.0,
"DP_30":  0.0,
"DP_60":  0.0,
"DP_95":  10.7941,
"QL_09":  9.4663,
"QL_05":  9.746300000000002,
"RL":  10.52}
,
{ "x":  620,
"greedy000":  0.0,
"greedy050":  0.0,
"greedy100":  10.32155,
"DP_05":  0.0,
"DP_30":  0.0,
"DP_60":  0.0,
"DP_95":  10.8048,
"QL_09":  9.6101,
"QL_05":  9.867699999999997,
"RL":  10.4994}
,
{ "x":  720,
"greedy000":  0.0,
"greedy050":  0.0,
"greedy100":  10.414950000000001,
"DP_05":  0.0,
"DP_30":  0.0,
"DP_60":  0.0,
"DP_95":  10.83405,
"QL_09":  9.59455,
"QL_05":  9.935350000000001,
"RL":  10.596549999999999}
,
{ "x":  820,
"greedy000":  0.0,
"greedy050":  0.0,
"greedy100":  10.32115,
"DP_05":  0.0,
"DP_30":  0.0,
"DP_60":  0.0,
"DP_95":  10.760450000000002,
"QL_09":  9.62375,
"QL_05":  9.89455,
"RL":  10.53855}
,
{ "x":  920,
"greedy000":  0.0,
"greedy050":  0.0,
"greedy100":  10.348149999999999,
"DP_05":  0.0,
"DP_30":  0.0,
"DP_60":  0.0,
"DP_95":  10.77465,
"QL_09":  9.7071,
"QL_05":  9.9657,
"RL":  10.5967}
,
{ "x":  1020,
"greedy000":  0.0,
"greedy050":  0.0,
"greedy100":  10.3767,
"DP_05":  0.0,
"DP_30":  0.0,
"DP_60":  0.0,
"DP_95":  10.78165,
"QL_09":  9.77465,
"QL_05":  9.977450000000001,
"RL":  10.59085}
]}
