{ "x_label":"episode",
"y_label":"Federation Rate",
"results":[
{ "x":  5,
"DP_05":  0.47812338022385475,
"DP_30":  0.41784748642360753,
"DP_60":  0.42453179974643396,
"DP_95":  0.5012124648229118,
"QL-Dynamic": 0.41415784128077265,
"QL-Static": 0.4190980792839651}
,
{ "x":  10,
"DP_05":  0.47801247704319955,
"DP_30":  0.4174327799496442,
"DP_60":  0.4244168532981247,
"DP_95":  0.5019475797074466,
"QL-Dynamic": 0.4088454492766836,
"QL-Static": 0.3877143000621593}
,
{ "x":  15,
"DP_05":  0.47766288360366366,
"DP_30":  0.41650815562559884,
"DP_60":  0.4231094572459465,
"DP_95":  0.4999928479316795,
"QL-Dynamic": 0.341212233067587,
"QL-Static": 0.36929832862157896}
,
{ "x":  20,
"DP_05":  0.4765035661328516,
"DP_30":  0.4168663874171351,
"DP_60":  0.42312206143278425,
"DP_95":  0.5001815108128504,
"QL-Dynamic": 0.38989835304910775,
"QL-Static": 0.3707113159740967}
,
{ "x":  25,
"DP_05":  0.47597077965654155,
"DP_30":  0.41693681904254626,
"DP_60":  0.4246573192277983,
"DP_95":  0.5020226502416574,
"QL-Dynamic": 0.287728392781326,
"QL-Static": 0.39842336373932696}
,
{ "x":  30,
"DP_05":  0.4726290439488249,
"DP_30":  0.4146546355962449,
"DP_60":  0.4221278834354919,
"DP_95":  0.49953947041748664,
"QL-Dynamic": 0.3361632987427216,
"QL-Static": 0.34990961486824795}
,
{ "x":  35,
"DP_05":  0.47277442128601094,
"DP_30":  0.41757685172358405,
"DP_60":  0.4239614139309569,
"DP_95":  0.5006160638673289,
"QL-Dynamic": 0.2836079412745647,
"QL-Static": 0.3398445338801745}
,
{ "x":  40,
"DP_05":  0.47722276466811875,
"DP_30":  0.41534990950167533,
"DP_60":  0.423139272309316,
"DP_95":  0.5001210005114561,
"QL-Dynamic": 0.2933431197331501,
"QL-Static": 0.3128827918535482}
,
{ "x":  45,
"DP_05":  0.4721004577616555,
"DP_30":  0.41444042257331754,
"DP_60":  0.42166628905927195,
"DP_95":  0.496566169117035,
"QL-Dynamic": 0.28827984257242506,
"QL-Static": 0.3483439109884961}
,
{ "x":  50,
"DP_05":  0.48172268592135964,
"DP_30":  0.41895112797595174,
"DP_60":  0.4253056881273231,
"DP_95":  0.5029725917800382,
"QL-Dynamic": 0.3143561828108765,
"QL-Static": 0.32593824234782565}
,
{ "x":  55,
"DP_05":  0.4716375467041155,
"DP_30":  0.4122458004970258,
"DP_60":  0.4205578129391373,
"DP_95":  0.49650768162571507,
"QL-Dynamic": 0.3219340113539285,
"QL-Static": 0.3435037949666232}
,
{ "x":  60,
"DP_05":  0.47934825311453466,
"DP_30":  0.4166463083775006,
"DP_60":  0.42345046103853123,
"DP_95":  0.500389693936257,
"QL-Dynamic": 0.28380400881426693,
"QL-Static": 0.3210362736875589}
,
{ "x":  65,
"DP_05":  0.475651079609896,
"DP_30":  0.4156345900863851,
"DP_60":  0.4224038793613637,
"DP_95":  0.5009875095269185,
"QL-Dynamic": 0.28848838455104153,
"QL-Static": 0.3775576663696143}
,
{ "x":  70,
"DP_05":  0.4709760455898945,
"DP_30":  0.41349554634126123,
"DP_60":  0.42182247943253337,
"DP_95":  0.4985738748065441,
"QL-Dynamic": 0.2956283416814074,
"QL-Static": 0.3521719260432614}
,
{ "x":  75,
"DP_05":  0.4769754443996918,
"DP_30":  0.4164215540523896,
"DP_60":  0.4238235388636754,
"DP_95":  0.49977680521322265,
"QL-Dynamic": 0.25472659434785305,
"QL-Static": 0.27862504394841825}
,
{ "x":  80,
"DP_05":  0.4749434800251782,
"DP_30":  0.4152122781316522,
"DP_60":  0.4227533295081657,
"DP_95":  0.49973944832010764,
"QL-Dynamic": 0.25421820310649645,
"QL-Static": 0.291319837449717}
,
{ "x":  85,
"DP_05":  0.47680956070531094,
"DP_30":  0.4161643769310625,
"DP_60":  0.4234532544055999,
"DP_95":  0.5008887014277834,
"QL-Dynamic": 0.26230236308614235,
"QL-Static": 0.2958755247970834}
,
{ "x":  90,
"DP_05":  0.47482785384083626,
"DP_30":  0.41666989560426665,
"DP_60":  0.4225463327843476,
"DP_95":  0.4997339172404346,
"QL-Dynamic": 0.23742513138786714,
"QL-Static": 0.332325556161669}
,
{ "x":  95,
"DP_05":  0.4743584877187869,
"DP_30":  0.4147908577223665,
"DP_60":  0.422575801405954,
"DP_95":  0.49950860967875876,
"QL-Dynamic": 0.235053734315557,
"QL-Static": 0.3070840359173062}
,
{ "x":  100,
"DP_05":  0.47875289376155583,
"DP_30":  0.4178674559948356,
"DP_60":  0.42533525157035007,
"DP_95":  0.5017862020347197,
"QL-Dynamic": 0.25389207508591083,
"QL-Static": 0.31856462436915733}
,
{ "x":  105,
"DP_05":  0.4752841730951605,
"DP_30":  0.4152946551832967,
"DP_60":  0.4227800135639271,
"DP_95":  0.4986066725033875,
"QL-Dynamic": 0.2677610589379006,
"QL-Static": 0.3340411771374701}
,
{ "x":  110,
"DP_05":  0.4741440852719582,
"DP_30":  0.4163975688875778,
"DP_60":  0.4243370071166703,
"DP_95":  0.5019487222305712,
"QL-Dynamic": 0.2960114343352522,
"QL-Static": 0.3261988016976921}
,
{ "x":  115,
"DP_05":  0.4726031346943396,
"DP_30":  0.4137462873781839,
"DP_60":  0.4206433375425789,
"DP_95":  0.4988377809813586,
"QL-Dynamic": 0.2618202466131243,
"QL-Static": 0.3678171743038935}
,
{ "x":  120,
"DP_05":  0.474244402196926,
"DP_30":  0.41456266226095684,
"DP_60":  0.4214498582606368,
"DP_95":  0.4988069513620432,
"QL-Dynamic": 0.2740723401055459,
"QL-Static": 0.2741825126328925}
,
{ "x":  125,
"DP_05":  0.47537741572248465,
"DP_30":  0.4150575963176549,
"DP_60":  0.4216867705744257,
"DP_95":  0.4988053175931212,
"QL-Dynamic": 0.28047279363462774,
"QL-Static": 0.3007101245760905}
,
{ "x":  130,
"DP_05":  0.47542948741223895,
"DP_30":  0.4140888868551136,
"DP_60":  0.4216484418947611,
"DP_95":  0.4986815701663369,
"QL-Dynamic": 0.2716209877026763,
"QL-Static": 0.30545696320873716}
,
{ "x":  135,
"DP_05":  0.47553936448815476,
"DP_30":  0.4144747074653107,
"DP_60":  0.4227526759351076,
"DP_95":  0.4997794339072961,
"QL-Dynamic": 0.2733674001425864,
"QL-Static": 0.2921193816019801}
,
{ "x":  140,
"DP_05":  0.47733332228486147,
"DP_30":  0.4160527453295924,
"DP_60":  0.42385769313812793,
"DP_95":  0.5004168351099467,
"QL-Dynamic": 0.2766916164904341,
"QL-Static": 0.30935519068183215}
,
{ "x":  145,
"DP_05":  0.4719873156617024,
"DP_30":  0.41504272481422416,
"DP_60":  0.4224178032855647,
"DP_95":  0.4987298159132413,
"QL-Dynamic": 0.2801279469198798,
"QL-Static": 0.31737355662396805}
,
{ "x":  150,
"DP_05":  0.4757600452574622,
"DP_30":  0.41759304677662196,
"DP_60":  0.4248493923363824,
"DP_95":  0.500898058755643,
"QL-Dynamic": 0.2736261843090696,
"QL-Static": 0.2739421622286518}
,
{ "x":  155,
"DP_05":  0.47870542185009185,
"DP_30":  0.4168859091170534,
"DP_60":  0.42508443544214025,
"DP_95":  0.5005081829790335,
"QL-Dynamic": 0.2861738256788897,
"QL-Static": 0.3322630704566664}
,
{ "x":  160,
"DP_05":  0.47484198503525504,
"DP_30":  0.41573943167891747,
"DP_60":  0.4232591511936181,
"DP_95":  0.49970657984632005,
"QL-Dynamic": 0.2875458499397576,
"QL-Static": 0.3310788938187133}
,
{ "x":  165,
"DP_05":  0.4748880534415496,
"DP_30":  0.4148895268824911,
"DP_60":  0.422438623150694,
"DP_95":  0.49959462097517443,
"QL-Dynamic": 0.2690827502767989,
"QL-Static": 0.3077557704614633}
,
{ "x":  170,
"DP_05":  0.47754407129205917,
"DP_30":  0.415641717426862,
"DP_60":  0.42334349935355237,
"DP_95":  0.5005549899158812,
"QL-Dynamic": 0.29214303569256805,
"QL-Static": 0.3319110913967353}
,
{ "x":  175,
"DP_05":  0.47385264144732736,
"DP_30":  0.41610791954012877,
"DP_60":  0.423636908218003,
"DP_95":  0.5002199877295235,
"QL-Dynamic": 0.25757987687784584,
"QL-Static": 0.32560014931312414}
,
{ "x":  180,
"DP_05":  0.47561267366080157,
"DP_30":  0.41666244848533796,
"DP_60":  0.42416144833301744,
"DP_95":  0.5001773343773778,
"QL-Dynamic": 0.273343522278995,
"QL-Static": 0.315775622995519}
,
{ "x":  185,
"DP_05":  0.473714657909541,
"DP_30":  0.41635403738786836,
"DP_60":  0.42451349657966153,
"DP_95":  0.5009378555763457,
"QL-Dynamic": 0.28938141331958517,
"QL-Static": 0.28372656668398166}
,
{ "x":  190,
"DP_05":  0.47106109129644275,
"DP_30":  0.4162836056033038,
"DP_60":  0.4232780715577142,
"DP_95":  0.49873332756922895,
"QL-Dynamic": 0.24728432800784744,
"QL-Static": 0.31673264062436407}
,
{ "x":  195,
"DP_05":  0.475202809278821,
"DP_30":  0.4150109202999838,
"DP_60":  0.4221331371870846,
"DP_95":  0.4990323444256668,
"QL-Dynamic": 0.30875366637168594,
"QL-Static": 0.3224040930453128}
,
{ "x":  200,