{ "x_label":"capacity",
"y_label":"Acceptance Rate",
 "results":[
{ "x":  30,
"greedy000":  0.08368909842932072,
"greedy050":  0.08803692644597344,
"greedy100":  0.09607332523359415,
"DP_05":  0.09607332523359415,
"DP_30":  0.13143337314019007,
"DP_60":  0.13394985872546095,
"DP_95":  0.13394985872546095,
"QL":  0.10897957821332913}
,
{ "x":  130,
"greedy000":  0.32654940392802684,
"greedy050":  0.3596687351416187,
"greedy100":  0.37914081773804353,
"DP_05":  0.37914081773804353,
"DP_30":  0.42954920869109453,
"DP_60":  0.4453671472752118,
"DP_95":  0.4566790116026159,
"QL":  0.42662189887915025}
]}
