{ "x_label":"capacity",
"y_label":"Acceptance Rate",
 "results":[
{ "x":  30,
"greedy000":  0.08253094496249416,
"greedy050":  0.0880091151099599,
"greedy100":  0.09613029691743213,
"DP_05":  0.09613029691743213,
"DP_30":  0.13088178639128556,
"DP_60":  0.13334465452023017,
"DP_95":  0.13334465452023017,
"QL":  0.12447614250496522}
,
{ "x":  130,
"greedy000":  0.33055030066110236,
"greedy050":  0.3632855925084876,
"greedy100":  0.38190322719879466,
"DP_05":  0.38190322719879466,
"DP_30":  0.43102801207038155,
"DP_60":  0.4454707633287315,
"DP_95":  0.45759055772721763,
"QL":  0.424711218366559}
,
{ "x":  230,
"greedy000":  0.4701168681406867,
"greedy050":  0.5811143413314814,
"greedy100":  0.6285111515056409,
"DP_05":  0.6285111515056409,
"DP_30":  0.6606163731363506,
"DP_60":  0.6616041190965256,
"DP_95":  0.6274404336707534,
"QL":  0.6138014284545301}
,
{ "x":  330,
"greedy000":  0.4999455799813998,
"greedy050":  0.7115734427118946,
"greedy100":  0.8245286982972356,
"DP_05":  0.8245286982972356,
"DP_30":  0.8270636707941994,
"DP_60":  0.8368281259577206,
"DP_95":  0.811553596510797,
"QL":  0.6640777963853194}
,
{ "x":  430,
"greedy000":  0.4996823419359644,
"greedy050":  0.749041285809503,
"greedy100":  0.9584326619145692,
"DP_05":  0.9584326619145692,
"DP_30":  0.9584326619145692,
"DP_60":  0.9583451083295204,
"DP_95":  0.9474636591629053,
"QL":  0.6693417437007234}
,
{ "x":  530,
"greedy000":  0.5006693959475323,
"greedy050":  0.7504776802811055,
"greedy100":  0.9961300024706871,
"DP_05":  0.9961300024706871,
"DP_30":  0.9961300024706871,
"DP_60":  0.9957442513933753,
"DP_95":  0.9945302710179014,
"QL":  0.6689345987570904}
,
{ "x":  630,
"greedy000":  0.4999348338639683,
"greedy050":  0.7496728164240427,
"greedy100":  0.9999008969523666,
"DP_05":  0.9999008969523666,
"DP_30":  0.9999008969523666,
"DP_60":  0.9999005956675205,
"DP_95":  0.9998311229693664,
"QL":  0.6673572266387064}
]}
