{ "x_label":"capacity",
"y_label":"Federation Rate",
 "results":[
{ "x":  30,
"greedy000":  0.9163109015706793,
"greedy050":  0.9119630735540266,
"greedy100":  0.903926674766406,
"DP_05":  0.903926674766406,
"DP_30":  0.86856662685981,
"DP_60":  0.8660501412745392,
"DP_95":  0.8660501412745392,
"QL":  0.7052151738208783}
,
{ "x":  130,
"greedy000":  0.6734505960719732,
"greedy050":  0.6403312648583813,
"greedy100":  0.6208591822619566,
"DP_05":  0.6208591822619566,
"DP_30":  0.5704507913089055,
"DP_60":  0.5546328527247881,
"DP_95":  0.5433209883973841,
"QL":  0.5455896125505444}
]}
