{ "x_label":"capacity",
"y_label":"Federation Rate",
 "results":[
{ "x":  30,
"greedy000":  0.9174690550375058,
"greedy050":  0.9119908848900403,
"greedy100":  0.9038697030825681,
"DP_05":  0.9038697030825681,
"DP_30":  0.8691182136087147,
"DP_60":  0.8666553454797696,
"DP_95":  0.8666553454797696,
"QL":  0.7813773675379265}
,
{ "x":  130,
"greedy000":  0.6694496993388974,
"greedy050":  0.6367144074915124,
"greedy100":  0.6180967728012055,
"DP_05":  0.6180967728012055,
"DP_30":  0.5689719879296185,
"DP_60":  0.5545292366712685,
"DP_95":  0.5424094422727826,
"QL":  0.5549158179769679}
,
{ "x":  230,
"greedy000":  0.5298831318593133,
"greedy050":  0.4188856586685185,
"greedy100":  0.37148884849435915,
"DP_05":  0.37148884849435915,
"DP_30":  0.3393836268636493,
"DP_60":  0.33839588090347433,
"DP_95":  0.37255956632924664,
"QL":  0.36412237084226023}
,
{ "x":  330,
"greedy000":  0.5000544200186001,
"greedy050":  0.2884265572881052,
"greedy100":  0.17547130170276437,
"DP_05":  0.17547130170276437,
"DP_30":  0.17293632920580074,
"DP_60":  0.1631718740422793,
"DP_95":  0.188446403489203,
"QL":  0.3193192943525335}
,
{ "x":  430,
"greedy000":  0.5003176580640356,
"greedy050":  0.2509587141904971,
"greedy100":  0.041567338085431026,
"DP_05":  0.041567338085431026,
"DP_30":  0.041567338085431026,
"DP_60":  0.04165489167047959,
"DP_95":  0.052536340837094485,
"QL":  0.31237113512537673}
,
{ "x":  530,
"greedy000":  0.49933060405246776,
"greedy050":  0.24952231971889435,
"greedy100":  0.0038699975293128427,
"DP_05":  0.0038699975293128427,
"DP_30":  0.0038699975293128427,
"DP_60":  0.004255748606624688,
"DP_95":  0.005469728982098439,
"QL":  0.31796723995177667}
,
{ "x":  630,
"greedy000":  0.5000651661360317,
"greedy050":  0.2503271835759572,
"greedy100":  9.910304763329573e-05,
"DP_05":  9.910304763329573e-05,
"DP_30":  9.910304763329573e-05,
"DP_60":  9.940433247948204e-05,
"DP_95":  0.00016887703063360256,
"QL":  0.31768421395403773}
]}
