{ "x_label":"capacity",
"y_label":"Average Profit",
 "results":[
{ "x":  30,
"greedy000":  25.368847539409963,
"greedy050":  25.749730823950294,
"greedy100":  26.000918961112905,
"DP_05":  26.000918961112905,
"DP_30":  28.242484905495576,
"DP_60":  28.363882004038476,
"DP_95":  28.363882004038476,
"QL":  28.277545209088363}
,
{ "x":  60,
"greedy000":  27.456252659450854,
"greedy050":  28.029634463404932,
"greedy100":  28.37329395864279,
"DP_05":  28.37329395864279,
"DP_30":  31.570003941233516,
"DP_60":  32.88625627385803,
"DP_95":  33.349248964866455,
"QL":  33.26100771815526}
,
{ "x":  90,
"greedy000":  29.025767644428658,
"greedy050":  29.62386672967628,
"greedy100":  30.34418597890426,
"DP_05":  30.34418597890426,
"DP_30":  33.999071708520084,
"DP_60":  35.86824446646542,
"DP_95":  37.680816503772476,
"QL":  37.67578405070309}
,
{ "x":  120,
"greedy000":  30.260389881307077,
"greedy050":  31.31425464219148,
"greedy100":  32.118368620695534,
"DP_05":  32.118368620695534,
"DP_30":  35.96050202379174,
"DP_60":  37.52556501305926,
"DP_95":  40.58641516271319,
"QL":  37.61467425415681}
,
{ "x":  150,
"greedy000":  31.422568585454837,
"greedy050":  32.84112883693827,
"greedy100":  33.74008795208942,
"DP_05":  33.74008795208942,
"DP_30":  37.48992432223318,
"DP_60":  38.3046648616118,
"DP_95":  42.2477179202433,
"QL":  38.18360392074535}
,
{ "x":  180,
"greedy000":  32.46537811724123,
"greedy050":  34.28365417988569,
"greedy100":  35.44086011216352,
"DP_05":  35.44086011216352,
"DP_30":  38.94355177125224,
"DP_60":  39.01483798880432,
"DP_95":  42.84341729040405,
"QL":  39.106311460469705}
,
{ "x":  210,
"greedy000":  33.106493911918335,
"greedy050":  35.627242510298814,
"greedy100":  36.98033516064605,
"DP_05":  36.98033516064605,
"DP_30":  40.124933316960934,
"DP_60":  40.13846968617813,
"DP_95":  43.2384996394261,
"QL":  39.4386298746285}
,
{ "x":  240,
"greedy000":  33.64992102082937,
"greedy050":  36.69729195293748,
"greedy100":  38.324373360121555,
"DP_05":  38.324373360121555,
"DP_30":  40.77900544739562,
"DP_60":  41.02074278203931,
"DP_95":  43.45339612430694,
"QL":  39.884926380464364}
,
{ "x":  270,
"greedy000":  33.829220511007094,
"greedy050":  37.59303644274248,
"greedy100":  39.67111592903384,
"DP_05":  39.67111592903384,
"DP_30":  41.336094777752926,
"DP_60":  41.97141009290657,
"DP_95":  43.69976211921014,
"QL":  39.86396305427566}
,
{ "x":  300,
"greedy000":  33.92286620347933,
"greedy050":  38.33008783477472,
"greedy100":  40.91553835287387,
"DP_05":  40.91553835287387,
"DP_30":  41.948947042219245,
"DP_60":  42.689364698271135,
"DP_95":  43.967828734240314,
"QL":  39.827778848256266}
,
{ "x":  330,
"greedy000":  34.02336402784831,
"greedy050":  38.83985029910084,
"greedy100":  41.89865307656949,
"DP_05":  41.89865307656949,
"DP_30":  42.246045083050184,
"DP_60":  43.31268442772078,
"DP_95":  44.19994218108357,
"QL":  39.83485139057702}
,
{ "x":  360,
"greedy000":  33.97289235965282,
"greedy050":  39.19152005940513,
"greedy100":  42.90463097823044,
"DP_05":  42.90463097823044,
"DP_30":  42.93253124938841,
"DP_60":  43.88540863393661,
"DP_95":  44.42300425087403,
"QL":  39.91497349693235}
,
{ "x":  390,
"greedy000":  34.02493959938007,
"greedy050":  39.334784514528884,
"greedy100":  43.636017047471356,
"DP_05":  43.636017047471356,
"DP_30":  43.63722380531527,
"DP_60":  44.253576874824894,
"DP_95":  44.569062343821095,
"QL":  39.88043357121445}
,
{ "x":  420,
"greedy000":  34.03490261133053,
"greedy050":  39.350319317234636,
"greedy100":  44.13349298557974,
"DP_05":  44.13349298557974,
"DP_30":  44.13349298557974,
"DP_60":  44.517087302824955,
"DP_95":  44.722223262038426,
"QL":  39.859483774615015}
,
{ "x":  450,
"greedy000":  33.970262937071375,
"greedy050":  39.45498017689014,
"greedy100":  44.528806508800116,
"DP_05":  44.528806508800116,
"DP_30":  44.528806508800116,
"DP_60":  44.75996634832168,
"DP_95":  44.85295812956751,
"QL":  39.63345186717537}
,
{ "x":  480,
"greedy000":  33.956059169115356,
"greedy050":  39.46665306659669,
"greedy100":  44.7908332504491,
"DP_05":  44.7908332504491,
"DP_30":  44.7908332504491,
"DP_60":  44.898188803827054,
"DP_95":  44.9358772888364,
"QL":  40.02373996804799}
,
{ "x":  510,
"greedy000":  34.03300463246499,
"greedy050":  39.533537431196926,
"greedy100":  44.87386441693643,
"DP_05":  44.87386441693643,
"DP_30":  44.87386441693643,
"DP_60":  44.93199609918914,
"DP_95":  44.9524840048183,
"QL":  39.984074603053884}
]}
