{ "x_label":"capacity",
"y_label":"Average Profit",
 "results":[
{ "x":  30,
"greedy000":  25.21792826360366,
"greedy050":  25.509115337219647,
"greedy100":  25.898986737311112,
"DP_05":  25.898986737311112,
"DP_30":  28.152754448990486,
"DP_60":  28.296925059833605,
"DP_95":  28.296925059833605,
"QL":  26.03138421204572}
,
{ "x":  130,
"greedy000":  30.889409605812716,
"greedy050":  32.07367930280111,
"greedy100":  32.82901150734585,
"DP_05":  32.82901150734585,
"DP_30":  36.58483623045685,
"DP_60":  37.76868653348261,
"DP_95":  41.35455355940245,
"QL":  36.81023000699482}
,
{ "x":  230,
"greedy000":  33.434160915103654,
"greedy050":  36.380072375941396,
"greedy100":  37.928634016145985,
"DP_05":  37.928634016145985,
"DP_30":  40.76934478966336,
"DP_60":  40.82497612070374,
"DP_95":  43.37031939130965,
"QL":  38.98480085841665}
,
{ "x":  330,
"greedy000":  33.98172295969716,
"greedy050":  38.77879225772328,
"greedy100":  41.724958972627675,
"DP_05":  41.724958972627675,
"DP_30":  42.066236197533186,
"DP_60":  43.17800951335843,
"DP_95":  44.12416347831257,
"QL":  39.73637373022563}
,
{ "x":  430,
"greedy000":  34.030196881043985,
"greedy050":  39.48405170757172,
"greedy100":  44.2317508032509,
"DP_05":  44.2317508032509,
"DP_30":  44.2317508032509,
"DP_60":  44.574754651650565,
"DP_95":  44.724279791159844,
"QL":  39.89070377941607}
,
{ "x":  530,
"greedy000":  34.067321639321314,
"greedy050":  39.48563061295104,
"greedy100":  44.91566226321355,
"DP_05":  44.91566226321355,
"DP_30":  44.91566226321355,
"DP_60":  44.94063768966363,
"DP_95":  44.947620268026995,
"QL":  39.77688396885503}
,
{ "x":  630,
"greedy000":  33.991182422883654,
"greedy050":  39.47228562048309,
"greedy100":  45.00227939152652,
"DP_05":  45.00227939152652,
"DP_30":  45.00227939152652,
"DP_60":  45.00334110899642,
"DP_95":  45.00306321820381,
"QL":  39.83647336727811}
]}
