{ "x_label":"capacity",
"y_label":"Average Profit",
 "results":[
{ "x":  50,
"greedy000":  0.0,
"greedy050":  0.0,
"greedy100":  27.912020715065363,
"DP_05":  0.0,
"DP_30":  0.0,
"DP_60":  0.0,
"DP_95":  32.05120096390509,
"QL":  31.50594580787303,
"RL":  32.0302332219696}
,
{ "x":  150,
"greedy000":  0.0,
"greedy050":  0.0,
"greedy100":  33.45799402635752,
"DP_05":  0.0,
"DP_30":  0.0,
"DP_60":  0.0,
"DP_95":  42.3431120114717,
"QL":  37.158588325503025,
"RL":  38.442988005387}
,
{ "x":  250,
"greedy000":  0.0,
"greedy050":  0.0,
"greedy100":  38.865465741739214,
"DP_05":  0.0,
"DP_30":  0.0,
"DP_60":  0.0,
"DP_95":  43.57317829840145,
"QL":  41.02625578491596,
"RL":  41.0342492804703}
,
{ "x":  350,
"greedy000":  0.0,
"greedy050":  0.0,
"greedy100":  42.685474342865845,
"DP_05":  0.0,
"DP_30":  0.0,
"DP_60":  0.0,
"DP_95":  44.21108487635146,
"QL":  41.14413106580626,
"RL":  36.316377120424725}
]}
