{ "x_label":"PC",
"y_label":"Federation Rate",
 "results":[
{ "x":  0,
"greedy000":  0.0,
"greedy050":  0.0,
"greedy100":  0.0,
"DP_05":  0.0,
"DP_30":  0.0,
"DP_60":  0.0,
"DP_95":  0.0,
"QL_09":  0.0,
"QL_05":  0.0,
"RL":  0.0}
,
{ "x":  8,
"greedy000":  0.0,
"greedy050":  0.0,
"greedy100":  0.13971428571428574,
"DP_05":  0.0,
"DP_30":  0.0,
"DP_60":  0.0,
"DP_95":  0.05742857142857143,
"QL_09":  0.08346428571428573,
"QL_05":  0.10810714285714286,
"RL":  0.06410714285714286}
,
{ "x":  16,
"greedy000":  0.0,
"greedy050":  0.0,
"greedy100":  0.24253571428571427,
"DP_05":  0.0,
"DP_30":  0.0,
"DP_60":  0.0,
"DP_95":  0.11864285714285715,
"QL_09":  0.18657142857142858,
"QL_05":  0.17664285714285713,
"RL":  0.12032142857142858}
,
{ "x":  24,
"greedy000":  0.0,
"greedy050":  0.0,
"greedy100":  0.3145357142857143,
"DP_05":  0.0,
"DP_30":  0.0,
"DP_60":  0.0,
"DP_95":  0.16996428571428573,
"QL_09":  0.2265357142857143,
"QL_05":  0.2360357142857143,
"RL":  0.17732142857142855}
,
{ "x":  32,
"greedy000":  0.0,
"greedy050":  0.0,
"greedy100":  0.39375,
"DP_05":  0.0,
"DP_30":  0.0,
"DP_60":  0.0,
"DP_95":  0.21689285714285716,
"QL_09":  0.24539285714285713,
"QL_05":  0.2879642857142857,
"RL":  0.2247857142857143}
,
{ "x":  40,
"greedy000":  0.0,
"greedy050":  0.0,
"greedy100":  0.43857142857142856,
"DP_05":  0.0,
"DP_30":  0.0,
"DP_60":  0.0,
"DP_95":  0.2555714285714285,
"QL_09":  0.2452142857142857,
"QL_05":  0.32621428571428573,
"RL":  0.2613928571428571}
,
{ "x":  48,
"greedy000":  0.0,
"greedy050":  0.0,
"greedy100":  0.4524642857142857,
"DP_05":  0.0,
"DP_30":  0.0,
"DP_60":  0.0,
"DP_95":  0.27932142857142855,
"QL_09":  0.2487142857142857,
"QL_05":  0.33367857142857144,
"RL":  0.27749999999999997}
,
{ "x":  56,
"greedy000":  0.0,
"greedy050":  0.0,
"greedy100":  0.46789285714285717,
"DP_05":  0.0,
"DP_30":  0.0,
"DP_60":  0.0,
"DP_95":  0.2940714285714286,
"QL_09":  0.24692857142857141,
"QL_05":  0.32975000000000004,
"RL":  0.28185714285714286}
,
{ "x":  64,
"greedy000":  0.0,
"greedy050":  0.0,
"greedy100":  0.46714285714285714,
"DP_05":  0.0,
"DP_30":  0.0,
"DP_60":  0.0,
"DP_95":  0.29810714285714285,
"QL_09":  0.2394642857142857,
"QL_05":  0.32392857142857145,
"RL":  0.28925}
]}
