{ "x_label":"l",
"y_label":"Acceptance Rate",
 "results":[
{ "x":  0.3,
"greedy000":  0.0,
"greedy050":  0.0,
"greedy100":  1.0,
"DP_05":  0.0,
"DP_30":  0.0,
"DP_60":  0.0,
"DP_95":  1.0,
"QL_09":  0.6846950450732726,
"QL_05":  0.852169842700965,
"RL":  0.880240956505702}
,
{ "x":  0.6,
"greedy000":  0.0,
"greedy050":  0.0,
"greedy100":  0.9875806036052203,
"DP_05":  0.0,
"DP_30":  0.0,
"DP_60":  0.0,
"DP_95":  0.9868793014413735,
"QL_09":  0.6553902094747629,
"QL_05":  0.8307334425251244,
"RL":  0.9063072305137291}
,
{ "x":  0.8999999999999999,
"greedy000":  0.0,
"greedy050":  0.0,
"greedy100":  0.9207004291448645,
"DP_05":  0.0,
"DP_30":  0.0,
"DP_60":  0.0,
"DP_95":  0.9342119369596448,
"QL_09":  0.6533625727914203,
"QL_05":  0.8221056634651843,
"RL":  0.8771231987344702}
,
{ "x":  1.2,
"greedy000":  0.0,
"greedy050":  0.0,
"greedy100":  0.8354443491867138,
"DP_05":  0.0,
"DP_30":  0.0,
"DP_60":  0.0,
"DP_95":  0.874372969631273,
"QL_09":  0.643965578861563,
"QL_05":  0.8143000382170956,
"RL":  0.8438404438800008}
,
{ "x":  1.5,
"greedy000":  0.0,
"greedy050":  0.0,
"greedy100":  0.7427860977779405,
"DP_05":  0.0,
"DP_30":  0.0,
"DP_60":  0.0,
"DP_95":  0.8214368330437137,
"QL_09":  0.6506636021809609,
"QL_05":  0.7772810821442538,
"RL":  0.8050645305736861}
,
{ "x":  1.8,
"greedy000":  0.0,
"greedy050":  0.0,
"greedy100":  0.6711666941515508,
"DP_05":  0.0,
"DP_30":  0.0,
"DP_60":  0.0,
"DP_95":  0.7943607852526169,
"QL_09":  0.6560724212400384,
"QL_05":  0.7562129191761956,
"RL":  0.7807338032412922}
]}
