{ "x_label":"l",
"y_label":"Average Profit",
 "results":[
{ "x":  0.3,
"greedy000":  0.0,
"greedy050":  0.0,
"greedy100":  73.18357033565566,
"DP_05":  0.0,
"DP_30":  0.0,
"DP_60":  0.0,
"DP_95":  73.18357033565566,
"QL_09":  66.79188078415346,
"QL_05":  71.53305776582364,
"RL":  72.26098921706648}
,
{ "x":  0.6,
"greedy000":  0.0,
"greedy050":  0.0,
"greedy100":  73.03968223775435,
"DP_05":  0.0,
"DP_30":  0.0,
"DP_60":  0.0,
"DP_95":  73.1628683575881,
"QL_09":  65.24063389124149,
"QL_05":  70.78356857104333,
"RL":  72.20707025861113}
,
{ "x":  0.8999999999999999,
"greedy000":  0.0,
"greedy050":  0.0,
"greedy100":  72.14038018411415,
"DP_05":  0.0,
"DP_30":  0.0,
"DP_60":  0.0,
"DP_95":  73.24628965743246,
"QL_09":  65.24492281243558,
"QL_05":  70.9315750659475,
"RL":  72.19271569175596}
,
{ "x":  1.2,
"greedy000":  0.0,
"greedy050":  0.0,
"greedy100":  69.15763018684426,
"DP_05":  0.0,
"DP_30":  0.0,
"DP_60":  0.0,
"DP_95":  72.18037551604314,
"QL_09":  64.93304936174293,
"QL_05":  70.03250948347348,
"RL":  70.68973080703906}
,
{ "x":  1.5,
"greedy000":  0.0,
"greedy050":  0.0,
"greedy100":  64.79339985048372,
"DP_05":  0.0,
"DP_30":  0.0,
"DP_60":  0.0,
"DP_95":  71.01692684676873,
"QL_09":  64.41172562185294,
"QL_05":  68.46950000202953,
"RL":  69.58069074535332}
,
{ "x":  1.8,
"greedy000":  0.0,
"greedy050":  0.0,
"greedy100":  62.01131841796472,
"DP_05":  0.0,
"DP_30":  0.0,
"DP_60":  0.0,
"DP_95":  70.87020754644368,
"QL_09":  64.68322125145714,
"QL_05":  67.83708899301591,
"RL":  69.34885898637808}
]}
