{ "x_label":"PC",
"y_label":"Acceptance Rate",
 "results":[
{ "x":  20,
"greedy000":  0.0,
"greedy050":  0.0,
"greedy100":  0.5254557711587284,
"DP_05":  0.0,
"DP_30":  0.0,
"DP_60":  0.0,
"DP_95":  0.6959402337661859,
"QL_09":  0.6966416828444013,
"QL_05":  0.661165170234068,
"RL":  0.7082279405076651}
,
{ "x":  20,
"greedy000":  0.0,
"greedy050":  0.0,
"greedy100":  0.5286440808553976,
"DP_05":  0.0,
"DP_30":  0.0,
"DP_60":  0.0,
"DP_95":  0.7074384899994396,
"QL_09":  0.6451721893740505,
"QL_05":  0.637069463397196,
"RL":  0.7085075050184828}
,
{ "x":  20,
"greedy000":  0.0,
"greedy050":  0.0,
"greedy100":  0.5162177700864097,
"DP_05":  0.0,
"DP_30":  0.0,
"DP_60":  0.0,
"DP_95":  0.7067781835411451,
"QL_09":  0.6198932693792619,
"QL_05":  0.6380296664027486,
"RL":  0.6997396813710772}
,
{ "x":  20,
"greedy000":  0.0,
"greedy050":  0.0,
"greedy100":  0.5258141593987149,
"DP_05":  0.0,
"DP_30":  0.0,
"DP_60":  0.0,
"DP_95":  0.7056533544070043,
"QL_09":  0.5992732549170585,
"QL_05":  0.6341670833588543,
"RL":  0.6994164638648247}
,
{ "x":  20,
"greedy000":  0.0,
"greedy050":  0.0,
"greedy100":  0.5263282231105705,
"DP_05":  0.0,
"DP_30":  0.0,
"DP_60":  0.0,
"DP_95":  0.7063019510588392,
"QL_09":  0.5832505131722675,
"QL_05":  0.6279425208031988,
"RL":  0.7002574736879137}
,
{ "x":  20,
"greedy000":  0.0,
"greedy050":  0.0,
"greedy100":  0.5316402067950384,
"DP_05":  0.0,
"DP_30":  0.0,
"DP_60":  0.0,
"DP_95":  0.7038892828308735,
"QL_09":  0.5889403276394146,
"QL_05":  0.6320090686824616,
"RL":  0.6951492384679991}
,
{ "x":  20,
"greedy000":  0.0,
"greedy050":  0.0,
"greedy100":  0.5180681793332397,
"DP_05":  0.0,
"DP_30":  0.0,
"DP_60":  0.0,
"DP_95":  0.6971960676285156,
"QL_09":  0.590184741579934,
"QL_05":  0.6162881980545375,
"RL":  0.6776021041678204}
,
{ "x":  20,
"greedy000":  0.0,
"greedy050":  0.0,
"greedy100":  0.5236448820735149,
"DP_05":  0.0,
"DP_30":  0.0,
"DP_60":  0.0,
"DP_95":  0.6996823490085538,
"QL_09":  0.58802708355422,
"QL_05":  0.6200609775623623,
"RL":  0.6883989218963436}
]}
