{ "x_label":"PC",
"y_label":"Federation Rate",
 "results":[
{ "x":  20,
"greedy000":  0.0,
"greedy050":  0.0,
"greedy100":  0.0,
"DP_05":  0.0,
"DP_30":  0.0,
"DP_60":  0.0,
"DP_95":  0.0,
"QL_09":  0.0,
"QL_05":  0.0,
"RL":  0.0}
,
{ "x":  20,
"greedy000":  0.0,
"greedy050":  0.0,
"greedy100":  0.13827502389258936,
"DP_05":  0.0,
"DP_30":  0.0,
"DP_60":  0.0,
"DP_95":  0.06221340188380066,
"QL_09":  0.11206818999329812,
"QL_05":  0.10446254994172792,
"RL":  0.06511736112996795}
,
{ "x":  20,
"greedy000":  0.0,
"greedy050":  0.0,
"greedy100":  0.24353816618601462,
"DP_05":  0.0,
"DP_30":  0.0,
"DP_60":  0.0,
"DP_95":  0.11519451204412454,
"QL_09":  0.182273033654018,
"QL_05":  0.17352022758626823,
"RL":  0.1228755176677351}
,
{ "x":  20,
"greedy000":  0.0,
"greedy050":  0.0,
"greedy100":  0.325992687204769,
"DP_05":  0.0,
"DP_30":  0.0,
"DP_60":  0.0,
"DP_95":  0.17251056648459445,
"QL_09":  0.24379028526275523,
"QL_05":  0.2333430391785968,
"RL":  0.18097639729079418}
,
{ "x":  20,
"greedy000":  0.0,
"greedy050":  0.0,
"greedy100":  0.39338291482086846,
"DP_05":  0.0,
"DP_30":  0.0,
"DP_60":  0.0,
"DP_95":  0.2192613756222288,
"QL_09":  0.273575504225051,
"QL_05":  0.2780147288960864,
"RL":  0.22654212285191172}
,
{ "x":  20,
"greedy000":  0.0,
"greedy050":  0.0,
"greedy100":  0.42787041813596105,
"DP_05":  0.0,
"DP_30":  0.0,
"DP_60":  0.0,
"DP_95":  0.25403323654796195,
"QL_09":  0.26152542341829366,
"QL_05":  0.29488489050341776,
"RL":  0.25962978905618356}
,
{ "x":  20,
"greedy000":  0.0,
"greedy050":  0.0,
"greedy100":  0.4594797910822515,
"DP_05":  0.0,
"DP_30":  0.0,
"DP_60":  0.0,
"DP_95":  0.2782126184300654,
"QL_09":  0.2629849066298873,
"QL_05":  0.30773533168976097,
"RL":  0.2867321706612213}
,
{ "x":  20,
"greedy000":  0.0,
"greedy050":  0.0,
"greedy100":  0.4710874042823634,
"DP_05":  0.0,
"DP_30":  0.0,
"DP_60":  0.0,
"DP_95":  0.2933836639905165,
"QL_09":  0.2622439485180993,
"QL_05":  0.3149696462079631,
"RL":  0.2828446048297779}
]}
