{ "x_label":"PC",
"y_label":"Average Profit",
 "results":[
{ "x":  8,
"greedy000":  0.0,
"greedy050":  0.0,
"greedy100":  43.23115284915765,
"DP_05":  0.0,
"DP_30":  0.0,
"DP_60":  0.0,
"DP_95":  67.32016793474119,
"QL":  65.51946422523841,
"RL":  66.3944286974275}
,
{ "x":  16,
"greedy000":  0.0,
"greedy050":  0.0,
"greedy100":  49.89669277241642,
"DP_05":  0.0,
"DP_30":  0.0,
"DP_60":  0.0,
"DP_95":  67.9478898883622,
"QL":  64.55889440838494,
"RL":  66.8521799553304}
,
{ "x":  24,
"greedy000":  0.0,
"greedy050":  0.0,
"greedy100":  54.89418663759473,
"DP_05":  0.0,
"DP_30":  0.0,
"DP_60":  0.0,
"DP_95":  68.9502974001814,
"QL":  64.55966884429354,
"RL":  67.88089118110301}
,
{ "x":  32,
"greedy000":  0.0,
"greedy050":  0.0,
"greedy100":  58.988188609223116,
"DP_05":  0.0,
"DP_30":  0.0,
"DP_60":  0.0,
"DP_95":  70.15405159311018,
"QL":  64.51171322972827,
"RL":  69.13673359951363}
,
{ "x":  40,
"greedy000":  0.0,
"greedy050":  0.0,
"greedy100":  60.961521915373375,
"DP_05":  0.0,
"DP_30":  0.0,
"DP_60":  0.0,
"DP_95":  70.61519355236312,
"QL":  64.33903951870602,
"RL":  69.39757119557177}
,
{ "x":  48,
"greedy000":  0.0,
"greedy050":  0.0,
"greedy100":  62.90645806689239,
"DP_05":  0.0,
"DP_30":  0.0,
"DP_60":  0.0,
"DP_95":  71.05132430623249,
"QL":  64.05090090288627,
"RL":  69.80781261583476}
,
{ "x":  56,
"greedy000":  0.0,
"greedy050":  0.0,
"greedy100":  63.886323606721234,
"DP_05":  0.0,
"DP_30":  0.0,
"DP_60":  0.0,
"DP_95":  71.5133584429858,
"QL":  64.27357655772097,
"RL":  69.98513011742924}
,
{ "x":  64,
"greedy000":  0.0,
"greedy050":  0.0,
"greedy100":  64.49452384211563,
"DP_05":  0.0,
"DP_30":  0.0,
"DP_60":  0.0,
"DP_95":  71.85039817471963,
"QL":  64.47134937925122,
"RL":  70.04298650999439}
]}
