big,small,arrival_time,cpu,mem,disk,lifetime,profit
0,1,0.8246784909215412,1,3,22,3.4334849529302853,4.753147761086493
0,1,10.1775144657428969,1,3,19,3.9614092666397873,3.6879097873182634
0,1,100.2825575057215666,1,3,21,2.455460801897533,3.1978874642572137
0,1,1000.9779363405516108,2,3,20,1.9786277498594331,4.608148094683172
