{ "x_label":"LC",
"y_label":"Acceptance Rate",
 "results":[
{ "x":  0,
"greedy000":  0.0,
"greedy050":  0.0,
"greedy100":  0.0,
"DP_05":  0.0,
"DP_30":  0.0,
"DP_60":  0.0,
"DP_95":  0.0,
"QL_09":  0.0,
"QL_05":  0.0,
"RL":  0.0}
,
{ "x":  8,
"greedy000":  0.0,
"greedy050":  0.0,
"greedy100":  0.2754642857142857,
"DP_05":  0.0,
"DP_30":  0.0,
"DP_60":  0.0,
"DP_95":  0.5641428571428572,
"QL_09":  0.5411071428571429,
"QL_05":  0.45082142857142854,
"RL":  0.5638571428571428}
,
{ "x":  16,
"greedy000":  0.0,
"greedy050":  0.0,
"greedy100":  0.4488928571428571,
"DP_05":  0.0,
"DP_30":  0.0,
"DP_60":  0.0,
"DP_95":  0.659607142857143,
"QL_09":  0.58875,
"QL_05":  0.5707142857142857,
"RL":  0.6715}
,
{ "x":  24,
"greedy000":  0.0,
"greedy050":  0.0,
"greedy100":  0.5833928571428572,
"DP_05":  0.0,
"DP_30":  0.0,
"DP_60":  0.0,
"DP_95":  0.7337499999999999,
"QL_09":  0.6456428571428571,
"QL_05":  0.6786071428571429,
"RL":  0.7316071428571428}
,
{ "x":  32,
"greedy000":  0.0,
"greedy050":  0.0,
"greedy100":  0.707357142857143,
"DP_05":  0.0,
"DP_30":  0.0,
"DP_60":  0.0,
"DP_95":  0.7953928571428571,
"QL_09":  0.6633214285714286,
"QL_05":  0.7672857142857142,
"RL":  0.7890714285714286}
,
{ "x":  40,
"greedy000":  0.0,
"greedy050":  0.0,
"greedy100":  0.7946785714285715,
"DP_05":  0.0,
"DP_30":  0.0,
"DP_60":  0.0,
"DP_95":  0.85075,
"QL_09":  0.6473928571428572,
"QL_05":  0.8134642857142858,
"RL":  0.8326071428571428}
,
{ "x":  48,
"greedy000":  0.0,
"greedy050":  0.0,
"greedy100":  0.8820357142857144,
"DP_05":  0.0,
"DP_30":  0.0,
"DP_60":  0.0,
"DP_95":  0.9025357142857143,
"QL_09":  0.6486071428571429,
"QL_05":  0.8391071428571429,
"RL":  0.8731785714285714}
,
{ "x":  56,
"greedy000":  0.0,
"greedy050":  0.0,
"greedy100":  0.9342857142857142,
"DP_05":  0.0,
"DP_30":  0.0,
"DP_60":  0.0,
"DP_95":  0.9421428571428571,
"QL_09":  0.6555357142857143,
"QL_05":  0.8436071428571427,
"RL":  0.8860357142857144}
,
{ "x":  64,
"greedy000":  0.0,
"greedy050":  0.0,
"greedy100":  0.9711785714285714,
"DP_05":  0.0,
"DP_30":  0.0,
"DP_60":  0.0,
"DP_95":  0.9713571428571429,
"QL_09":  0.6445714285714285,
"QL_05":  0.8438571428571429,
"RL":  0.8767142857142858}
,
{ "x":  72,
"greedy000":  0.0,
"greedy050":  0.0,
"greedy100":  0.9881785714285715,
"DP_05":  0.0,
"DP_30":  0.0,
"DP_60":  0.0,
"DP_95":  0.9865357142857142,
"QL_09":  0.6548214285714286,
"QL_05":  0.8407857142857144,
"RL":  0.8771785714285716}
,
{ "x":  80,
"greedy000":  0.0,
"greedy050":  0.0,
"greedy100":  0.9952857142857143,
"DP_05":  0.0,
"DP_30":  0.0,
"DP_60":  0.0,
"DP_95":  0.9948928571428571,
"QL_09":  0.6618214285714287,
"QL_05":  0.8373214285714285,
"RL":  0.8765714285714286}
]}
