{ "x_label":"Theta",
"y_label":"FR",
 "results":[
{ "x":  0.0,
"greedy000":  0.0,
"greedy050":  0.0,
"greedy100":  0.14066250000000002,
"DP_05":  0.0,
"DP_30":  0.0,
"DP_60":  0.0,
"DP_99":  0.12748750000000003,
"QL_95":  0.13425,
"QL_55":  0.1317625,
"QL_20":  0.1366125,
"RL":  0.13953749999999998}
,
{ "x":  0.2,
"greedy000":  0.0,
"greedy050":  0.0,
"greedy100":  0.16643750000000002,
"DP_05":  0.0,
"DP_30":  0.0,
"DP_60":  0.0,
"DP_99":  0.13352500000000003,
"QL_95":  0.14448750000000002,
"QL_55":  0.13803750000000004,
"QL_20":  0.16202500000000003,
"RL":  0.13856249999999998}
,
{ "x":  0.4,
"greedy000":  0.0,
"greedy050":  0.0,
"greedy100":  0.18908750000000002,
"DP_05":  0.0,
"DP_30":  0.0,
"DP_60":  0.0,
"DP_99":  0.14923749999999997,
"QL_95":  0.16953749999999995,
"QL_55":  0.16088750000000002,
"QL_20":  0.1865375,
"RL":  0.15548749999999997}
,
{ "x":  0.6,
"greedy000":  0.0,
"greedy050":  0.0,
"greedy100":  0.21383749999999999,
"DP_05":  0.0,
"DP_30":  0.0,
"DP_60":  0.0,
"DP_99":  0.16964999999999997,
"QL_95":  0.19825,
"QL_55":  0.18527500000000002,
"QL_20":  0.21178749999999996,
"RL":  0.18269999999999997}
,
{ "x":  0.8,
"greedy000":  0.0,
"greedy050":  0.0,
"greedy100":  0.23775,
"DP_05":  0.0,
"DP_30":  0.0,
"DP_60":  0.0,
"DP_99":  0.187725,
"QL_95":  0.2193625,
"QL_55":  0.20739999999999997,
"QL_20":  0.23436250000000003,
"RL":  0.2022375}
,
{ "x":  1.0,
"greedy000":  0.0,
"greedy050":  0.0,
"greedy100":  0.257825,
"DP_05":  0.0,
"DP_30":  0.0,
"DP_60":  0.0,
"DP_99":  0.20463750000000003,
"QL_95":  0.23834999999999998,
"QL_55":  0.22855000000000003,
"QL_20":  0.25339999999999996,
"RL":  0.22238750000000002}
,
{ "x":  1.2,
"greedy000":  0.0,
"greedy050":  0.0,
"greedy100":  0.27991250000000006,
"DP_05":  0.0,
"DP_30":  0.0,
"DP_60":  0.0,
"DP_99":  0.2211,
"QL_95":  0.249525,
"QL_55":  0.24769999999999998,
"QL_20":  0.274075,
"RL":  0.24181249999999999}
,
{ "x":  1.4,
"greedy000":  0.0,
"greedy050":  0.0,
"greedy100":  0.30328750000000004,
"DP_05":  0.0,
"DP_30":  0.0,
"DP_60":  0.0,
"DP_99":  0.24007500000000004,
"QL_95":  0.2568,
"QL_55":  0.2671,
"QL_20":  0.29329999999999995,
"RL":  0.263925}
,
{ "x":  1.6,
"greedy000":  0.0,
"greedy050":  0.0,
"greedy100":  0.32258749999999997,
"DP_05":  0.0,
"DP_30":  0.0,
"DP_60":  0.0,
"DP_99":  0.258325,
"QL_95":  0.2509624999999999,
"QL_55":  0.2896125,
"QL_20":  0.31287500000000007,
"RL":  0.28098750000000006}
,
{ "x":  1.8,
"greedy000":  0.0,
"greedy050":  0.0,
"greedy100":  0.33872500000000005,
"DP_05":  0.0,
"DP_30":  0.0,
"DP_60":  0.0,
"DP_99":  0.2774625,
"QL_95":  0.24787499999999998,
"QL_55":  0.30433750000000004,
"QL_20":  0.32792499999999997,
"RL":  0.30016249999999994}
,
{ "x":  1.8,
"greedy000":  0.0,
"greedy050":  0.0,
"greedy100":  0.354155,
"DP_05":  0.0,
"DP_30":  0.0,
"DP_60":  0.0,
"DP_99":  0.2958925,
"QL_95":  0.244765,
"QL_55":  0.3226715,
"QL_20":  0.34204823,
"RL":  0.318285623}
]}
