{ "x_label":"Theta",
"y_label":"AP",
 "results":[
{ "x":  0.0,
"greedy000":  0.0,
"greedy050":  0.0,
"greedy100":  42.675312500000004,
"DP_05":  0.0,
"DP_30":  0.0,
"DP_60":  0.0,
"DP_99":  53.3209375,
"QL_95":  45.1296875,
"QL_55":  43.75137500000001,
"QL_20":  43.435375,
"RL":  49.315250000000006}
,
{ "x":  0.2,
"greedy000":  0.0,
"greedy050":  0.0,
"greedy100":  41.8376875,
"DP_05":  0.0,
"DP_30":  0.0,
"DP_60":  0.0,
"DP_99":  53.0640625,
"QL_95":  44.66543750000001,
"QL_55":  43.663,
"QL_20":  42.44712500000001,
"RL":  49.525375}
,
{ "x":  0.4,
"greedy000":  0.0,
"greedy050":  0.0,
"greedy100":  41.83812499999999,
"DP_05":  0.0,
"DP_30":  0.0,
"DP_60":  0.0,
"DP_99":  53.589999999999996,
"QL_95":  43.781312500000006,
"QL_55":  44.028312500000006,
"QL_20":  42.506687500000005,
"RL":  50.1090625}
,
{ "x":  0.6,
"greedy000":  0.0,
"greedy050":  0.0,
"greedy100":  42.643,
"DP_05":  0.0,
"DP_30":  0.0,
"DP_60":  0.0,
"DP_99":  54.72987499999999,
"QL_95":  43.712687499999994,
"QL_55":  45.04981249999999,
"QL_20":  43.279937499999996,
"RL":  50.559375}
,
{ "x":  0.8,
"greedy000":  0.0,
"greedy050":  0.0,
"greedy100":  43.148375,
"DP_05":  0.0,
"DP_30":  0.0,
"DP_60":  0.0,
"DP_99":  55.409000000000006,
"QL_95":  43.6648125,
"QL_55":  45.851625,
"QL_20":  43.8606875,
"RL":  51.267624999999995}
,
{ "x":  1.0,
"greedy000":  0.0,
"greedy050":  0.0,
"greedy100":  43.289625,
"DP_05":  0.0,
"DP_30":  0.0,
"DP_60":  0.0,
"DP_99":  55.86968750000001,
"QL_95":  43.257625000000004,
"QL_55":  46.00087499999999,
"QL_20":  44.2263125,
"RL":  51.361374999999995}
,
{ "x":  1.2,
"greedy000":  0.0,
"greedy050":  0.0,
"greedy100":  43.8539375,
"DP_05":  0.0,
"DP_30":  0.0,
"DP_60":  0.0,
"DP_99":  56.7090625,
"QL_95":  43.4666875,
"QL_55":  46.44437500000001,
"QL_20":  44.97975,
"RL":  52.049249999999994}
,
{ "x":  1.4,
"greedy000":  0.0,
"greedy050":  0.0,
"greedy100":  44.41200000000001,
"DP_05":  0.0,
"DP_30":  0.0,
"DP_60":  0.0,
"DP_99":  57.525312500000005,
"QL_95":  43.2088125,
"QL_55":  47.106500000000004,
"QL_20":  45.77750000000001,
"RL":  52.54506249999999}
,
{ "x":  1.6,
"greedy000":  0.0,
"greedy050":  0.0,
"greedy100":  44.923312499999994,
"DP_05":  0.0,
"DP_30":  0.0,
"DP_60":  0.0,
"DP_99":  58.16843749999998,
"QL_95":  42.842437499999996,
"QL_55":  47.3939375,
"QL_20":  46.026625,
"RL":  53.09125}
,
{ "x":  1.8,
"greedy000":  0.0,
"greedy050":  0.0,
"greedy100":  45.529062499999995,
"DP_05":  0.0,
"DP_30":  0.0,
"DP_60":  0.0,
"DP_99":  58.85362500000001,
"QL_95":  43.2975625,
"QL_55":  47.78206250000001,
"QL_20":  46.5835625,
"RL":  53.413}
]}
