{ "x_label":"Theta",
"y_label":"RR",
 "results":[
{ "x":  0.0,
"greedy000":  1.0,
"greedy050":  1.0,
"greedy100":  0.40175000000000005,
"DP_05":  1.0,
"DP_30":  1.0,
"DP_60":  1.0,
"DP_99":  0.34195,
"QL_95":  0.3885875,
"QL_55":  0.4006624999999999,
"QL_20":  0.39803749999999993,
"RL":  0.35173750000000026}
,
{ "x":  0.2,
"greedy000":  1.0,
"greedy050":  1.0,
"greedy100":  0.37831250000000005,
"DP_05":  1.0,
"DP_30":  1.0,
"DP_60":  1.0,
"DP_99":  0.33777499999999994,
"QL_95":  0.3803875,
"QL_55":  0.3915875,
"QL_20":  0.376675,
"RL":  0.3475125}
,
{ "x":  0.4,
"greedy000":  1.0,
"greedy050":  1.0,
"greedy100":  0.35548749999999996,
"DP_05":  1.0,
"DP_30":  1.0,
"DP_60":  1.0,
"DP_99":  0.32157500000000006,
"QL_95":  0.36626250000000005,
"QL_55":  0.36929999999999996,
"QL_20":  0.3533875000000001,
"RL":  0.32728749999999995}
,
{ "x":  0.6,
"greedy000":  1.0,
"greedy050":  1.0,
"greedy100":  0.324075,
"DP_05":  1.0,
"DP_30":  1.0,
"DP_60":  1.0,
"DP_99":  0.29603749999999995,
"QL_95":  0.3377500000000001,
"QL_55":  0.33782499999999993,
"QL_20":  0.32330000000000003,
"RL":  0.2985875000000001}
,
{ "x":  0.8,
"greedy000":  1.0,
"greedy050":  1.0,
"greedy100":  0.30299999999999994,
"DP_05":  1.0,
"DP_30":  1.0,
"DP_60":  1.0,
"DP_99":  0.27917499999999995,
"QL_95":  0.3234999999999999,
"QL_55":  0.3156374999999999,
"QL_20":  0.303175,
"RL":  0.27893749999999995}
,
{ "x":  1.0,
"greedy000":  1.0,
"greedy050":  1.0,
"greedy100":  0.2860499999999998,
"DP_05":  1.0,
"DP_30":  1.0,
"DP_60":  1.0,
"DP_99":  0.264725,
"QL_95":  0.3120125,
"QL_55":  0.29979999999999996,
"QL_20":  0.28470000000000006,
"RL":  0.263725}
,
{ "x":  1.2,
"greedy000":  1.0,
"greedy050":  1.0,
"greedy100":  0.26377499999999987,
"DP_05":  1.0,
"DP_30":  1.0,
"DP_60":  1.0,
"DP_99":  0.24621250000000006,
"QL_95":  0.30245,
"QL_55":  0.28008749999999993,
"QL_20":  0.26141249999999994,
"RL":  0.24175000000000002}
,
{ "x":  1.4,
"greedy000":  1.0,
"greedy050":  1.0,
"greedy100":  0.24023749999999988,
"DP_05":  1.0,
"DP_30":  1.0,
"DP_60":  1.0,
"DP_99":  0.22668749999999993,
"QL_95":  0.2996000000000001,
"QL_55":  0.2582374999999999,
"QL_20":  0.24016249999999995,
"RL":  0.22087500000000004}
,
{ "x":  1.6,
"greedy000":  1.0,
"greedy050":  1.0,
"greedy100":  0.22118749999999987,
"DP_05":  1.0,
"DP_30":  1.0,
"DP_60":  1.0,
"DP_99":  0.20889999999999986,
"QL_95":  0.30845,
"QL_55":  0.23924999999999996,
"QL_20":  0.22431249999999991,
"RL":  0.204175}
,
{ "x":  1.8,
"greedy000":  1.0,
"greedy050":  1.0,
"greedy100":  0.20161249999999986,
"DP_05":  1.0,
"DP_30":  1.0,
"DP_60":  1.0,
"DP_99":  0.18984999999999985,
"QL_95":  0.3050625,
"QL_55":  0.22267500000000007,
"QL_20":  0.20676250000000018,
"RL":  0.1854125000000002}
,
{ "x":  1.8,
"greedy000":  1.0,
"greedy050":  1.0,
"greedy100":  0.20161249999999986,
"DP_05":  1.0,
"DP_30":  1.0,
"DP_60":  1.0,
"DP_99":  0.18984999999999985,
"QL_95":  0.3050625,
"QL_55":  0.22267500000000007,
"QL_20":  0.20676250000000018,
"RL":  0.1854125000000002}
]}
