{ "x_label":"Class Num",
"y_label":"Federation Rate",
 "results":[
{ "x":  1,
"greedy000":  0.799508951127385,
"greedy050":  0.7704832298415437,
"greedy100":  0.749351444813581,
"DP_05":  0.749351444813581,
"DP_30":  0.749351444813581,
"DP_60":  0.749351444813581,
"DP_95":  0.749351444813581,
"QL":  0.749351444813581}
,
{ "x":  2,
"greedy000":  1.0,
"greedy050":  1.0,
"greedy100":  1.0,
"DP_05":  0.5069345457513265,
"DP_30":  0.5069345457513265,
"DP_60":  0.5069345457513265,
"DP_95":  0.5069345457513265,
"QL":  0.5544156540636692}
,
{ "x":  3,
"greedy000":  0.8337232331785147,
"greedy050":  0.7981551181024172,
"greedy100":  0.7704163764410634,
"DP_05":  0.40388218837954337,
"DP_30":  0.40388218837954337,
"DP_60":  0.40388218837954337,
"DP_95":  0.4513792922474093,
"QL":  0.5411126414090021}
,
{ "x":  4,
"greedy000":  0.8055381686809338,
"greedy050":  0.7406073243383458,
"greedy100":  0.6928256613277635,
"DP_05":  0.6111251119553879,
"DP_30":  0.6111251119553879,
"DP_60":  0.613435338692451,
"DP_95":  0.613435338692451,
"QL":  0.5082557298594378}
,
{ "x":  5,
"greedy000":  0.6962255225491222,
"greedy050":  0.6326763998518283,
"greedy100":  0.5836040724814451,
"DP_05":  0.3437399924203046,
"DP_30":  0.3437399924203046,
"DP_60":  0.3437399924203046,
"DP_95":  0.2983326187516739,
"QL":  0.4954633026562017}
,
{ "x":  6,
"greedy000":  0.6899179779549544,
"greedy050":  0.6146473583302453,
"greedy100":  0.5638969461050206,
"DP_05":  0.3118697598671202,
"DP_30":  0.3118697598671202,
"DP_60":  0.3568279810667546,
"DP_95":  0.3944879321528561,
"QL":  0.5914452132936024}
,
{ "x":  7,
"greedy000":  0.727132784838204,
"greedy050":  0.7039290175178566,
"greedy100":  0.6948925313429133,
"DP_05":  0.43144449431229626,
"DP_30":  0.43144449431229626,
"DP_60":  0.4163553601891546,
"DP_95":  0.29778338479577504,
"QL":  0.43331769872478054}
,
{ "x":  8,
"greedy000":  0.6891355515538229,
"greedy050":  0.6312544291167239,
"greedy100":  0.5875897688965385,
"DP_05":  0.3246654180531852,
"DP_30":  0.3246654180531852,
"DP_60":  0.27870248258476227,
"DP_95":  0.3571919010217758,
"QL":  0.4569382546996449}
,
{ "x":  9,
"greedy000":  0.7011172738118439,
"greedy050":  0.6375018341065348,
"greedy100":  0.5913414845544074,
"DP_05":  0.3992524126220137,
"DP_30":  0.3992524126220137,
"DP_60":  0.38990340502833937,
"DP_95":  0.3498517954469941,
"QL":  0.5360850771609714}
]}
