{ "x_label":"PC",
"y_label":"Acceptance Rate",
 "results":[
{ "x":  1.0,
"greedy000":  0.0,
"greedy050":  0.0,
"greedy100":  0.3562333333333333,
"DP_05":  0.0,
"DP_30":  0.0,
"DP_60":  0.0,
"DP_95":  0.3377333333333333,
"QL_09":  0.3465,
"QL_05":  0.3529,
"RL":  0.3357}
,
{ "x":  1.2,
"greedy000":  0.0,
"greedy050":  0.0,
"greedy100":  0.3646,
"DP_05":  0.0,
"DP_30":  0.0,
"DP_60":  0.0,
"DP_95":  0.3391,
"QL_09":  0.34953333333333336,
"QL_05":  0.3573666666666667,
"RL":  0.33923333333333333}
,
{ "x":  1.4,
"greedy000":  0.0,
"greedy050":  0.0,
"greedy100":  0.356,
"DP_05":  0.0,
"DP_30":  0.0,
"DP_60":  0.0,
"DP_95":  0.33280000000000004,
"QL_09":  0.34416666666666673,
"QL_05":  0.34933333333333333,
"RL":  0.3339}
,
{ "x":  1.6,
"greedy000":  0.0,
"greedy050":  0.0,
"greedy100":  0.3617666666666666,
"DP_05":  0.0,
"DP_30":  0.0,
"DP_60":  0.0,
"DP_95":  0.3368,
"QL_09":  0.34836666666666666,
"QL_05":  0.35233333333333333,
"RL":  0.3344333333333333}
,
{ "x":  1.8,
"greedy000":  0.0,
"greedy050":  0.0,
"greedy100":  0.3548,
"DP_05":  0.0,
"DP_30":  0.0,
"DP_60":  0.0,
"DP_95":  0.334,
"QL_09":  0.33753333333333335,
"QL_05":  0.3448,
"RL":  0.32789999999999997}
,
{ "x":  2.0,
"greedy000":  0.0,
"greedy050":  0.0,
"greedy100":  0.3582,
"DP_05":  0.0,
"DP_30":  0.0,
"DP_60":  0.0,
"DP_95":  0.3325333333333333,
"QL_09":  0.33599999999999997,
"QL_05":  0.34800000000000003,
"RL":  0.3250333333333333}
,
{ "x":  2.2,
"greedy000":  0.0,
"greedy050":  0.0,
"greedy100":  0.35500000000000004,
"DP_05":  0.0,
"DP_30":  0.0,
"DP_60":  0.0,
"DP_95":  0.33486666666666665,
"QL_09":  0.3363333333333333,
"QL_05":  0.3462666666666666,
"RL":  0.3271}
,
{ "x":  2.4000000000000004,
"greedy000":  0.0,
"greedy050":  0.0,
"greedy100":  0.3612666666666667,
"DP_05":  0.0,
"DP_30":  0.0,
"DP_60":  0.0,
"DP_95":  0.33786666666666665,
"QL_09":  0.33790000000000003,
"QL_05":  0.34709999999999996,
"RL":  0.3334}
]}
