{ "x_label":"PC",
"y_label":"Acceptance Rate",
 "results":[
{ "x":  1.0,
"greedy000":  0.0,
"greedy050":  0.0,
"greedy100":  0.5278750000000001,
"DP_05":  0.0,
"DP_30":  0.0,
"DP_60":  0.0,
"DP_95":  0.6149625,
"QL_09":  0.5601250000000001,
"QL_05":  0.5296875000000001,
"RL":  0.6110999999999999}
,
{ "x":  1.2,
"greedy000":  0.0,
"greedy050":  0.0,
"greedy100":  0.5264875000000001,
"DP_05":  0.0,
"DP_30":  0.0,
"DP_60":  0.0,
"DP_95":  0.6156,
"QL_09":  0.567175,
"QL_05":  0.5373000000000001,
"RL":  0.6093375}
,
{ "x":  1.4,
"greedy000":  0.0,
"greedy050":  0.0,
"greedy100":  0.525475,
"DP_05":  0.0,
"DP_30":  0.0,
"DP_60":  0.0,
"DP_95":  0.612675,
"QL_09":  0.563525,
"QL_05":  0.5355875000000001,
"RL":  0.6084874999999998}
,
{ "x":  1.6,
"greedy000":  0.0,
"greedy050":  0.0,
"greedy100":  0.5280625,
"DP_05":  0.0,
"DP_30":  0.0,
"DP_60":  0.0,
"DP_95":  0.6121125000000001,
"QL_09":  0.5636374999999999,
"QL_05":  0.5381,
"RL":  0.6127999999999999}
,
{ "x":  1.8,
"greedy000":  0.0,
"greedy050":  0.0,
"greedy100":  0.5292625,
"DP_05":  0.0,
"DP_30":  0.0,
"DP_60":  0.0,
"DP_95":  0.6160375,
"QL_09":  0.5627500000000001,
"QL_05":  0.538825,
"RL":  0.6148499999999999}
,
{ "x":  2.0,
"greedy000":  0.0,
"greedy050":  0.0,
"greedy100":  0.5257375000000001,
"DP_05":  0.0,
"DP_30":  0.0,
"DP_60":  0.0,
"DP_95":  0.61325,
"QL_09":  0.553925,
"QL_05":  0.5377875,
"RL":  0.6084125}
,
{ "x":  2.2,
"greedy000":  0.0,
"greedy050":  0.0,
"greedy100":  0.5310374999999999,
"DP_05":  0.0,
"DP_30":  0.0,
"DP_60":  0.0,
"DP_95":  0.6150875,
"QL_09":  0.5467500000000001,
"QL_05":  0.5412625000000001,
"RL":  0.6121375}
,
{ "x":  2.4000000000000004,
"greedy000":  0.0,
"greedy050":  0.0,
"greedy100":  0.5255375,
"DP_05":  0.0,
"DP_30":  0.0,
"DP_60":  0.0,
"DP_95":  0.6126,
"QL_09":  0.5404625,
"QL_05":  0.533025,
"RL":  0.6052375000000001}
]}
