{ "x_label":"PC",
"y_label":"Federation Rate",
 "results":[
{ "x":  1.0,
"greedy000":  0.0,
"greedy050":  0.0,
"greedy100":  0.14275000000000002,
"DP_05":  0.0,
"DP_30":  0.0,
"DP_60":  0.0,
"DP_95":  0.1020875,
"QL_09":  0.12369999999999996,
"QL_05":  0.13335,
"RL":  0.11479999999999999}
,
{ "x":  1.2,
"greedy000":  0.0,
"greedy050":  0.0,
"greedy100":  0.16233750000000002,
"DP_05":  0.0,
"DP_30":  0.0,
"DP_60":  0.0,
"DP_95":  0.106375,
"QL_09":  0.12372499999999997,
"QL_05":  0.14054999999999998,
"RL":  0.12246250000000003}
,
{ "x":  1.4,
"greedy000":  0.0,
"greedy050":  0.0,
"greedy100":  0.19395,
"DP_05":  0.0,
"DP_30":  0.0,
"DP_60":  0.0,
"DP_95":  0.11211250000000002,
"QL_09":  0.15084999999999998,
"QL_05":  0.16730000000000003,
"RL":  0.1383125}
,
{ "x":  1.6,
"greedy000":  0.0,
"greedy050":  0.0,
"greedy100":  0.21886250000000002,
"DP_05":  0.0,
"DP_30":  0.0,
"DP_60":  0.0,
"DP_95":  0.1269875,
"QL_09":  0.15686249999999996,
"QL_05":  0.18645,
"RL":  0.14891250000000003}
,
{ "x":  1.8,
"greedy000":  0.0,
"greedy050":  0.0,
"greedy100":  0.24108749999999998,
"DP_05":  0.0,
"DP_30":  0.0,
"DP_60":  0.0,
"DP_95":  0.14892499999999997,
"QL_09":  0.17097500000000002,
"QL_05":  0.20221250000000004,
"RL":  0.16299999999999998}
,
{ "x":  2.0,
"greedy000":  0.0,
"greedy050":  0.0,
"greedy100":  0.2655875,
"DP_05":  0.0,
"DP_30":  0.0,
"DP_60":  0.0,
"DP_95":  0.17121249999999996,
"QL_09":  0.19477500000000003,
"QL_05":  0.22321250000000004,
"RL":  0.18816250000000007}
,
{ "x":  2.2,
"greedy000":  0.0,
"greedy050":  0.0,
"greedy100":  0.2860625,
"DP_05":  0.0,
"DP_30":  0.0,
"DP_60":  0.0,
"DP_95":  0.1717125,
"QL_09":  0.21178749999999996,
"QL_05":  0.23807500000000004,
"RL":  0.20179999999999998}
,
{ "x":  2.4000000000000004,
"greedy000":  0.0,
"greedy050":  0.0,
"greedy100":  0.3045375,
"DP_05":  0.0,
"DP_30":  0.0,
"DP_60":  0.0,
"DP_95":  0.19016249999999998,
"QL_09":  0.21902500000000003,
"QL_05":  0.25344999999999995,
"RL":  0.216175}
]}
