{ "x_label":"PC",
"y_label":"Federation Rate",
 "results":[
{ "x":  1.0,
"greedy000":  0.0,
"greedy050":  0.0,
"greedy100":  0.1582,
"DP_05":  0.0,
"DP_30":  0.0,
"DP_60":  0.0,
"DP_95":  0.14993333333333334,
"QL_09":  0.1647,
"QL_05":  0.1648,
"RL":  0.1543}
,
{ "x":  1.2,
"greedy000":  0.0,
"greedy050":  0.0,
"greedy100":  0.20076666666666668,
"DP_05":  0.0,
"DP_30":  0.0,
"DP_60":  0.0,
"DP_95":  0.16263333333333332,
"QL_09":  0.20256666666666664,
"QL_05":  0.2065,
"RL":  0.17826666666666666}
,
{ "x":  1.4,
"greedy000":  0.0,
"greedy050":  0.0,
"greedy100":  0.23400000000000004,
"DP_05":  0.0,
"DP_30":  0.0,
"DP_60":  0.0,
"DP_95":  0.1968666666666667,
"QL_09":  0.2351,
"QL_05":  0.23503333333333334,
"RL":  0.20826666666666668}
,
{ "x":  1.6,
"greedy000":  0.0,
"greedy050":  0.0,
"greedy100":  0.26663333333333333,
"DP_05":  0.0,
"DP_30":  0.0,
"DP_60":  0.0,
"DP_95":  0.2222,
"QL_09":  0.2649,
"QL_05":  0.2710333333333333,
"RL":  0.24873333333333333}
,
{ "x":  1.8,
"greedy000":  0.0,
"greedy050":  0.0,
"greedy100":  0.30613333333333337,
"DP_05":  0.0,
"DP_30":  0.0,
"DP_60":  0.0,
"DP_95":  0.24563333333333331,
"QL_09":  0.3019666666666666,
"QL_05":  0.3054,
"RL":  0.2773333333333333}
,
{ "x":  2.0,
"greedy000":  0.0,
"greedy050":  0.0,
"greedy100":  0.33186666666666664,
"DP_05":  0.0,
"DP_30":  0.0,
"DP_60":  0.0,
"DP_95":  0.2983666666666667,
"QL_09":  0.33246666666666663,
"QL_05":  0.33129999999999993,
"RL":  0.3110333333333334}
,
{ "x":  2.2,
"greedy000":  0.0,
"greedy050":  0.0,
"greedy100":  0.3632666666666667,
"DP_05":  0.0,
"DP_30":  0.0,
"DP_60":  0.0,
"DP_95":  0.3515666666666667,
"QL_09":  0.3527333333333333,
"QL_05":  0.3579,
"RL":  0.3419}
,
{ "x":  2.4000000000000004,
"greedy000":  0.0,
"greedy050":  0.0,
"greedy100":  0.39663333333333334,
"DP_05":  0.0,
"DP_30":  0.0,
"DP_60":  0.0,
"DP_95":  0.39793333333333336,
"QL_09":  0.3803333333333333,
"QL_05":  0.39243333333333336,
"RL":  0.37243333333333334}
]}
