{ "x_label":"PC",
"y_label":"Average Profit",
 "results":[
{ "x":  1.0,
"greedy000":  0.0,
"greedy050":  0.0,
"greedy100":  46.111333333333334,
"DP_05":  0.0,
"DP_30":  0.0,
"DP_60":  0.0,
"DP_95":  51.00666666666666,
"QL_09":  47.15133333333333,
"QL_05":  46.31966666666666,
"RL":  49.62333333333332}
,
{ "x":  1.2,
"greedy000":  0.0,
"greedy050":  0.0,
"greedy100":  45.09183333333333,
"DP_05":  0.0,
"DP_30":  0.0,
"DP_60":  0.0,
"DP_95":  51.42391666666666,
"QL_09":  45.65775000000001,
"QL_05":  44.83991666666667,
"RL":  49.3865}
,
{ "x":  1.4,
"greedy000":  0.0,
"greedy050":  0.0,
"greedy100":  44.20491666666667,
"DP_05":  0.0,
"DP_30":  0.0,
"DP_60":  0.0,
"DP_95":  51.200833333333335,
"QL_09":  45.16633333333334,
"QL_05":  44.14058333333333,
"RL":  48.75058333333334}
,
{ "x":  1.6,
"greedy000":  0.0,
"greedy050":  0.0,
"greedy100":  45.13074999999999,
"DP_05":  0.0,
"DP_30":  0.0,
"DP_60":  0.0,
"DP_95":  49.89058333333334,
"QL_09":  45.787499999999994,
"QL_05":  44.66916666666667,
"RL":  48.111583333333336}
,
{ "x":  1.8,
"greedy000":  0.0,
"greedy050":  0.0,
"greedy100":  45.691750000000006,
"DP_05":  0.0,
"DP_30":  0.0,
"DP_60":  0.0,
"DP_95":  51.61858333333333,
"QL_09":  45.64658333333334,
"QL_05":  45.2265,
"RL":  48.16833333333334}
,
{ "x":  2.0,
"greedy000":  0.0,
"greedy050":  0.0,
"greedy100":  46.742166666666655,
"DP_05":  0.0,
"DP_30":  0.0,
"DP_60":  0.0,
"DP_95":  51.83591666666668,
"QL_09":  46.28225,
"QL_05":  46.260083333333334,
"RL":  48.44383333333334}
,
{ "x":  2.2,
"greedy000":  0.0,
"greedy050":  0.0,
"greedy100":  46.990249999999996,
"DP_05":  0.0,
"DP_30":  0.0,
"DP_60":  0.0,
"DP_95":  51.88333333333334,
"QL_09":  46.36325000000001,
"QL_05":  46.687083333333334,
"RL":  48.60425}
,
{ "x":  2.4000000000000004,
"greedy000":  0.0,
"greedy050":  0.0,
"greedy100":  49.03016666666666,
"DP_05":  0.0,
"DP_30":  0.0,
"DP_60":  0.0,
"DP_95":  53.82466666666668,
"QL_09":  47.57791666666667,
"QL_05":  47.98433333333334,
"RL":  50.59808333333333}
,
{ "x":  2.6,
"greedy000":  0.0,
"greedy050":  0.0,
"greedy100":  48.84158333333334,
"DP_05":  0.0,
"DP_30":  0.0,
"DP_60":  0.0,
"DP_95":  53.65083333333333,
"QL_09":  46.78608333333334,
"QL_05":  47.88041666666667,
"RL":  50.58666666666666}
]}
