{ "x_label":"PC",
"y_label":"Average Profit",
 "results":[
{ "x":  1.0,
"greedy000":  0.0,
"greedy050":  0.0,
"greedy100":  33.733374999999995,
"DP_05":  0.0,
"DP_30":  0.0,
"DP_60":  0.0,
"DP_95":  44.4291875,
"QL_09":  36.6065625,
"QL_05":  33.8784375,
"RL":  42.605625}
,
{ "x":  1.2,
"greedy000":  0.0,
"greedy050":  0.0,
"greedy100":  32.569734374999996,
"DP_05":  0.0,
"DP_30":  0.0,
"DP_60":  0.0,
"DP_95":  44.5131875,
"QL_09":  36.538078125,
"QL_05":  33.58525000000001,
"RL":  42.308265625000004}
,
{ "x":  1.4,
"greedy000":  0.0,
"greedy050":  0.0,
"greedy100":  32.139625,
"DP_05":  0.0,
"DP_30":  0.0,
"DP_60":  0.0,
"DP_95":  44.240843749999996,
"QL_09":  36.189015625,
"QL_05":  33.341453125,
"RL":  41.91101562500001}
,
{ "x":  1.6,
"greedy000":  0.0,
"greedy050":  0.0,
"greedy100":  32.036359374999996,
"DP_05":  0.0,
"DP_30":  0.0,
"DP_60":  0.0,
"DP_95":  44.148328125,
"QL_09":  36.195468749999996,
"QL_05":  33.432671875,
"RL":  42.146531249999995}
,
{ "x":  1.8,
"greedy000":  0.0,
"greedy050":  0.0,
"greedy100":  32.376671875,
"DP_05":  0.0,
"DP_30":  0.0,
"DP_60":  0.0,
"DP_95":  44.73998437499999,
"QL_09":  36.447453124999996,
"QL_05":  33.906828125000004,
"RL":  42.56846875000001}
,
{ "x":  2.0,
"greedy000":  0.0,
"greedy050":  0.0,
"greedy100":  32.257234374999996,
"DP_05":  0.0,
"DP_30":  0.0,
"DP_60":  0.0,
"DP_95":  44.59590624999999,
"QL_09":  35.91870312499999,
"QL_05":  33.87609375,
"RL":  41.97253125000001}
,
{ "x":  2.2,
"greedy000":  0.0,
"greedy050":  0.0,
"greedy100":  32.530765625,
"DP_05":  0.0,
"DP_30":  0.0,
"DP_60":  0.0,
"DP_95":  45.030453124999994,
"QL_09":  35.29489062500001,
"QL_05":  34.1116875,
"RL":  42.15915624999999}
,
{ "x":  2.4000000000000004,
"greedy000":  0.0,
"greedy050":  0.0,
"greedy100":  32.41262499999999,
"DP_05":  0.0,
"DP_30":  0.0,
"DP_60":  0.0,
"DP_95":  45.21325,
"QL_09":  35.11596874999999,
"QL_05":  34.03521875,
"RL":  42.045703125}
,
{ "x":  2.6,
"greedy000":  0.0,
"greedy050":  0.0,
"greedy100":  32.629734375,
"DP_05":  0.0,
"DP_30":  0.0,
"DP_60":  0.0,
"DP_95":  45.44612500000001,
"QL_09":  34.825765625,
"QL_05":  34.496921875000005,
"RL":  42.039078124999996}
,
{ "x":  2.8,
"greedy000":  0.0,
"greedy050":  0.0,
"greedy100":  32.886078125000004,
"DP_05":  0.0,
"DP_30":  0.0,
"DP_60":  0.0,
"DP_95":  45.741734375,
"QL_09":  34.175968749999996,
"QL_05":  34.187109375,
"RL":  41.97042187499999}
,
{ "x":  3.0,
"greedy000":  0.0,
"greedy050":  0.0,
"greedy100":  32.715171874999996,
"DP_05":  0.0,
"DP_30":  0.0,
"DP_60":  0.0,
"DP_95":  45.702421875,
"QL_09":  33.906890625,
"QL_05":  33.87893749999999,
"RL":  41.755781250000005}
]}
