{ "x_label":"PC",
"y_label":"Rejection Rate",
 "results":[
{ "x":  1.0,
"greedy000":  1.0,
"greedy050":  1.0,
"greedy100":  0.329375,
"DP_05":  1.0,
"DP_30":  1.0,
"DP_60":  1.0,
"DP_95":  0.28295000000000003,
"QL_09":  0.316175,
"QL_05":  0.33696249999999994,
"RL":  0.2741000000000001}
,
{ "x":  1.2,
"greedy000":  1.0,
"greedy050":  1.0,
"greedy100":  0.31117499999999987,
"DP_05":  1.0,
"DP_30":  1.0,
"DP_60":  1.0,
"DP_95":  0.27802499999999997,
"QL_09":  0.30910000000000004,
"QL_05":  0.32214999999999994,
"RL":  0.2682}
,
{ "x":  1.4,
"greedy000":  1.0,
"greedy050":  1.0,
"greedy100":  0.280575,
"DP_05":  1.0,
"DP_30":  1.0,
"DP_60":  1.0,
"DP_95":  0.2752125000000001,
"QL_09":  0.2856249999999999,
"QL_05":  0.2971124999999999,
"RL":  0.2532000000000002}
,
{ "x":  1.6,
"greedy000":  1.0,
"greedy050":  1.0,
"greedy100":  0.25307500000000005,
"DP_05":  1.0,
"DP_30":  1.0,
"DP_60":  1.0,
"DP_95":  0.2609,
"QL_09":  0.2795000000000001,
"QL_05":  0.27545,
"RL":  0.23828749999999999}
,
{ "x":  1.8,
"greedy000":  1.0,
"greedy050":  1.0,
"greedy100":  0.22965000000000002,
"DP_05":  1.0,
"DP_30":  1.0,
"DP_60":  1.0,
"DP_95":  0.2350375,
"QL_09":  0.26627499999999993,
"QL_05":  0.2589625,
"RL":  0.22215000000000007}
,
{ "x":  2.0,
"greedy000":  1.0,
"greedy050":  1.0,
"greedy100":  0.20867499999999994,
"DP_05":  1.0,
"DP_30":  1.0,
"DP_60":  1.0,
"DP_95":  0.21553750000000016,
"QL_09":  0.25129999999999997,
"QL_05":  0.2390000000000001,
"RL":  0.20342499999999997}
,
{ "x":  2.2,
"greedy000":  1.0,
"greedy050":  1.0,
"greedy100":  0.18290000000000006,
"DP_05":  1.0,
"DP_30":  1.0,
"DP_60":  1.0,
"DP_95":  0.21319999999999995,
"QL_09":  0.24146250000000002,
"QL_05":  0.22066249999999987,
"RL":  0.1860624999999999}
,
{ "x":  2.4000000000000004,
"greedy000":  1.0,
"greedy050":  1.0,
"greedy100":  0.16992499999999988,
"DP_05":  1.0,
"DP_30":  1.0,
"DP_60":  1.0,
"DP_95":  0.19723749999999995,
"QL_09":  0.24051250000000002,
"QL_05":  0.21352500000000008,
"RL":  0.1785874999999999}
,
{ "x":  2.6,
"greedy000":  1.0,
"greedy050":  1.0,
"greedy100":  0.1443375,
"DP_05":  1.0,
"DP_30":  1.0,
"DP_60":  1.0,
"DP_95":  0.1650250000000002,
"QL_09":  0.2295250000000001,
"QL_05":  0.19421250000000012,
"RL":  0.15636249999999996}
,
{ "x":  2.8,
"greedy000":  1.0,
"greedy050":  1.0,
"greedy100":  0.12445000000000006,
"DP_05":  1.0,
"DP_30":  1.0,
"DP_60":  1.0,
"DP_95":  0.16537499999999983,
"QL_09":  0.22711249999999994,
"QL_05":  0.18552499999999994,
"RL":  0.14261249999999992}
,
{ "x":  3.0,
"greedy000":  1.0,
"greedy050":  1.0,
"greedy100":  0.11306249999999984,
"DP_05":  1.0,
"DP_30":  1.0,
"DP_60":  1.0,
"DP_95":  0.15471249999999992,
"QL_09":  0.22704999999999997,
"QL_05":  0.17777500000000013,
"RL":  0.13634999999999986}
]}
