{ "x_label":"LC",
"y_label":"Acceptance Rate",
 "results":[
{ "x":  0,
"greedy000":  0.0,
"greedy050":  0.0,
"greedy100":  0.0,
"DP_05":  0.0,
"DP_30":  0.0,
"DP_60":  0.0,
"DP_95":  0.0,
"QL_09":  0.0,
"QL_05":  0.0,
"RL":  0.0}
,
{ "x":  8,
"greedy000":  0.0,
"greedy050":  0.0,
"greedy100":  0.2765049431017212,
"DP_05":  0.0,
"DP_30":  0.0,
"DP_60":  0.0,
"DP_95":  0.5615642298495939,
"QL_09":  0.39339875325549384,
"QL_05":  0.4207456133161487,
"RL":  0.5614576823910917}
,
{ "x":  16,
"greedy000":  0.0,
"greedy050":  0.0,
"greedy100":  0.44905492165324734,
"DP_05":  0.0,
"DP_30":  0.0,
"DP_60":  0.0,
"DP_95":  0.6718727251362828,
"QL_09":  0.5081161016503021,
"QL_05":  0.5594196836177925,
"RL":  0.675640086552955}
,
{ "x":  24,
"greedy000":  0.0,
"greedy050":  0.0,
"greedy100":  0.5799254954294781,
"DP_05":  0.0,
"DP_30":  0.0,
"DP_60":  0.0,
"DP_95":  0.7336318527778908,
"QL_09":  0.6406279231052407,
"QL_05":  0.6654640889088259,
"RL":  0.7327696194063102}
,
{ "x":  32,
"greedy000":  0.0,
"greedy050":  0.0,
"greedy100":  0.7109077181677963,
"DP_05":  0.0,
"DP_30":  0.0,
"DP_60":  0.0,
"DP_95":  0.7990146617149663,
"QL_09":  0.7350685811387982,
"QL_05":  0.757528036056777,
"RL":  0.7936982606354474}
,
{ "x":  40,
"greedy000":  0.0,
"greedy050":  0.0,
"greedy100":  0.8003038295320831,
"DP_05":  0.0,
"DP_30":  0.0,
"DP_60":  0.0,
"DP_95":  0.8540786511290438,
"QL_09":  0.7668389317712586,
"QL_05":  0.810953299932355,
"RL":  0.8404790340930276}
,
{ "x":  48,
"greedy000":  0.0,
"greedy050":  0.0,
"greedy100":  0.8864312487175067,
"DP_05":  0.0,
"DP_30":  0.0,
"DP_60":  0.0,
"DP_95":  0.9058341391629364,
"QL_09":  0.8014323994813068,
"QL_05":  0.8820031232260916,
"RL":  0.890383970734751}
,
{ "x":  56,
"greedy000":  0.0,
"greedy050":  0.0,
"greedy100":  0.9328189565347917,
"DP_05":  0.0,
"DP_30":  0.0,
"DP_60":  0.0,
"DP_95":  0.9410166586408621,
"QL_09":  0.8047535678574972,
"QL_05":  0.9210544121011381,
"RL":  0.9255229787659776}
,
{ "x":  64,
"greedy000":  0.0,
"greedy050":  0.0,
"greedy100":  0.963929793874178,
"DP_05":  0.0,
"DP_30":  0.0,
"DP_60":  0.0,
"DP_95":  0.9663986348769009,
"QL_09":  0.8387152608521296,
"QL_05":  0.9496569783870648,
"RL":  0.9257531670274235}
]}
