{ "x_label":"LC",
"y_label":"Acceptance Rate",
 "results":[
{ "x":  0,
"greedy000":  0.0,
"greedy050":  0.0,
"greedy100":  0.0,
"DP_05":  0.0,
"DP_30":  0.0,
"DP_60":  0.0,
"DP_95":  0.0,
"QL_09":  0.0,
"QL_05":  0.0,
"RL":  0.0}
,
{ "x":  8,
"greedy000":  0.0,
"greedy050":  0.0,
"greedy100":  0.2761604603171679,
"DP_05":  0.0,
"DP_30":  0.0,
"DP_60":  0.0,
"DP_95":  0.5623271217397484,
"QL_09":  0.49163558818426917,
"QL_05":  0.4014464478092237,
"RL":  0.5540818352105467}
,
{ "x":  16,
"greedy000":  0.0,
"greedy050":  0.0,
"greedy100":  0.4608122547423438,
"DP_05":  0.0,
"DP_30":  0.0,
"DP_60":  0.0,
"DP_95":  0.6750476350667813,
"QL_09":  0.5775108376400667,
"QL_05":  0.5601932014448345,
"RL":  0.6710228721398195}
,
{ "x":  24,
"greedy000":  0.0,
"greedy050":  0.0,
"greedy100":  0.5904324587464705,
"DP_05":  0.0,
"DP_30":  0.0,
"DP_60":  0.0,
"DP_95":  0.7358374583218559,
"QL_09":  0.6359103126828,
"QL_05":  0.6610042098573434,
"RL":  0.7292978343171684}
,
{ "x":  32,
"greedy000":  0.0,
"greedy050":  0.0,
"greedy100":  0.7101089663029623,
"DP_05":  0.0,
"DP_30":  0.0,
"DP_60":  0.0,
"DP_95":  0.8012777169256482,
"QL_09":  0.6662570336699802,
"QL_05":  0.7564617891316576,
"RL":  0.791572923173963}
,
{ "x":  40,
"greedy000":  0.0,
"greedy050":  0.0,
"greedy100":  0.80552863877915,
"DP_05":  0.0,
"DP_30":  0.0,
"DP_60":  0.0,
"DP_95":  0.8524160228816304,
"QL_09":  0.6819018598418809,
"QL_05":  0.8166200331690867,
"RL":  0.8380500505879581}
,
{ "x":  48,
"greedy000":  0.0,
"greedy050":  0.0,
"greedy100":  0.8871866639642251,
"DP_05":  0.0,
"DP_30":  0.0,
"DP_60":  0.0,
"DP_95":  0.9074834395611285,
"QL_09":  0.6806320596048,
"QL_05":  0.8465721128462451,
"RL":  0.8774919338736868}
,
{ "x":  56,
"greedy000":  0.0,
"greedy050":  0.0,
"greedy100":  0.9306623735456723,
"DP_05":  0.0,
"DP_30":  0.0,
"DP_60":  0.0,
"DP_95":  0.9372431039582823,
"QL_09":  0.6845982512059552,
"QL_05":  0.8496037421726937,
"RL":  0.8854042855656321}
,
{ "x":  64,
"greedy000":  0.0,
"greedy050":  0.0,
"greedy100":  0.9690001851479451,
"DP_05":  0.0,
"DP_30":  0.0,
"DP_60":  0.0,
"DP_95":  0.9690595892366687,
"QL_09":  0.681988800552472,
"QL_05":  0.8502416763360106,
"RL":  0.8938848967217078}
,
{ "x":  72,
"greedy000":  0.0,
"greedy050":  0.0,
"greedy100":  0.9903113527118702,
"DP_05":  0.0,
"DP_30":  0.0,
"DP_60":  0.0,
"DP_95":  0.9890846440703946,
"QL_09":  0.6818656685639465,
"QL_05":  0.8543148283818413,
"RL":  0.8961644086098547}
]}
