{ "x_label":"LC",
"y_label":"Federation Rate",
 "results":[
{ "x":  0,
"greedy000":  0.0,
"greedy050":  0.0,
"greedy100":  0.5191319758805247,
"DP_05":  0.0,
"DP_30":  0.0,
"DP_60":  0.0,
"DP_95":  0.7002882286831196,
"QL_09":  0.7011773323462648,
"QL_05":  0.6317670125564641,
"RL":  0.7084267393239523}
,
{ "x":  8,
"greedy000":  0.0,
"greedy050":  0.0,
"greedy100":  0.3792633372262771,
"DP_05":  0.0,
"DP_30":  0.0,
"DP_60":  0.0,
"DP_95":  0.20573674204600362,
"QL_09":  0.3624415862066942,
"QL_05":  0.3044795831128579,
"RL":  0.20750217676391483}
,
{ "x":  16,
"greedy000":  0.0,
"greedy050":  0.0,
"greedy100":  0.3104798287571987,
"DP_05":  0.0,
"DP_30":  0.0,
"DP_60":  0.0,
"DP_95":  0.14847452991245946,
"QL_09":  0.30507011558329833,
"QL_05":  0.24377216003014981,
"RL":  0.14759817842716064}
,
{ "x":  24,
"greedy000":  0.0,
"greedy050":  0.0,
"greedy100":  0.2659558760829097,
"DP_05":  0.0,
"DP_30":  0.0,
"DP_60":  0.0,
"DP_95":  0.13899527130086,
"QL_09":  0.2321947298295483,
"QL_05":  0.20303204919487108,
"RL":  0.14294421499357424}
,
{ "x":  32,
"greedy000":  0.0,
"greedy050":  0.0,
"greedy100":  0.20417084708284644,
"DP_05":  0.0,
"DP_30":  0.0,
"DP_60":  0.0,
"DP_95":  0.12469830569576579,
"QL_09":  0.1846429245737889,
"QL_05":  0.16598586464986056,
"RL":  0.1278760533314017}
,
{ "x":  40,
"greedy000":  0.0,
"greedy050":  0.0,
"greedy100":  0.1545996849740414,
"DP_05":  0.0,
"DP_30":  0.0,
"DP_60":  0.0,
"DP_95":  0.10226148035903074,
"QL_09":  0.16226902257894477,
"QL_05":  0.14361424271946796,
"RL":  0.11373324634558879}
,
{ "x":  48,
"greedy000":  0.0,
"greedy050":  0.0,
"greedy100":  0.0981801831089123,
"DP_05":  0.0,
"DP_30":  0.0,
"DP_60":  0.0,
"DP_95":  0.07684344871428428,
"QL_09":  0.14246204030009846,
"QL_05":  0.0991312136568831,
"RL":  0.08343109280835184}
,
{ "x":  56,
"greedy000":  0.0,
"greedy050":  0.0,
"greedy100":  0.06083494004499188,
"DP_05":  0.0,
"DP_30":  0.0,
"DP_60":  0.0,
"DP_95":  0.051901063519028436,
"QL_09":  0.1403777758456594,
"QL_05":  0.0687068355833212,
"RL":  0.05026938669673668}
,
{ "x":  64,
"greedy000":  0.0,
"greedy050":  0.0,
"greedy100":  0.03345915158537864,
"DP_05":  0.0,
"DP_30":  0.0,
"DP_60":  0.0,
"DP_95":  0.030758960693289133,
"QL_09":  0.11807932334155677,
"QL_05":  0.04529464952392111,
"RL":  0.05210468489254527}
]}
