{ "x_label":"LC",
"y_label":"Federation Rate",
 "results":[
{ "x":  0,
"greedy000":  0.0,
"greedy050":  0.0,
"greedy100":  0.524381802436769,
"DP_05":  0.0,
"DP_30":  0.0,
"DP_60":  0.0,
"DP_95":  0.7059598279563303,
"QL_09":  0.6989416719958058,
"QL_05":  0.6267401039365403,
"RL":  0.7110958563531284}
,
{ "x":  8,
"greedy000":  0.0,
"greedy050":  0.0,
"greedy100":  0.3809365353059039,
"DP_05":  0.0,
"DP_30":  0.0,
"DP_60":  0.0,
"DP_95":  0.20387074186148108,
"QL_09":  0.2560190930009294,
"QL_05":  0.32867994744634926,
"RL":  0.20798083087347657}
,
{ "x":  16,
"greedy000":  0.0,
"greedy050":  0.0,
"greedy100":  0.3120056058793818,
"DP_05":  0.0,
"DP_30":  0.0,
"DP_60":  0.0,
"DP_95":  0.15031406402844066,
"QL_09":  0.23420386287559328,
"QL_05":  0.2471169659537921,
"RL":  0.15597938356466914}
,
{ "x":  24,
"greedy000":  0.0,
"greedy050":  0.0,
"greedy100":  0.2584747194137818,
"DP_05":  0.0,
"DP_30":  0.0,
"DP_60":  0.0,
"DP_95":  0.14002869379174565,
"QL_09":  0.23022818030891537,
"QL_05":  0.20638550207089912,
"RL":  0.14815416507071794}
,
{ "x":  32,
"greedy000":  0.0,
"greedy050":  0.0,
"greedy100":  0.20437355342637833,
"DP_05":  0.0,
"DP_30":  0.0,
"DP_60":  0.0,
"DP_95":  0.12268565908580431,
"QL_09":  0.2402306752356366,
"QL_05":  0.1633108837353292,
"RL":  0.13136815556081288}
,
{ "x":  40,
"greedy000":  0.0,
"greedy050":  0.0,
"greedy100":  0.15277027092720757,
"DP_05":  0.0,
"DP_30":  0.0,
"DP_60":  0.0,
"DP_95":  0.10552926068914932,
"QL_09":  0.2313316092236441,
"QL_05":  0.13517371371408646,
"RL":  0.11580541599594056}
,
{ "x":  48,
"greedy000":  0.0,
"greedy050":  0.0,
"greedy100":  0.09546584697131776,
"DP_05":  0.0,
"DP_30":  0.0,
"DP_60":  0.0,
"DP_95":  0.07485382802418386,
"QL_09":  0.23905660623345182,
"QL_05":  0.12392466062324706,
"RL":  0.08842363175097986}
,
{ "x":  56,
"greedy000":  0.0,
"greedy050":  0.0,
"greedy100":  0.06217032609785853,
"DP_05":  0.0,
"DP_30":  0.0,
"DP_60":  0.0,
"DP_95":  0.054162537584601544,
"QL_09":  0.22053379524365485,
"QL_05":  0.12430559052770204,
"RL":  0.08455814536545664}
,
{ "x":  64,
"greedy000":  0.0,
"greedy050":  0.0,
"greedy100":  0.029010768882832005,
"DP_05":  0.0,
"DP_30":  0.0,
"DP_60":  0.0,
"DP_95":  0.028841553794377684,
"QL_09":  0.22582991932530233,
"QL_05":  0.12334610483804646,
"RL":  0.0750698183808924}
,
{ "x":  72,
"greedy000":  0.0,
"greedy050":  0.0,
"greedy100":  0.009477061852325962,
"DP_05":  0.0,
"DP_30":  0.0,
"DP_60":  0.0,
"DP_95":  0.010623945724398301,
"QL_09":  0.22897365081762158,
"QL_05":  0.11853451563243964,
"RL":  0.07546003597529563}
]}
