{ "x_label":"LC",
"y_label":"Federation Rate",
 "results":[
{ "x":  0,
"greedy000":  0.0,
"greedy050":  0.0,
"greedy100":  0.5217780447325805,
"DP_05":  0.0,
"DP_30":  0.0,
"DP_60":  0.0,
"DP_95":  0.7033849305075104,
"QL_09":  0.7044686781442983,
"QL_05":  0.6371047611760289,
"RL":  0.7119535916195829}
]}
