{ "x_label":"LC",
"y_label":"Average Profit",
 "results":[
{ "x":  0,
"greedy000":  0.0,
"greedy050":  0.0,
"greedy100":  30.1735823306239,
"DP_05":  0.0,
"DP_30":  0.0,
"DP_60":  0.0,
"DP_95":  47.326590688209365,
"QL_09":  44.75090356991979,
"QL_05":  38.219733773184416,
"RL":  46.22385807074258}
,
{ "x":  8,
"greedy000":  0.0,
"greedy050":  0.0,
"greedy100":  44.058526927632116,
"DP_05":  0.0,
"DP_30":  0.0,
"DP_60":  0.0,
"DP_95":  64.5035144305597,
"QL_09":  59.70954178029873,
"QL_05":  54.266061035316035,
"RL":  63.286862151585424}
,
{ "x":  16,
"greedy000":  0.0,
"greedy050":  0.0,
"greedy100":  53.709637576374426,
"DP_05":  0.0,
"DP_30":  0.0,
"DP_60":  0.0,
"DP_95":  68.8135177531514,
"QL_09":  62.37347931426184,
"QL_05":  60.312764334447,
"RL":  67.50233073191336}
,
{ "x":  24,
"greedy000":  0.0,
"greedy050":  0.0,
"greedy100":  59.49862974054031,
"DP_05":  0.0,
"DP_30":  0.0,
"DP_60":  0.0,
"DP_95":  69.61554234791467,
"QL_09":  64.26992528008425,
"QL_05":  64.08541305828369,
"RL":  68.57388377788256}
,
{ "x":  32,
"greedy000":  0.0,
"greedy050":  0.0,
"greedy100":  64.7413299417375,
"DP_05":  0.0,
"DP_30":  0.0,
"DP_60":  0.0,
"DP_95":  71.08129300892092,
"QL_09":  65.29032822701939,
"QL_05":  67.73264214854296,
"RL":  70.32500661479364}
,
{ "x":  40,
"greedy000":  0.0,
"greedy050":  0.0,
"greedy100":  68.27537410203732,
"DP_05":  0.0,
"DP_30":  0.0,
"DP_60":  0.0,
"DP_95":  71.80259110882568,
"QL_09":  66.0144501525192,
"QL_05":  69.70957357432945,
"RL":  71.09962835891415}
,
{ "x":  48,
"greedy000":  0.0,
"greedy050":  0.0,
"greedy100":  70.93084142858358,
"DP_05":  0.0,
"DP_30":  0.0,
"DP_60":  0.0,
"DP_95":  72.68027791179762,
"QL_09":  66.27176344759962,
"QL_05":  71.11148055626532,
"RL":  71.80213619362479}
,
{ "x":  56,
"greedy000":  0.0,
"greedy050":  0.0,
"greedy100":  71.54059920192807,
"DP_05":  0.0,
"DP_30":  0.0,
"DP_60":  0.0,
"DP_95":  72.46710652760848,
"QL_09":  65.58925743235305,
"QL_05":  70.75186210285055,
"RL":  71.6341580015708}
,
{ "x":  64,
"greedy000":  0.0,
"greedy050":  0.0,
"greedy100":  72.67073936602856,
"DP_05":  0.0,
"DP_30":  0.0,
"DP_60":  0.0,
"DP_95":  73.04557787156402,
"QL_09":  65.99824918228569,
"QL_05":  70.98876865815949,
"RL":  72.02488130341483}
,
{ "x":  72,
"greedy000":  0.0,
"greedy050":  0.0,
"greedy100":  73.18927804929959,
"DP_05":  0.0,
"DP_30":  0.0,
"DP_60":  0.0,
"DP_95":  73.29915939776807,
"QL_09":  65.80621738092886,
"QL_05":  71.19707701750319,
"RL":  72.1769526796717}
]}
