{ "x_label":"LC",
"y_label":"Average Profit",
 "results":[
{ "x":  0,
"greedy000":  0.0,
"greedy050":  0.0,
"greedy100":  29.74193335167696,
"DP_05":  0.0,
"DP_30":  0.0,
"DP_60":  0.0,
"DP_95":  46.917555087878284,
"QL_09":  45.082153640832324,
"QL_05":  38.63517586578878,
"RL":  46.67154985283837}
,
{ "x":  8,
"greedy000":  0.0,
"greedy050":  0.0,
"greedy100":  43.91995773901312,
"DP_05":  0.0,
"DP_30":  0.0,
"DP_60":  0.0,
"DP_95":  64.58140456540161,
"QL_09":  56.346733187612095,
"QL_05":  54.30470442355586,
"RL":  64.3517441253279}
,
{ "x":  16,
"greedy000":  0.0,
"greedy050":  0.0,
"greedy100":  52.72768532266315,
"DP_05":  0.0,
"DP_30":  0.0,
"DP_60":  0.0,
"DP_95":  68.4415171917008,
"QL_09":  59.60619637827347,
"QL_05":  60.13481087747522,
"RL":  68.19267897843949}
,
{ "x":  24,
"greedy000":  0.0,
"greedy050":  0.0,
"greedy100":  59.16912469775692,
"DP_05":  0.0,
"DP_30":  0.0,
"DP_60":  0.0,
"DP_95":  69.53262823841821,
"QL_09":  64.4060677339081,
"QL_05":  64.08039399718317,
"RL":  69.16410262220583}
,
{ "x":  32,
"greedy000":  0.0,
"greedy050":  0.0,
"greedy100":  64.80182135368578,
"DP_05":  0.0,
"DP_30":  0.0,
"DP_60":  0.0,
"DP_95":  71.00349266742411,
"QL_09":  68.01477735082653,
"QL_05":  67.48555082976168,
"RL":  70.54165615906076}
,
{ "x":  40,
"greedy000":  0.0,
"greedy050":  0.0,
"greedy100":  68.10005306481,
"DP_05":  0.0,
"DP_30":  0.0,
"DP_60":  0.0,
"DP_95":  71.87794929311819,
"QL_09":  69.15326199174434,
"QL_05":  68.82844199249521,
"RL":  71.25426248773206}
,
{ "x":  48,
"greedy000":  0.0,
"greedy050":  0.0,
"greedy100":  71.05399293434016,
"DP_05":  0.0,
"DP_30":  0.0,
"DP_60":  0.0,
"DP_95":  72.76755359373763,
"QL_09":  70.17837514530336,
"QL_05":  71.13986278635778,
"RL":  72.24025219822143}
,
{ "x":  56,
"greedy000":  0.0,
"greedy050":  0.0,
"greedy100":  72.17002964488233,
"DP_05":  0.0,
"DP_30":  0.0,
"DP_60":  0.0,
"DP_95":  73.13283184259352,
"QL_09":  70.17138376080997,
"QL_05":  72.08226918779665,
"RL":  72.56237455550935}
,
{ "x":  64,
"greedy000":  0.0,
"greedy050":  0.0,
"greedy100":  72.48108531530778,
"DP_05":  0.0,
"DP_30":  0.0,
"DP_60":  0.0,
"DP_95":  72.94906190422536,
"QL_09":  70.6254913667704,
"QL_05":  72.28970571668408,
"RL":  72.36820948290479}
]}
