{ "x_label":"LC",
"y_label":"Average Profit",
 "results":[
{ "x":  0,
"greedy000":  0.0,
"greedy050":  0.0,
"greedy100":  29.995434801672435,
"DP_05":  0.0,
"DP_30":  0.0,
"DP_60":  0.0,
"DP_95":  47.108428211442714,
"QL_09":  45.329288574819685,
"QL_05":  39.01057233710096,
"RL":  46.88757259284682}
]}
