{ "x_label":"eta",
"y_label":"Acceptance Rate",
 "results":[
{ "x":  0.225,
"greedy000":  0.36595778555026054,
"greedy050":  0.46161049066462645,
"greedy100":  0.5487247125741154,
"DP_05":  0.5487247125741154,
"DP_30":  0.5487247125741154,
"DP_60":  0.5487247125741154,
"DP_95":  0.6290328143648585,
"QL":  0.594958093769151}
,
{ "x":  0.25,
"greedy000":  0.36238833910272794,
"greedy050":  0.4519599875691485,
"greedy100":  0.5231676082240487,
"DP_05":  0.5231676082240487,
"DP_30":  0.5231676082240487,
"DP_60":  0.5231676082240487,
"DP_95":  0.6169063018173324,
"QL":  0.5970171815024526}
,
{ "x":  0.275,
"greedy000":  0.35969277063888494,
"greedy050":  0.4611002267316772,
"greedy100":  0.5464256643232923,
"DP_05":  0.5464256643232923,
"DP_30":  0.5464256643232923,
"DP_60":  0.5464256643232923,
"DP_95":  0.6055057643650253,
"QL":  0.5685446071785532}
,
{ "x":  0.30000000000000004,
"greedy000":  0.3492093728489106,
"greedy050":  0.4323242135732045,
"greedy100":  0.4932639858987116,
"DP_05":  0.4932639858987116,
"DP_30":  0.4932639858987116,
"DP_60":  0.4932639858987116,
"DP_95":  0.585724133338788,
"QL":  0.5489376068395705}
,
{ "x":  0.325,
"greedy000":  0.3376099547017889,
"greedy050":  0.42096131707819423,
"greedy100":  0.48062940303729845,
"DP_05":  0.48062940303729845,
"DP_30":  0.48062940303729845,
"DP_60":  0.48062940303729845,
"DP_95":  0.5792904819689502,
"QL":  0.5412495891785081}
,
{ "x":  0.35,
"greedy000":  0.33210941733785115,
"greedy050":  0.41498895288796983,
"greedy100":  0.47821754323253113,
"DP_05":  0.47821754323253113,
"DP_30":  0.47821754323253113,
"DP_60":  0.47821754323253113,
"DP_95":  0.567627390290476,
"QL":  0.5375276937325375}
,
{ "x":  0.375,
"greedy000":  0.3209398424772948,
"greedy050":  0.39037748791345006,
"greedy100":  0.4445074038395448,
"DP_05":  0.4445074038395448,
"DP_30":  0.4445074038395448,
"DP_60":  0.4445074038395448,
"DP_95":  0.5501997755871779,
"QL":  0.522564892216627}
,
{ "x":  0.4,
"greedy000":  0.33790385676199924,
"greedy050":  0.410127243495891,
"greedy100":  0.4565338490777755,
"DP_05":  0.4565338490777755,
"DP_30":  0.4565338490777755,
"DP_60":  0.4565338490777755,
"DP_95":  0.5281211634612781,
"QL":  0.5108847867489945}
,
{ "x":  0.42500000000000004,
"greedy000":  0.3101458391598714,
"greedy050":  0.3736108262574224,
"greedy100":  0.415856020109033,
"DP_05":  0.415856020109033,
"DP_30":  0.415856020109033,
"DP_60":  0.415856020109033,
"DP_95":  0.5273518405252159,
"QL":  0.5037741977795847}
,
{ "x":  0.45000000000000007,
"greedy000":  0.3185887125487086,
"greedy050":  0.37700011335237427,
"greedy100":  0.41687677778852716,
"DP_05":  0.41687677778852716,
"DP_30":  0.41687677778852716,
"DP_60":  0.41687677778852716,
"DP_95":  0.4996692333280685,
"QL":  0.4806570417490549}
,
{ "x":  0.475,
"greedy000":  0.2894009787581794,
"greedy050":  0.3413501835649072,
"greedy100":  0.3788324704442986,
"DP_05":  0.3788324704442986,
"DP_30":  0.3788324704442986,
"DP_60":  0.3788324704442986,
"DP_95":  0.46645098502299687,
"QL":  0.4440975009302419}
,
{ "x":  0.5,
"greedy000":  0.29350254358620165,
"greedy050":  0.34741379572096387,
"greedy100":  0.3857148323249118,
"DP_05":  0.3857148323249118,
"DP_30":  0.3857148323249118,
"DP_60":  0.3857148323249118,
"DP_95":  0.467018646365369,
"QL":  0.4393190550055869}
,
{ "x":  0.525,
"greedy000":  0.29988902177510707,
"greedy050":  0.35492445696974484,
"greedy100":  0.3932870812179621,
"DP_05":  0.3932870812179621,
"DP_30":  0.3932870812179621,
"DP_60":  0.3932870812179621,
"DP_95":  0.44950279216711964,
"QL":  0.4349331676319578}
,
{ "x":  0.55,
"greedy000":  0.2966661073942461,
"greedy050":  0.3443276648347222,
"greedy100":  0.37353364927065846,
"DP_05":  0.37353364927065846,
"DP_30":  0.37353364927065846,
"DP_60":  0.37353364927065846,
"DP_95":  0.3962778573360461,
"QL":  0.3864675719684738}
,
{ "x":  0.5750000000000001,
"greedy000":  0.27544349696698534,
"greedy050":  0.3180116239051103,
"greedy100":  0.34640340739372577,
"DP_05":  0.34640340739372577,
"DP_30":  0.34640340739372577,
"DP_60":  0.34640340739372577,
"DP_95":  0.4171518054856856,
"QL":  0.3963515075273595}
,
{ "x":  0.6,
"greedy000":  0.27299692041438217,
"greedy050":  0.31548614890237864,
"greedy100":  0.33957802703889983,
"DP_05":  0.33957802703889983,
"DP_30":  0.33957802703889983,
"DP_60":  0.33957802703889983,
"DP_95":  0.37930869043151566,
"QL":  0.36812553027713535}
,
{ "x":  0.625,
"greedy000":  0.2823779675523169,
"greedy050":  0.330446920592919,
"greedy100":  0.3613732796057426,
"DP_05":  0.3613732796057426,
"DP_30":  0.3613732796057426,
"DP_60":  0.3613732796057426,
"DP_95":  0.39268013656720513,
"QL":  0.37179670934367726}
,
{ "x":  0.65,
"greedy000":  0.270572863130538,
"greedy050":  0.30281796753803686,
"greedy100":  0.3222757660870244,
"DP_05":  0.3222757660870244,
"DP_30":  0.3222757660870244,
"DP_60":  0.3222757660870244,
"DP_95":  0.34111714419354267,
"QL":  0.3123606089537708}
]}
