{ "x_label":"capacity",
"y_label":"Acceptance Rate",
 "results":[
{ "x":  5,
"greedy000":  0.0,
"greedy050":  0.0,
"greedy100":  0.5655485964204455,
"DP_05":  0.0,
"DP_30":  0.0,
"DP_60":  0.0,
"DP_95":  0.5655485964204455,
"QL":  0.5655485964204455,
"RL":  0.5655485964204455}
,
{ "x":  10,
"greedy000":  0.0,
"greedy050":  0.0,
"greedy100":  0.7718673309735363,
"DP_05":  0.0,
"DP_30":  0.0,
"DP_60":  0.0,
"DP_95":  0.7718673309735363,
"QL":  0.7718673309735363,
"RL":  0.7718673309735363}
,
{ "x":  15,
"greedy000":  0.0,
"greedy050":  0.0,
"greedy100":  0.7026726475554114,
"DP_05":  0.0,
"DP_30":  0.0,
"DP_60":  0.0,
"DP_95":  0.8096792736938712,
"QL":  0.7626509965842996,
"RL":  0.7839601535585073}
,
{ "x":  20,
"greedy000":  0.0,
"greedy050":  0.0,
"greedy100":  0.854718448495011,
"DP_05":  0.0,
"DP_30":  0.0,
"DP_60":  0.0,
"DP_95":  0.8369403430311488,
"QL":  0.7910523143328467,
"RL":  0.8532433547814418}
,
{ "x":  25,
"greedy000":  0.0,
"greedy050":  0.0,
"greedy100":  0.9320810051679184,
"DP_05":  0.0,
"DP_30":  0.0,
"DP_60":  0.0,
"DP_95":  0.8979310089976306,
"QL":  0.7439428215958956,
"RL":  0.9200544132289725}
,
{ "x":  30,
"greedy000":  0.0,
"greedy050":  0.0,
"greedy100":  0.9112707433875139,
"DP_05":  0.0,
"DP_30":  0.0,
"DP_60":  0.0,
"DP_95":  0.9361936332869352,
"QL":  0.7698792085688803,
"RL":  0.9047041760907932}
,
{ "x":  35,
"greedy000":  0.0,
"greedy050":  0.0,
"greedy100":  0.960241534316992,
"DP_05":  0.0,
"DP_30":  0.0,
"DP_60":  0.0,
"DP_95":  0.9382311899653152,
"QL":  0.7312291222816227,
"RL":  0.956528897838236}
,
{ "x":  40,
"greedy000":  0.0,
"greedy050":  0.0,
"greedy100":  0.9792938964649384,
"DP_05":  0.0,
"DP_30":  0.0,
"DP_60":  0.0,
"DP_95":  0.9783823268273399,
"QL":  0.7441829470064272,
"RL":  0.9702548563814902}
,
{ "x":  45,
"greedy000":  0.0,
"greedy050":  0.0,
"greedy100":  0.9745421017459212,
"DP_05":  0.0,
"DP_30":  0.0,
"DP_60":  0.0,
"DP_95":  0.9773289876682586,
"QL":  0.6775684653690196,
"RL":  0.9735097651089362}
,
{ "x":  50,
"greedy000":  0.0,
"greedy050":  0.0,
"greedy100":  0.993553437427105,
"DP_05":  0.0,
"DP_30":  0.0,
"DP_60":  0.0,
"DP_95":  0.9871674526595589,
"QL":  0.7220952447172271,
"RL":  0.9871001878449654}
,
{ "x":  55,
"greedy000":  0.0,
"greedy050":  0.0,
"greedy100":  0.9963958172585627,
"DP_05":  0.0,
"DP_30":  0.0,
"DP_60":  0.0,
"DP_95":  0.9960580019723695,
"QL":  0.7260623878099496,
"RL":  0.9864808519065165}
]}
