{ "x_label":"capacity",
"y_label":"Federation Rate",
 "results":[
{ "x":  5,
"greedy000":  0.0,
"greedy050":  0.0,
"greedy100":  0.4344514035795545,
"DP_05":  0.0,
"DP_30":  0.0,
"DP_60":  0.0,
"DP_95":  0.4344514035795545,
"QL":  0.4344514035795545,
"RL":  0.4344514035795545}
,
{ "x":  10,
"greedy000":  0.0,
"greedy050":  0.0,
"greedy100":  0.22813266902646365,
"DP_05":  0.0,
"DP_30":  0.0,
"DP_60":  0.0,
"DP_95":  0.22813266902646365,
"QL":  0.22291889112758084,
"RL":  0.222770649407054}
,
{ "x":  15,
"greedy000":  0.0,
"greedy050":  0.0,
"greedy100":  0.2973273524445887,
"DP_05":  0.0,
"DP_30":  0.0,
"DP_60":  0.0,
"DP_95":  0.19032072630612887,
"QL":  0.22441524947248287,
"RL":  0.18313308227330252}
,
{ "x":  20,
"greedy000":  0.0,
"greedy050":  0.0,
"greedy100":  0.14528155150498898,
"DP_05":  0.0,
"DP_30":  0.0,
"DP_60":  0.0,
"DP_95":  0.16305965696885125,
"QL":  0.1907294287564215,
"RL":  0.13710228348750633}
,
{ "x":  25,
"greedy000":  0.0,
"greedy050":  0.0,
"greedy100":  0.06791899483208175,
"DP_05":  0.0,
"DP_30":  0.0,
"DP_60":  0.0,
"DP_95":  0.10206899100236932,
"QL":  0.25605717840410436,
"RL":  0.0633151693830831}
,
{ "x":  30,
"greedy000":  0.0,
"greedy050":  0.0,
"greedy100":  0.08872925661248608,
"DP_05":  0.0,
"DP_30":  0.0,
"DP_60":  0.0,
"DP_95":  0.06380636671306492,
"QL":  0.22040266575852666,
"RL":  0.09182487596753197}
,
{ "x":  35,
"greedy000":  0.0,
"greedy050":  0.0,
"greedy100":  0.039758465683007914,
"DP_05":  0.0,
"DP_30":  0.0,
"DP_60":  0.0,
"DP_95":  0.06176881003468475,
"QL":  0.26563787955879237,
"RL":  0.03692849526872617}
,
{ "x":  40,
"greedy000":  0.0,
"greedy050":  0.0,
"greedy100":  0.020706103535061648,
"DP_05":  0.0,
"DP_30":  0.0,
"DP_60":  0.0,
"DP_95":  0.021617673172659984,
"QL":  0.24715056804625068,
"RL":  0.02256412403818634}
,
{ "x":  45,
"greedy000":  0.0,
"greedy050":  0.0,
"greedy100":  0.02545789825407884,
"DP_05":  0.0,
"DP_30":  0.0,
"DP_60":  0.0,
"DP_95":  0.022671012331741413,
"QL":  0.318504197523502,
"RL":  0.02357664482026462}
,
{ "x":  50,
"greedy000":  0.0,
"greedy050":  0.0,
"greedy100":  0.006446562572895014,
"DP_05":  0.0,
"DP_30":  0.0,
"DP_60":  0.0,
"DP_95":  0.012832547340441073,
"QL":  0.27176659320803137,
"RL":  0.008490529803236481}
,
{ "x":  55,
"greedy000":  0.0,
"greedy050":  0.0,
"greedy100":  0.0036041827414372675,
"DP_05":  0.0,
"DP_30":  0.0,
"DP_60":  0.0,
"DP_95":  0.00394199802763048,
"QL":  0.27295077008478713,
"RL":  0.007214906258874385}
]}
