{ "x_label":"episode",
"y_label":"Acceptance Rate",
"results":[
{ "x":  5,
"DP_05":  0.553952041320062,
"DP_30":  0.6079065191824071,
"DP_60":  0.6259899447473745,
"DP_95":  0.5895124646565839,
"QL-Dynamic": 0.19150758325909145,
"QL-Static": 0.5477311547674276}
,
{ "x":  10,
"DP_05":  0.5560454864928406,
"DP_30":  0.6093571802687408,
"DP_60":  0.6276711106689963,
"DP_95":  0.5922775517186224,
"QL-Dynamic": 0.3717449603863765,
"QL-Static": 0.5646342932069297}
,
{ "x":  15,
"DP_05":  0.5551054367756222,
"DP_30":  0.611832315351664,
"DP_60":  0.6292667476517112,
"DP_95":  0.5934948647631852,
"QL-Dynamic": 0.5093149720817276,
"QL-Static": 0.5670684294164803}
,
{ "x":  20,
"DP_05":  0.5524803301648893,
"DP_30":  0.6074611415413214,
"DP_60":  0.6258706468196701,
"DP_95":  0.5888084723394578,
"QL-Dynamic": 0.5601822361939315,
"QL-Static": 0.5685318102896457}
,
{ "x":  25,
"DP_05":  0.5555733238437133,
"DP_30":  0.6104961683849724,
"DP_60":  0.6288415995458468,
"DP_95":  0.5928053520677791,
"QL-Dynamic": 0.5806635548852431,
"QL-Static": 0.5869455654062532}
,
{ "x":  30,
"DP_05":  0.554341746710032,
"DP_30":  0.6108804013528204,
"DP_60":  0.6276182736990708,
"DP_95":  0.5924602468636452,
"QL-Dynamic": 0.5738454998880381,
"QL-Static": 0.578115602876738}
,
{ "x":  35,
"DP_05":  0.5566077111460042,
"DP_30":  0.6117538848722222,
"DP_60":  0.6282003725280617,
"DP_95":  0.5922426846248844,
"QL-Dynamic": 0.5297140864507596,
"QL-Static": 0.5714469006951024}
,
{ "x":  40,
"DP_05":  0.5552911030333474,
"DP_30":  0.6111511583699445,
"DP_60":  0.6285442583088112,
"DP_95":  0.5920504284401308,
"QL-Dynamic": 0.5263421842598758,
"QL-Static": 0.5754229993290492}
,
{ "x":  45,
"DP_05":  0.5518992581522791,
"DP_30":  0.6095085440243183,
"DP_60":  0.6274187223172153,
"DP_95":  0.592247925655828,
"QL-Dynamic": 0.4528695442945624,
"QL-Static": 0.5699797947556207}
,
{ "x":  50,
"DP_05":  0.5507451006415286,
"DP_30":  0.6083113457073686,
"DP_60":  0.6245455584549002,
"DP_95":  0.5911194424713743,
"QL-Dynamic": 0.5522977647556977,
"QL-Static": 0.5820080400210934}
,
{ "x":  55,
"DP_05":  0.5535546165783043,
"DP_30":  0.6091624266403681,
"DP_60":  0.6263601573583271,
"DP_95":  0.5919124907871935,
"QL-Dynamic": 0.5535675130247607,
"QL-Static": 0.575492094823996}
,
{ "x":  60,
"DP_05":  0.5527157917545156,
"DP_30":  0.6097392407148923,
"DP_60":  0.6272907577184936,
"DP_95":  0.5912792542611169,
"QL-Dynamic": 0.5530827375879304,
"QL-Static": 0.5742515178578893}
,
{ "x":  65,
"DP_05":  0.5570367407163971,
"DP_30":  0.6108465879373244,
"DP_60":  0.6279595945094003,
"DP_95":  0.5926179536177255,
"QL-Dynamic": 0.5563594425808883,
"QL-Static": 0.5716772691416674}
,
{ "x":  70,
"DP_05":  0.5530494709603329,
"DP_30":  0.6093886562272715,
"DP_60":  0.6273624255591779,
"DP_95":  0.5931290667801814,
"QL-Dynamic": 0.5521619650792288,
"QL-Static": 0.5776642292821357}
,
{ "x":  75,
"DP_05":  0.5555149760058777,
"DP_30":  0.6102423639519345,
"DP_60":  0.6267806857313526,
"DP_95":  0.5918165549098175,
"QL-Dynamic": 0.5551190052926925,
"QL-Static": 0.580033765327918}
,
{ "x":  80,
"DP_05":  0.5573307097903795,
"DP_30":  0.6122520752701922,
"DP_60":  0.6308497868625088,
"DP_95":  0.594255599305846,
"QL-Dynamic": 0.5560922577434426,
"QL-Static": 0.5727739210045296}
,
{ "x":  85,
"DP_05":  0.5550954998323856,
"DP_30":  0.6120283785718409,
"DP_60":  0.6286107929907925,
"DP_95":  0.5924804906744139,
"QL-Dynamic": 0.47786890580794567,
"QL-Static": 0.5841865672286115}
,
{ "x":  90,
"DP_05":  0.551460895401346,
"DP_30":  0.6075811746343657,
"DP_60":  0.6263134364385251,
"DP_95":  0.5902109339718352,
"QL-Dynamic": 0.5519771771371886,
"QL-Static": 0.5829032425736811}
,
{ "x":  95,
"DP_05":  0.5534122538295235,
"DP_30":  0.6097983851097026,
"DP_60":  0.6254314656579635,
"DP_95":  0.5888237944769539,
"QL-Dynamic": 0.5275027433520825,
"QL-Static": 0.560091014799002}
,
{ "x":  100,
"DP_05":  0.5534907104595184,
"DP_30":  0.6103345267381313,
"DP_60":  0.6276393317384689,
"DP_95":  0.5924334298918918,
"QL-Dynamic": 0.5535839896740813,
"QL-Static": 0.5784603853447495}
,
{ "x":  105,
"DP_05":  0.5537800603565828,
"DP_30":  0.6089401691853105,
"DP_60":  0.6266232029822034,
"DP_95":  0.5911863558403799,
"QL-Dynamic": 0.5538292999407473,
"QL-Static": 0.5900309030092522}
,
{ "x":  110,
"DP_05":  0.5519321269594766,
"DP_30":  0.6084986123091414,
"DP_60":  0.6255430876337226,
"DP_95":  0.590830360234276,
"QL-Dynamic": 0.5020359849923013,
"QL-Static": 0.5853325704842763}
,
{ "x":  115,
"DP_05":  0.5543872567106081,
"DP_30":  0.6118417650177151,
"DP_60":  0.628476046326212,
"DP_95":  0.5938342790609914,
"QL-Dynamic": 0.555446566652203,
"QL-Static": 0.590639449117013}
,
{ "x":  120,
"DP_05":  0.5520549785048114,
"DP_30":  0.6088582204631481,
"DP_60":  0.6263258915062965,
"DP_95":  0.5923350793003916,
"QL-Dynamic": 0.5463348114277657,
"QL-Static": 0.5776467445534166}
,
{ "x":  125,
"DP_05":  0.553498965965402,
"DP_30":  0.6098392075279468,
"DP_60":  0.6275078306093805,
"DP_95":  0.5905542502021114,
"QL-Dynamic": 0.5537318888689416,
"QL-Static": 0.5796463768472431}
,
{ "x":  130,
"DP_05":  0.5560738941843348,
"DP_30":  0.6118873840780763,
"DP_60":  0.6289653246019844,
"DP_95":  0.5938419512719817,
"QL-Dynamic": 0.543599833858677,
"QL-Static": 0.5780868344592143}
,
{ "x":  135,
"DP_05":  0.5555383255199783,
"DP_30":  0.6107596587340149,
"DP_60":  0.6289907209624468,
"DP_95":  0.5931825493150787,
"QL-Dynamic": 0.5557382186271553,
"QL-Static": 0.5814756784860557}
,
{ "x":  140,
"DP_05":  0.5550813164464913,
"DP_30":  0.6123763165239692,
"DP_60":  0.6281432984197629,
"DP_95":  0.5923806776623728,
"QL-Dynamic": 0.5547198254770143,
"QL-Static": 0.5837813292412596}
,
{ "x":  145,
"DP_05":  0.5536082528080404,
"DP_30":  0.6086435966090847,
"DP_60":  0.6261766666701728,
"DP_95":  0.592036055916974,
"QL-Dynamic": 0.5417581014136894,
"QL-Static": 0.5909538868188217}
,
{ "x":  150,
"DP_05":  0.5493799075053787,
"DP_30":  0.6073876001397036,
"DP_60":  0.6259506102868808,
"DP_95":  0.5907554851037603,
"QL-Dynamic": 0.5505461179277087,
"QL-Static": 0.5791572907203886}
,
{ "x":  155,
"DP_05":  0.5562481647561113,
"DP_30":  0.6097099255551501,
"DP_60":  0.627691243378597,
"DP_95":  0.5924215320434064,
"QL-Dynamic": 0.5033614575779828,
"QL-Static": 0.5828734711610851}
,
{ "x":  160,
"DP_05":  0.5544626722346764,
"DP_30":  0.6104156385563162,
"DP_60":  0.6279330807875166,
"DP_95":  0.5931673045759935,
"QL-Dynamic": 0.5552839989227609,
"QL-Static": 0.5617553770682971}
,
{ "x":  165,
"DP_05":  0.5566984608276649,
"DP_30":  0.6123721036631644,
"DP_60":  0.6303057709811739,
"DP_95":  0.5937003109675748,
"QL-Dynamic": 0.5564289935782526,
"QL-Static": 0.5746281316926081}
,
{ "x":  170,
"DP_05":  0.5544722298166096,
"DP_30":  0.6100292821604029,
"DP_60":  0.6275770861039878,
"DP_95":  0.5908538446248397,
"QL-Dynamic": 0.5553866356082766,
"QL-Static": 0.5834073577236101}
,
{ "x":  175,
"DP_05":  0.55438127087918,
"DP_30":  0.6113934903906573,
"DP_60":  0.6289913068501802,
"DP_95":  0.594439159543386,
"QL-Dynamic": 0.5281952238130782,
"QL-Static": 0.5474495988472592}
,
{ "x":  180,
"DP_05":  0.554687670445967,
"DP_30":  0.6092356689782263,
"DP_60":  0.6264251347473863,
"DP_95":  0.590746951047013,
"QL-Dynamic": 0.5548237629974727,
"QL-Static": 0.5421088025833432}
,
{ "x":  185,
"DP_05":  0.5540464740146047,
"DP_30":  0.6101287395328916,
"DP_60":  0.6274060821381924,
"DP_95":  0.5900541795905314,
"QL-Dynamic": 0.5545215630930526,
"QL-Static": 0.5799890688317932}
,
{ "x":  190,
"DP_05":  0.5550460385085165,
"DP_30":  0.6116622619760261,
"DP_60":  0.6270266029353398,
"DP_95":  0.5929429238168887,
"QL-Dynamic": 0.5447754677747972,
"QL-Static": 0.575966464383626}
,
{ "x":  195,
"DP_05":  0.5560929693876491,
"DP_30":  0.6100342359787716,
"DP_60":  0.627491197647021,
"DP_95":  0.5908905086125767,
"QL-Dynamic": 0.5555870188203249,
"QL-Static": 0.5795896044318436}
,
{ "x":  200,
"DP_05":  0.5546705366437118,
"DP_30":  0.6087825223711196,