{ "x_label":"episode",
"y_label":"Federation Rate",
"results":[
{ "x":  5,
"DP_05":  0.4460479586799381,
"DP_30":  0.39209348081759293,
"DP_60":  0.37401005525262565,
"DP_95":  0.4104875353434161,
"QL-Dynamic": 0.595327111578439,
"QL-Static": 0.41209730452894017}
,
{ "x":  10,
"DP_05":  0.44395451350715937,
"DP_30":  0.39064281973125914,
"DP_60":  0.3723288893310036,
"DP_95":  0.40772244828137777,
"QL-Dynamic": 0.5464834481364478,
"QL-Static": 0.3952319605028317}
,
{ "x":  15,
"DP_05":  0.4448945632243779,
"DP_30":  0.38816768464833584,
"DP_60":  0.3707332523482889,
"DP_95":  0.40650513523681475,
"QL-Dynamic": 0.4228798394263548,
"QL-Static": 0.3946691228901445}
,
{ "x":  20,
"DP_05":  0.4475196698351107,
"DP_30":  0.3925388584586786,
"DP_60":  0.3741293531803297,
"DP_95":  0.4111915276605421,
"QL-Dynamic": 0.41175211192409433,
"QL-Static": 0.39628441667232384}
,
{ "x":  25,
"DP_05":  0.44442667615628667,
"DP_30":  0.3895038316150277,
"DP_60":  0.371158400454153,
"DP_95":  0.4071946479322208,
"QL-Dynamic": 0.41845400127765436,
"QL-Static": 0.37681474981738505}
,
{ "x":  30,
"DP_05":  0.4456582532899679,
"DP_30":  0.3891195986471795,
"DP_60":  0.3723817263009292,
"DP_95":  0.4075397531363548,
"QL-Dynamic": 0.42534142141687126,
"QL-Static": 0.3850207924249461}
,
{ "x":  35,
"DP_05":  0.4433922888539958,
"DP_30":  0.388246115127778,
"DP_60":  0.3717996274719383,
"DP_95":  0.4077573153751156,
"QL-Dynamic": 0.4342481428244069,
"QL-Static": 0.3941012743463869}
,
{ "x":  40,
"DP_05":  0.44470889696665267,
"DP_30":  0.38884884163005545,
"DP_60":  0.3714557416911888,
"DP_95":  0.4079495715598692,
"QL-Dynamic": 0.47118212757389627,
"QL-Static": 0.37674511470689065}
,
{ "x":  45,
"DP_05":  0.44810074184772075,
"DP_30":  0.39049145597568147,
"DP_60":  0.3725812776827847,
"DP_95":  0.4077520743441719,
"QL-Dynamic": 0.5199187464567118,
"QL-Static": 0.3978186271207872}
,
{ "x":  50,
"DP_05":  0.4492548993584714,
"DP_30":  0.39168865429263133,
"DP_60":  0.3754544415450998,
"DP_95":  0.40888055752862584,
"QL-Dynamic": 0.4473303693210903,
"QL-Static": 0.380046657681257}
,
{ "x":  55,
"DP_05":  0.44644538342169565,
"DP_30":  0.39083757335963176,
"DP_60":  0.3736398426416729,
"DP_95":  0.4080875092128065,
"QL-Dynamic": 0.44592918742602583,
"QL-Static": 0.38640444885974345}
,
{ "x":  60,
"DP_05":  0.44728420824548437,
"DP_30":  0.3902607592851078,
"DP_60":  0.3727092422815063,
"DP_95":  0.4087207457388832,
"QL-Dynamic": 0.4466021258062837,
"QL-Static": 0.37615692718154387}
,
{ "x":  65,
"DP_05":  0.4429632592836028,
"DP_30":  0.3891534120626756,
"DP_60":  0.3720404054905998,
"DP_95":  0.4073820463822745,
"QL-Dynamic": 0.442894571153832,
"QL-Static": 0.39119881192395345}
,
{ "x":  70,
"DP_05":  0.4469505290396671,
"DP_30":  0.3906113437727285,
"DP_60":  0.3726375744408221,
"DP_95":  0.4068709332198185,
"QL-Dynamic": 0.4469597010747216,
"QL-Static": 0.3845976694250247}
,
{ "x":  75,
"DP_05":  0.4444850239941222,
"DP_30":  0.38975763604806557,
"DP_60":  0.3732193142686473,
"DP_95":  0.4081834450901824,
"QL-Dynamic": 0.44424693938552134,
"QL-Static": 0.38348131555276854}
,
{ "x":  80,
"DP_05":  0.4426692902096206,
"DP_30":  0.3877479247298078,
"DP_60":  0.36915021313749113,
"DP_95":  0.40574440069415385,
"QL-Dynamic": 0.44283666759243456,
"QL-Static": 0.39073085287021114}
,
{ "x":  85,
"DP_05":  0.44490450016761435,
"DP_30":  0.3879716214281589,
"DP_60":  0.3713892070092077,
"DP_95":  0.40751950932558606,
"QL-Dynamic": 0.5218173423296619,
"QL-Static": 0.38318520055066324}
,
{ "x":  90,
"DP_05":  0.4485391045986541,
"DP_30":  0.3924188253656344,
"DP_60":  0.3736865635614747,
"DP_95":  0.4097890660281647,
"QL-Dynamic": 0.4478287492354549,
"QL-Static": 0.37593339821068594}
,
{ "x":  95,
"DP_05":  0.4465877461704765,
"DP_30":  0.39020161489029725,
"DP_60":  0.3745685343420364,
"DP_95":  0.4111762055230462,
"QL-Dynamic": 0.47196976510335586,
"QL-Static": 0.4057959281124436}
,
{ "x":  100,
"DP_05":  0.4465092895404815,
"DP_30":  0.3896654732618687,
"DP_60":  0.3723606682615312,
"DP_95":  0.40756657010810804,
"QL-Dynamic": 0.44552762314349453,
"QL-Static": 0.3805315644964096}
,
{ "x":  105,
"DP_05":  0.44621993964341733,
"DP_30":  0.39105983081468965,
"DP_60":  0.3733767970177967,
"DP_95":  0.40881364415962035,
"QL-Dynamic": 0.44583777356178234,
"QL-Static": 0.3792398985063449}
,
{ "x":  110,
"DP_05":  0.44806787304052353,
"DP_30":  0.3915013876908586,
"DP_60":  0.37445691236627743,
"DP_95":  0.40916963976572396,
"QL-Dynamic": 0.4977392794766164,
"QL-Static": 0.3693518773663578}
,
{ "x":  115,
"DP_05":  0.4456127432893918,
"DP_30":  0.38815823498228486,
"DP_60":  0.37152395367378804,
"DP_95":  0.40616572093900877,
"QL-Dynamic": 0.4442595312056875,
"QL-Static": 0.3879138165145008}
,
{ "x":  120,
"DP_05":  0.44794502149518856,
"DP_30":  0.3911417795368519,
"DP_60":  0.3736741084937034,
"DP_95":  0.4076649206996083,
"QL-Dynamic": 0.45336154784639227,
"QL-Static": 0.3854394222406202}
,
{ "x":  125,
"DP_05":  0.44650103403459795,
"DP_30":  0.390160792472053,
"DP_60":  0.3724921693906194,
"DP_95":  0.4094457497978886,
"QL-Dynamic": 0.44518839584128145,
"QL-Static": 0.391859269309727}
,
{ "x":  130,
"DP_05":  0.44392610581566505,
"DP_30":  0.38811261592192364,
"DP_60":  0.3710346753980155,
"DP_95":  0.4061580487280181,
"QL-Dynamic": 0.4560994985961104,
"QL-Static": 0.382235114927163}
,
{ "x":  135,
"DP_05":  0.4444616744800216,
"DP_30":  0.3892403412659849,
"DP_60":  0.37100927903755326,
"DP_95":  0.40681745068492126,
"QL-Dynamic": 0.4439965459531205,
"QL-Static": 0.38094213026881724}
,
{ "x":  140,
"DP_05":  0.44491868355350894,
"DP_30":  0.38762368347603077,
"DP_60":  0.3718567015802373,
"DP_95":  0.4076193223376272,
"QL-Dynamic": 0.44509487032146194,
"QL-Static": 0.3906343325311153}
,
{ "x":  145,
"DP_05":  0.4463917471919596,
"DP_30":  0.3913564033909152,
"DP_60":  0.37382333332982703,
"DP_95":  0.40796394408302616,
"QL-Dynamic": 0.4375472812187652,
"QL-Static": 0.3793288876510411}
,
{ "x":  150,
"DP_05":  0.45062009249462137,
"DP_30":  0.3926123998602964,
"DP_60":  0.37404938971311913,
"DP_95":  0.4092445148962397,
"QL-Dynamic": 0.4489053516007303,
"QL-Static": 0.38068250471002346}
,
{ "x":  155,
"DP_05":  0.44375183524388867,
"DP_30":  0.3902900744448498,
"DP_60":  0.3723087566214028,
"DP_95":  0.4075784679565936,
"QL-Dynamic": 0.46997693112670663,
"QL-Static": 0.3760753977297179}
]}
