{ "x_label":"episode",
"y_label":"Average Profit",
"results":[
{ "x":  5,
"DP_05":  60.498938345128764,
"DP_30":  67.0062365221089,
"DP_60":  69.99935974966907,
"DP_95":  72.6789146841456,
"QL-Dynamic": 38.061947003309186,
"QL-Static": 64.53637004353939}
,
{ "x":  10,
"DP_05":  60.60412571406066,
"DP_30":  67.1529398567208,
"DP_60":  70.14817935924967,
"DP_95":  72.84793798713005,
"QL-Dynamic": 53.54533441373692,
"QL-Static": 65.69134862384567}
,
{ "x":  15,
"DP_05":  60.54278869037362,
"DP_30":  67.30305159898995,
"DP_60":  70.16724444569634,
"DP_95":  72.91767407773314,
"QL-Dynamic": 60.81720743283254,
"QL-Static": 66.55622753904451}
,
{ "x":  20,
"DP_05":  60.31788290332001,
"DP_30":  66.90339031655148,
"DP_60":  69.96223723709505,
"DP_95":  72.63155036837844,
"QL-Dynamic": 64.30834606701777,
"QL-Static": 66.9074910674282}
,
{ "x":  25,
"DP_05":  60.565495597955206,
"DP_30":  67.16019251576597,
"DP_60":  70.15805891572901,
"DP_95":  72.91837397465034,
"QL-Dynamic": 64.3299731914806,
"QL-Static": 67.8053690618347}
,
{ "x":  30,
"DP_05":  60.44451661555453,
"DP_30":  67.15804515395503,
"DP_60":  70.10422536560118,
"DP_95":  72.77886872776982,
"QL-Dynamic": 63.233723937903505,
"QL-Static": 67.14162483237217}
,
{ "x":  35,
"DP_05":  60.50853784794426,
"DP_30":  67.16884818240852,
"DP_60":  70.0696100194757,
"DP_95":  72.78600694165651,
"QL-Dynamic": 59.75276605364056,
"QL-Static": 67.45868296834149}
,
{ "x":  40,
"DP_05":  60.56320542462769,
"DP_30":  67.1617197214218,
"DP_60":  70.1114354636881,
"DP_95":  72.79702867979867,
"QL-Dynamic": 59.34336153340985,
"QL-Static": 67.02079379839293}
,
{ "x":  45,
"DP_05":  60.379000571425344,
"DP_30":  67.1662356469883,
"DP_60":  70.14256817342206,
"DP_95":  72.89710335250135,
"QL-Dynamic": 55.3903985418808,
"QL-Static": 67.71460319817821}
,
{ "x":  50,
"DP_05":  60.25795781613024,
"DP_30":  67.05210209635024,
"DP_60":  69.96535194731523,
"DP_95":  72.85765521316856,
"QL-Dynamic": 60.5864195384641,
"QL-Static": 67.58447097888643}
,
{ "x":  55,
"DP_05":  60.37038753540387,
"DP_30":  67.0888094017171,
"DP_60":  70.08599358295503,
"DP_95":  72.84564638063017,
"QL-Dynamic": 60.65464338575678,
"QL-Static": 67.25953719900886}
,
{ "x":  60,
"DP_05":  60.33375741105789,
"DP_30":  67.10305485608795,
"DP_60":  70.06701669116168,
"DP_95":  72.77380067253111,
"QL-Dynamic": 60.57378762435197,
"QL-Static": 66.39874534532306}
,
{ "x":  65,
"DP_05":  60.63039115929108,
"DP_30":  67.13135615917108,
"DP_60":  70.15592943796545,
"DP_95":  72.85598319358128,
"QL-Dynamic": 60.862464415922275,
"QL-Static": 67.09625020244044}
,
{ "x":  70,
"DP_05":  60.34691145662614,
"DP_30":  67.0609814206673,
"DP_60":  70.04327175883154,
"DP_95":  72.86626345807551,
"QL-Dynamic": 60.539182950661896,
"QL-Static": 67.62800396348737}
,
{ "x":  75,
"DP_05":  60.50771122508318,
"DP_30":  67.11763539471029,
"DP_60":  69.98801772437731,
"DP_95":  72.82395441119893,
"QL-Dynamic": 60.92536289954501,
"QL-Static": 68.24407172787089}
,
{ "x":  80,
"DP_05":  60.63038677696473,
"DP_30":  67.22024183987932,
"DP_60":  70.24413398543054,
"DP_95":  72.92782249175634,
"QL-Dynamic": 60.96093121935146,
"QL-Static": 67.55544940165728}
,
{ "x":  85,
"DP_05":  60.51460430658723,
"DP_30":  67.25393308745267,
"DP_60":  70.18913768129968,
"DP_95":  72.84152332918758,
"QL-Dynamic": 57.10913508557428,
"QL-Static": 68.50172467156806}
,
{ "x":  90,
"DP_05":  60.421586183159455,
"DP_30":  67.03110434301013,
"DP_60":  70.09076166953892,
"DP_95":  72.74341310346189,
"QL-Dynamic": 60.72760633684699,
"QL-Static": 67.36420246908861}
,
{ "x":  95,
"DP_05":  60.4601048314953,
"DP_30":  67.10367774378298,
"DP_60":  69.99214201930776,
"DP_95":  72.67470700579463,
"QL-Dynamic": 59.58003973059006,
"QL-Static": 66.38208473609491}
,
{ "x":  100,
"DP_05":  60.49523848157288,
"DP_30":  67.16300764216767,
"DP_60":  70.10613469087457,
"DP_95":  72.84709321853529,
"QL-Dynamic": 60.83127580960505,
"QL-Static": 67.72742327968358}
,
{ "x":  105,
"DP_05":  60.481648182766946,
"DP_30":  67.1430719522588,
"DP_60":  70.13967537151345,
"DP_95":  72.84425621129131,
"QL-Dynamic": 61.01040109733731,
"QL-Static": 68.77838097739044}
,
{ "x":  110,
"DP_05":  60.25761615169049,
"DP_30":  67.0191801446431,
"DP_60":  70.00189043133476,
"DP_95":  72.77829635716316,
"QL-Dynamic": 58.20249126871543,
"QL-Static": 67.66029266847106}
,
{ "x":  115,
"DP_05":  60.4061546281236,
"DP_30":  67.21522972828281,
"DP_60":  70.12126499479254,
"DP_95":  72.94328265598946,
"QL-Dynamic": 60.92600756794328,
"QL-Static": 68.39203825256476}
,
{ "x":  120,
"DP_05":  60.398558377147786,
"DP_30":  67.09789698622708,
"DP_60":  70.04261063632269,
"DP_95":  72.86073147478113,
"QL-Dynamic": 61.11806138823503,
"QL-Static": 67.69851236418627}
,
{ "x":  125,
"DP_05":  60.41447041161738,
"DP_30":  67.14487764344621,
"DP_60":  70.08451628012477,
"DP_95":  72.72457718811043,
"QL-Dynamic": 60.788970393215095,
"QL-Static": 68.10915887608834}
,
{ "x":  130,
"DP_05":  60.67082445152418,
"DP_30":  67.25933500111618,
"DP_60":  70.1582539914313,
"DP_95":  72.90656362098466,
"QL-Dynamic": 60.90392440188541,
"QL-Static": 67.51538744632292}
,
{ "x":  135,
"DP_05":  60.48638588014139,
"DP_30":  67.17646150353463,
"DP_60":  70.13082254370335,
"DP_95":  72.87943883105319,
"QL-Dynamic": 61.095784048341315,
"QL-Static": 68.01020730867974}
,
{ "x":  140,
"DP_05":  60.5358989566803,
"DP_30":  67.2351046728808,
"DP_60":  70.09121551876228,
"DP_95":  72.82412610711002,
"QL-Dynamic": 60.905937560328084,
"QL-Static": 68.68771671036275}
,
{ "x":  145,
"DP_05":  60.421526478266,
"DP_30":  67.02192132443703,
"DP_60":  69.95418513807878,
"DP_95":  72.73442888635675,
"QL-Dynamic": 60.77872763147825,
"QL-Static": 68.34441895215735}
,
{ "x":  150,
"DP_05":  60.15075604036129,
"DP_30":  66.98680125448149,
"DP_60":  69.9532101449276,
"DP_95":  72.76316897034633,
"QL-Dynamic": 60.65071103214619,
"QL-Static": 67.28189010554219}
,
{ "x":  155,
"DP_05":  60.65694472093686,
"DP_30":  67.09669255621378,
"DP_60":  70.12010925660948,
"DP_95":  72.88109897095231,
"QL-Dynamic": 58.703182602209324,
"QL-Static": 67.7568613544359}
,
{ "x":  160,
"DP_05":  60.48289851941477,
"DP_30":  67.15894953723533,
"DP_60":  70.11674341794904,
"DP_95":  72.88566310373507,
"QL-Dynamic": 61.04848624097938,
"QL-Static": 66.99668291327852}
,
{ "x":  165,
"DP_05":  60.480607600749536,
"DP_30":  67.17444256267723,
"DP_60":  70.20554198691973,
"DP_95":  72.84987121351477,
"QL-Dynamic": 60.8010604965469,
"QL-Static": 67.41814219689192}
,
{ "x":  170,
"DP_05":  60.54224829976069,
"DP_30":  67.1518121632615,
"DP_60":  70.15026772233271,
"DP_95":  72.81970159298281,
"QL-Dynamic": 61.08867505504327,
"QL-Static": 67.95373530659046}
,
{ "x":  175,
"DP_05":  60.51976793116967,
"DP_30":  67.21281910204462,
"DP_60":  70.18744997217904,
"DP_95":  72.98295473647894,
"QL-Dynamic": 59.592991468416116,
"QL-Static": 66.18666380602336}
,
{ "x":  180,
"DP_05":  60.47626256224454,
"DP_30":  67.06270970978741,
"DP_60":  70.01003361017561,
"DP_95":  72.75499961256519,
"QL-Dynamic": 60.85637463910522,
"QL-Static": 64.7029147665618}
,
{ "x":  185,
"DP_05":  60.49954296672661,
"DP_30":  67.16631030595256,
"DP_60":  70.0555588761352,
"DP_95":  72.73233733672812,
"QL-Dynamic": 61.004766249623245,
"QL-Static": 67.65247320808382}
,
{ "x":  190,
"DP_05":  60.55901618850611,
"DP_30":  67.304962074306,
"DP_60":  70.08651480684404,
"DP_95":  72.8528889243146,
"QL-Dynamic": 60.99688693717526,
"QL-Static": 67.62465510182567}
,
{ "x":  195,
"DP_05":  60.48862302078023,
"DP_30":  67.06927671158441,
"DP_60":  70.0235676446833,
"DP_95":  72.75879814366309,
"QL-Dynamic": 60.821416986830414,
"QL-Static": 67.96814432433538}
,
{ "x":  200,
"DP_05":  60.452392063052926,
"DP_30":  67.0679255164741,
"DP_60":  69.96881614789227,
"DP_95":  72.76915058751686,
"QL-Dynamic": 61.01866605806142,
"QL-Static": 67.47371195079594}
,
{ "x":  205,
"DP_05":  60.06770662335937,
"DP_30":  66.86709438730412,
"DP_60":  69.89624585750985,
"DP_95":  72.58922393658334,